<?xml version="1.0" encoding="UTF-8" standalone="yes"?><daten><config><rsmodell>zone</rsmodell><datum>30.06.2018</datum><uhrzeit>11:52</uhrzeit><geldkreise>false</geldkreise><metatalente>false</metatalente><zauberquellen>true</zauberquellen><namenaufseiten>false</namenaufseiten></config><angaben><augenfarbe>dunkelbraun</augenfarbe><geburtstag>8. Phex 1003 BF</geburtstag><alter>18</alter><geschlecht>männlich</geschlecht><groesse>172</groesse><gewicht>67</gewicht><haarfarbe>hellbraun</haarfarbe><stand></stand><titel></titel><name>Iraldur Tismir</name><bildPfad></bildPfad><aussehen><a0></a0><a1></a1><a2></a2><a3></a3><text></text></aussehen><familie><f0></f0><f1></f1><f2></f2><f3></f3><f4></f4><f5></f5><text></text></familie><notizen><n0>Notizen</n0><n1></n1><n2></n2><n3></n3><n4></n4><n5></n5><n6></n6><n7></n7><n8></n8><n9></n9><n10></n10><n11></n11><text>Notizen</text></notizen><profession><text>Dieb</text><textkurz>Dieb</textkurz></profession><ap><gesamt>480</gesamt><frei>12</frei><genutzt>468</genutzt></ap><gp><start>110</start><rest>0</rest></gp><stufe40><akt>3</akt><max>3</max><lang>3 [3]</lang></stufe40><stufe41><akt>0</akt><max>0</max><lang>0 [0]</lang></stufe41><gilde></gilde><magisch>true</magisch><geweiht>false</geweiht><rasse>Tulamide</rasse><kultur>Südaventurien: Stadtstaat Al'Anfa</kultur><aspregeneration>1W6</aspregeneration><leregeneration>1W6</leregeneration><heldenversion>50504</heldenversion><wundschwelle>7</wundschwelle></angaben><eigenschaften><geschwindigkeit><akt>8</akt><start>8</start><modi>0</modi><name>Geschwindigkeit</name><bereich>sonst</bereich></geschwindigkeit><mut><akt>14</akt><start>14</start><modi>0</modi><name>Mut</name><bereich>guteeigenschaft</bereich></mut><klugheit><akt>10</akt><start>10</start><modi>0</modi><name>Klugheit</name><bereich>guteeigenschaft</bereich></klugheit><intuition><akt>14</akt><start>14</start><modi>0</modi><name>Intuition</name><bereich>guteeigenschaft</bereich></intuition><charisma><akt>10</akt><start>10</start><modi>0</modi><name>Charisma</name><bereich>guteeigenschaft</bereich></charisma><fingerfertigkeit><akt>13</akt><start>13</start><modi>0</modi><name>Fingerfertigkeit</name><bereich>guteeigenschaft</bereich></fingerfertigkeit><gewandtheit><akt>13</akt><start>13</start><modi>0</modi><name>Gewandtheit</name><bereich>guteeigenschaft</bereich></gewandtheit><konstitution><akt>14</akt><start>14</start><modi>0</modi><name>Konstitution</name><bereich>guteeigenschaft</bereich></konstitution><koerperkraft><akt>12</akt><start>12</start><modi>0</modi><name>Körperkraft</name><bereich>guteeigenschaft</bereich></koerperkraft><sozialstatus><akt>5</akt><start>5</start><modi>0</modi><name>Sozialstatus</name><bereich>guteeigenschaft</bereich></sozialstatus><astralenergie><akt>20</akt><start>19</start><modi>1</modi><name>Astralenergie</name><bereich>sonst</bereich><kaufbar>10</kaufbar><gekauft>0</gekauft><ausvornachteile>7</ausvornachteile><muinch2>19</muinch2><aussonderfertigkeiten>0</aussonderfertigkeiten><professionmod>-6</professionmod><grossemeditation>0</grossemeditation><pasprueckkaufbar>0</pasprueckkaufbar><aktinklrueckkaufbarepasp>20</aktinklrueckkaufbarepasp></astralenergie><attacke><akt>8</akt><start>8</start><modi>0</modi><name>Attacke</name><bereich>sonst</bereich></attacke><ausdauer><akt>33</akt><start>21</start><modi>12</modi><name>Ausdauer</name><bereich>sonst</bereich><kaufbar>14</kaufbar><gekauft>0</gekauft><akt50>17</akt50><akt33>11</akt33><akt25>8</akt25></ausdauer><fernkampf-basis><akt>8</akt><start>8</start><modi>0</modi><name>Fernkampf-Basis</name><bereich>sonst</bereich></fernkampf-basis><initiative><akt>12</akt><start>11</start><modi>1</modi><name>Initiative</name><bereich>sonst</bereich></initiative><karmaenergie><akt>0</akt><start>0</start><modi>0</modi><name>Karmaenergie</name><bereich>sonst</bereich><kaufbar>14</kaufbar><gekauft>0</gekauft></karmaenergie><lebensenergie><akt>30</akt><start>20</start><modi>10</modi><name>Lebensenergie</name><bereich>sonst</bereich><kaufbar>7</kaufbar><gekauft>0</gekauft><akt50>15</akt50><akt33>10</akt33><akt25>8</akt25></lebensenergie><magieresistenz><akt>2</akt><start>8</start><modi>-6</modi><name>Magieresistenz</name><bereich>sonst</bereich><kaufbar>7</kaufbar><gekauft>0</gekauft></magieresistenz><parade><akt>8</akt><start>8</start><modi>0</modi><name>Parade</name><bereich>sonst</bereich></parade></eigenschaften><münzen/><vorteile><vorteil><bezeichner>Begabung für [Talent]</bezeichner><name>Begabung für [Talent] Taschendiebstahl</name><kommentar></kommentar><namemitkommentar>Begabung für [Talent] Taschendiebstahl</namemitkommentar><istvorteil>true</istvorteil><istnachteil>false</istnachteil><bereich>Sonst</bereich><bereich>BEGABUNGTALENT</bereich><auswahlen><auswahl>
</auswahl></auswahlen></vorteil><vorteil><bezeichner>Beidhändig</bezeichner><name>Beidhändig</name><kommentar></kommentar><namemitkommentar>Beidhändig</namemitkommentar><istvorteil>true</istvorteil><istnachteil>false</istnachteil><bereich>Sonst</bereich></vorteil><vorteil><bezeichner>Meisterhandwerk</bezeichner><name>Meisterhandwerk (Taschendiebstahl, Betören, Überreden, Überzeugen)</name><kommentar></kommentar><namemitkommentar>Meisterhandwerk (Taschendiebstahl, Betören, Überreden, Überzeugen)</namemitkommentar><istvorteil>true</istvorteil><istnachteil>false</istnachteil><bereich>Magisch</bereich><auswahlen><auswahl>
</auswahl><auswahl>
</auswahl><auswahl>
</auswahl><auswahl>
</auswahl></auswahlen></vorteil><vorteil><bezeichner>Soziale Anpassungsfähigkeit</bezeichner><name>Soziale Anpassungsfähigkeit</name><kommentar></kommentar><namemitkommentar>Soziale Anpassungsfähigkeit</namemitkommentar><istvorteil>true</istvorteil><istnachteil>false</istnachteil><bereich>Sonst</bereich></vorteil><vorteil><bezeichner>Übernatürliche Begabung</bezeichner><name>Übernatürliche Begabung (Armatrutz, Axxeleratus Blitzgeschwind, Bannbaladin, Chamaelioni Mimikry, Standfest Katzengleich)</name><kommentar></kommentar><namemitkommentar>Übernatürliche Begabung (Armatrutz, Axxeleratus Blitzgeschwind, Bannbaladin, Chamaelioni Mimikry, Standfest Katzengleich)</namemitkommentar><istvorteil>true</istvorteil><istnachteil>false</istnachteil><bereich>Magisch</bereich><auswahlen><auswahl>
</auswahl><auswahl>
</auswahl><auswahl>
</auswahl><auswahl>
</auswahl><auswahl>
</auswahl></auswahlen></vorteil><vorteil><bezeichner>Viertelzauberer</bezeichner><name>Viertelzauberer</name><kommentar></kommentar><namemitkommentar>Viertelzauberer</namemitkommentar><istvorteil>true</istvorteil><istnachteil>false</istnachteil><bereich>Magisch</bereich></vorteil><vorteil><bezeichner>Zauberhaar</bezeichner><name>Zauberhaar</name><kommentar></kommentar><namemitkommentar>Zauberhaar</namemitkommentar><istvorteil>true</istvorteil><istnachteil>false</istnachteil><bereich>Magisch</bereich></vorteil><vorteil><bezeichner>Artefaktgebunden</bezeichner><name>Artefaktgebunden</name><kommentar></kommentar><namemitkommentar>Artefaktgebunden</namemitkommentar><istvorteil>false</istvorteil><istnachteil>true</istnachteil><bereich>Magisch</bereich></vorteil><vorteil><bezeichner>Goldgier</bezeichner><name>Goldgier: 11</name><kommentar></kommentar><namemitkommentar>Goldgier: 11</namemitkommentar><istvorteil>false</istvorteil><istnachteil>true</istnachteil><istschlechteeigenschaft>true</istschlechteeigenschaft><wert>11</wert><bereich>Sonst</bereich></vorteil><vorteil><bezeichner>Niedrige Magieresistenz</bezeichner><name>Niedrige Magieresistenz: 2</name><kommentar></kommentar><namemitkommentar>Niedrige Magieresistenz: 2</namemitkommentar><istvorteil>false</istvorteil><istnachteil>true</istnachteil><istschlechteeigenschaft>false</istschlechteeigenschaft><wert>2</wert><bereich>Sonst</bereich></vorteil><vorteil><bezeichner>Prinzipientreue</bezeichner><name>Prinzipientreue: 12</name><kommentar></kommentar><namemitkommentar>Prinzipientreue: 12</namemitkommentar><istvorteil>false</istvorteil><istnachteil>true</istnachteil><istschlechteeigenschaft>false</istschlechteeigenschaft><wert>12</wert><bereich>Sonst</bereich></vorteil><vorteil><bezeichner>Sprachfehler</bezeichner><name>Sprachfehler</name><kommentar></kommentar><namemitkommentar>Sprachfehler</namemitkommentar><istvorteil>false</istvorteil><istnachteil>true</istnachteil><bereich>Sonst</bereich></vorteil><vorteil><bezeichner>Totenangst</bezeichner><name>Totenangst: 5</name><kommentar></kommentar><namemitkommentar>Totenangst: 5</namemitkommentar><istvorteil>false</istvorteil><istnachteil>true</istnachteil><istschlechteeigenschaft>true</istschlechteeigenschaft><wert>5</wert><bereich>Sonst</bereich></vorteil></vorteile><sonderfertigkeiten><sonderfertigkeit><nameausfuehrlich>Aufmerksamkeit</nameausfuehrlich><name>Aufmerksamkeit</name><bezeichner>Aufmerksamkeit</bezeichner><wirkung></wirkung><dauer></dauer><kosten></kosten><probe></probe><kommentar></kommentar><namemitkommentar>Aufmerksamkeit</namemitkommentar><bereich>Nahkampf</bereich><bereich>Kampf</bereich></sonderfertigkeit><sonderfertigkeit><nameausfuehrlich>Auspendeln</nameausfuehrlich><name>Auspendeln</name><bezeichner>Auspendeln</bezeichner><wirkung></wirkung><dauer></dauer><kosten></kosten><probe></probe><kommentar></kommentar><namemitkommentar>Auspendeln</namemitkommentar><bereich>Manöver</bereich><bereich>Kampf</bereich></sonderfertigkeit><sonderfertigkeit><nameausfuehrlich>Biss</nameausfuehrlich><name>Biss</name><bezeichner>Biss</bezeichner><wirkung></wirkung><dauer></dauer><kosten></kosten><probe></probe><kommentar></kommentar><namemitkommentar>Biss</namemitkommentar><bereich>Manöver</bereich><bereich>Kampf</bereich></sonderfertigkeit><sonderfertigkeit><nameausfuehrlich>Block</nameausfuehrlich><name>Block</name><bezeichner>Block</bezeichner><wirkung></wirkung><dauer></dauer><kosten></kosten><probe></probe><kommentar></kommentar><namemitkommentar>Block</namemitkommentar><bereich>Manöver</bereich><bereich>Kampf</bereich></sonderfertigkeit><sonderfertigkeit><nameausfuehrlich>Fußfeger</nameausfuehrlich><name>Fußfeger</name><bezeichner>Fußfeger</bezeichner><wirkung></wirkung><dauer></dauer><kosten></kosten><probe></probe><kommentar></kommentar><namemitkommentar>Fußfeger</namemitkommentar><bereich>Manöver</bereich><bereich>Kampf</bereich></sonderfertigkeit><sonderfertigkeit><nameausfuehrlich>Griff</nameausfuehrlich><name>Griff</name><bezeichner>Griff</bezeichner><wirkung></wirkung><dauer></dauer><kosten></kosten><probe></probe><kommentar></kommentar><namemitkommentar>Griff</namemitkommentar><bereich>Manöver</bereich><bereich>Kampf</bereich></sonderfertigkeit><sonderfertigkeit><nameausfuehrlich>Halten</nameausfuehrlich><name>Halten</name><bezeichner>Halten</bezeichner><wirkung></wirkung><dauer></dauer><kosten></kosten><probe></probe><kommentar></kommentar><namemitkommentar>Halten</namemitkommentar><bereich>Manöver</bereich><bereich>Kampf</bereich></sonderfertigkeit><sonderfertigkeit><nameausfuehrlich>Klammer</nameausfuehrlich><name>Klammer</name><bezeichner>Klammer</bezeichner><wirkung></wirkung><dauer></dauer><kosten></kosten><probe></probe><kommentar></kommentar><namemitkommentar>Klammer</namemitkommentar><bereich>Manöver</bereich><bereich>Kampf</bereich></sonderfertigkeit><sonderfertigkeit><nameausfuehrlich>Knie</nameausfuehrlich><name>Knie</name><bezeichner>Knie</bezeichner><wirkung></wirkung><dauer></dauer><kosten></kosten><probe></probe><kommentar></kommentar><namemitkommentar>Knie</namemitkommentar><bereich>Manöver</bereich><bereich>Kampf</bereich></sonderfertigkeit><sonderfertigkeit><nameausfuehrlich>Kopfstoß</nameausfuehrlich><name>Kopfstoß</name><bezeichner>Kopfstoß</bezeichner><wirkung></wirkung><dauer></dauer><kosten></kosten><probe></probe><kommentar></kommentar><namemitkommentar>Kopfstoß</namemitkommentar><bereich>Manöver</bereich><bereich>Kampf</bereich></sonderfertigkeit><sonderfertigkeit><nameausfuehrlich>Kulturkunde (Südaventurien)</nameausfuehrlich><name>Kulturkunde (Südaventurien)</name><bezeichner>Kulturkunde</bezeichner><auswahlen><auswahl><name>Südaventurien</name><feld feldname="1" nr="1">Südaventurien</feld></auswahl></auswahlen><namemitkommentar>Kulturkunde (Südaventurien)</namemitkommentar><bereich>Sonst</bereich></sonderfertigkeit><sonderfertigkeit><nameausfuehrlich>Linkhand</nameausfuehrlich><name>Linkhand</name><bezeichner>Linkhand</bezeichner><wirkung></wirkung><dauer></dauer><kosten></kosten><probe></probe><kommentar></kommentar><namemitkommentar>Linkhand</namemitkommentar><bereich>Nahkampf</bereich><bereich>Kampf</bereich></sonderfertigkeit><sonderfertigkeit><nameausfuehrlich>Niederringen</nameausfuehrlich><name>Niederringen</name><bezeichner>Niederringen</bezeichner><wirkung></wirkung><dauer></dauer><kosten></kosten><probe></probe><kommentar></kommentar><namemitkommentar>Niederringen</namemitkommentar><bereich>Manöver</bereich><bereich>Kampf</bereich></sonderfertigkeit><sonderfertigkeit><nameausfuehrlich>Ortskenntnis (Stadtteil/Kleinstadt)</nameausfuehrlich><name>Ortskenntnis (Stadtteil/Kleinstadt)</name><bezeichner>Ortskenntnis</bezeichner><auswahlen><auswahl><name>Stadtteil/Kleinstadt</name><feld feldname="1" nr="1">Stadtteil/Kleinstadt</feld></auswahl></auswahlen><namemitkommentar>Ortskenntnis (Stadtteil/Kleinstadt)</namemitkommentar><bereich>Sonst</bereich></sonderfertigkeit><sonderfertigkeit><nameausfuehrlich>Schmutzige Tricks</nameausfuehrlich><name>Schmutzige Tricks</name><bezeichner>Schmutzige Tricks</bezeichner><wirkung></wirkung><dauer></dauer><kosten></kosten><probe></probe><kommentar></kommentar><namemitkommentar>Schmutzige Tricks</namemitkommentar><bereich>Manöver</bereich><bereich>Kampf</bereich></sonderfertigkeit><sonderfertigkeit><nameausfuehrlich>Schwitzkasten</nameausfuehrlich><name>Schwitzkasten</name><bezeichner>Schwitzkasten</bezeichner><wirkung></wirkung><dauer></dauer><kosten></kosten><probe></probe><kommentar></kommentar><namemitkommentar>Schwitzkasten</namemitkommentar><bereich>Manöver</bereich><bereich>Kampf</bereich></sonderfertigkeit><sonderfertigkeit><nameausfuehrlich>Talentspezialisierung Überreden (Feilschen)</nameausfuehrlich><name>Talentspezialisierung Überreden (Feilschen)</name><bezeichner>Talentspezialisierung Überreden (Feilschen)</bezeichner><wirkung></wirkung><dauer></dauer><kosten></kosten><probe></probe><kommentar></kommentar><namemitkommentar>Talentspezialisierung Überreden (Feilschen)</namemitkommentar><bereich>Talentspezialisierung</bereich></sonderfertigkeit><sonderfertigkeit><nameausfuehrlich>Tritt</nameausfuehrlich><name>Tritt</name><bezeichner>Tritt</bezeichner><wirkung></wirkung><dauer></dauer><kosten></kosten><probe></probe><kommentar></kommentar><namemitkommentar>Tritt</namemitkommentar><bereich>Manöver</bereich><bereich>Kampf</bereich></sonderfertigkeit><sonderfertigkeit><nameausfuehrlich>Waffenloser Kampfstil: Bornländisch</nameausfuehrlich><name>Waffenloser Kampfstil: Bornländisch</name><bezeichner>Waffenloser Kampfstil: Bornländisch</bezeichner><wirkung></wirkung><dauer></dauer><kosten></kosten><probe></probe><kommentar></kommentar><namemitkommentar>Waffenloser Kampfstil: Bornländisch</namemitkommentar><bereich>Nahkampf</bereich><bereich>Kampf</bereich></sonderfertigkeit><sonderfertigkeit><nameausfuehrlich>Wurf</nameausfuehrlich><name>Wurf</name><bezeichner>Wurf</bezeichner><wirkung></wirkung><dauer></dauer><kosten></kosten><probe></probe><kommentar></kommentar><namemitkommentar>Wurf</namemitkommentar><bereich>Manöver</bereich><bereich>Kampf</bereich></sonderfertigkeit><sonderfertigkeit><nameausfuehrlich>Würgegriff</nameausfuehrlich><name>Würgegriff</name><bezeichner>Würgegriff</bezeichner><wirkung></wirkung><dauer></dauer><kosten></kosten><probe></probe><kommentar></kommentar><namemitkommentar>Würgegriff</namemitkommentar><bereich>Manöver</bereich><bereich>Kampf</bereich></sonderfertigkeit></sonderfertigkeiten><verbilligtesonderfertigkeiten/><talentliste><talent><name>Armbrust</name><meisterhandwerk>false</meisterhandwerk><leittalent>false</leittalent><basis>false</basis><nameausfuehrlich>Armbrust</nameausfuehrlich><wert>1</wert><probe>GE/FF/KK</probe><probenwerte>13/13/12</probenwerte><nameausfuehrlichmitprobe>Armbrust (GE/FF/KK)</nameausfuehrlichmitprobe><at>9</at><pa></pa><behinderung>BE-5</behinderung><mirakelplus>false</mirakelplus><mirakelminus>false</mirakelminus><metatalent>false</metatalent><bereich>Kampf</bereich><komplexität>C</komplexität><lernkomplexität>C</lernkomplexität><spezialisierungen></spezialisierungen></talent><talent><name>Dolche</name><meisterhandwerk>false</meisterhandwerk><leittalent>false</leittalent><basis>true</basis><nameausfuehrlich>Dolche  (B)</nameausfuehrlich><wert>4</wert><probe>GE/GE/KK</probe><probenwerte>13/13/12</probenwerte><nameausfuehrlichmitprobe>Dolche  (B)(GE/GE/KK)</nameausfuehrlichmitprobe><at>12</at><pa>8</pa><behinderung>BE-1</behinderung><mirakelplus>false</mirakelplus><mirakelminus>false</mirakelminus><metatalent>false</metatalent><bereich>Kampf</bereich><komplexität>D</komplexität><lernkomplexität>D</lernkomplexität><spezialisierungen></spezialisierungen></talent><talent><name>Hiebwaffen</name><meisterhandwerk>false</meisterhandwerk><leittalent>false</leittalent><basis>true</basis><nameausfuehrlich>Hiebwaffen  (B)</nameausfuehrlich><wert>2</wert><probe>GE/GE/KK</probe><probenwerte>13/13/12</probenwerte><nameausfuehrlichmitprobe>Hiebwaffen  (B)(GE/GE/KK)</nameausfuehrlichmitprobe><at>10</at><pa>8</pa><behinderung>BE-4</behinderung><mirakelplus>false</mirakelplus><mirakelminus>false</mirakelminus><metatalent>false</metatalent><bereich>Kampf</bereich><komplexität>D</komplexität><lernkomplexität>D</lernkomplexität><spezialisierungen></spezialisierungen></talent><talent><name>Raufen</name><meisterhandwerk>false</meisterhandwerk><leittalent>false</leittalent><basis>true</basis><nameausfuehrlich>Raufen  (B)</nameausfuehrlich><wert>5</wert><probe>GE/GE/KK</probe><probenwerte>13/13/12</probenwerte><nameausfuehrlichmitprobe>Raufen  (B)(GE/GE/KK)</nameausfuehrlichmitprobe><at>13</at><pa>8</pa><behinderung>BE</behinderung><mirakelplus>false</mirakelplus><mirakelminus>false</mirakelminus><metatalent>false</metatalent><bereich>Kampf</bereich><komplexität>C</komplexität><lernkomplexität>C</lernkomplexität><spezialisierungen></spezialisierungen></talent><talent><name>Ringen</name><meisterhandwerk>false</meisterhandwerk><leittalent>false</leittalent><basis>true</basis><nameausfuehrlich>Ringen  (B)</nameausfuehrlich><wert>5</wert><probe>GE/GE/KK</probe><probenwerte>13/13/12</probenwerte><nameausfuehrlichmitprobe>Ringen  (B)(GE/GE/KK)</nameausfuehrlichmitprobe><at>13</at><pa>8</pa><behinderung>BE</behinderung><mirakelplus>false</mirakelplus><mirakelminus>false</mirakelminus><metatalent>false</metatalent><bereich>Kampf</bereich><komplexität>D</komplexität><lernkomplexität>D</lernkomplexität><spezialisierungen></spezialisierungen></talent><talent><name>Säbel</name><meisterhandwerk>false</meisterhandwerk><leittalent>false</leittalent><basis>true</basis><nameausfuehrlich>Säbel  (B)</nameausfuehrlich><wert>1</wert><probe>GE/GE/KK</probe><probenwerte>13/13/12</probenwerte><nameausfuehrlichmitprobe>Säbel  (B)(GE/GE/KK)</nameausfuehrlichmitprobe><at>9</at><pa>8</pa><behinderung>BE-2</behinderung><mirakelplus>false</mirakelplus><mirakelminus>false</mirakelminus><metatalent>false</metatalent><bereich>Kampf</bereich><komplexität>D</komplexität><lernkomplexität>D</lernkomplexität><spezialisierungen></spezialisierungen></talent><talent><name>Schwerter</name><meisterhandwerk>false</meisterhandwerk><leittalent>false</leittalent><basis>false</basis><nameausfuehrlich>Schwerter</nameausfuehrlich><wert>6</wert><probe>GE/GE/KK</probe><probenwerte>13/13/12</probenwerte><nameausfuehrlichmitprobe>Schwerter (GE/GE/KK)</nameausfuehrlichmitprobe><at>13</at><pa>9</pa><behinderung>BE-2</behinderung><mirakelplus>false</mirakelplus><mirakelminus>false</mirakelminus><metatalent>false</metatalent><bereich>Kampf</bereich><komplexität>E</komplexität><lernkomplexität>E</lernkomplexität><spezialisierungen></spezialisierungen></talent><talent><name>Wurfmesser</name><meisterhandwerk>false</meisterhandwerk><leittalent>false</leittalent><basis>true</basis><nameausfuehrlich>Wurfmesser  (B)</nameausfuehrlich><wert>2</wert><probe>GE/FF/KK</probe><probenwerte>13/13/12</probenwerte><nameausfuehrlichmitprobe>Wurfmesser  (B)(GE/FF/KK)</nameausfuehrlichmitprobe><at>10</at><pa></pa><behinderung>BE-3</behinderung><mirakelplus>false</mirakelplus><mirakelminus>false</mirakelminus><metatalent>false</metatalent><bereich>Kampf</bereich><komplexität>C</komplexität><lernkomplexität>C</lernkomplexität><spezialisierungen></spezialisierungen></talent><talent><name>Athletik</name><meisterhandwerk>false</meisterhandwerk><leittalent>false</leittalent><basis>true</basis><nameausfuehrlich>Athletik  (B)</nameausfuehrlich><wert>3</wert><probe>GE/KO/KK</probe><probenwerte>13/14/12</probenwerte><nameausfuehrlichmitprobe>Athletik  (B)(GE/KO/KK)</nameausfuehrlichmitprobe><behinderung>BEx2</behinderung><mirakelplus>false</mirakelplus><mirakelminus>false</mirakelminus><metatalent>false</metatalent><bereich>Körperlich</bereich><komplexität>D</komplexität><lernkomplexität>D</lernkomplexität><spezialisierungen></spezialisierungen></talent><talent><name>Gaukeleien</name><meisterhandwerk>false</meisterhandwerk><leittalent>false</leittalent><basis>false</basis><nameausfuehrlich>Gaukeleien</nameausfuehrlich><wert>3</wert><probe>MU/CH/FF</probe><probenwerte>14/10/13</probenwerte><nameausfuehrlichmitprobe>Gaukeleien (MU/CH/FF)</nameausfuehrlichmitprobe><behinderung>BEx2</behinderung><mirakelplus>false</mirakelplus><mirakelminus>false</mirakelminus><metatalent>false</metatalent><bereich>Körperlich</bereich><komplexität>D</komplexität><lernkomplexität>D</lernkomplexität><spezialisierungen></spezialisierungen></talent><talent><name>Klettern</name><meisterhandwerk>false</meisterhandwerk><leittalent>false</leittalent><basis>true</basis><nameausfuehrlich>Klettern  (B)</nameausfuehrlich><wert>2</wert><probe>MU/GE/KK</probe><probenwerte>14/13/12</probenwerte><nameausfuehrlichmitprobe>Klettern  (B)(MU/GE/KK)</nameausfuehrlichmitprobe><behinderung>BEx2</behinderung><mirakelplus>false</mirakelplus><mirakelminus>false</mirakelminus><metatalent>false</metatalent><bereich>Körperlich</bereich><komplexität>D</komplexität><lernkomplexität>D</lernkomplexität><spezialisierungen></spezialisierungen></talent><talent><name>Körperbeherrschung</name><meisterhandwerk>false</meisterhandwerk><leittalent>false</leittalent><basis>true</basis><nameausfuehrlich>Körperbeherrschung  (B)</nameausfuehrlich><wert>3</wert><probe>MU/IN/GE</probe><probenwerte>14/14/13</probenwerte><nameausfuehrlichmitprobe>Körperbeherrschung  (B)(MU/IN/GE)</nameausfuehrlichmitprobe><behinderung>BEx2</behinderung><mirakelplus>false</mirakelplus><mirakelminus>false</mirakelminus><metatalent>false</metatalent><bereich>Körperlich</bereich><komplexität>D</komplexität><lernkomplexität>D</lernkomplexität><spezialisierungen></spezialisierungen></talent><talent><name>Schleichen</name><meisterhandwerk>false</meisterhandwerk><leittalent>false</leittalent><basis>true</basis><nameausfuehrlich>Schleichen  (B)</nameausfuehrlich><wert>3</wert><probe>MU/IN/GE</probe><probenwerte>14/14/13</probenwerte><nameausfuehrlichmitprobe>Schleichen  (B)(MU/IN/GE)</nameausfuehrlichmitprobe><behinderung>BE</behinderung><mirakelplus>false</mirakelplus><mirakelminus>false</mirakelminus><metatalent>false</metatalent><bereich>Körperlich</bereich><komplexität>D</komplexität><lernkomplexität>D</lernkomplexität><spezialisierungen></spezialisierungen></talent><talent><name>Schwimmen</name><meisterhandwerk>false</meisterhandwerk><leittalent>false</leittalent><basis>true</basis><nameausfuehrlich>Schwimmen  (B)</nameausfuehrlich><wert>1</wert><probe>GE/KO/KK</probe><probenwerte>13/14/12</probenwerte><nameausfuehrlichmitprobe>Schwimmen  (B)(GE/KO/KK)</nameausfuehrlichmitprobe><behinderung>BEx2</behinderung><mirakelplus>false</mirakelplus><mirakelminus>false</mirakelminus><metatalent>false</metatalent><bereich>Körperlich</bereich><komplexität>D</komplexität><lernkomplexität>D</lernkomplexität><spezialisierungen></spezialisierungen></talent><talent><name>Selbstbeherrschung</name><meisterhandwerk>false</meisterhandwerk><leittalent>false</leittalent><basis>true</basis><nameausfuehrlich>Selbstbeherrschung  (B)</nameausfuehrlich><wert>2</wert><probe>MU/KO/KK</probe><probenwerte>14/14/12</probenwerte><nameausfuehrlichmitprobe>Selbstbeherrschung  (B)(MU/KO/KK)</nameausfuehrlichmitprobe><behinderung></behinderung><mirakelplus>false</mirakelplus><mirakelminus>false</mirakelminus><metatalent>false</metatalent><bereich>Körperlich</bereich><komplexität>D</komplexität><lernkomplexität>D</lernkomplexität><spezialisierungen></spezialisierungen></talent><talent><name>Sich verstecken</name><meisterhandwerk>false</meisterhandwerk><leittalent>false</leittalent><basis>true</basis><nameausfuehrlich>Sich verstecken  (B)</nameausfuehrlich><wert>5</wert><probe>MU/IN/GE</probe><probenwerte>14/14/13</probenwerte><nameausfuehrlichmitprobe>Sich verstecken  (B)(MU/IN/GE)</nameausfuehrlichmitprobe><behinderung>BE-2</behinderung><mirakelplus>false</mirakelplus><mirakelminus>false</mirakelminus><metatalent>false</metatalent><bereich>Körperlich</bereich><komplexität>D</komplexität><lernkomplexität>D</lernkomplexität><spezialisierungen></spezialisierungen></talent><talent><name>Singen</name><meisterhandwerk>false</meisterhandwerk><leittalent>false</leittalent><basis>true</basis><nameausfuehrlich>Singen  (B)</nameausfuehrlich><wert>0</wert><probe>IN/CH/CH</probe><probenwerte>14/10/10</probenwerte><nameausfuehrlichmitprobe>Singen  (B)(IN/CH/CH)</nameausfuehrlichmitprobe><behinderung>BE-3</behinderung><mirakelplus>false</mirakelplus><mirakelminus>false</mirakelminus><metatalent>false</metatalent><bereich>Körperlich</bereich><komplexität>D</komplexität><lernkomplexität>D</lernkomplexität><spezialisierungen></spezialisierungen></talent><talent><name>Sinnenschärfe</name><meisterhandwerk>false</meisterhandwerk><leittalent>false</leittalent><basis>true</basis><nameausfuehrlich>Sinnenschärfe  (B)</nameausfuehrlich><wert>6</wert><probe>KL/IN/IN</probe><probenwerte>10/14/14</probenwerte><nameausfuehrlichmitprobe>Sinnenschärfe  (B)(KL/IN/IN)</nameausfuehrlichmitprobe><behinderung>0-&gt;BE</behinderung><mirakelplus>false</mirakelplus><mirakelminus>false</mirakelminus><metatalent>false</metatalent><bereich>Körperlich</bereich><komplexität>D</komplexität><lernkomplexität>D</lernkomplexität><spezialisierungen></spezialisierungen></talent><talent><name>Tanzen</name><meisterhandwerk>false</meisterhandwerk><leittalent>false</leittalent><basis>true</basis><nameausfuehrlich>Tanzen  (B)</nameausfuehrlich><wert>0</wert><probe>CH/GE/GE</probe><probenwerte>10/13/13</probenwerte><nameausfuehrlichmitprobe>Tanzen  (B)(CH/GE/GE)</nameausfuehrlichmitprobe><behinderung>BEx2</behinderung><mirakelplus>false</mirakelplus><mirakelminus>false</mirakelminus><metatalent>false</metatalent><bereich>Körperlich</bereich><komplexität>D</komplexität><lernkomplexität>D</lernkomplexität><spezialisierungen></spezialisierungen></talent><talent><name>Taschendiebstahl</name><meisterhandwerk>true</meisterhandwerk><leittalent>false</leittalent><basis>false</basis><nameausfuehrlich>Taschendiebstahl  (MH)</nameausfuehrlich><wert>10</wert><probe>MU/IN/FF</probe><probenwerte>14/14/13</probenwerte><nameausfuehrlichmitprobe>Taschendiebstahl  (MH)(MU/IN/FF)</nameausfuehrlichmitprobe><behinderung>BEx2</behinderung><mirakelplus>false</mirakelplus><mirakelminus>false</mirakelminus><metatalent>false</metatalent><bereich>Körperlich</bereich><komplexität>D</komplexität><lernkomplexität>C</lernkomplexität><spezialisierungen></spezialisierungen></talent><talent><name>Zechen</name><meisterhandwerk>false</meisterhandwerk><leittalent>false</leittalent><basis>true</basis><nameausfuehrlich>Zechen  (B)</nameausfuehrlich><wert>0</wert><probe>IN/KO/KK</probe><probenwerte>14/14/12</probenwerte><nameausfuehrlichmitprobe>Zechen  (B)(IN/KO/KK)</nameausfuehrlichmitprobe><behinderung></behinderung><mirakelplus>false</mirakelplus><mirakelminus>false</mirakelminus><metatalent>false</metatalent><bereich>Körperlich</bereich><komplexität>D</komplexität><lernkomplexität>D</lernkomplexität><spezialisierungen></spezialisierungen></talent><talent><name>Betören</name><meisterhandwerk>true</meisterhandwerk><leittalent>false</leittalent><basis>false</basis><nameausfuehrlich>Betören  (MH)</nameausfuehrlich><wert>0</wert><probe>IN/CH/CH</probe><probenwerte>14/10/10</probenwerte><nameausfuehrlichmitprobe>Betören  (MH)(IN/CH/CH)</nameausfuehrlichmitprobe><behinderung></behinderung><mirakelplus>false</mirakelplus><mirakelminus>false</mirakelminus><metatalent>false</metatalent><bereich>Gesellschaft</bereich><komplexität>B</komplexität><lernkomplexität>B</lernkomplexität><spezialisierungen></spezialisierungen></talent><talent><name>Gassenwissen</name><meisterhandwerk>false</meisterhandwerk><leittalent>false</leittalent><basis>false</basis><nameausfuehrlich>Gassenwissen</nameausfuehrlich><wert>9</wert><probe>KL/IN/CH</probe><probenwerte>10/14/10</probenwerte><nameausfuehrlichmitprobe>Gassenwissen (KL/IN/CH)</nameausfuehrlichmitprobe><behinderung></behinderung><mirakelplus>false</mirakelplus><mirakelminus>false</mirakelminus><metatalent>false</metatalent><bereich>Gesellschaft</bereich><komplexität>B</komplexität><lernkomplexität>B</lernkomplexität><spezialisierungen></spezialisierungen></talent><talent><name>Menschenkenntnis</name><meisterhandwerk>false</meisterhandwerk><leittalent>false</leittalent><basis>true</basis><nameausfuehrlich>Menschenkenntnis  (B)</nameausfuehrlich><wert>6</wert><probe>KL/IN/CH</probe><probenwerte>10/14/10</probenwerte><nameausfuehrlichmitprobe>Menschenkenntnis  (B)(KL/IN/CH)</nameausfuehrlichmitprobe><behinderung></behinderung><mirakelplus>false</mirakelplus><mirakelminus>false</mirakelminus><metatalent>false</metatalent><bereich>Gesellschaft</bereich><komplexität>B</komplexität><lernkomplexität>B</lernkomplexität><spezialisierungen></spezialisierungen></talent><talent><name>Sich verkleiden</name><meisterhandwerk>false</meisterhandwerk><leittalent>false</leittalent><basis>false</basis><nameausfuehrlich>Sich verkleiden</nameausfuehrlich><wert>4</wert><probe>MU/CH/GE</probe><probenwerte>14/10/13</probenwerte><nameausfuehrlichmitprobe>Sich verkleiden (MU/CH/GE)</nameausfuehrlichmitprobe><behinderung></behinderung><mirakelplus>false</mirakelplus><mirakelminus>false</mirakelminus><metatalent>false</metatalent><bereich>Gesellschaft</bereich><komplexität>B</komplexität><lernkomplexität>B</lernkomplexität><spezialisierungen></spezialisierungen></talent><talent><name>Überreden</name><meisterhandwerk>true</meisterhandwerk><leittalent>false</leittalent><basis>true</basis><nameausfuehrlich>Überreden  (MH) (B) (Feilschen)</nameausfuehrlich><wert>5</wert><probe>MU/IN/CH</probe><probenwerte>14/14/10</probenwerte><nameausfuehrlichmitprobe>Überreden  (MH) (B) (Feilschen)(MU/IN/CH)</nameausfuehrlichmitprobe><behinderung></behinderung><mirakelplus>false</mirakelplus><mirakelminus>false</mirakelminus><metatalent>false</metatalent><bereich>Gesellschaft</bereich><komplexität>B</komplexität><lernkomplexität>B</lernkomplexität><spezialisierungen>Feilschen</spezialisierungen></talent><talent><name>Fährtensuchen</name><meisterhandwerk>false</meisterhandwerk><leittalent>false</leittalent><basis>true</basis><nameausfuehrlich>Fährtensuchen  (B)</nameausfuehrlich><wert>0</wert><probe>KL/IN/KO</probe><probenwerte>10/14/14</probenwerte><nameausfuehrlichmitprobe>Fährtensuchen  (B)(KL/IN/KO)</nameausfuehrlichmitprobe><behinderung></behinderung><mirakelplus>false</mirakelplus><mirakelminus>false</mirakelminus><metatalent>false</metatalent><bereich>Natur</bereich><komplexität>B</komplexität><lernkomplexität>B</lernkomplexität><spezialisierungen></spezialisierungen></talent><talent><name>Orientierung</name><meisterhandwerk>false</meisterhandwerk><leittalent>false</leittalent><basis>true</basis><nameausfuehrlich>Orientierung  (B)</nameausfuehrlich><wert>2</wert><probe>KL/IN/IN</probe><probenwerte>10/14/14</probenwerte><nameausfuehrlichmitprobe>Orientierung  (B)(KL/IN/IN)</nameausfuehrlichmitprobe><behinderung></behinderung><mirakelplus>false</mirakelplus><mirakelminus>false</mirakelminus><metatalent>false</metatalent><bereich>Natur</bereich><komplexität>B</komplexität><lernkomplexität>B</lernkomplexität><spezialisierungen></spezialisierungen></talent><talent><name>Wildnisleben</name><meisterhandwerk>false</meisterhandwerk><leittalent>false</leittalent><basis>true</basis><nameausfuehrlich>Wildnisleben  (B)</nameausfuehrlich><wert>0</wert><probe>IN/GE/KO</probe><probenwerte>14/13/14</probenwerte><nameausfuehrlichmitprobe>Wildnisleben  (B)(IN/GE/KO)</nameausfuehrlichmitprobe><behinderung></behinderung><mirakelplus>false</mirakelplus><mirakelminus>false</mirakelminus><metatalent>false</metatalent><bereich>Natur</bereich><komplexität>B</komplexität><lernkomplexität>B</lernkomplexität><spezialisierungen></spezialisierungen></talent><talent><name>Geschichtswissen</name><meisterhandwerk>false</meisterhandwerk><leittalent>false</leittalent><basis>false</basis><nameausfuehrlich>Geschichtswissen</nameausfuehrlich><wert>1</wert><probe>KL/KL/IN</probe><probenwerte>10/10/14</probenwerte><nameausfuehrlichmitprobe>Geschichtswissen (KL/KL/IN)</nameausfuehrlichmitprobe><behinderung></behinderung><mirakelplus>false</mirakelplus><mirakelminus>false</mirakelminus><metatalent>false</metatalent><bereich>Wissen</bereich><komplexität>B</komplexität><lernkomplexität>B</lernkomplexität><spezialisierungen></spezialisierungen></talent><talent><name>Götter und Kulte</name><meisterhandwerk>false</meisterhandwerk><leittalent>false</leittalent><basis>true</basis><nameausfuehrlich>Götter und Kulte  (B)</nameausfuehrlich><wert>3</wert><probe>KL/KL/IN</probe><probenwerte>10/10/14</probenwerte><nameausfuehrlichmitprobe>Götter und Kulte  (B)(KL/KL/IN)</nameausfuehrlichmitprobe><behinderung></behinderung><mirakelplus>false</mirakelplus><mirakelminus>false</mirakelminus><metatalent>false</metatalent><bereich>Wissen</bereich><komplexität>B</komplexität><lernkomplexität>B</lernkomplexität><spezialisierungen></spezialisierungen></talent><talent><name>Rechnen</name><meisterhandwerk>false</meisterhandwerk><leittalent>false</leittalent><basis>true</basis><nameausfuehrlich>Rechnen  (B)</nameausfuehrlich><wert>1</wert><probe>KL/KL/IN</probe><probenwerte>10/10/14</probenwerte><nameausfuehrlichmitprobe>Rechnen  (B)(KL/KL/IN)</nameausfuehrlichmitprobe><behinderung></behinderung><mirakelplus>false</mirakelplus><mirakelminus>false</mirakelminus><metatalent>false</metatalent><bereich>Wissen</bereich><komplexität>B</komplexität><lernkomplexität>B</lernkomplexität><spezialisierungen></spezialisierungen></talent><talent><name>Rechtskunde</name><meisterhandwerk>false</meisterhandwerk><leittalent>false</leittalent><basis>false</basis><nameausfuehrlich>Rechtskunde</nameausfuehrlich><wert>1</wert><probe>KL/KL/IN</probe><probenwerte>10/10/14</probenwerte><nameausfuehrlichmitprobe>Rechtskunde (KL/KL/IN)</nameausfuehrlichmitprobe><behinderung></behinderung><mirakelplus>false</mirakelplus><mirakelminus>false</mirakelminus><metatalent>false</metatalent><bereich>Wissen</bereich><komplexität>B</komplexität><lernkomplexität>B</lernkomplexität><spezialisierungen></spezialisierungen></talent><talent><name>Sagen und Legenden</name><meisterhandwerk>false</meisterhandwerk><leittalent>false</leittalent><basis>true</basis><nameausfuehrlich>Sagen und Legenden  (B)</nameausfuehrlich><wert>1</wert><probe>KL/IN/CH</probe><probenwerte>10/14/10</probenwerte><nameausfuehrlichmitprobe>Sagen und Legenden  (B)(KL/IN/CH)</nameausfuehrlichmitprobe><behinderung></behinderung><mirakelplus>false</mirakelplus><mirakelminus>false</mirakelminus><metatalent>false</metatalent><bereich>Wissen</bereich><komplexität>B</komplexität><lernkomplexität>B</lernkomplexität><spezialisierungen></spezialisierungen></talent><talent><name>Schätzen</name><meisterhandwerk>false</meisterhandwerk><leittalent>false</leittalent><basis>false</basis><nameausfuehrlich>Schätzen</nameausfuehrlich><wert>1</wert><probe>KL/IN/IN</probe><probenwerte>10/14/14</probenwerte><nameausfuehrlichmitprobe>Schätzen (KL/IN/IN)</nameausfuehrlichmitprobe><behinderung></behinderung><mirakelplus>false</mirakelplus><mirakelminus>false</mirakelminus><metatalent>false</metatalent><bereich>Wissen</bereich><komplexität>B</komplexität><lernkomplexität>B</lernkomplexität><spezialisierungen></spezialisierungen></talent><talent><name>Atak</name><meisterhandwerk>false</meisterhandwerk><leittalent>false</leittalent><basis>false</basis><nameausfuehrlich>Atak</nameausfuehrlich><wert>4</wert><probe>KL/IN/CH</probe><probenwerte>10/14/10</probenwerte><nameausfuehrlichmitprobe>Atak (KL/IN/CH)</nameausfuehrlichmitprobe><sprachkomplexität>12</sprachkomplexität><behinderung></behinderung><mirakelplus>false</mirakelplus><mirakelminus>false</mirakelminus><metatalent>false</metatalent><bereich>Sprachen</bereich><komplexität>A</komplexität><lernkomplexität>A</lernkomplexität><spezialisierungen></spezialisierungen></talent><talent><name>Füchsisch</name><meisterhandwerk>false</meisterhandwerk><leittalent>false</leittalent><basis>false</basis><nameausfuehrlich>Füchsisch</nameausfuehrlich><wert>2</wert><probe>KL/IN/CH</probe><probenwerte>10/14/10</probenwerte><nameausfuehrlichmitprobe>Füchsisch (KL/IN/CH)</nameausfuehrlichmitprobe><sprachkomplexität>12</sprachkomplexität><behinderung></behinderung><mirakelplus>false</mirakelplus><mirakelminus>false</mirakelminus><metatalent>false</metatalent><bereich>Sprachen</bereich><komplexität>A</komplexität><lernkomplexität>A</lernkomplexität><spezialisierungen></spezialisierungen></talent><talent><name>Garethi</name><meisterhandwerk>false</meisterhandwerk><leittalent>false</leittalent><basis>false</basis><nameausfuehrlich>Garethi</nameausfuehrlich><wert>8</wert><probe>KL/IN/CH</probe><probenwerte>10/14/10</probenwerte><nameausfuehrlichmitprobe>Garethi (KL/IN/CH)</nameausfuehrlichmitprobe><sprachkomplexität>18</sprachkomplexität><muttersprache>true</muttersprache><behinderung></behinderung><mirakelplus>false</mirakelplus><mirakelminus>false</mirakelminus><metatalent>false</metatalent><bereich>Sprachen</bereich><komplexität>A</komplexität><lernkomplexität>A</lernkomplexität><spezialisierungen></spezialisierungen></talent><talent><name>Mohisch</name><meisterhandwerk>false</meisterhandwerk><leittalent>false</leittalent><basis>false</basis><nameausfuehrlich>Mohisch</nameausfuehrlich><wert>4</wert><probe>KL/IN/CH</probe><probenwerte>10/14/10</probenwerte><nameausfuehrlichmitprobe>Mohisch (KL/IN/CH)</nameausfuehrlichmitprobe><sprachkomplexität>15</sprachkomplexität><behinderung></behinderung><mirakelplus>false</mirakelplus><mirakelminus>false</mirakelminus><metatalent>false</metatalent><bereich>Sprachen</bereich><komplexität>A</komplexität><lernkomplexität>B</lernkomplexität><spezialisierungen></spezialisierungen></talent><talent><name>Tulamidya</name><meisterhandwerk>false</meisterhandwerk><leittalent>false</leittalent><basis>false</basis><nameausfuehrlich>Tulamidya</nameausfuehrlich><wert>4</wert><probe>KL/IN/CH</probe><probenwerte>10/14/10</probenwerte><nameausfuehrlichmitprobe>Tulamidya (KL/IN/CH)</nameausfuehrlichmitprobe><sprachkomplexität>18</sprachkomplexität><behinderung></behinderung><mirakelplus>false</mirakelplus><mirakelminus>false</mirakelminus><metatalent>false</metatalent><bereich>Sprachen</bereich><komplexität>A</komplexität><lernkomplexität>B</lernkomplexität><spezialisierungen></spezialisierungen></talent><talent><name>L/S Kusliker Zeichen</name><meisterhandwerk>false</meisterhandwerk><leittalent>false</leittalent><basis>false</basis><nameausfuehrlich>L/S Kusliker Zeichen</nameausfuehrlich><wert>0</wert><probe>KL/KL/FF</probe><probenwerte>10/10/13</probenwerte><nameausfuehrlichmitprobe>L/S Kusliker Zeichen (KL/KL/FF)</nameausfuehrlichmitprobe><sprachkomplexität>10</sprachkomplexität><schriftmuttersprache>true</schriftmuttersprache><behinderung></behinderung><mirakelplus>false</mirakelplus><mirakelminus>false</mirakelminus><metatalent>false</metatalent><bereich>Schriften</bereich><komplexität>A</komplexität><lernkomplexität>A</lernkomplexität><spezialisierungen></spezialisierungen></talent><talent><name>Boote fahren</name><meisterhandwerk>false</meisterhandwerk><leittalent>false</leittalent><basis>false</basis><nameausfuehrlich>Boote fahren</nameausfuehrlich><wert>1</wert><probe>GE/KO/KK</probe><probenwerte>13/14/12</probenwerte><nameausfuehrlichmitprobe>Boote fahren (GE/KO/KK)</nameausfuehrlichmitprobe><behinderung></behinderung><mirakelplus>false</mirakelplus><mirakelminus>false</mirakelminus><metatalent>false</metatalent><bereich>Handwerk</bereich><komplexität>B</komplexität><lernkomplexität>B</lernkomplexität><spezialisierungen></spezialisierungen></talent><talent><name>Falschspiel</name><meisterhandwerk>false</meisterhandwerk><leittalent>false</leittalent><basis>false</basis><nameausfuehrlich>Falschspiel</nameausfuehrlich><wert>2</wert><probe>MU/CH/FF</probe><probenwerte>14/10/13</probenwerte><nameausfuehrlichmitprobe>Falschspiel (MU/CH/FF)</nameausfuehrlichmitprobe><behinderung></behinderung><mirakelplus>false</mirakelplus><mirakelminus>false</mirakelminus><metatalent>false</metatalent><bereich>Handwerk</bereich><komplexität>B</komplexität><lernkomplexität>B</lernkomplexität><spezialisierungen></spezialisierungen></talent><talent><name>Heilkunde: Wunden</name><meisterhandwerk>false</meisterhandwerk><leittalent>false</leittalent><basis>true</basis><nameausfuehrlich>Heilkunde: Wunden  (B)</nameausfuehrlich><wert>1</wert><probe>KL/CH/FF</probe><probenwerte>10/10/13</probenwerte><nameausfuehrlichmitprobe>Heilkunde: Wunden  (B)(KL/CH/FF)</nameausfuehrlichmitprobe><behinderung></behinderung><mirakelplus>false</mirakelplus><mirakelminus>false</mirakelminus><metatalent>false</metatalent><bereich>Handwerk</bereich><komplexität>B</komplexität><lernkomplexität>B</lernkomplexität><spezialisierungen></spezialisierungen></talent><talent><name>Holzbearbeitung</name><meisterhandwerk>false</meisterhandwerk><leittalent>false</leittalent><basis>true</basis><nameausfuehrlich>Holzbearbeitung  (B)</nameausfuehrlich><wert>2</wert><probe>KL/FF/KK</probe><probenwerte>10/13/12</probenwerte><nameausfuehrlichmitprobe>Holzbearbeitung  (B)(KL/FF/KK)</nameausfuehrlichmitprobe><behinderung></behinderung><mirakelplus>false</mirakelplus><mirakelminus>false</mirakelminus><metatalent>false</metatalent><bereich>Handwerk</bereich><komplexität>B</komplexität><lernkomplexität>B</lernkomplexität><spezialisierungen></spezialisierungen></talent><talent><name>Kochen</name><meisterhandwerk>false</meisterhandwerk><leittalent>false</leittalent><basis>true</basis><nameausfuehrlich>Kochen  (B)</nameausfuehrlich><wert>0</wert><probe>KL/IN/FF</probe><probenwerte>10/14/13</probenwerte><nameausfuehrlichmitprobe>Kochen  (B)(KL/IN/FF)</nameausfuehrlichmitprobe><behinderung></behinderung><mirakelplus>false</mirakelplus><mirakelminus>false</mirakelminus><metatalent>false</metatalent><bereich>Handwerk</bereich><komplexität>B</komplexität><lernkomplexität>B</lernkomplexität><spezialisierungen></spezialisierungen></talent><talent><name>Lederarbeiten</name><meisterhandwerk>false</meisterhandwerk><leittalent>false</leittalent><basis>true</basis><nameausfuehrlich>Lederarbeiten  (B)</nameausfuehrlich><wert>2</wert><probe>KL/FF/FF</probe><probenwerte>10/13/13</probenwerte><nameausfuehrlichmitprobe>Lederarbeiten  (B)(KL/FF/FF)</nameausfuehrlichmitprobe><behinderung></behinderung><mirakelplus>false</mirakelplus><mirakelminus>false</mirakelminus><metatalent>false</metatalent><bereich>Handwerk</bereich><komplexität>B</komplexität><lernkomplexität>B</lernkomplexität><spezialisierungen></spezialisierungen></talent><talent><name>Malen/Zeichnen</name><meisterhandwerk>false</meisterhandwerk><leittalent>false</leittalent><basis>true</basis><nameausfuehrlich>Malen/Zeichnen  (B)</nameausfuehrlich><wert>0</wert><probe>KL/IN/FF</probe><probenwerte>10/14/13</probenwerte><nameausfuehrlichmitprobe>Malen/Zeichnen  (B)(KL/IN/FF)</nameausfuehrlichmitprobe><behinderung></behinderung><mirakelplus>false</mirakelplus><mirakelminus>false</mirakelminus><metatalent>false</metatalent><bereich>Handwerk</bereich><komplexität>B</komplexität><lernkomplexität>B</lernkomplexität><spezialisierungen></spezialisierungen></talent><talent><name>Schlösser knacken</name><meisterhandwerk>false</meisterhandwerk><leittalent>false</leittalent><basis>false</basis><nameausfuehrlich>Schlösser knacken</nameausfuehrlich><wert>2</wert><probe>IN/FF/FF</probe><probenwerte>14/13/13</probenwerte><nameausfuehrlichmitprobe>Schlösser knacken (IN/FF/FF)</nameausfuehrlichmitprobe><behinderung></behinderung><mirakelplus>false</mirakelplus><mirakelminus>false</mirakelminus><metatalent>false</metatalent><bereich>Handwerk</bereich><komplexität>B</komplexität><lernkomplexität>B</lernkomplexität><spezialisierungen></spezialisierungen></talent><talent><name>Schneidern</name><meisterhandwerk>false</meisterhandwerk><leittalent>false</leittalent><basis>true</basis><nameausfuehrlich>Schneidern  (B)</nameausfuehrlich><wert>0</wert><probe>KL/FF/FF</probe><probenwerte>10/13/13</probenwerte><nameausfuehrlichmitprobe>Schneidern  (B)(KL/FF/FF)</nameausfuehrlichmitprobe><behinderung></behinderung><mirakelplus>false</mirakelplus><mirakelminus>false</mirakelminus><metatalent>false</metatalent><bereich>Handwerk</bereich><komplexität>B</komplexität><lernkomplexität>B</lernkomplexität><spezialisierungen></spezialisierungen></talent><talent><name>Seefahrt</name><meisterhandwerk>false</meisterhandwerk><leittalent>false</leittalent><basis>false</basis><nameausfuehrlich>Seefahrt</nameausfuehrlich><wert>1</wert><probe>FF/GE/KK</probe><probenwerte>13/13/12</probenwerte><nameausfuehrlichmitprobe>Seefahrt (FF/GE/KK)</nameausfuehrlichmitprobe><behinderung></behinderung><mirakelplus>false</mirakelplus><mirakelminus>false</mirakelminus><metatalent>false</metatalent><bereich>Handwerk</bereich><komplexität>B</komplexität><lernkomplexität>B</lernkomplexität><spezialisierungen></spezialisierungen></talent></talentliste><zauberliste><zauber><name>Armatrutz</name><variante></variante><namemitvariante>Armatrutz</namemitvariante><nameausfuehrlich>Armatrutz</nameausfuehrlich><wert>3</wert><spezialisierungen></spezialisierungen><probe>IN/GE/KO</probe><probenwerte>14/13/14</probenwerte><bereich>Zauber</bereich><komplexität>B</komplexität><lernkomplexität>G</lernkomplexität><hauszauber>false</hauszauber><hauszauberformatiert> </hauszauberformatiert><repräsentation>Magiedilletant</repräsentation><merkmale>Eign, Elem (Erz)</merkmale><zauberdauer></zauberdauer><kosten></kosten><reichweite></reichweite><wirkungsdauer></wirkungsdauer><anmerkung></anmerkung><quelle buch="LCD" seite="28">LCD: 28</quelle><kontrollwert></kontrollwert><mr></mr></zauber><zauber><name>Axxeleratus Blitzgeschwind</name><variante></variante><namemitvariante>Axxeleratus Blitzgeschwind</namemitvariante><nameausfuehrlich>Axxeleratus Blitzgeschwind</nameausfuehrlich><wert>3</wert><spezialisierungen></spezialisierungen><probe>KL/GE/KO</probe><probenwerte>10/13/14</probenwerte><bereich>Zauber</bereich><komplexität>C</komplexität><lernkomplexität>F</lernkomplexität><hauszauber>false</hauszauber><hauszauberformatiert> </hauszauberformatiert><repräsentation>Magiedilletant</repräsentation><merkmale>Eign</merkmale><zauberdauer></zauberdauer><kosten></kosten><reichweite></reichweite><wirkungsdauer></wirkungsdauer><anmerkung></anmerkung><quelle buch="LCD" seite="36">LCD: 36</quelle><kontrollwert></kontrollwert><mr></mr></zauber><zauber><name>Bannbaladin</name><variante></variante><namemitvariante>Bannbaladin</namemitvariante><nameausfuehrlich>Bannbaladin</nameausfuehrlich><wert>3</wert><spezialisierungen></spezialisierungen><probe>IN/CH/CH</probe><probenwerte>14/10/10</probenwerte><bereich>Zauber</bereich><komplexität>B</komplexität><lernkomplexität>F</lernkomplexität><hauszauber>false</hauszauber><hauszauberformatiert> </hauszauberformatiert><repräsentation>Magiedilletant</repräsentation><merkmale>Einfl</merkmale><zauberdauer></zauberdauer><kosten></kosten><reichweite></reichweite><wirkungsdauer></wirkungsdauer><anmerkung></anmerkung><quelle buch="LCD" seite="39">LCD: 39</quelle><kontrollwert></kontrollwert><mr>+MR</mr></zauber><zauber><name>Chamaelioni Mimikry</name><variante></variante><namemitvariante>Chamaelioni Mimikry</namemitvariante><nameausfuehrlich>Chamaelioni Mimikry</nameausfuehrlich><wert>3</wert><spezialisierungen></spezialisierungen><probe>IN/CH/GE</probe><probenwerte>14/10/13</probenwerte><bereich>Zauber</bereich><komplexität>C</komplexität><lernkomplexität>F</lernkomplexität><hauszauber>false</hauszauber><hauszauberformatiert> </hauszauberformatiert><repräsentation>Magiedilletant</repräsentation><merkmale>Illu</merkmale><zauberdauer></zauberdauer><kosten></kosten><reichweite></reichweite><wirkungsdauer></wirkungsdauer><anmerkung></anmerkung><quelle buch="LCD" seite="54">LCD: 54</quelle><kontrollwert></kontrollwert><mr></mr></zauber><zauber><name>Standfest Katzengleich</name><variante></variante><namemitvariante>Standfest Katzengleich</namemitvariante><nameausfuehrlich>Standfest Katzengleich</nameausfuehrlich><wert>3</wert><spezialisierungen></spezialisierungen><probe>IN/GE/FF</probe><probenwerte>14/13/13</probenwerte><bereich>Zauber</bereich><komplexität>C</komplexität><lernkomplexität>F</lernkomplexität><hauszauber>false</hauszauber><hauszauberformatiert> </hauszauberformatiert><repräsentation>Magiedilletant</repräsentation><merkmale>Eign</merkmale><zauberdauer></zauberdauer><kosten></kosten><reichweite></reichweite><wirkungsdauer></wirkungsdauer><anmerkung></anmerkung><quelle buch="LCD" seite="249">LCD: 249</quelle><kontrollwert></kontrollwert><mr></mr></zauber></zauberliste><gegenstaende><gegenstand><name>(Lang-)Schwert</name><anzahl>1</anzahl><grundlage>(Lang-)Schwert</grundlage><gewicht>80.0</gewicht><gesamtgewicht>80.0</gesamtgewicht><angelegt>true</angelegt><angelegt1>false</angelegt1><angelegt2>false</angelegt2><einzelpreis>18000</einzelpreis><gesamtpreis>18000</gesamtpreis><quelle buch="AA" seite="27">AA: 27</quelle><details/><arten>Nahkampfwaffe</arten></gegenstand><gegenstand><name>(Lang-)Schwert</name><anzahl>1</anzahl><grundlage>(Lang-)Schwert</grundlage><gewicht>80.0</gewicht><gesamtgewicht>80.0</gesamtgewicht><angelegt>false</angelegt><angelegt1>false</angelegt1><angelegt2>false</angelegt2><einzelpreis>18000</einzelpreis><gesamtpreis>18000</gesamtpreis><quelle buch="AA" seite="27">AA: 27</quelle><details/><arten>Nahkampfwaffe</arten></gegenstand></gegenstaende><verbindungen/><kampfsets><kampfset inbenutzung="true" nr="1" tzm="true" defaultrsmodel="true"><raufen><at>13</at><pa>8</pa><tp>1W+0</tp></raufen><ringen><at>13</at><pa>8</pa><tp>1W+0</tp></ringen><ausweichen>8</ausweichen><ausweichenausweichenmod>0</ausweichenausweichenmod><ausweichenakrobatikmod>0</ausweichenakrobatikmod><ausweichenmod>0</ausweichenmod><geschwindigkeitinklbe>8</geschwindigkeitinklbe><ini>12</ini><ruestungzonen><kopf>0</kopf><brust>0</brust><ruecken>0</ruecken><gesamt>0</gesamt><bauch>0</bauch><linkerarm>0</linkerarm><rechterarm>0</rechterarm><linkesbein>0</linkesbein><rechtesbein>0</rechtesbein><gesamtschutz>0</gesamtschutz><gesamtzonenschutz>0</gesamtzonenschutz><behinderung>0</behinderung></ruestungzonen><nahkampfwaffen inbenutzung="true"><nahkampfwaffe><nummer>1</nummer><möglich>true</möglich><name>(Lang-)Schwert</name><spalte2>Sc/BE-2</spalte2><dk>N </dk><tp>1W+4</tp><tpkk schrittweite="4" schwelle="11">11 / 4</tpkk><ini>0</ini><wm>0 / 0</wm><at>13</at><pa>9</pa><tpinkl>1W+4</tpinkl><bereich>nahkampf</bereich><bfmin>1</bfmin><bfakt>1</bfakt><waffentalentkurz>Sc</waffentalentkurz><waffentalent>Schwerter</waffentalent><be>BE-2</be></nahkampfwaffe><nahkampfwaffe><nummer>2</nummer><möglich>true</möglich><name>(Lang-)Schwert</name><spalte2>Sc/BE-2</spalte2><dk>N </dk><tp>1W+4</tp><tpkk schrittweite="4" schwelle="11">11 / 4</tpkk><ini>0</ini><wm>0 / 0</wm><at>13</at><pa>9</pa><tpinkl>1W+4</tpinkl><bereich>nahkampf</bereich><bfmin>1</bfmin><bfakt>1</bfakt><waffentalentkurz>Sc</waffentalentkurz><waffentalent>Schwerter</waffentalent><be>BE-2</be></nahkampfwaffe></nahkampfwaffen><fernkampfwaffen inbenutzung="false"/><schilder inbenutzung="false"/><ruestungen inbenutzung="false"/></kampfset><kampfset inbenutzung="true" nr="1" tzm="false" defaultrsmodel="false"><raufen><at>13</at><pa>8</pa><tp>1W+0</tp></raufen><ringen><at>13</at><pa>8</pa><tp>1W+0</tp></ringen><ausweichen>8</ausweichen><ausweichenausweichenmod>0</ausweichenausweichenmod><ausweichenakrobatikmod>0</ausweichenakrobatikmod><ausweichenmod>0</ausweichenmod><geschwindigkeitinklbe>8</geschwindigkeitinklbe><ini>12</ini><ruestungeinfach><gesamt>0</gesamt><behinderung>0</behinderung></ruestungeinfach><nahkampfwaffen inbenutzung="true"><nahkampfwaffe><nummer>1</nummer><möglich>true</möglich><name>(Lang-)Schwert</name><spalte2>Sc/BE-2</spalte2><dk>N </dk><tp>1W+4</tp><tpkk schrittweite="4" schwelle="11">11 / 4</tpkk><ini>0</ini><wm>0 / 0</wm><at>13</at><pa>9</pa><tpinkl>1W+4</tpinkl><bereich>nahkampf</bereich><bfmin>1</bfmin><bfakt>1</bfakt><waffentalentkurz>Sc</waffentalentkurz><waffentalent>Schwerter</waffentalent><be>BE-2</be></nahkampfwaffe><nahkampfwaffe><nummer>2</nummer><möglich>true</möglich><name>(Lang-)Schwert</name><spalte2>Sc/BE-2</spalte2><dk>N </dk><tp>1W+4</tp><tpkk schrittweite="4" schwelle="11">11 / 4</tpkk><ini>0</ini><wm>0 / 0</wm><at>13</at><pa>9</pa><tpinkl>1W+4</tpinkl><bereich>nahkampf</bereich><bfmin>1</bfmin><bfakt>1</bfakt><waffentalentkurz>Sc</waffentalentkurz><waffentalent>Schwerter</waffentalent><be>BE-2</be></nahkampfwaffe></nahkampfwaffen><fernkampfwaffen inbenutzung="false"/><schilder inbenutzung="false"/><ruestungen inbenutzung="false"/></kampfset><kampfset inbenutzung="false" nr="2" tzm="true" defaultrsmodel="true"><raufen><at>13</at><pa>8</pa><tp>1W+0</tp></raufen><ringen><at>13</at><pa>8</pa><tp>1W+0</tp></ringen><ausweichen>8</ausweichen><ausweichenausweichenmod>0</ausweichenausweichenmod><ausweichenakrobatikmod>0</ausweichenakrobatikmod><ausweichenmod>0</ausweichenmod><geschwindigkeitinklbe>8</geschwindigkeitinklbe><ini>12</ini><ruestungzonen><kopf>0</kopf><brust>0</brust><ruecken>0</ruecken><gesamt>0</gesamt><bauch>0</bauch><linkerarm>0</linkerarm><rechterarm>0</rechterarm><linkesbein>0</linkesbein><rechtesbein>0</rechtesbein><gesamtschutz>0</gesamtschutz><gesamtzonenschutz>0</gesamtzonenschutz><behinderung>0</behinderung></ruestungzonen><nahkampfwaffen inbenutzung="false"/><fernkampfwaffen inbenutzung="false"/><schilder inbenutzung="false"/><ruestungen inbenutzung="false"/></kampfset><kampfset inbenutzung="false" nr="2" tzm="false" defaultrsmodel="false"><raufen><at>13</at><pa>8</pa><tp>1W+0</tp></raufen><ringen><at>13</at><pa>8</pa><tp>1W+0</tp></ringen><ausweichen>8</ausweichen><ausweichenausweichenmod>0</ausweichenausweichenmod><ausweichenakrobatikmod>0</ausweichenakrobatikmod><ausweichenmod>0</ausweichenmod><geschwindigkeitinklbe>8</geschwindigkeitinklbe><ini>12</ini><ruestungeinfach><gesamt>0</gesamt><behinderung>0</behinderung></ruestungeinfach><nahkampfwaffen inbenutzung="false"/><fernkampfwaffen inbenutzung="false"/><schilder inbenutzung="false"/><ruestungen inbenutzung="false"/></kampfset><kampfset inbenutzung="false" nr="3" tzm="true" defaultrsmodel="true"><raufen><at>13</at><pa>8</pa><tp>1W+0</tp></raufen><ringen><at>13</at><pa>8</pa><tp>1W+0</tp></ringen><ausweichen>8</ausweichen><ausweichenausweichenmod>0</ausweichenausweichenmod><ausweichenakrobatikmod>0</ausweichenakrobatikmod><ausweichenmod>0</ausweichenmod><geschwindigkeitinklbe>8</geschwindigkeitinklbe><ini>12</ini><ruestungzonen><kopf>0</kopf><brust>0</brust><ruecken>0</ruecken><gesamt>0</gesamt><bauch>0</bauch><linkerarm>0</linkerarm><rechterarm>0</rechterarm><linkesbein>0</linkesbein><rechtesbein>0</rechtesbein><gesamtschutz>0</gesamtschutz><gesamtzonenschutz>0</gesamtzonenschutz><behinderung>0</behinderung></ruestungzonen><nahkampfwaffen inbenutzung="false"/><fernkampfwaffen inbenutzung="false"/><schilder inbenutzung="false"/><ruestungen inbenutzung="false"/></kampfset><kampfset inbenutzung="false" nr="3" tzm="false" defaultrsmodel="false"><raufen><at>13</at><pa>8</pa><tp>1W+0</tp></raufen><ringen><at>13</at><pa>8</pa><tp>1W+0</tp></ringen><ausweichen>8</ausweichen><ausweichenausweichenmod>0</ausweichenausweichenmod><ausweichenakrobatikmod>0</ausweichenakrobatikmod><ausweichenmod>0</ausweichenmod><geschwindigkeitinklbe>8</geschwindigkeitinklbe><ini>12</ini><ruestungeinfach><gesamt>0</gesamt><behinderung>0</behinderung></ruestungeinfach><nahkampfwaffen inbenutzung="false"/><fernkampfwaffen inbenutzung="false"/><schilder inbenutzung="false"/><ruestungen inbenutzung="false"/></kampfset></kampfsets><ereignisse><ereignis><aktion>EINSTELLUNG</aktion><alterzustand></alterzustand><ap>0</ap><asp>0</asp><bemerkung></bemerkung><date>27.09.2016 18:32</date><kp>0</kp><kommentar></kommentar><lep>0</lep><neuerzustand></neuerzustand><object>max GP für Helden: 110</object><version>HS 5.5.1</version></ereignis><ereignis><aktion>EINSTELLUNG</aktion><alterzustand></alterzustand><ap>0</ap><asp>0</asp><bemerkung></bemerkung><date>27.09.2016 18:32</date><kp>0</kp><kommentar></kommentar><lep>0</lep><neuerzustand></neuerzustand><object>max Eigenschafts-GP für Helden: 100</object><version>HS 5.5.1</version></ereignis><ereignis><aktion>EINSTELLUNG</aktion><alterzustand></alterzustand><ap>0</ap><asp>0</asp><bemerkung></bemerkung><date>27.09.2016 18:32</date><kp>0</kp><kommentar></kommentar><lep>0</lep><neuerzustand></neuerzustand><object>max Eigenschafts-Wert für Helden: 14</object><version>HS 5.5.1</version></ereignis><ereignis><aktion>RKP</aktion><alterzustand>0</alterzustand><ap>0</ap><asp>0</asp><bemerkung></bemerkung><date>27.09.2016 18:32</date><kp>0</kp><kommentar>0 GP</kommentar><lep>0</lep><neuerzustand>0</neuerzustand><object>Rasse: Tulamide</object><version>HS 5.5.1</version></ereignis><ereignis><aktion>RKP</aktion><alterzustand>0</alterzustand><ap>0</ap><asp>0</asp><bemerkung></bemerkung><date>27.09.2016 18:32</date><kp>0</kp><kommentar>4 GP</kommentar><lep>0</lep><neuerzustand>0</neuerzustand><object>Kultur: Südaventurien: Stadtstaat Al'Anfa</object><version>HS 5.5.1</version></ereignis><ereignis><aktion>RKP</aktion><alterzustand>0</alterzustand><ap>0</ap><asp>0</asp><bemerkung></bemerkung><date>27.09.2016 18:32</date><kp>0</kp><kommentar>4 GP</kommentar><lep>0</lep><neuerzustand>0</neuerzustand><object>Profession: Dieb</object><version>HS 5.5.1</version></ereignis><ereignis><aktion>EIGENSCHAFTEN</aktion><alterzustand>0</alterzustand><ap>0</ap><asp>0</asp><bemerkung></bemerkung><date>27.09.2016 18:32</date><kp>0</kp><kommentar>14 GP</kommentar><lep>0</lep><neuerzustand>14</neuerzustand><object>Mut: 14</object><version>HS 5.5.1</version></ereignis><ereignis><aktion>EIGENSCHAFTEN</aktion><alterzustand>0</alterzustand><ap>0</ap><asp>0</asp><bemerkung></bemerkung><date>27.09.2016 18:32</date><kp>0</kp><kommentar>10 GP</kommentar><lep>0</lep><neuerzustand>10</neuerzustand><object>Klugheit: 10</object><version>HS 5.5.1</version></ereignis><ereignis><aktion>EIGENSCHAFTEN</aktion><alterzustand>0</alterzustand><ap>0</ap><asp>0</asp><bemerkung></bemerkung><date>27.09.2016 18:32</date><kp>0</kp><kommentar>14 GP</kommentar><lep>0</lep><neuerzustand>14</neuerzustand><object>Intuition: 14</object><version>HS 5.5.1</version></ereignis><ereignis><aktion>EIGENSCHAFTEN</aktion><alterzustand>0</alterzustand><ap>0</ap><asp>0</asp><bemerkung></bemerkung><date>27.09.2016 18:32</date><kp>0</kp><kommentar>10 GP</kommentar><lep>0</lep><neuerzustand>10</neuerzustand><object>Charisma: 10</object><version>HS 5.5.1</version></ereignis><ereignis><aktion>EIGENSCHAFTEN</aktion><alterzustand>0</alterzustand><ap>0</ap><asp>0</asp><bemerkung></bemerkung><date>27.09.2016 18:32</date><kp>0</kp><kommentar>13 GP</kommentar><lep>0</lep><neuerzustand>13</neuerzustand><object>Fingerfertigkeit: 13</object><version>HS 5.5.1</version></ereignis><ereignis><aktion>EIGENSCHAFTEN</aktion><alterzustand>0</alterzustand><ap>0</ap><asp>0</asp><bemerkung></bemerkung><date>27.09.2016 18:32</date><kp>0</kp><kommentar>13 GP</kommentar><lep>0</lep><neuerzustand>13</neuerzustand><object>Gewandtheit: 13</object><version>HS 5.5.1</version></ereignis><ereignis><aktion>EIGENSCHAFTEN</aktion><alterzustand>0</alterzustand><ap>0</ap><asp>0</asp><bemerkung></bemerkung><date>27.09.2016 18:32</date><kp>0</kp><kommentar>14 GP</kommentar><lep>0</lep><neuerzustand>14</neuerzustand><object>Konstitution: 14</object><version>HS 5.5.1</version></ereignis><ereignis><aktion>EIGENSCHAFTEN</aktion><alterzustand>0</alterzustand><ap>0</ap><asp>0</asp><bemerkung></bemerkung><date>27.09.2016 18:32</date><kp>0</kp><kommentar>12 GP</kommentar><lep>0</lep><neuerzustand>12</neuerzustand><object>Körperkraft: 12</object><version>HS 5.5.1</version></ereignis><ereignis><aktion>EIGENSCHAFTEN</aktion><alterzustand>0</alterzustand><ap>0</ap><asp>0</asp><bemerkung></bemerkung><date>27.09.2016 18:32</date><kp>0</kp><kommentar>4 GP</kommentar><lep>0</lep><neuerzustand>5</neuerzustand><object>Sozialstatus: 5</object><version>HS 5.5.1</version></ereignis><ereignis><aktion>TALENT</aktion><alterzustand>0</alterzustand><ap>0</ap><asp>0</asp><bemerkung></bemerkung><date>27.09.2016 18:32</date><kp>0</kp><kommentar>17 AP</kommentar><lep>0</lep><neuerzustand>5</neuerzustand><object>Raufen: 5</object><version>HS 5.5.1</version></ereignis><ereignis><aktion>TALENT</aktion><alterzustand>0</alterzustand><ap>0</ap><asp>0</asp><bemerkung></bemerkung><date>27.09.2016 18:32</date><kp>0</kp><kommentar>22 AP</kommentar><lep>0</lep><neuerzustand>5</neuerzustand><object>Ringen: 5</object><version>HS 5.5.1</version></ereignis><ereignis><aktion>TALENT</aktion><alterzustand>0</alterzustand><ap>0</ap><asp>0</asp><bemerkung></bemerkung><date>27.09.2016 18:32</date><kp>0</kp><kommentar>5 AP</kommentar><lep>0</lep><neuerzustand>0</neuerzustand><object>Schwerter: 0</object><version>HS 5.5.1</version></ereignis><ereignis><aktion>TALENT</aktion><alterzustand>0</alterzustand><ap>0</ap><asp>0</asp><bemerkung></bemerkung><date>27.09.2016 18:32</date><kp>0</kp><kommentar>4 AP</kommentar><lep>0</lep><neuerzustand>1</neuerzustand><object>Schwerter: 1</object><version>HS 5.5.1</version></ereignis><ereignis><aktion>TALENT</aktion><alterzustand>0</alterzustand><ap>0</ap><asp>0</asp><bemerkung></bemerkung><date>27.09.2016 18:32</date><kp>0</kp><kommentar>9 AP</kommentar><lep>0</lep><neuerzustand>2</neuerzustand><object>Schwerter: 2</object><version>HS 5.5.1</version></ereignis><ereignis><aktion>TALENT</aktion><alterzustand>0</alterzustand><ap>0</ap><asp>0</asp><bemerkung></bemerkung><date>27.09.2016 18:32</date><kp>0</kp><kommentar>15 AP</kommentar><lep>0</lep><neuerzustand>3</neuerzustand><object>Schwerter: 3</object><version>HS 5.5.1</version></ereignis><ereignis><aktion>TALENT</aktion><alterzustand>0</alterzustand><ap>0</ap><asp>0</asp><bemerkung></bemerkung><date>27.09.2016 18:32</date><kp>0</kp><kommentar>21 AP</kommentar><lep>0</lep><neuerzustand>4</neuerzustand><object>Schwerter: 4</object><version>HS 5.5.1</version></ereignis><ereignis><aktion>TALENT</aktion><alterzustand>0</alterzustand><ap>0</ap><asp>0</asp><bemerkung></bemerkung><date>27.09.2016 18:32</date><kp>0</kp><kommentar>28 AP</kommentar><lep>0</lep><neuerzustand>5</neuerzustand><object>Schwerter: 5</object><version>HS 5.5.1</version></ereignis><ereignis><aktion>TALENT</aktion><alterzustand>0</alterzustand><ap>0</ap><asp>0</asp><bemerkung></bemerkung><date>27.09.2016 18:32</date><kp>0</kp><kommentar>34 AP</kommentar><lep>0</lep><neuerzustand>6</neuerzustand><object>Schwerter: 6</object><version>HS 5.5.1</version></ereignis><ereignis><aktion>TALENT</aktion><alterzustand>0</alterzustand><ap>0</ap><asp>0</asp><bemerkung></bemerkung><date>27.09.2016 18:32</date><kp>0</kp><kommentar>22 AP</kommentar><lep>0</lep><neuerzustand>5</neuerzustand><object>Sinnenschärfe: 5</object><version>HS 5.5.1</version></ereignis><ereignis><aktion>TALENT</aktion><alterzustand>0</alterzustand><ap>0</ap><asp>0</asp><bemerkung></bemerkung><date>27.09.2016 18:32</date><kp>0</kp><kommentar>27 AP</kommentar><lep>0</lep><neuerzustand>6</neuerzustand><object>Sinnenschärfe: 6</object><version>HS 5.5.1</version></ereignis><ereignis><aktion>TALENT</aktion><alterzustand>0</alterzustand><ap>0</ap><asp>0</asp><bemerkung></bemerkung><date>27.09.2016 18:32</date><kp>0</kp><kommentar>34 AP</kommentar><lep>0</lep><neuerzustand>9</neuerzustand><object>Taschendiebstahl: 9</object><version>HS 5.5.1</version></ereignis><ereignis><aktion>TALENT</aktion><alterzustand>0</alterzustand><ap>0</ap><asp>0</asp><bemerkung></bemerkung><date>27.09.2016 18:32</date><kp>0</kp><kommentar>38 AP</kommentar><lep>0</lep><neuerzustand>10</neuerzustand><object>Taschendiebstahl: 10</object><version>HS 5.5.1</version></ereignis><ereignis><aktion>TALENT</aktion><alterzustand>0</alterzustand><ap>0</ap><asp>0</asp><bemerkung></bemerkung><date>27.09.2016 18:32</date><kp>0</kp><kommentar>2 AP</kommentar><lep>0</lep><neuerzustand>0</neuerzustand><object>Betören: 0</object><version>HS 5.5.1</version></ereignis><ereignis><aktion>SF</aktion><alterzustand>0</alterzustand><ap>0</ap><asp>0</asp><bemerkung></bemerkung><date>27.09.2016 18:32</date><kp>0</kp><kommentar>150 AP</kommentar><lep>0</lep><neuerzustand>0</neuerzustand><object>Linkhand</object><version>HS 5.5.1</version></ereignis><ereignis><aktion>SF</aktion><alterzustand>0</alterzustand><ap>0</ap><asp>0</asp><bemerkung></bemerkung><date>27.09.2016 18:32</date><kp>0</kp><kommentar>40 AP</kommentar><lep>0</lep><neuerzustand>0</neuerzustand><object>Talentspezialisierung Überreden (Feilschen)</object><version>HS 5.5.1</version></ereignis><ereignis><aktion>VORTEILE</aktion><alterzustand>0</alterzustand><ap>0</ap><asp>0</asp><bemerkung></bemerkung><date>27.09.2016 18:32</date><kp>0</kp><kommentar>-7 GP</kommentar><lep>0</lep><neuerzustand>0</neuerzustand><object>Artefaktgebunden</object><version>HS 5.5.1</version></ereignis><ereignis><aktion>VORTEILE</aktion><alterzustand>0</alterzustand><ap>0</ap><asp>0</asp><bemerkung></bemerkung><date>27.09.2016 18:32</date><kp>0</kp><kommentar>6 GP</kommentar><lep>0</lep><neuerzustand>0</neuerzustand><object>Begabung für [Talent]: Taschendiebstahl</object><version>HS 5.5.1</version></ereignis><ereignis><aktion>VORTEILE</aktion><alterzustand>0</alterzustand><ap>0</ap><asp>0</asp><bemerkung></bemerkung><date>27.09.2016 18:32</date><kp>0</kp><kommentar>12 GP</kommentar><lep>0</lep><neuerzustand>0</neuerzustand><object>Beidhändig</object><version>HS 5.5.1</version></ereignis><ereignis><aktion>VORTEILE</aktion><alterzustand>0</alterzustand><ap>0</ap><asp>0</asp><bemerkung></bemerkung><date>27.09.2016 18:32</date><kp>0</kp><kommentar>-6 GP</kommentar><lep>0</lep><neuerzustand>0</neuerzustand><object>Goldgier: 11</object><version>HS 5.5.1</version></ereignis><ereignis><aktion>VORTEILE</aktion><alterzustand>0</alterzustand><ap>0</ap><asp>0</asp><bemerkung></bemerkung><date>27.09.2016 18:32</date><kp>0</kp><kommentar>1 GP</kommentar><lep>0</lep><neuerzustand>0</neuerzustand><object>Meisterhandwerk 1: Taschendiebstahl</object><version>HS 5.5.1</version></ereignis><ereignis><aktion>VORTEILE</aktion><alterzustand>0</alterzustand><ap>0</ap><asp>0</asp><bemerkung></bemerkung><date>27.09.2016 18:32</date><kp>0</kp><kommentar>1 GP</kommentar><lep>0</lep><neuerzustand>0</neuerzustand><object>Meisterhandwerk 2: Betören</object><version>HS 5.5.1</version></ereignis><ereignis><aktion>VORTEILE</aktion><alterzustand>0</alterzustand><ap>0</ap><asp>0</asp><bemerkung></bemerkung><date>27.09.2016 18:32</date><kp>0</kp><kommentar>1 GP</kommentar><lep>0</lep><neuerzustand>0</neuerzustand><object>Meisterhandwerk 3: Überreden</object><version>HS 5.5.1</version></ereignis><ereignis><aktion>VORTEILE</aktion><alterzustand>0</alterzustand><ap>0</ap><asp>0</asp><bemerkung></bemerkung><date>27.09.2016 18:32</date><kp>0</kp><kommentar>1 GP</kommentar><lep>0</lep><neuerzustand>0</neuerzustand><object>Meisterhandwerk 4: Überzeugen</object><version>HS 5.5.1</version></ereignis><ereignis><aktion>VORTEILE</aktion><alterzustand>0</alterzustand><ap>0</ap><asp>0</asp><bemerkung></bemerkung><date>27.09.2016 18:32</date><kp>0</kp><kommentar>-4 GP</kommentar><lep>0</lep><neuerzustand>0</neuerzustand><object>Niedrige Magieresistenz: 2</object><version>HS 5.5.1</version></ereignis><ereignis><aktion>VORTEILE</aktion><alterzustand>0</alterzustand><ap>0</ap><asp>0</asp><bemerkung></bemerkung><date>27.09.2016 18:32</date><kp>0</kp><kommentar>-12 GP</kommentar><lep>0</lep><neuerzustand>0</neuerzustand><object>Prinzipientreue: 12</object><version>HS 5.5.1</version></ereignis><ereignis><aktion>VORTEILE</aktion><alterzustand>0</alterzustand><ap>0</ap><asp>0</asp><bemerkung></bemerkung><date>27.09.2016 18:32</date><kp>0</kp><kommentar>0 GP</kommentar><lep>0</lep><neuerzustand>0</neuerzustand><object>Soziale Anpassungsfähigkeit</object><version>HS 5.5.1</version></ereignis><ereignis><aktion>VORTEILE</aktion><alterzustand>0</alterzustand><ap>0</ap><asp>0</asp><bemerkung></bemerkung><date>27.09.2016 18:32</date><kp>0</kp><kommentar>-10 GP</kommentar><lep>0</lep><neuerzustand>0</neuerzustand><object>Sprachfehler</object><version>HS 5.5.1</version></ereignis><ereignis><aktion>VORTEILE</aktion><alterzustand>0</alterzustand><ap>0</ap><asp>0</asp><bemerkung></bemerkung><date>27.09.2016 18:32</date><kp>0</kp><kommentar>-5 GP</kommentar><lep>0</lep><neuerzustand>0</neuerzustand><object>Totenangst: 5</object><version>HS 5.5.1</version></ereignis><ereignis><aktion>VORTEILE</aktion><alterzustand>0</alterzustand><ap>0</ap><asp>0</asp><bemerkung></bemerkung><date>27.09.2016 18:32</date><kp>0</kp><kommentar>1 GP</kommentar><lep>0</lep><neuerzustand>0</neuerzustand><object>Übernatürliche Begabung 1: Armatrutz [Magiedilletant] [Magiedilletant]</object><version>HS 5.5.1</version></ereignis><ereignis><aktion>VORTEILE</aktion><alterzustand>0</alterzustand><ap>0</ap><asp>0</asp><bemerkung></bemerkung><date>27.09.2016 18:32</date><kp>0</kp><kommentar>1 GP</kommentar><lep>0</lep><neuerzustand>0</neuerzustand><object>Übernatürliche Begabung 2: Axxeleratus Blitzgeschwind [Magiedilletant] [Magiedilletant]</object><version>HS 5.5.1</version></ereignis><ereignis><aktion>VORTEILE</aktion><alterzustand>0</alterzustand><ap>0</ap><asp>0</asp><bemerkung></bemerkung><date>27.09.2016 18:32</date><kp>0</kp><kommentar>1 GP</kommentar><lep>0</lep><neuerzustand>0</neuerzustand><object>Übernatürliche Begabung 3: Bannbaladin [Magiedilletant] [Magiedilletant]</object><version>HS 5.5.1</version></ereignis><ereignis><aktion>VORTEILE</aktion><alterzustand>0</alterzustand><ap>0</ap><asp>0</asp><bemerkung></bemerkung><date>27.09.2016 18:32</date><kp>0</kp><kommentar>1 GP</kommentar><lep>0</lep><neuerzustand>0</neuerzustand><object>Übernatürliche Begabung 4: Chamaelioni Mimikry [Magiedilletant] [Magiedilletant]</object><version>HS 5.5.1</version></ereignis><ereignis><aktion>VORTEILE</aktion><alterzustand>0</alterzustand><ap>0</ap><asp>0</asp><bemerkung></bemerkung><date>27.09.2016 18:32</date><kp>0</kp><kommentar>1 GP</kommentar><lep>0</lep><neuerzustand>0</neuerzustand><object>Übernatürliche Begabung 5: Standfest Katzengleich [Magiedilletant] [Magiedilletant]</object><version>HS 5.5.1</version></ereignis><ereignis><aktion>VORTEILE</aktion><alterzustand>0</alterzustand><ap>0</ap><asp>0</asp><bemerkung></bemerkung><date>27.09.2016 18:32</date><kp>0</kp><kommentar>5 GP</kommentar><lep>0</lep><neuerzustand>0</neuerzustand><object>Viertelzauberer</object><version>HS 5.5.1</version></ereignis><ereignis><aktion>VORTEILE</aktion><alterzustand>0</alterzustand><ap>0</ap><asp>0</asp><bemerkung></bemerkung><date>27.09.2016 18:32</date><kp>0</kp><kommentar>10 GP</kommentar><lep>0</lep><neuerzustand>0</neuerzustand><object>Zauberhaar</object><version>HS 5.5.1</version></ereignis><ereignis><aktion>Armbrust</aktion><alterzustand></alterzustand><ap>0</ap><asp>0</asp><bemerkung></bemerkung><date>27.09.2016 18:32</date><kp>0</kp><kommentar></kommentar><lep>0</lep><neuerzustand>1</neuerzustand><object>Auswahl</object><version>HS 5.5.1</version></ereignis><ereignis><aktion>Sprachen kennen Atak</aktion><alterzustand></alterzustand><ap>0</ap><asp>0</asp><bemerkung></bemerkung><date>27.09.2016 18:32</date><kp>0</kp><kommentar></kommentar><lep>0</lep><neuerzustand>4</neuerzustand><object>Auswahl</object><version>HS 5.5.1</version></ereignis><ereignis><aktion>Sprachen kennen Füchsisch</aktion><alterzustand></alterzustand><ap>0</ap><asp>0</asp><bemerkung></bemerkung><date>27.09.2016 18:32</date><kp>0</kp><kommentar></kommentar><lep>0</lep><neuerzustand>2</neuerzustand><object>Auswahl</object><version>HS 5.5.1</version></ereignis></ereignisse></daten>