<?xml version="1.0" encoding="UTF-8" standalone="no"?>
<?xml-stylesheet type="text/xsl" href="helden.xsl"?><helden Version="5.5.3">
<held key="1474993957399" name="Iraldur Tismir" stand="1474994138856">
<mods/>
<basis>
<geschlecht name="männlich"/>
<settings name="DSA4.1"/>
<rasse name="helden.model.rasse.Tulamide" string="Tulamide">
<groesse gewicht="67" value="172"/>
<aussehen alter="18" augenfarbe="dunkelbraun" aussehentext0="" aussehentext1="" aussehentext2="" aussehentext3="" familietext0="" familietext1="" familietext2="" familietext3="" familietext4="" familietext5="" gbjahr="1003" gbmonat="9" gbtag="8" gprest="0" gpstart="110" haarfarbe="hellbraun" kalender="Bosparans Fall" stand="" titel=""/>
</rasse>
<kultur name="helden.model.kultur.Suedaventurien" schrift="Lesen/Schreiben Kusliker Zeichen" sprache="Sprachen kennen Garethi" string="Südaventurien: Stadtstaat Al'Anfa">
<variante name="Stadtstaat Al'Anfa"/>
</kultur>
<ausbildungen>
<ausbildung art="Hauptprofession" name="helden.model.profession.Dieb" string="Dieb" tarnidentitaet="">
<variante name="Dieb"/>
</ausbildung>
</ausbildungen>
<verify value="1"/>
<notiz notiz0="Notizen" notiz1="" notiz10="" notiz11="" notiz2="" notiz3="" notiz4="" notiz5="" notiz6="" notiz7="" notiz8="" notiz9=""/>
<portraet value=""/>
<abenteuerpunkte value="480"/>
<freieabenteuerpunkte value="12"/>
</basis>
<eigenschaften>
<eigenschaft mod="0" name="Mut" startwert="14" value="14"/>
<eigenschaft mod="0" name="Klugheit" startwert="10" value="10"/>
<eigenschaft mod="0" name="Intuition" startwert="14" value="14"/>
<eigenschaft mod="0" name="Charisma" startwert="10" value="10"/>
<eigenschaft mod="0" name="Fingerfertigkeit" startwert="13" value="13"/>
<eigenschaft mod="0" name="Gewandtheit" startwert="13" value="13"/>
<eigenschaft mod="0" name="Konstitution" startwert="14" value="14"/>
<eigenschaft mod="0" name="Körperkraft" startwert="12" value="12"/>
<eigenschaft mod="0" name="Sozialstatus" startwert="5" value="5"/>
<eigenschaft mod="10" name="Lebensenergie" value="0"/>
<eigenschaft mod="12" name="Ausdauer" value="0"/>
<eigenschaft grossemeditation="0" mod="1" mrmod="-6" name="Astralenergie" value="0"/>
<eigenschaft karmalqueste="0" mod="0" name="Karmaenergie" value="0"/>
<eigenschaft mod="-6" name="Magieresistenz" value="0"/>
<eigenschaft mod="1" name="ini" value="12"/>
<eigenschaft mod="0" name="at" value="8"/>
<eigenschaft mod="0" name="pa" value="8"/>
<eigenschaft mod="0" name="fk" value="8"/>
</eigenschaften>
<vt>
<vorteil name="Begabung für [Talent]" value="Taschendiebstahl"/>
<vorteil name="Beidhändig"/>
<vorteil name="Meisterhandwerk" value="Taschendiebstahl"/>
<vorteil name="Meisterhandwerk" value="Betören"/>
<vorteil name="Meisterhandwerk" value="Überreden"/>
<vorteil name="Meisterhandwerk" value="Überzeugen"/>
<vorteil name="Soziale Anpassungsfähigkeit"/>
<vorteil name="Übernatürliche Begabung" value="Armatrutz"/>
<vorteil name="Übernatürliche Begabung" value="Axxeleratus Blitzgeschwind"/>
<vorteil name="Übernatürliche Begabung" value="Bannbaladin"/>
<vorteil name="Übernatürliche Begabung" value="Chamaelioni Mimikry"/>
<vorteil name="Übernatürliche Begabung" value="Standfest Katzengleich"/>
<vorteil name="Viertelzauberer"/>
<vorteil name="Zauberhaar"/>
<vorteil name="Artefaktgebunden"/>
<vorteil name="Goldgier" value="11"/>
<vorteil name="Niedrige Magieresistenz" value="2"/>
<vorteil name="Prinzipientreue" value="12"/>
<vorteil name="Sprachfehler"/>
<vorteil name="Totenangst" value="5"/>
</vt>
<sf>
<sonderfertigkeit name="Aufmerksamkeit"/>
<sonderfertigkeit name="Auspendeln"/>
<sonderfertigkeit name="Biss"/>
<sonderfertigkeit name="Block"/>
<sonderfertigkeit name="Fußfeger"/>
<sonderfertigkeit name="Griff"/>
<sonderfertigkeit name="Halten"/>
<sonderfertigkeit name="Klammer"/>
<sonderfertigkeit name="Knie"/>
<sonderfertigkeit name="Kopfstoß"/>
<sonderfertigkeit name="Kulturkunde">
<kultur name="Südaventurien"/>
</sonderfertigkeit>
<sonderfertigkeit name="Linkhand"/>
<sonderfertigkeit name="Niederringen"/>
<sonderfertigkeit name="Ortskenntnis">
<auswahl name="Stadtteil/Kleinstadt"/>
</sonderfertigkeit>
<sonderfertigkeit name="Schmutzige Tricks"/>
<sonderfertigkeit name="Schwitzkasten"/>
<sonderfertigkeit name="Talentspezialisierung Überreden (Feilschen)">
<talent name="Überreden"/>
<spezialisierung name="Feilschen"/>
</sonderfertigkeit>
<sonderfertigkeit name="Tritt"/>
<sonderfertigkeit name="Waffenloser Kampfstil: Bornländisch"/>
<sonderfertigkeit name="Wurf"/>
<sonderfertigkeit name="Würgegriff"/>
</sf>
<ereignisse>
<ereignis obj="max GP für Helden: 110" text="EINSTELLUNG" time="1474993959768" version="HS 5.5.1"/>
<ereignis obj="max Eigenschafts-GP für Helden: 100" text="EINSTELLUNG" time="1474993959768" version="HS 5.5.1"/>
<ereignis obj="max Eigenschafts-Wert für Helden: 14" text="EINSTELLUNG" time="1474993959768" version="HS 5.5.1"/>
<ereignis Alt="0" Neu="0" kommentar="0 GP" obj="Rasse: Tulamide" text="RKP" time="1474993959773" version="HS 5.5.1"/>
<ereignis Alt="0" Neu="0" kommentar="4 GP" obj="Kultur: Südaventurien: Stadtstaat Al'Anfa" text="RKP" time="1474993959773" version="HS 5.5.1"/>
<ereignis Alt="0" Neu="0" kommentar="4 GP" obj="Profession: Dieb" text="RKP" time="1474993959773" version="HS 5.5.1"/>
<ereignis Alt="0" Neu="14" kommentar="14 GP" obj="Mut: 14" text="EIGENSCHAFTEN" time="1474993959773" version="HS 5.5.1"/>
<ereignis Alt="0" Neu="10" kommentar="10 GP" obj="Klugheit: 10" text="EIGENSCHAFTEN" time="1474993959773" version="HS 5.5.1"/>
<ereignis Alt="0" Neu="14" kommentar="14 GP" obj="Intuition: 14" text="EIGENSCHAFTEN" time="1474993959773" version="HS 5.5.1"/>
<ereignis Alt="0" Neu="10" kommentar="10 GP" obj="Charisma: 10" text="EIGENSCHAFTEN" time="1474993959773" version="HS 5.5.1"/>
<ereignis Alt="0" Neu="13" kommentar="13 GP" obj="Fingerfertigkeit: 13" text="EIGENSCHAFTEN" time="1474993959773" version="HS 5.5.1"/>
<ereignis Alt="0" Neu="13" kommentar="13 GP" obj="Gewandtheit: 13" text="EIGENSCHAFTEN" time="1474993959773" version="HS 5.5.1"/>
<ereignis Alt="0" Neu="14" kommentar="14 GP" obj="Konstitution: 14" text="EIGENSCHAFTEN" time="1474993959773" version="HS 5.5.1"/>
<ereignis Alt="0" Neu="12" kommentar="12 GP" obj="Körperkraft: 12" text="EIGENSCHAFTEN" time="1474993959773" version="HS 5.5.1"/>
<ereignis Alt="0" Neu="5" kommentar="4 GP" obj="Sozialstatus: 5" text="EIGENSCHAFTEN" time="1474993959773" version="HS 5.5.1"/>
<ereignis Alt="0" Neu="5" kommentar="17 AP" obj="Raufen: 5" text="TALENT" time="1474993959773" version="HS 5.5.1"/>
<ereignis Alt="0" Neu="5" kommentar="22 AP" obj="Ringen: 5" text="TALENT" time="1474993959773" version="HS 5.5.1"/>
<ereignis Alt="0" Neu="0" kommentar="5 AP" obj="Schwerter: 0" text="TALENT" time="1474993959773" version="HS 5.5.1"/>
<ereignis Alt="0" Neu="1" kommentar="4 AP" obj="Schwerter: 1" text="TALENT" time="1474993959773" version="HS 5.5.1"/>
<ereignis Alt="0" Neu="2" kommentar="9 AP" obj="Schwerter: 2" text="TALENT" time="1474993959773" version="HS 5.5.1"/>
<ereignis Alt="0" Neu="3" kommentar="15 AP" obj="Schwerter: 3" text="TALENT" time="1474993959773" version="HS 5.5.1"/>
<ereignis Alt="0" Neu="4" kommentar="21 AP" obj="Schwerter: 4" text="TALENT" time="1474993959773" version="HS 5.5.1"/>
<ereignis Alt="0" Neu="5" kommentar="28 AP" obj="Schwerter: 5" text="TALENT" time="1474993959773" version="HS 5.5.1"/>
<ereignis Alt="0" Neu="6" kommentar="34 AP" obj="Schwerter: 6" text="TALENT" time="1474993959773" version="HS 5.5.1"/>
<ereignis Alt="0" Neu="5" kommentar="22 AP" obj="Sinnenschärfe: 5" text="TALENT" time="1474993959773" version="HS 5.5.1"/>
<ereignis Alt="0" Neu="6" kommentar="27 AP" obj="Sinnenschärfe: 6" text="TALENT" time="1474993959773" version="HS 5.5.1"/>
<ereignis Alt="0" Neu="9" kommentar="34 AP" obj="Taschendiebstahl: 9" text="TALENT" time="1474993959773" version="HS 5.5.1"/>
<ereignis Alt="0" Neu="10" kommentar="38 AP" obj="Taschendiebstahl: 10" text="TALENT" time="1474993959773" version="HS 5.5.1"/>
<ereignis Alt="0" Neu="0" kommentar="2 AP" obj="Betören: 0" text="TALENT" time="1474993959773" version="HS 5.5.1"/>
<ereignis Alt="0" Neu="0" kommentar="150 AP" obj="Linkhand" text="SF" time="1474993959773" version="HS 5.5.1"/>
<ereignis Alt="0" Neu="0" kommentar="40 AP" obj="Talentspezialisierung Überreden (Feilschen)" text="SF" time="1474993959773" version="HS 5.5.1"/>
<ereignis Alt="0" Neu="0" kommentar="-7 GP" obj="Artefaktgebunden" text="VORTEILE" time="1474993959773" version="HS 5.5.1"/>
<ereignis Alt="0" Neu="0" kommentar="6 GP" obj="Begabung für [Talent]: Taschendiebstahl" text="VORTEILE" time="1474993959773" version="HS 5.5.1"/>
<ereignis Alt="0" Neu="0" kommentar="12 GP" obj="Beidhändig" text="VORTEILE" time="1474993959773" version="HS 5.5.1"/>
<ereignis Alt="0" Neu="0" kommentar="-6 GP" obj="Goldgier: 11" text="VORTEILE" time="1474993959773" version="HS 5.5.1"/>
<ereignis Alt="0" Neu="0" kommentar="1 GP" obj="Meisterhandwerk 1: Taschendiebstahl" text="VORTEILE" time="1474993959773" version="HS 5.5.1"/>
<ereignis Alt="0" Neu="0" kommentar="1 GP" obj="Meisterhandwerk 2: Betören" text="VORTEILE" time="1474993959773" version="HS 5.5.1"/>
<ereignis Alt="0" Neu="0" kommentar="1 GP" obj="Meisterhandwerk 3: Überreden" text="VORTEILE" time="1474993959773" version="HS 5.5.1"/>
<ereignis Alt="0" Neu="0" kommentar="1 GP" obj="Meisterhandwerk 4: Überzeugen" text="VORTEILE" time="1474993959773" version="HS 5.5.1"/>
<ereignis Alt="0" Neu="0" kommentar="-4 GP" obj="Niedrige Magieresistenz: 2" text="VORTEILE" time="1474993959773" version="HS 5.5.1"/>
<ereignis Alt="0" Neu="0" kommentar="-12 GP" obj="Prinzipientreue: 12" text="VORTEILE" time="1474993959773" version="HS 5.5.1"/>
<ereignis Alt="0" Neu="0" kommentar="0 GP" obj="Soziale Anpassungsfähigkeit" text="VORTEILE" time="1474993959773" version="HS 5.5.1"/>
<ereignis Alt="0" Neu="0" kommentar="-10 GP" obj="Sprachfehler" text="VORTEILE" time="1474993959773" version="HS 5.5.1"/>
<ereignis Alt="0" Neu="0" kommentar="-5 GP" obj="Totenangst: 5" text="VORTEILE" time="1474993959773" version="HS 5.5.1"/>
<ereignis Alt="0" Neu="0" kommentar="1 GP" obj="Übernatürliche Begabung 1: Armatrutz [Magiedilletant] [Magiedilletant]" text="VORTEILE" time="1474993959773" version="HS 5.5.1"/>
<ereignis Alt="0" Neu="0" kommentar="1 GP" obj="Übernatürliche Begabung 2: Axxeleratus Blitzgeschwind [Magiedilletant] [Magiedilletant]" text="VORTEILE" time="1474993959774" version="HS 5.5.1"/>
<ereignis Alt="0" Neu="0" kommentar="1 GP" obj="Übernatürliche Begabung 3: Bannbaladin [Magiedilletant] [Magiedilletant]" text="VORTEILE" time="1474993959774" version="HS 5.5.1"/>
<ereignis Alt="0" Neu="0" kommentar="1 GP" obj="Übernatürliche Begabung 4: Chamaelioni Mimikry [Magiedilletant] [Magiedilletant]" text="VORTEILE" time="1474993959774" version="HS 5.5.1"/>
<ereignis Alt="0" Neu="0" kommentar="1 GP" obj="Übernatürliche Begabung 5: Standfest Katzengleich [Magiedilletant] [Magiedilletant]" text="VORTEILE" time="1474993959774" version="HS 5.5.1"/>
<ereignis Alt="0" Neu="0" kommentar="5 GP" obj="Viertelzauberer" text="VORTEILE" time="1474993959774" version="HS 5.5.1"/>
<ereignis Alt="0" Neu="0" kommentar="10 GP" obj="Zauberhaar" text="VORTEILE" time="1474993959774" version="HS 5.5.1"/>
<ereignis Neu="1" obj="Auswahl" text="Armbrust" time="1474993959774" version="HS 5.5.1"/>
<ereignis Neu="4" obj="Auswahl" text="Sprachen kennen Atak" time="1474993959774" version="HS 5.5.1"/>
<ereignis Neu="2" obj="Auswahl" text="Sprachen kennen Füchsisch" time="1474993959774" version="HS 5.5.1"/>
</ereignisse>
<talentliste>
<talent lernmethode="Gegenseitiges Lehren" name="Armbrust" probe=" (GE/FF/KK)" value="1"/>
<talent lernmethode="Gegenseitiges Lehren" name="Dolche" probe=" (GE/GE/KK)" value="4"/>
<talent lernmethode="Gegenseitiges Lehren" name="Hiebwaffen" probe=" (GE/GE/KK)" value="2"/>
<talent lernmethode="Gegenseitiges Lehren" name="Raufen" probe=" (GE/GE/KK)" value="5"/>
<talent lernmethode="Gegenseitiges Lehren" name="Ringen" probe=" (GE/GE/KK)" value="5"/>
<talent lernmethode="Gegenseitiges Lehren" name="Säbel" probe=" (GE/GE/KK)" value="1"/>
<talent lernmethode="Gegenseitiges Lehren" name="Schwerter" probe=" (GE/GE/KK)" value="6"/>
<talent lernmethode="Gegenseitiges Lehren" name="Wurfmesser" probe=" (GE/FF/KK)" value="2"/>
<talent be="BEx2" lernmethode="Gegenseitiges Lehren" name="Athletik" probe=" (GE/KO/KK)" value="3"/>
<talent be="BEx2" lernmethode="Gegenseitiges Lehren" name="Gaukeleien" probe=" (MU/CH/FF)" value="3"/>
<talent be="BEx2" lernmethode="Gegenseitiges Lehren" name="Klettern" probe=" (MU/GE/KK)" value="2"/>
<talent be="BEx2" lernmethode="Gegenseitiges Lehren" name="Körperbeherrschung" probe=" (MU/IN/GE)" value="3"/>
<talent be="BE" lernmethode="Gegenseitiges Lehren" name="Schleichen" probe=" (MU/IN/GE)" value="3"/>
<talent be="BEx2" lernmethode="Gegenseitiges Lehren" name="Schwimmen" probe=" (GE/KO/KK)" value="1"/>
<talent be="" lernmethode="Gegenseitiges Lehren" name="Selbstbeherrschung" probe=" (MU/KO/KK)" value="2"/>
<talent be="BE-2" lernmethode="Gegenseitiges Lehren" name="Sich verstecken" probe=" (MU/IN/GE)" value="5"/>
<talent be="BE-3" lernmethode="Gegenseitiges Lehren" name="Singen" probe=" (IN/CH/CH)" value="0"/>
<talent be="0-&gt;BE" lernmethode="Gegenseitiges Lehren" name="Sinnenschärfe" probe=" (KL/IN/IN)" value="6"/>
<talent be="BEx2" lernmethode="Gegenseitiges Lehren" name="Tanzen" probe=" (CH/GE/GE)" value="0"/>
<talent be="BEx2" lernmethode="Gegenseitiges Lehren" name="Taschendiebstahl" probe=" (MU/IN/FF)" value="10"/>
<talent be="" lernmethode="Gegenseitiges Lehren" name="Zechen" probe=" (IN/KO/KK)" value="0"/>
<talent lernmethode="Gegenseitiges Lehren" name="Betören" probe=" (IN/CH/CH)" value="0"/>
<talent lernmethode="Gegenseitiges Lehren" name="Gassenwissen" probe=" (KL/IN/CH)" value="9"/>
<talent lernmethode="Gegenseitiges Lehren" name="Menschenkenntnis" probe=" (KL/IN/CH)" value="6"/>
<talent lernmethode="Gegenseitiges Lehren" name="Sich verkleiden" probe=" (MU/CH/GE)" value="4"/>
<talent lernmethode="Gegenseitiges Lehren" name="Überreden" probe=" (MU/IN/CH)" value="5"/>
<talent lernmethode="Gegenseitiges Lehren" name="Fährtensuchen" probe=" (KL/IN/KO)" value="0"/>
<talent lernmethode="Gegenseitiges Lehren" name="Orientierung" probe=" (KL/IN/IN)" value="2"/>
<talent lernmethode="Gegenseitiges Lehren" name="Wildnisleben" probe=" (IN/GE/KO)" value="0"/>
<talent lernmethode="Gegenseitiges Lehren" name="Geschichtswissen" probe=" (KL/KL/IN)" value="1"/>
<talent lernmethode="Gegenseitiges Lehren" name="Götter und Kulte" probe=" (KL/KL/IN)" value="3"/>
<talent lernmethode="Gegenseitiges Lehren" name="Rechnen" probe=" (KL/KL/IN)" value="1"/>
<talent lernmethode="Gegenseitiges Lehren" name="Rechtskunde" probe=" (KL/KL/IN)" value="1"/>
<talent lernmethode="Gegenseitiges Lehren" name="Sagen und Legenden" probe=" (KL/IN/CH)" value="1"/>
<talent lernmethode="Gegenseitiges Lehren" name="Schätzen" probe=" (KL/IN/IN)" value="1"/>
<talent k="12" lernmethode="Gegenseitiges Lehren" name="Sprachen kennen Atak" probe=" (KL/IN/CH)" value="4"/>
<talent k="12" lernmethode="Gegenseitiges Lehren" name="Sprachen kennen Füchsisch" probe=" (KL/IN/CH)" value="2"/>
<talent k="18" lernmethode="Gegenseitiges Lehren" name="Sprachen kennen Garethi" probe=" (KL/IN/CH)" value="8"/>
<talent k="15" lernmethode="Gegenseitiges Lehren" name="Sprachen kennen Mohisch" probe=" (KL/IN/CH)" value="4"/>
<talent k="18" lernmethode="Gegenseitiges Lehren" name="Sprachen kennen Tulamidya" probe=" (KL/IN/CH)" value="4"/>
<talent k="10" lernmethode="Gegenseitiges Lehren" name="Lesen/Schreiben Kusliker Zeichen" probe=" (KL/KL/FF)" value="0"/>
<talent lernmethode="Gegenseitiges Lehren" name="Boote fahren" probe=" (GE/KO/KK)" value="1"/>
<talent lernmethode="Gegenseitiges Lehren" name="Falschspiel" probe=" (MU/CH/FF)" value="2"/>
<talent lernmethode="Gegenseitiges Lehren" name="Heilkunde: Wunden" probe=" (KL/CH/FF)" value="1"/>
<talent lernmethode="Gegenseitiges Lehren" name="Holzbearbeitung" probe=" (KL/FF/KK)" value="2"/>
<talent lernmethode="Gegenseitiges Lehren" name="Kochen" probe=" (KL/IN/FF)" value="0"/>
<talent lernmethode="Gegenseitiges Lehren" name="Lederarbeiten" probe=" (KL/FF/FF)" value="2"/>
<talent lernmethode="Gegenseitiges Lehren" name="Malen/Zeichnen" probe=" (KL/IN/FF)" value="0"/>
<talent lernmethode="Gegenseitiges Lehren" name="Schlösser knacken" probe=" (IN/FF/FF)" value="2"/>
<talent lernmethode="Gegenseitiges Lehren" name="Schneidern" probe=" (KL/FF/FF)" value="0"/>
<talent lernmethode="Gegenseitiges Lehren" name="Seefahrt" probe=" (FF/GE/KK)" value="1"/>
</talentliste>
<zauberliste>
<zauber anmerkungen="" hauszauber="false" k="B" kosten="" lernmethode="Selbststudium" name="Armatrutz" probe=" (IN/GE/KO)" reichweite="" repraesentation="Magiedilletant" value="3" variante="" wirkungsdauer="" zauberdauer="" zauberkommentar=""/>
<zauber anmerkungen="" hauszauber="false" k="C" kosten="" lernmethode="Gegenseitiges Lehren" name="Axxeleratus Blitzgeschwind" probe=" (KL/GE/KO)" reichweite="" repraesentation="Magiedilletant" value="3" variante="" wirkungsdauer="" zauberdauer="" zauberkommentar=""/>
<zauber anmerkungen="" hauszauber="false" k="B" kosten="" lernmethode="Gegenseitiges Lehren" name="Bannbaladin" probe=" (IN/CH/CH)" reichweite="" repraesentation="Magiedilletant" value="3" variante="" wirkungsdauer="" zauberdauer="" zauberkommentar=""/>
<zauber anmerkungen="" hauszauber="false" k="C" kosten="" lernmethode="Gegenseitiges Lehren" name="Chamaelioni Mimikry" probe=" (IN/CH/GE)" reichweite="" repraesentation="Magiedilletant" value="3" variante="" wirkungsdauer="" zauberdauer="" zauberkommentar=""/>
<zauber anmerkungen="" hauszauber="false" k="C" kosten="" lernmethode="Gegenseitiges Lehren" name="Standfest Katzengleich" probe=" (IN/GE/FF)" reichweite="" repraesentation="Magiedilletant" value="3" variante="" wirkungsdauer="" zauberdauer="" zauberkommentar=""/>
</zauberliste>
<kampf>
<kampfwerte name="Dolche">
<attacke value="12"/>
<parade value="8"/>
</kampfwerte>
<kampfwerte name="Hiebwaffen">
<attacke value="10"/>
<parade value="8"/>
</kampfwerte>
<kampfwerte name="Raufen">
<attacke value="13"/>
<parade value="8"/>
</kampfwerte>
<kampfwerte name="Ringen">
<attacke value="13"/>
<parade value="8"/>
</kampfwerte>
<kampfwerte name="Säbel">
<attacke value="9"/>
<parade value="8"/>
</kampfwerte>
<kampfwerte name="Schwerter">
<attacke value="13"/>
<parade value="9"/>
</kampfwerte>
</kampf>
<gegenstände>
<gegenstand anzahl="1" name="(Lang-)Schwert" slot="0"/>
<gegenstand anzahl="1" name="(Lang-)Schwert" slot="1"/>
</gegenstände>
<BoniWaffenlos>
<boniSF sf="Waffenloser Kampfstil: Bornländisch" talent=""/>
</BoniWaffenlos>
<kommentare/>
<ausrüstungen>
<heldenausruestung bezeichner="" bfakt="1" bfmin="1" hand="rechts" name="nkwaffe1" schild="0" set="0" slot="0" talent="Schwerter" waffenname="(Lang-)Schwert"/>
<heldenausruestung bezeichner="" bfakt="1" bfmin="1" hand="links" name="nkwaffe2" schild="0" set="0" slot="0" talent="Schwerter" waffenname="(Lang-)Schwert"/>
<heldenausruestung name="bk12" set="0"/>
<heldenausruestung name="jagtwaffe" nummer="0" set="0"/>
</ausrüstungen>
<verbindungen/>
<extention/>
<geldboerse/>
<plugindata/>
</held>
<Signature xmlns="http://www.w3.org/2000/09/xmldsig#">
<SignedInfo>
<CanonicalizationMethod Algorithm="http://www.w3.org/TR/2001/REC-xml-c14n-20010315#WithComments"/>
<SignatureMethod Algorithm="http://www.w3.org/2000/09/xmldsig#dsa-sha1"/>
<Reference URI="">
<Transforms>
<Transform Algorithm="http://www.w3.org/2000/09/xmldsig#enveloped-signature"/>
</Transforms>
<DigestMethod Algorithm="http://www.w3.org/2000/09/xmldsig#sha1"/>
<DigestValue>V5e+Enve6gHbmTdMYT7dGTrNM0k=</DigestValue>
</Reference>
</SignedInfo>
<SignatureValue>YHZ4XMBrTQCb0oISwsgZAFs2/kqQAqGiBJnrS0oxC8MUB/lC7j6JlA==</SignatureValue>
<KeyInfo>
<KeyValue>
<DSAKeyValue>
<P>/KaCzo4Syrom78z3EQ5SbbB4sF7ey80etKII864WF64B81uRpH5t9jQTxeEu0ImbzRMqzVDZkVG9
xD7nN1kuFw==</P>
<Q>li7dzDacuo67Jg7mtqEm2TRuOMU=</Q>
<G>Z4Rxsnqc9E7pGknFFH2xqaryRPBaQ01khpMdLRQnG541Awtx/XPaF5Bpsy4pNWMOHCBiNU0Nogps
QW5QvnlMpA==</G>
<Y>uVrvWkzIbUdL7E80AiD0PJDX3Ck0beY5StXp1wDAA1/ePpemd6rTBNd8YoCzOovNrX016YMcTSiO
iExM4RWtJA==</Y>
</DSAKeyValue>
</KeyValue>
</KeyInfo>
</Signature>
</helden>
