<?xml version="1.0" encoding="UTF-8" standalone="no"?>
<?xml-stylesheet type="text/xsl" href="helden.xsl"?><helden Version="5.5.3">
<held key="1443281413211" name="Morgana Pendragon" stand="1529958667446">
<mods/>
<basis>
<geschlecht name="weiblich"/>
<settings name="DSA4.1">
<inc name="Wege der Alchimie"/>
</settings>
<rasse name="helden.model.rasse.Mittellaender" string="Mittelländerin">
<groesse gewicht="70" value="170"/>
<aussehen alter="18" augenfarbe="blau" aussehentext0="" aussehentext1="" aussehentext2="" aussehentext3="" familietext0="" familietext1="" familietext2="" familietext3="" familietext4="" familietext5="" gbjahr="1003" gbmonat="12" gbtag="1" gprest="0" gpstart="110" haarfarbe="braun-rot" kalender="Bosparans Fall" stand="" titel=""/>
</rasse>
<kultur name="helden.model.kultur.Garetien" string="Mittelländische Städte/Hafenstädte und Städte an großen Flüssen">
<variante name="Hafenstädte und Städte an großen Flüssen"/>
</kultur>
<ausbildungen>
<ausbildung art="Hauptprofession" name="helden.model.profession.Gaukler" string="Gauklerin: Akrobatin/Tänzerin" tarnidentitaet="">
<variante name="Akrobatin/Tänzerin"/>
</ausbildung>
</ausbildungen>
<verify value="1"/>
<notiz notiz0="Notizen" notiz1="" notiz10="" notiz11="" notiz2="" notiz3="" notiz4="" notiz5="" notiz6="" notiz7="" notiz8="" notiz9=""/>
<portraet value="C:\Users\Queen Toto\Downloads\Bruce Smith_2 (1).xml"/>
<abenteuerpunkte value="4990"/>
<freieabenteuerpunkte value="581"/>
</basis>
<eigenschaften>
<eigenschaft mod="0" name="Mut" startwert="12" value="13"/>
<eigenschaft mod="0" name="Klugheit" startwert="13" value="13"/>
<eigenschaft mod="0" name="Intuition" startwert="11" value="11"/>
<eigenschaft mod="0" name="Charisma" startwert="13" value="13"/>
<eigenschaft mod="0" name="Fingerfertigkeit" startwert="11" value="11"/>
<eigenschaft mod="0" name="Gewandtheit" startwert="14" value="14"/>
<eigenschaft mod="0" name="Konstitution" startwert="12" value="13"/>
<eigenschaft mod="0" name="Körperkraft" startwert="9" value="11"/>
<eigenschaft mod="0" name="Sozialstatus" startwert="5" value="8"/>
<eigenschaft mod="10" name="Lebensenergie" value="1"/>
<eigenschaft mod="10" name="Ausdauer" value="0"/>
<eigenschaft grossemeditation="0" mod="0" mrmod="-4" name="Astralenergie" value="0"/>
<eigenschaft karmalqueste="0" mod="0" name="Karmaenergie" value="0"/>
<eigenschaft mod="-4" name="Magieresistenz" value="1"/>
<eigenschaft mod="0" name="ini" value="10"/>
<eigenschaft mod="0" name="at" value="8"/>
<eigenschaft mod="0" name="pa" value="7"/>
<eigenschaft mod="0" name="fk" value="7"/>
</eigenschaften>
<vt>
<vorteil name="Affinität zu " value="Geistern"/>
<vorteil name="Begabung für [Talentgruppe]" value="Fernkampf"/>
<vorteil name="Verbindungen" value="3"/>
<vorteil name="Arroganz" value="5"/>
<vorteil name="Schlafstörungen" value="2"/>
</vt>
<sf>
<sonderfertigkeit name="Ausweichen I"/>
<sonderfertigkeit name="Kulturkunde">
<kultur name="Mittelreich"/>
</sonderfertigkeit>
<sonderfertigkeit name="Ortskenntnis">
<auswahl name="Stadtteil/Kleinstadt"/>
</sonderfertigkeit>
<sonderfertigkeit name="Standfest"/>
<sonderfertigkeit name="Tanz der Mada"/>
</sf>
<ereignisse>
<ereignis obj="max GP für Helden: 110" text="EINSTELLUNG" time="1443281546791" version="HS 5.5.1"/>
<ereignis obj="max Eigenschafts-GP für Helden: 100" text="EINSTELLUNG" time="1443281546791" version="HS 5.5.1"/>
<ereignis obj="max Eigenschafts-Wert für Helden: 14" text="EINSTELLUNG" time="1443281546791" version="HS 5.5.1"/>
<ereignis obj="Eine größere Menge (32) AP wurde nicht genutzt und dem Helden gut geschrieben" text="Meistergenehmigung notwendig" time="1443281546793" version="HS 5.5.1"/>
<ereignis Alt="0" Neu="0" kommentar="0 GP" obj="Rasse: Mittelländerin" text="RKP" time="1443281546793" version="HS 5.5.1"/>
<ereignis Alt="0" Neu="0" kommentar="3 GP" obj="Kultur: Mittelländische Städte/Hafenstädte und Städte an großen Flüssen" text="RKP" time="1443281546793" version="HS 5.5.1"/>
<ereignis Alt="0" Neu="0" kommentar="6 GP" obj="Profession: Gauklerin: Akrobatin/Tänzerin" text="RKP" time="1443281546793" version="HS 5.5.1"/>
<ereignis Alt="0" Neu="12" kommentar="12 GP" obj="Mut: 12" text="EIGENSCHAFTEN" time="1443281546793" version="HS 5.5.1"/>
<ereignis Alt="0" Neu="13" kommentar="13 GP" obj="Klugheit: 13" text="EIGENSCHAFTEN" time="1443281546793" version="HS 5.5.1"/>
<ereignis Alt="0" Neu="11" kommentar="11 GP" obj="Intuition: 11" text="EIGENSCHAFTEN" time="1443281546793" version="HS 5.5.1"/>
<ereignis Alt="0" Neu="13" kommentar="13 GP" obj="Charisma: 13" text="EIGENSCHAFTEN" time="1443281546793" version="HS 5.5.1"/>
<ereignis Alt="0" Neu="11" kommentar="11 GP" obj="Fingerfertigkeit: 11" text="EIGENSCHAFTEN" time="1443281546793" version="HS 5.5.1"/>
<ereignis Alt="0" Neu="14" kommentar="14 GP" obj="Gewandtheit: 14" text="EIGENSCHAFTEN" time="1443281546793" version="HS 5.5.1"/>
<ereignis Alt="0" Neu="12" kommentar="12 GP" obj="Konstitution: 12" text="EIGENSCHAFTEN" time="1443281546793" version="HS 5.5.1"/>
<ereignis Alt="0" Neu="9" kommentar="9 GP" obj="Körperkraft: 9" text="EIGENSCHAFTEN" time="1443281546793" version="HS 5.5.1"/>
<ereignis Alt="0" Neu="5" kommentar="2 GP" obj="Sozialstatus: 5" text="EIGENSCHAFTEN" time="1443281546793" version="HS 5.5.1"/>
<ereignis Alt="0" Neu="3" kommentar="12 AP" obj="Dolche: 3" text="TALENT" time="1443281546793" version="HS 5.5.1"/>
<ereignis Alt="0" Neu="4" kommentar="8 AP" obj="Wurfmesser: 4" text="TALENT" time="1443281546793" version="HS 5.5.1"/>
<ereignis Alt="0" Neu="5" kommentar="11 AP" obj="Wurfmesser: 5" text="TALENT" time="1443281546793" version="HS 5.5.1"/>
<ereignis Alt="0" Neu="6" kommentar="14 AP" obj="Wurfmesser: 6" text="TALENT" time="1443281546793" version="HS 5.5.1"/>
<ereignis Alt="0" Neu="7" kommentar="17 AP" obj="Wurfmesser: 7" text="TALENT" time="1443281546793" version="HS 5.5.1"/>
<ereignis Alt="0" Neu="8" kommentar="19 AP" obj="Wurfmesser: 8" text="TALENT" time="1443281546793" version="HS 5.5.1"/>
<ereignis Alt="0" Neu="9" kommentar="22 AP" obj="Wurfmesser: 9" text="TALENT" time="1443281546793" version="HS 5.5.1"/>
<ereignis Alt="0" Neu="10" kommentar="25 AP" obj="Wurfmesser: 10" text="TALENT" time="1443281546793" version="HS 5.5.1"/>
<ereignis Alt="0" Neu="0" kommentar="5 AP" obj="Zweihandschwerter/-säbel: 0" text="TALENT" time="1443281546793" version="HS 5.5.1"/>
<ereignis Alt="0" Neu="1" kommentar="4 AP" obj="Zweihandschwerter/-säbel: 1" text="TALENT" time="1443281546793" version="HS 5.5.1"/>
<ereignis Alt="0" Neu="2" kommentar="9 AP" obj="Zweihandschwerter/-säbel: 2" text="TALENT" time="1443281546793" version="HS 5.5.1"/>
<ereignis Alt="0" Neu="3" kommentar="15 AP" obj="Zweihandschwerter/-säbel: 3" text="TALENT" time="1443281546793" version="HS 5.5.1"/>
<ereignis Alt="0" Neu="4" kommentar="21 AP" obj="Zweihandschwerter/-säbel: 4" text="TALENT" time="1443281546793" version="HS 5.5.1"/>
<ereignis Alt="0" Neu="9" kommentar="45 AP" obj="Akrobatik: 9" text="TALENT" time="1443281546793" version="HS 5.5.1"/>
<ereignis Alt="0" Neu="4" kommentar="17 AP" obj="Athletik: 4" text="TALENT" time="1443281546793" version="HS 5.5.1"/>
<ereignis Alt="0" Neu="5" kommentar="22 AP" obj="Athletik: 5" text="TALENT" time="1443281546793" version="HS 5.5.1"/>
<ereignis Alt="0" Neu="6" kommentar="27 AP" obj="Athletik: 6" text="TALENT" time="1443281546793" version="HS 5.5.1"/>
<ereignis Alt="0" Neu="7" kommentar="33 AP" obj="Athletik: 7" text="TALENT" time="1443281546793" version="HS 5.5.1"/>
<ereignis Alt="0" Neu="2" kommentar="7 AP" obj="Sich verstecken: 2" text="TALENT" time="1443281546793" version="HS 5.5.1"/>
<ereignis Alt="0" Neu="2" kommentar="7 AP" obj="Taschendiebstahl: 2" text="TALENT" time="1443281546793" version="HS 5.5.1"/>
<ereignis Alt="0" Neu="3" kommentar="12 AP" obj="Taschendiebstahl: 3" text="TALENT" time="1443281546793" version="HS 5.5.1"/>
<ereignis Alt="0" Neu="4" kommentar="17 AP" obj="Taschendiebstahl: 4" text="TALENT" time="1443281546793" version="HS 5.5.1"/>
<ereignis Alt="0" Neu="5" kommentar="22 AP" obj="Taschendiebstahl: 5" text="TALENT" time="1443281546793" version="HS 5.5.1"/>
<ereignis Alt="0" Neu="6" kommentar="14 AP" obj="Überreden: 6" text="TALENT" time="1443281546793" version="HS 5.5.1"/>
<ereignis Alt="0" Neu="3" kommentar="6 AP" obj="Götter und Kulte: 3" text="TALENT" time="1443281546793" version="HS 5.5.1"/>
<ereignis Alt="0" Neu="4" kommentar="8 AP" obj="Götter und Kulte: 4" text="TALENT" time="1443281546793" version="HS 5.5.1"/>
<ereignis Alt="0" Neu="2" kommentar="4 AP" obj="Heilkunde: Wunden: 2" text="TALENT" time="1443281546793" version="HS 5.5.1"/>
<ereignis Alt="0" Neu="3" kommentar="6 AP" obj="Heilkunde: Wunden: 3" text="TALENT" time="1443281546793" version="HS 5.5.1"/>
<ereignis Alt="0" Neu="4" kommentar="8 AP" obj="Heilkunde: Wunden: 4" text="TALENT" time="1443281546793" version="HS 5.5.1"/>
<ereignis Alt="0" Neu="5" kommentar="11 AP" obj="Heilkunde: Wunden: 5" text="TALENT" time="1443281546793" version="HS 5.5.1"/>
<ereignis Alt="0" Neu="0" kommentar="1 GP" obj="Tanz der Mada" text="SF" time="1443281546793" version="HS 5.5.1"/>
<ereignis Alt="0" Neu="0" kommentar="2 GP" obj="Affinität zu : Geistern" text="VORTEILE" time="1443281546793" version="HS 5.5.1"/>
<ereignis Alt="0" Neu="0" kommentar="-5 GP" obj="Arroganz: 5" text="VORTEILE" time="1443281546793" version="HS 5.5.1"/>
<ereignis Alt="0" Neu="0" kommentar="15 GP" obj="Begabung für [Talentgruppe]: Fernkampf" text="VORTEILE" time="1443281546793" version="HS 5.5.1"/>
<ereignis Alt="0" Neu="0" kommentar="-10 GP" obj="Schlafstörungen: 2" text="VORTEILE" time="1443281546794" version="HS 5.5.1"/>
<ereignis Alt="0" Neu="0" kommentar="1 GP" obj="Verbindungen: 3" text="VORTEILE" time="1443281546794" version="HS 5.5.1"/>
<ereignis Neu="1" obj="Auswahl" text="Wurfmesser" time="1443281546794" version="HS 5.5.1"/>
<ereignis Neu="3" obj="Auswahl" text="Sprachen kennen Rogolan" time="1443281546794" version="HS 5.5.1"/>
<ereignis Neu="1" obj="Auswahl" text="Hauswirtschaft" time="1443281546794" version="HS 5.5.1"/>
<ereignis Neu="1" obj="Auswahl" text="Hiebwaffen" time="1443281546794" version="HS 5.5.1"/>
<ereignis Neu="5" obj="Auswahl" text="Akrobatik" time="1443281546794" version="HS 5.5.1"/>
<ereignis Neu="3" obj="Auswahl" text="Athletik" time="1443281546794" version="HS 5.5.1"/>
<ereignis Neu="2" obj="Auswahl" text="Klettern" time="1443281546794" version="HS 5.5.1"/>
<ereignis Neu="1" obj="Auswahl" text="Reiten" time="1443281546794" version="HS 5.5.1"/>
<ereignis Neu="3" obj="Auswahl" text="Tanzen" time="1443281546794" version="HS 5.5.1"/>
<ereignis Neu="4" obj="Auswahl" text="Sprachen kennen Tulamidya" time="1443281546794" version="HS 5.5.1"/>
<ereignis Neu="4" obj="Auswahl" text="Falschspiel" time="1443281546794" version="HS 5.5.1"/>
<ereignis Neu="2" obj="Auswahl" text="Malen/Zeichnen" time="1443281546794" version="HS 5.5.1"/>
<ereignis Abenteuerpunkte="170" kommentar=" Gesamt AP: 170 Verfügbare AP: 170" obj="Abenteuerpunkte (Hinzugewinn)" text="Ereignis eingeben" time="1447796298453" version="HS 5.5.1"/>
<ereignis Abenteuerpunkte="-1" Alt="0" Info="SE, Gegenseitiges Lehren" Neu="1" obj="Wildnisleben" text="Talent steigern" time="1447796361198" version="HS 5.5.1"/>
<ereignis Abenteuerpunkte="-14" Alt="5" Info="Gegenseitiges Lehren" Neu="6" obj="Heilkunde: Wunden" text="Talent steigern" time="1447796442692" version="HS 5.5.1"/>
<ereignis Abenteuerpunkte="-28" Alt="4;3;1" Info="Gegenseitiges Lehren" Neu="5;3;1" obj="Zweihandschwerter/-säbel" text="Nahkampftalent steigern" time="1447796489486" version="HS 5.5.1"/>
<ereignis Abenteuerpunkte="-7" Alt="1" Info="Gegenseitiges Lehren" Neu="2" obj="Reiten" text="Talent steigern" time="1447796539997" version="HS 5.5.1"/>
<ereignis Abenteuerpunkte="-3" Alt="0" Info="Gegenseitiges Lehren" Neu="1" obj="Sinnenschärfe" text="Talent steigern" time="1447796559837" version="HS 5.5.1"/>
<ereignis Abenteuerpunkte="-7" Alt="1" Info="Gegenseitiges Lehren" Neu="2" obj="Sinnenschärfe" text="Talent steigern" time="1447796562160" version="HS 5.5.1"/>
<ereignis Abenteuerpunkte="-12" Alt="2" Info="Gegenseitiges Lehren" Neu="3" obj="Sinnenschärfe" text="Talent steigern" time="1447796563769" version="HS 5.5.1"/>
<ereignis Abenteuerpunkte="-17" Alt="3" Info="Gegenseitiges Lehren" Neu="4" obj="Sinnenschärfe" text="Talent steigern" time="1447796568533" version="HS 5.5.1"/>
<ereignis Abenteuerpunkte="370" kommentar=" Gesamt AP: 370 Verfügbare AP: 370" obj="Abenteuerpunkte (Hinzugewinn)" text="Ereignis eingeben" time="1459462062491" version="HS 5.5.1"/>
<ereignis Abenteuerpunkte="-17" Alt="6" Info="Gegenseitiges Lehren" Neu="7" obj="Heilkunde: Wunden" text="Talent steigern" time="1459462213162" version="HS 5.5.1"/>
<ereignis Abenteuerpunkte="-3" Alt="0;0;0" Info="Gegenseitiges Lehren" Neu="1;0;0" obj="Säbel" text="Nahkampftalent steigern" time="1459462243668" version="HS 5.5.1"/>
<ereignis Abenteuerpunkte="-7" Alt="1;0;0" Info="Gegenseitiges Lehren" Neu="2;0;0" obj="Säbel" text="Nahkampftalent steigern" time="1459462249093" version="HS 5.5.1"/>
<ereignis Abenteuerpunkte="-12" Alt="2;0;0" Info="Gegenseitiges Lehren" Neu="3;0;0" obj="Säbel" text="Nahkampftalent steigern" time="1459462255692" version="HS 5.5.1"/>
<ereignis Abenteuerpunkte="-38" Alt="9" Info="SE, Gegenseitiges Lehren" Neu="10" obj="Akrobatik" text="Talent steigern" time="1459462276134" version="HS 5.5.1"/>
<ereignis Abenteuerpunkte="-12" Alt="2" Info="Gegenseitiges Lehren" Neu="3" obj="Klettern" text="Talent steigern" time="1459462284944" version="HS 5.5.1"/>
<ereignis Abenteuerpunkte="-22" Alt="4" Info="Gegenseitiges Lehren" Neu="5" obj="Sinnenschärfe" text="Talent steigern" time="1459462341105" version="HS 5.5.1"/>
<ereignis Abenteuerpunkte="-17" Alt="6" Info="Gegenseitiges Lehren" Neu="7" obj="Überreden" text="Talent steigern" time="1459462368860" version="HS 5.5.1"/>
<ereignis Abenteuerpunkte="-6" Alt="2" Info="Gegenseitiges Lehren" Neu="3" obj="Fahrzeug lenken" text="Talent steigern" time="1459462396970" version="HS 5.5.1"/>
<ereignis Abenteuerpunkte="-2" Alt="1" Info="SE, Gegenseitiges Lehren" Neu="2" obj="Boote fahren" text="Talent steigern" time="1459462402666" version="HS 5.5.1"/>
<ereignis Abenteuerpunkte="-4" Alt="1" Info="Gegenseitiges Lehren" Neu="2" obj="Kochen" text="Talent steigern" time="1459462445977" version="HS 5.5.1"/>
<ereignis Abenteuerpunkte="-13" Alt="3;2;1" Info="Gegenseitiges Lehren" Neu="4;2;1" obj="Raufen" text="Nahkampftalent steigern" time="1459462455998" version="HS 5.5.1"/>
<ereignis Abenteuerpunkte="-6" Alt="1" Info="SE, Gegenseitiges Lehren" Neu="2" obj="Schwimmen" text="Talent steigern" time="1459462541201" version="HS 5.5.1"/>
<ereignis Abenteuerpunkte="-2" Alt="1" Info="SE, Gegenseitiges Lehren" Neu="2" obj="Fesseln/Entfesseln" text="Talent steigern" time="1459462549591" version="HS 5.5.1"/>
<ereignis Abenteuerpunkte="-6" Alt="2" Info="Gegenseitiges Lehren" Neu="3" obj="Fesseln/Entfesseln" text="Talent steigern" time="1459462554033" version="HS 5.5.1"/>
<ereignis Abenteuerpunkte="-17" Alt="3;2;1" Info="Gegenseitiges Lehren" Neu="4;2;1" obj="Säbel" text="Nahkampftalent steigern" time="1459462632284" version="HS 5.5.1"/>
<ereignis Abenteuerpunkte="-17" Alt="3" Info="Gegenseitiges Lehren" Neu="4" obj="Klettern" text="Talent steigern" time="1459462643979" version="HS 5.5.1"/>
<ereignis Abenteuerpunkte="-34" Alt="5;4;1" Info="Gegenseitiges Lehren" Neu="6;4;1" obj="Zweihandschwerter/-säbel" text="Nahkampftalent steigern" time="1459462654433" version="HS 5.5.1"/>
<ereignis Abenteuerpunkte="-41" Alt="6;4;1" Info="Gegenseitiges Lehren" Neu="7;4;1" obj="Zweihandschwerter/-säbel" text="Nahkampftalent steigern" time="1459462656962" version="HS 5.5.1"/>
<ereignis Abenteuerpunkte="-2" Alt="1" Info="SE, Gegenseitiges Lehren" Neu="2" obj="Seefahrt" text="Talent steigern" time="1459462695576" version="HS 5.5.1"/>
<ereignis Abenteuerpunkte="-6" Alt="2" Info="Gegenseitiges Lehren" Neu="3" obj="Schätzen" text="Talent steigern" time="1459462713934" version="HS 5.5.1"/>
<ereignis Abenteuerpunkte="-2" Alt="0" Info="Gegenseitiges Lehren" Neu="1" obj="Orientierung" text="Talent steigern" time="1459462725176" version="HS 5.5.1"/>
<ereignis Abenteuerpunkte="-4" Alt="1" Info="Gegenseitiges Lehren" Neu="2" obj="Orientierung" text="Talent steigern" time="1459462726935" version="HS 5.5.1"/>
<ereignis Abenteuerpunkte="-6" Alt="2" Info="Gegenseitiges Lehren" Neu="3" obj="Orientierung" text="Talent steigern" time="1459462731439" version="HS 5.5.1"/>
<ereignis Abenteuerpunkte="-8" Alt="3" Info="Gegenseitiges Lehren" Neu="4" obj="Fesseln/Entfesseln" text="Talent steigern" time="1459462741395" version="HS 5.5.1"/>
<ereignis Abenteuerpunkte="-27" Alt="5" Info="Gegenseitiges Lehren" Neu="6" obj="Sinnenschärfe" text="Talent steigern" time="1459462755852" version="HS 5.5.1"/>
<ereignis Abenteuerpunkte="-12" Alt="2" Info="Gegenseitiges Lehren" Neu="3" obj="Sich verstecken" text="Talent steigern" time="1459462762881" version="HS 5.5.1"/>
<ereignis Abenteuerpunkte="-12" Alt="2" Info="Gegenseitiges Lehren" Neu="3" obj="Reiten" text="Talent steigern" time="1459462777528" version="HS 5.5.1"/>
<ereignis Abenteuerpunkte="250" kommentar=" Gesamt AP: 250 Verfügbare AP: 250" obj="Abenteuerpunkte (Hinzugewinn)" text="Ereignis eingeben" time="1461615075910" version="HS 5.5.1"/>
<ereignis Abenteuerpunkte="-6" Alt="4" Info="SE, Gegenseitiges Lehren" Neu="5" obj="Götter und Kulte" text="Talent steigern" time="1461615136416" version="HS 5.5.1"/>
<ereignis Abenteuerpunkte="-10" Alt="7" Info="SE, Gegenseitiges Lehren" Neu="8" obj="Überreden" text="Talent steigern" time="1461615140392" version="HS 5.5.1"/>
<ereignis Abenteuerpunkte="-43" Alt="10" Info="SE, Gegenseitiges Lehren" Neu="11" obj="Akrobatik" text="Talent steigern" time="1461615146775" version="HS 5.5.1"/>
<ereignis Abenteuerpunkte="-39" Alt="7;5;2" Info="SE, Gegenseitiges Lehren" Neu="8;5;2" obj="Zweihandschwerter/-säbel" text="Nahkampftalent steigern" time="1461615148904" version="HS 5.5.1"/>
<ereignis Abenteuerpunkte="-2" Alt="0" Info="Gegenseitiges Lehren" Neu="1" obj="Holzbearbeitung" text="Talent steigern" time="1461615206543" version="HS 5.5.1"/>
<ereignis Abenteuerpunkte="-4" Alt="1" Info="Gegenseitiges Lehren" Neu="2" obj="Wildnisleben" text="Talent steigern" time="1461615246192" version="HS 5.5.1"/>
<ereignis Abenteuerpunkte="-33" Alt="6" Info="Gegenseitiges Lehren" Neu="7" obj="Sinnenschärfe" text="Talent steigern" time="1461615260433" version="HS 5.5.1"/>
<ereignis Abenteuerpunkte="-3" Alt="0" Info="Gegenseitiges Lehren" Neu="1" obj="Schleichen" text="Talent steigern" time="1461615279142" version="HS 5.5.1"/>
<ereignis Abenteuerpunkte="-22" Alt="4" Info="Gegenseitiges Lehren" Neu="5" obj="Klettern" text="Talent steigern" time="1461615289135" version="HS 5.5.1"/>
<ereignis Abenteuerpunkte="-11" Alt="4" Info="Gegenseitiges Lehren" Neu="5" obj="Fesseln/Entfesseln" text="Talent steigern" time="1461615368214" version="HS 5.5.1"/>
<ereignis Abenteuerpunkte="-6" Alt="2" Info="Gegenseitiges Lehren" Neu="3" obj="Geografie" text="Talent steigern" time="1461615379805" version="HS 5.5.1"/>
<ereignis Abenteuerpunkte="-8" Alt="3" Info="Gegenseitiges Lehren" Neu="4" obj="Schätzen" text="Talent steigern" time="1461615387229" version="HS 5.5.1"/>
<ereignis Abenteuerpunkte="-8" Alt="3" Info="Gegenseitiges Lehren" Neu="4" obj="Fahrzeug lenken" text="Talent steigern" time="1461615400831" version="HS 5.5.1"/>
<ereignis Abenteuerpunkte="-2" Alt="0" Info="Gegenseitiges Lehren" Neu="1" obj="Lederarbeiten" text="Talent steigern" time="1461615428117" version="HS 5.5.1"/>
<ereignis Abenteuerpunkte="250" kommentar=" Gesamt AP: 250 Verfügbare AP: 250" obj="Abenteuerpunkte (Hinzugewinn)" text="Ereignis eingeben" time="1464350405309" version="HS 5.5.1"/>
<ereignis Abenteuerpunkte="-17" Alt="3;2;1" Info="Gegenseitiges Lehren" Neu="4;2;1" obj="Dolche" text="Nahkampftalent steigern" time="1464350468707" version="HS 5.5.1"/>
<ereignis Abenteuerpunkte="-7" Alt="1" Info="Gegenseitiges Lehren" Neu="2" obj="Selbstbeherrschung" text="Talent steigern" time="1464350503829" version="HS 5.5.1"/>
<ereignis Abenteuerpunkte="-2" Alt="0" Info="Gegenseitiges Lehren" Neu="1" obj="Fährtensuchen" text="Talent steigern" time="1464350517064" version="HS 5.5.1"/>
<ereignis Abenteuerpunkte="-4" Alt="1" Info="Gegenseitiges Lehren" Neu="2" obj="Fährtensuchen" text="Talent steigern" time="1464350517860" version="HS 5.5.1"/>
<ereignis Abenteuerpunkte="-8" Alt="3" Info="Gegenseitiges Lehren" Neu="4" obj="Orientierung" text="Talent steigern" time="1464350526375" version="HS 5.5.1"/>
<ereignis Abenteuerpunkte="-4" Alt="1" Info="Gegenseitiges Lehren" Neu="2" obj="Lederarbeiten" text="Talent steigern" time="1464350556511" version="HS 5.5.1"/>
<ereignis Abenteuerpunkte="-6" Alt="2" Info="Gegenseitiges Lehren" Neu="3" obj="Lederarbeiten" text="Talent steigern" time="1464350557228" version="HS 5.5.1"/>
<ereignis Abenteuerpunkte="-6" Alt="2" Info="Gegenseitiges Lehren" Neu="3" obj="Wildnisleben" text="Talent steigern" time="1464350609179" version="HS 5.5.1"/>
<ereignis Abenteuerpunkte="-4" Alt="1" Info="Gegenseitiges Lehren" Neu="2" obj="Holzbearbeitung" text="Talent steigern" time="1464350635558" version="HS 5.5.1"/>
<ereignis Abenteuerpunkte="-6" Alt="2" Info="Gegenseitiges Lehren" Neu="3" obj="Holzbearbeitung" text="Talent steigern" time="1464350636262" version="HS 5.5.1"/>
<ereignis Alt="5" Neu="8" obj="Sozialstatus" text="Eigenschaft steigern" time="1464350700241" version="HS 5.5.1"/>
<ereignis Abenteuerpunkte="-1" Alt="0" Info="Gegenseitiges Lehren" Neu="1" obj="Lesen/Schreiben Kusliker Zeichen" text="Talent steigern" time="1464350806741" version="HS 5.5.1"/>
<ereignis Abenteuerpunkte="-2" Alt="1" Info="Gegenseitiges Lehren" Neu="2" obj="Lesen/Schreiben Kusliker Zeichen" text="Talent steigern" time="1464350807766" version="HS 5.5.1"/>
<ereignis Abenteuerpunkte="-3" Alt="2" Info="Gegenseitiges Lehren" Neu="3" obj="Lesen/Schreiben Kusliker Zeichen" text="Talent steigern" time="1464350808342" version="HS 5.5.1"/>
<ereignis Abenteuerpunkte="-4" Alt="3" Info="Gegenseitiges Lehren" Neu="4" obj="Lesen/Schreiben Kusliker Zeichen" text="Talent steigern" time="1464350809073" version="HS 5.5.1"/>
<ereignis Abenteuerpunkte="-11" Alt="4" Info="Gegenseitiges Lehren" Neu="5" obj="Schätzen" text="Talent steigern" time="1464350823423" version="HS 5.5.1"/>
<ereignis Abenteuerpunkte="-8" Alt="3" Info="Gegenseitiges Lehren" Neu="4" obj="Wildnisleben" text="Talent steigern" time="1464350840700" version="HS 5.5.1"/>
<ereignis Abenteuerpunkte="-11" Alt="4" Info="Gegenseitiges Lehren" Neu="5" obj="Orientierung" text="Talent steigern" time="1464350841762" version="HS 5.5.1"/>
<ereignis Abenteuerpunkte="-14" Alt="5" Info="Gegenseitiges Lehren" Neu="6" obj="Fesseln/Entfesseln" text="Talent steigern" time="1464350848997" version="HS 5.5.1"/>
<ereignis Abenteuerpunkte="-17" Alt="6" Info="Gegenseitiges Lehren" Neu="7" obj="Menschenkenntnis" text="Talent steigern" time="1464350856667" version="HS 5.5.1"/>
<ereignis Abenteuerpunkte="-12" Alt="2" Info="Gegenseitiges Lehren" Neu="3" obj="Selbstbeherrschung" text="Talent steigern" time="1464350868376" version="HS 5.5.1"/>
<ereignis Abenteuerpunkte="-12" Alt="2" Info="Gegenseitiges Lehren" Neu="3" obj="Schwimmen" text="Talent steigern" time="1464350872767" version="HS 5.5.1"/>
<ereignis Abenteuerpunkte="-17" Alt="3" Info="Gegenseitiges Lehren" Neu="4" obj="Schwimmen" text="Talent steigern" time="1464350875905" version="HS 5.5.1"/>
<ereignis Abenteuerpunkte="-7" Alt="1" Info="Gegenseitiges Lehren" Neu="2" obj="Schleichen" text="Talent steigern" time="1464350880811" version="HS 5.5.1"/>
<ereignis Abenteuerpunkte="-12" Alt="2" Info="Gegenseitiges Lehren" Neu="3" obj="Schleichen" text="Talent steigern" time="1464350881337" version="HS 5.5.1"/>
<ereignis Abenteuerpunkte="-17" Alt="3" Info="Gegenseitiges Lehren" Neu="4" obj="Reiten" text="Talent steigern" time="1464350889351" version="HS 5.5.1"/>
<ereignis Abenteuerpunkte="-22" Alt="4" Info="Gegenseitiges Lehren" Neu="5" obj="Reiten" text="Talent steigern" time="1464350889991" version="HS 5.5.1"/>
<ereignis Abenteuerpunkte="-27" Alt="5" Info="Gegenseitiges Lehren" Neu="6" obj="Klettern" text="Talent steigern" time="1464350893448" version="HS 5.5.1"/>
<ereignis Abenteuerpunkte="-17" Alt="4;3;1" Info="Gegenseitiges Lehren" Neu="5;3;1" obj="Raufen" text="Nahkampftalent steigern" time="1464350904862" version="HS 5.5.1"/>
<ereignis Abenteuerpunkte="-85" Alt="8;5;3" Info="Selbststudium" Neu="9;5;3" obj="Zweihandschwerter/-säbel" text="Nahkampftalent steigern" time="1464367944471" version="HS 5.5.1"/>
<ereignis Abenteuerpunkte="200" kommentar=" Gesamt AP: 200 Verfügbare AP: 200" obj="Abenteuerpunkte (Hinzugewinn)" text="Ereignis eingeben" time="1464987639107" version="HS 5.5.1"/>
<ereignis Abenteuerpunkte="-125" Alt="9" Info="SE" Neu="10" obj="Körperkraft" text="Eigenschaft steigern" time="1464987648660" version="HS 5.5.1"/>
<ereignis Abenteuerpunkte="-6" Alt="4" Info="SE, Gegenseitiges Lehren" Neu="5" obj="Fahrzeug lenken" text="Talent steigern" time="1464987702780" version="HS 5.5.1"/>
<ereignis Abenteuerpunkte="-3" Alt="2" Info="SE, Gegenseitiges Lehren" Neu="3" obj="Kochen" text="Talent steigern" time="1464987706357" version="HS 5.5.1"/>
<ereignis Abenteuerpunkte="-8" Alt="3" Info="Gegenseitiges Lehren" Neu="4" obj="Kochen" text="Talent steigern" time="1464987707085" version="HS 5.5.1"/>
<ereignis Abenteuerpunkte="-6" Alt="2" Info="Gegenseitiges Lehren" Neu="3" obj="Tierkunde" text="Talent steigern" time="1464987761421" version="HS 5.5.1"/>
<ereignis Abenteuerpunkte="-4" Alt="3" Info="SE, Gegenseitiges Lehren" Neu="4" obj="Tierkunde" text="Talent steigern" time="1464987791266" version="HS 5.5.1"/>
<ereignis Abenteuerpunkte="-29" Alt="7" Info="Selbststudium" Neu="8" obj="Heilkunde: Wunden" text="Talent steigern" time="1464987825369" version="HS 5.5.1"/>
<ereignis Abenteuerpunkte="-11" Alt="4" Info="Gegenseitiges Lehren" Neu="5" obj="Kochen" text="Talent steigern" time="1464987856497" version="HS 5.5.1"/>
<ereignis Abenteuerpunkte="-14" Alt="5" Info="Gegenseitiges Lehren" Neu="6" obj="Fahrzeug lenken" text="Talent steigern" time="1464987860864" version="HS 5.5.1"/>
<ereignis Abenteuerpunkte="-22" Alt="4;3;1" Info="Gegenseitiges Lehren" Neu="5;3;1" obj="Dolche" text="Nahkampftalent steigern" time="1464987932743" version="HS 5.5.1"/>
<ereignis Abenteuerpunkte="100" kommentar=" Gesamt AP: 100 Verfügbare AP: 100" obj="Abenteuerpunkte (Hinzugewinn)" text="Ereignis eingeben" time="1467912657710" version="HS 5.5.1"/>
<ereignis Abenteuerpunkte="-22" Alt="8" Info="SE, Selbststudium" Neu="9" obj="Heilkunde: Wunden" text="Talent steigern" time="1467912673960" version="HS 5.5.1"/>
<ereignis Abenteuerpunkte="-48" Alt="7" Info="Selbststudium" Neu="8" obj="Sinnenschärfe" text="Talent steigern" time="1467912685968" version="HS 5.5.1"/>
<ereignis Abenteuerpunkte="-14" Alt="5" Info="Gegenseitiges Lehren" Neu="6" obj="Kochen" text="Talent steigern" time="1467912698817" version="HS 5.5.1"/>
<ereignis Abenteuerpunkte="-11" Alt="4" Info="Gegenseitiges Lehren" Neu="5" obj="Wildnisleben" text="Talent steigern" time="1467912786866" version="HS 5.5.1"/>
<ereignis Abenteuerpunkte="-8" Alt="6" Info="SE, Gegenseitiges Lehren" Neu="7" obj="Kochen" text="Talent steigern" time="1467912981907" version="HS 5.5.1"/>
<ereignis Abenteuerpunkte="300" kommentar=" Gesamt AP: 300 Verfügbare AP: 300" obj="Abenteuerpunkte (Hinzugewinn)" text="Ereignis eingeben" time="1470762485565" version="HS 5.5.1"/>
<ereignis Abenteuerpunkte="-22" Alt="8" Info="SE, Selbststudium" Neu="9" obj="Überreden" text="Talent steigern" time="1470762567366" version="HS 5.5.1"/>
<ereignis Abenteuerpunkte="-39" Alt="7" Info="SE, Selbststudium" Neu="8" obj="Athletik" text="Talent steigern" time="1470762571078" version="HS 5.5.1"/>
<ereignis Abenteuerpunkte="-95" Alt="9;6;3" Info="Selbststudium" Neu="10;6;3" obj="Zweihandschwerter/-säbel" text="Nahkampftalent steigern" time="1470762584454" version="HS 5.5.1"/>
<ereignis Abenteuerpunkte="-55" Alt="8" Info="Selbststudium" Neu="9" obj="Sinnenschärfe" text="Talent steigern" time="1470762643823" version="HS 5.5.1"/>
<ereignis Abenteuerpunkte="-19" Alt="7" Info="Gegenseitiges Lehren" Neu="8" obj="Kochen" text="Talent steigern" time="1470762797905" version="HS 5.5.1"/>
<ereignis Abenteuerpunkte="100" kommentar=" Gesamt AP: 100 Verfügbare AP: 100" obj="Abenteuerpunkte (Hinzugewinn)" text="Ereignis eingeben" time="1474554977439" version="HS 5.5.1"/>
<ereignis Abenteuerpunkte="120" kommentar=" Gesamt AP: 120 Verfügbare AP: 120" obj="Abenteuerpunkte (Hinzugewinn)" text="Ereignis eingeben" time="1479825345155" version="HS 5.5.1"/>
<ereignis Abenteuerpunkte="-10" Neu="0" obj="Überzeugen" text="Talent aktivieren" time="1480107631641" version="HS 5.5.1"/>
<ereignis Abenteuerpunkte="300" kommentar=" Gesamt AP: 300 Verfügbare AP: 300" obj="Abenteuerpunkte (Hinzugewinn)" text="Ereignis eingeben" time="1480884002049" version="HS 5.5.1"/>
<ereignis Abenteuerpunkte="-5" Info="SE" Neu="0" obj="Lehren" text="Talent aktivieren" time="1480884061572" version="HS 5.5.1"/>
<ereignis Abenteuerpunkte="-55" Alt="8" Info="Selbststudium" Neu="9" obj="Athletik" text="Talent steigern" time="1480884138291" version="HS 5.5.1"/>
<ereignis Abenteuerpunkte="-34" Alt="5" Info="Selbststudium" Neu="6" obj="Reiten" text="Talent steigern" time="1480884145180" version="HS 5.5.1"/>
<ereignis Abenteuerpunkte="-2" Alt="0" Info="Gegenseitiges Lehren" Neu="1" obj="Lehren" text="Talent steigern" time="1480884152804" version="HS 5.5.1"/>
<ereignis Abenteuerpunkte="-6" Alt="1" Info="Selbststudium" Neu="2" obj="Lehren" text="Talent steigern" time="1480884158517" version="HS 5.5.1"/>
<ereignis Abenteuerpunkte="-2" Alt="0" Info="Selbststudium" Neu="1" obj="Überzeugen" text="Talent steigern" time="1480884172437" version="HS 5.5.1"/>
<ereignis Alt="1" Info="Freie Steigerung" Neu="2" obj="Überzeugen" text="Talent steigern" time="1480884175337" version="HS 5.5.1"/>
<ereignis Abenteuerpunkte="-6" Alt="4" Info="Gegenseitiges Lehren" Neu="5" obj="Lesen/Schreiben Kusliker Zeichen" text="Talent steigern" time="1480884189613" version="HS 5.5.1"/>
<ereignis Abenteuerpunkte="-38" Alt="9" Info="Selbststudium" Neu="10" obj="Heilkunde: Wunden" text="Talent steigern" time="1480884204204" version="HS 5.5.1"/>
<ereignis Abenteuerpunkte="-9" Alt="2" Info="Selbststudium" Neu="3" obj="Lehren" text="Talent steigern" time="1480884288189" version="HS 5.5.1"/>
<ereignis Abenteuerpunkte="200" kommentar=" Gesamt AP: 200 Verfügbare AP: 200" obj="Abenteuerpunkte (Hinzugewinn)" text="Ereignis eingeben" time="1489451400573" version="HS 5.5.1"/>
<ereignis Abenteuerpunkte="-280" Alt="10" Neu="11" obj="Körperkraft" text="Eigenschaft steigern" time="1489451418262" version="HS 5.5.1"/>
<ereignis Abenteuerpunkte="-11" Alt="4" Info="SE, Selbststudium" Neu="5" obj="Sagen und Legenden" text="Talent steigern" time="1489451501032" version="HS 5.5.1"/>
<ereignis Abenteuerpunkte="-39" Alt="7" Info="SE, Selbststudium" Neu="8" obj="Körperbeherrschung" text="Talent steigern" time="1489451510321" version="HS 5.5.1"/>
<ereignis Abenteuerpunkte="-21" Alt="5" Info="Selbststudium" Neu="6" obj="Götter und Kulte" text="Talent steigern" time="1489451540769" version="HS 5.5.1"/>
<ereignis Abenteuerpunkte="-10" Neu="0" obj="Heilkunde: Gift" text="Talent aktivieren" time="1497633221118" version="HS 5.5.2"/>
<ereignis Abenteuerpunkte="-1" Alt="0" Info="Lehrmeister" Neu="1" obj="Heilkunde: Gift" text="Talent steigern" time="1497633235864" version="HS 5.5.2"/>
<ereignis Abenteuerpunkte="-2" Alt="1" Info="Lehrmeister" Neu="2" obj="Heilkunde: Gift" text="Talent steigern" time="1497633236376" version="HS 5.5.2"/>
<ereignis Abenteuerpunkte="-3" Alt="2" Info="Lehrmeister" Neu="3" obj="Heilkunde: Gift" text="Talent steigern" time="1497633236940" version="HS 5.5.2"/>
<ereignis Abenteuerpunkte="-4" Alt="3" Info="Lehrmeister" Neu="4" obj="Heilkunde: Gift" text="Talent steigern" time="1497633237612" version="HS 5.5.2"/>
<ereignis Abenteuerpunkte="100" kommentar=" Gesamt AP: 100 Verfügbare AP: 100" obj="Abenteuerpunkte (Hinzugewinn)" text="Ereignis eingeben" time="1498508192127" version="HS 5.5.2"/>
<ereignis Abenteuerpunkte="-21" Alt="3" Info="Selbststudium" Neu="4" obj="Selbstbeherrschung" text="Talent steigern" time="1498508230129" version="HS 5.5.2"/>
<ereignis Abenteuerpunkte="-13" Alt="3" Info="Selbststudium" Neu="4" obj="Lehren" text="Talent steigern" time="1498508237873" version="HS 5.5.2"/>
<ereignis Abenteuerpunkte="-14" Alt="5" Info="Selbststudium" Neu="6" obj="Lesen/Schreiben Kusliker Zeichen" text="Talent steigern" time="1498508261569" version="HS 5.5.2"/>
<ereignis Abenteuerpunkte="-17" Alt="4" Info="Selbststudium" Neu="5" obj="Heilkunde: Gift" text="Talent steigern" time="1498508271346" version="HS 5.5.2"/>
<ereignis Abenteuerpunkte="-55" Alt="10" Info="Selbststudium" Neu="11" obj="Heilkunde: Wunden" text="Talent steigern" time="1498508273842" version="HS 5.5.2"/>
<ereignis Abenteuerpunkte="-9" Alt="2" Info="Selbststudium" Neu="3" obj="Überzeugen" text="Talent steigern" time="1498508401587" version="HS 5.5.2"/>
<ereignis Abenteuerpunkte="400" kommentar=" Gesamt AP: 400 Verfügbare AP: 400" obj="Abenteuerpunkte (Hinzugewinn)" text="Ereignis eingeben" time="1505353371921" version="HS 5.5.2"/>
<ereignis Abenteuerpunkte="-47" Alt="11" Info="SE, Selbststudium" Neu="12" obj="Heilkunde: Wunden" text="Talent steigern" time="1505353421035" version="HS 5.5.2"/>
<ereignis Abenteuerpunkte="-14" Alt="5" Info="SE, Selbststudium" Neu="6" obj="Heilkunde: Gift" text="Talent steigern" time="1505353442508" version="HS 5.5.2"/>
<ereignis Abenteuerpunkte="-25" Alt="6" Info="Selbststudium" Neu="7" obj="Heilkunde: Gift" text="Talent steigern" time="1505353448300" version="HS 5.5.2"/>
<ereignis Abenteuerpunkte="-14" Alt="5" Info="SE, Selbststudium" Neu="6" obj="Orientierung" text="Talent steigern" time="1505353463012" version="HS 5.5.2"/>
<ereignis Abenteuerpunkte="-17" Alt="3" Info="SE, Selbststudium" Neu="4" obj="Schleichen" text="Talent steigern" time="1505353467676" version="HS 5.5.2"/>
<ereignis Abenteuerpunkte="-21" Alt="3" Info="Selbststudium" Neu="4" obj="Sich verstecken" text="Talent steigern" time="1505353495052" version="HS 5.5.2"/>
<ereignis Abenteuerpunkte="-10" Neu="0" obj="Staatskunst" text="Talent aktivieren" time="1505353651702" version="HS 5.5.2"/>
<ereignis Abenteuerpunkte="-1" Alt="0" Info="SE, Gegenseitiges Lehren" Neu="1" obj="Staatskunst" text="Talent steigern" time="1505353664278" version="HS 5.5.2"/>
<ereignis Abenteuerpunkte="-17" Alt="6" Info="SE, Selbststudium" Neu="7" obj="Götter und Kulte" text="Talent steigern" time="1505353690950" version="HS 5.5.2"/>
<ereignis Abenteuerpunkte="100" kommentar=" Gesamt AP: 100 Verfügbare AP: 100" obj="Abenteuerpunkte (Hinzugewinn)" text="Ereignis eingeben" time="1507136335804" version="HS 5.5.2"/>
<ereignis Abenteuerpunkte="-8" Alt="0" Info="SE" Neu="1" obj="Lebensenergie" text="Eigenschaft steigern" time="1507136347213" version="HS 5.5.2"/>
<ereignis Abenteuerpunkte="-10" Neu="0" obj="Heilkunde: Krankheiten" text="Talent aktivieren" time="1507136364080" version="HS 5.5.2"/>
<ereignis Abenteuerpunkte="-10" Neu="0" obj="Heilkunde: Seele" text="Talent aktivieren" time="1507136366095" version="HS 5.5.2"/>
<ereignis Abenteuerpunkte="-2" Alt="0" Info="Gegenseitiges Lehren" Neu="1" obj="Heilkunde: Krankheiten" text="Talent steigern" time="1507136376471" version="HS 5.5.2"/>
<ereignis Abenteuerpunkte="-4" Alt="1" Info="Gegenseitiges Lehren" Neu="2" obj="Heilkunde: Krankheiten" text="Talent steigern" time="1507136384705" version="HS 5.5.2"/>
<ereignis Abenteuerpunkte="-2" Alt="0" Info="Gegenseitiges Lehren" Neu="1" obj="Heilkunde: Seele" text="Talent steigern" time="1507136388456" version="HS 5.5.2"/>
<ereignis Abenteuerpunkte="-4" Alt="1" Info="Gegenseitiges Lehren" Neu="2" obj="Heilkunde: Seele" text="Talent steigern" time="1507136388913" version="HS 5.5.2"/>
<ereignis Abenteuerpunkte="-6" Alt="2" Info="Gegenseitiges Lehren" Neu="3" obj="Heilkunde: Seele" text="Talent steigern" time="1507136390074" version="HS 5.5.2"/>
<ereignis Abenteuerpunkte="-6" Alt="2" Info="Gegenseitiges Lehren" Neu="3" obj="Heilkunde: Krankheiten" text="Talent steigern" time="1507136391401" version="HS 5.5.2"/>
<ereignis Abenteuerpunkte="-70" Alt="12" Info="Selbststudium" Neu="13" obj="Heilkunde: Wunden" text="Talent steigern" time="1507136406626" version="HS 5.5.2"/>
<ereignis Abenteuerpunkte="-25" Alt="6" Info="Selbststudium" Neu="7" obj="Fahrzeug lenken" text="Talent steigern" time="1507136423575" version="HS 5.5.2"/>
<ereignis Abenteuerpunkte="-65" Alt="9" Info="Selbststudium" Neu="10" obj="Sinnenschärfe" text="Talent steigern" time="1507136444551" version="HS 5.5.2"/>
<ereignis Abenteuerpunkte="400" kommentar=" Gesamt AP: 400 Verfügbare AP: 400" obj="Abenteuerpunkte (Hinzugewinn)" text="Ereignis eingeben" time="1510185329002" version="HS 5.5.2"/>
<ereignis Abenteuerpunkte="-350" Alt="12" Neu="13" obj="Konstitution" text="Eigenschaft steigern" time="1510185341758" version="HS 5.5.2"/>
<ereignis Abenteuerpunkte="-5" Info="SE" Neu="0" obj="Geschichtswissen" text="Talent aktivieren" time="1510185375345" version="HS 5.5.2"/>
<ereignis Abenteuerpunkte="-10" Neu="0" obj="Magiekunde" text="Talent aktivieren" time="1510185387220" version="HS 5.5.2"/>
<ereignis Abenteuerpunkte="-28" Alt="4" Info="Selbststudium" Neu="5" obj="Schwimmen" text="Talent steigern" time="1510185449637" version="HS 5.5.2"/>
<ereignis Abenteuerpunkte="-34" Alt="5" Info="Selbststudium" Neu="6" obj="Schwimmen" text="Talent steigern" time="1510185450864" version="HS 5.5.2"/>
<ereignis Abenteuerpunkte="-28" Alt="4" Info="Selbststudium" Neu="5" obj="Selbstbeherrschung" text="Talent steigern" time="1510185454710" version="HS 5.5.2"/>
<ereignis Abenteuerpunkte="-41" Alt="6" Info="Selbststudium" Neu="7" obj="Klettern" text="Talent steigern" time="1510185474082" version="HS 5.5.2"/>
<ereignis Abenteuerpunkte="-17" Alt="6" Info="Selbststudium" Neu="7" obj="Lesen/Schreiben Kusliker Zeichen" text="Talent steigern" time="1510185485238" version="HS 5.5.2"/>
<ereignis Abenteuerpunkte="-9" Alt="2" Info="Selbststudium" Neu="3" obj="Boote fahren" text="Talent steigern" time="1510185494184" version="HS 5.5.2"/>
<ereignis Abenteuerpunkte="-13" Alt="3" Info="Selbststudium" Neu="4" obj="Boote fahren" text="Talent steigern" time="1510185494784" version="HS 5.5.2"/>
<ereignis Abenteuerpunkte="-2" Alt="0" Info="Gegenseitiges Lehren" Neu="1" obj="Magiekunde" text="Talent steigern" time="1510185522117" version="HS 5.5.2"/>
<ereignis Abenteuerpunkte="-4" Alt="1" Info="Gegenseitiges Lehren" Neu="2" obj="Magiekunde" text="Talent steigern" time="1510185522514" version="HS 5.5.2"/>
<ereignis Abenteuerpunkte="-6" Alt="2" Info="Gegenseitiges Lehren" Neu="3" obj="Magiekunde" text="Talent steigern" time="1510185523025" version="HS 5.5.2"/>
<ereignis Abenteuerpunkte="-2" Alt="0" Info="Gegenseitiges Lehren" Neu="1" obj="Geschichtswissen" text="Talent steigern" time="1510185529019" version="HS 5.5.2"/>
<ereignis Abenteuerpunkte="-38" Alt="9" Info="Selbststudium" Neu="10" obj="Überreden" text="Talent steigern" time="1510185541197" version="HS 5.5.2"/>
<ereignis Abenteuerpunkte="90" kommentar=" Gesamt AP: 90 Verfügbare AP: 90" obj="Abenteuerpunkte (Hinzugewinn)" text="Ereignis eingeben" time="1511188116667" version="HS 5.5.2"/>
<ereignis Abenteuerpunkte="-140" Alt="10;7;3" Info="Selbststudium" Neu="11;7;3" obj="Zweihandschwerter/-säbel" text="Nahkampftalent steigern" time="1511188193610" version="HS 5.5.2"/>
<ereignis Abenteuerpunkte="300" kommentar="Abenteuer Chris FrostSteinshizzle Gesamt AP: 300 Verfügbare AP: 300" obj="Abenteuerpunkte (Hinzugewinn)" text="Ereignis eingeben" time="1520029533808" version="HS 5.5.2"/>
<ereignis kommentar="Paddi AB steigerung talente" obj="Abenteuerpunkte (Hinzugewinn)" text="Ereignis eingeben" time="1522078923807" version="HS 5.5.2"/>
<ereignis Abenteuerpunkte="-43" Alt="10" Info="SE, Selbststudium" Neu="11" obj="Überreden" text="Talent steigern" time="1522078970939" version="HS 5.5.2"/>
<ereignis Abenteuerpunkte="-8" Alt="0" Info="SE" Neu="1" obj="Magieresistenz" text="Eigenschaft steigern" time="1522078983819" version="HS 5.5.2"/>
<ereignis Abenteuerpunkte="-14" Alt="5" Info="SE, Selbststudium" Neu="6" obj="Wildnisleben" text="Talent steigern" time="1522079008304" version="HS 5.5.2"/>
<ereignis Abenteuerpunkte="-175" Alt="12" Info="SE" Neu="13" obj="Mut" text="Eigenschaft steigern" time="1522079232728" version="HS 5.5.2"/>
<ereignis Abenteuerpunkte="260" kommentar="Upval story Gesamt AP: 260 Verfügbare AP: 260" obj="Abenteuerpunkte (Hinzugewinn)" text="Ereignis eingeben" time="1524240927503" version="HS 5.5.2"/>
<ereignis Abenteuerpunkte="-19" Alt="13" Info="Lehrmeister" Neu="14" obj="Heilkunde: Wunden" text="Talent steigern" time="1524241188323" version="HS 5.5.2"/>
<ereignis Abenteuerpunkte="-21" Alt="14" Info="Lehrmeister" Neu="15" obj="Heilkunde: Wunden" text="Talent steigern" time="1524241201610" version="HS 5.5.2"/>
<ereignis Abenteuerpunkte="-22" Alt="15" Info="Lehrmeister" Neu="16" obj="Heilkunde: Wunden" text="Talent steigern" time="1524241207380" version="HS 5.5.2"/>
<ereignis Abenteuerpunkte="-65" Alt="11;7;4" Info="Lehrmeister" Neu="12;7;4" obj="Zweihandschwerter/-säbel" text="Nahkampftalent steigern" time="1524241244172" version="HS 5.5.2"/>
<ereignis Abenteuerpunkte="-70" Alt="12;7;4" Info="Lehrmeister" Neu="13;7;4" obj="Zweihandschwerter/-säbel" text="Nahkampftalent steigern" time="1524241251899" version="HS 5.5.2"/>
<ereignis Abenteuerpunkte="-8" Alt="3" Info="Gegenseitiges Lehren" Neu="4" obj="Heilkunde: Krankheiten" text="Talent steigern" time="1524241289287" version="HS 5.5.2"/>
<ereignis Abenteuerpunkte="-11" Alt="4" Info="Gegenseitiges Lehren" Neu="5" obj="Heilkunde: Krankheiten" text="Talent steigern" time="1524241302094" version="HS 5.5.2"/>
<ereignis Abenteuerpunkte="500" kommentar="Joshi: Neue Welt  Gesamt AP: 500 Verfügbare AP: 500" obj="Abenteuerpunkte (Hinzugewinn)" text="Ereignis eingeben" time="1529958403906" version="HS 5.5.2"/>
<ereignis Abenteuerpunkte="-10" Neu="0" obj="Betören" text="Talent aktivieren" time="1529958423558" version="HS 5.5.2"/>
<ereignis Abenteuerpunkte="-50" Alt="9" Info="SE, Selbststudium" Neu="10" obj="Athletik" text="Talent steigern" time="1529958575959" version="HS 5.5.2"/>
<ereignis Abenteuerpunkte="-17" Alt="4" Info="SE, Gegenseitiges Lehren" Neu="5" obj="Schleichen" text="Talent steigern" time="1529958581726" version="HS 5.5.2"/>
<ereignis Abenteuerpunkte="-22" Alt="4" Info="Gegenseitiges Lehren" Neu="5" obj="Sich verstecken" text="Talent steigern" time="1529958594284" version="HS 5.5.2"/>
<ereignis Abenteuerpunkte="-4" Alt="3" Info="SE, Gegenseitiges Lehren" Neu="4" obj="Holzbearbeitung" text="Talent steigern" time="1529958600870" version="HS 5.5.2"/>
<ereignis Abenteuerpunkte="-14" Alt="5" Info="Gegenseitiges Lehren" Neu="6" obj="Heilkunde: Krankheiten" text="Talent steigern" time="1529958607866" version="HS 5.5.2"/>
<ereignis Abenteuerpunkte="-11" Alt="4" Info="Gegenseitiges Lehren" Neu="5" obj="Holzbearbeitung" text="Talent steigern" time="1529958621560" version="HS 5.5.2"/>
<ereignis Abenteuerpunkte="-25" Alt="6" Info="Selbststudium" Neu="7" obj="Wildnisleben" text="Talent steigern" time="1529958641249" version="HS 5.5.2"/>
<ereignis Abenteuerpunkte="-9" Alt="2" Info="Selbststudium" Neu="3" obj="Sich verkleiden" text="Talent steigern" time="1529958655965" version="HS 5.5.2"/>
<ereignis Abenteuerpunkte="-2" Alt="0" Info="Gegenseitiges Lehren" Neu="1" obj="Betören" text="Talent steigern" time="1529958665072" version="HS 5.5.2"/>
<ereignis Abenteuerpunkte="-4" Alt="1" Info="Gegenseitiges Lehren" Neu="2" obj="Betören" text="Talent steigern" time="1529958667446" version="HS 5.5.2"/>
</ereignisse>
<talentliste>
<talent lernmethode="Selbststudium" name="Dolche" probe=" (GE/GE/KK)" value="5"/>
<talent lernmethode="Selbststudium" name="Hiebwaffen" probe=" (GE/GE/KK)" value="1"/>
<talent lernmethode="Selbststudium" name="Infanteriewaffen" probe=" (GE/GE/KK)" value="1"/>
<talent lernmethode="Selbststudium" name="Raufen" probe=" (GE/GE/KK)" value="5"/>
<talent lernmethode="Selbststudium" name="Ringen" probe=" (GE/GE/KK)" value="0"/>
<talent lernmethode="Selbststudium" name="Säbel" probe=" (GE/GE/KK)" value="4"/>
<talent lernmethode="Selbststudium" name="Wurfmesser" probe=" (GE/FF/KK)" value="10"/>
<talent lernmethode="Selbststudium" name="Zweihandschwerter/-säbel" probe=" (GE/GE/KK)" value="13"/>
<talent be="BEx2" lernmethode="Selbststudium" name="Akrobatik" probe=" (MU/GE/KK)" value="11"/>
<talent be="BEx2" lernmethode="Selbststudium" name="Athletik" probe=" (GE/KO/KK)" value="10"/>
<talent be="BEx2" lernmethode="Selbststudium" name="Klettern" probe=" (MU/GE/KK)" value="7"/>
<talent be="BEx2" lernmethode="Selbststudium" name="Körperbeherrschung" probe=" (MU/IN/GE)" value="8"/>
<talent be="BE-2" lernmethode="Selbststudium" name="Reiten" probe=" (CH/GE/KK)" value="6"/>
<talent be="BE" lernmethode="Gegenseitiges Lehren" name="Schleichen" probe=" (MU/IN/GE)" value="5"/>
<talent be="BEx2" lernmethode="Selbststudium" name="Schwimmen" probe=" (GE/KO/KK)" value="6"/>
<talent be="" lernmethode="Selbststudium" name="Selbstbeherrschung" probe=" (MU/KO/KK)" value="5"/>
<talent be="BE-2" lernmethode="Gegenseitiges Lehren" name="Sich verstecken" probe=" (MU/IN/GE)" value="5"/>
<talent be="BE-3" lernmethode="Selbststudium" name="Singen" probe=" (IN/CH/CH)" value="0"/>
<talent be="0-&gt;BE" lernmethode="Selbststudium" name="Sinnenschärfe" probe=" (KL/IN/IN)" value="10"/>
<talent be="BEx2" lernmethode="Selbststudium" name="Tanzen" probe=" (CH/GE/GE)" value="3"/>
<talent be="BEx2" lernmethode="Selbststudium" name="Taschendiebstahl" probe=" (MU/IN/FF)" value="5"/>
<talent be="" lernmethode="Selbststudium" name="Zechen" probe=" (IN/KO/KK)" value="2"/>
<talent lernmethode="Gegenseitiges Lehren" name="Betören" probe=" (IN/CH/CH)" value="2"/>
<talent lernmethode="Selbststudium" name="Etikette" probe=" (KL/IN/CH)" value="1"/>
<talent lernmethode="Selbststudium" name="Gassenwissen" probe=" (KL/IN/CH)" value="4"/>
<talent lernmethode="Selbststudium" name="Lehren" probe=" (KL/IN/CH)" value="4"/>
<talent lernmethode="Selbststudium" name="Menschenkenntnis" probe=" (KL/IN/CH)" value="7"/>
<talent lernmethode="Selbststudium" name="Sich verkleiden" probe=" (MU/CH/GE)" value="3"/>
<talent lernmethode="Selbststudium" name="Überreden" probe=" (MU/IN/CH)" value="11"/>
<talent lernmethode="Gegenseitiges Lehren" name="Überzeugen" probe=" (KL/IN/CH)" value="3"/>
<talent lernmethode="Selbststudium" name="Fährtensuchen" probe=" (KL/IN/KO)" value="2"/>
<talent lernmethode="Selbststudium" name="Fesseln/Entfesseln" probe=" (FF/GE/KK)" value="6"/>
<talent lernmethode="Selbststudium" name="Fischen/Angeln" probe=" (IN/FF/KK)" value="1"/>
<talent lernmethode="Selbststudium" name="Orientierung" probe=" (KL/IN/IN)" value="6"/>
<talent lernmethode="Selbststudium" name="Wildnisleben" probe=" (IN/GE/KO)" value="7"/>
<talent lernmethode="Selbststudium" name="Geografie" probe=" (KL/KL/IN)" value="3"/>
<talent lernmethode="Gegenseitiges Lehren" name="Geschichtswissen" probe=" (KL/KL/IN)" value="1"/>
<talent lernmethode="Selbststudium" name="Götter und Kulte" probe=" (KL/KL/IN)" value="7"/>
<talent lernmethode="Selbststudium" name="Heraldik" probe=" (KL/KL/FF)" value="1"/>
<talent lernmethode="Gegenseitiges Lehren" name="Magiekunde" probe=" (KL/KL/IN)" value="3"/>
<talent lernmethode="Selbststudium" name="Rechnen" probe=" (KL/KL/IN)" value="1"/>
<talent lernmethode="Selbststudium" name="Rechtskunde" probe=" (KL/KL/IN)" value="1"/>
<talent lernmethode="Selbststudium" name="Sagen und Legenden" probe=" (KL/IN/CH)" value="5"/>
<talent lernmethode="Selbststudium" name="Schätzen" probe=" (KL/IN/IN)" value="5"/>
<talent lernmethode="Selbststudium" name="Staatskunst" probe=" (KL/IN/CH)" value="1"/>
<talent lernmethode="Selbststudium" name="Tierkunde" probe=" (MU/KL/IN)" value="4"/>
<talent k="18" lernmethode="Selbststudium" name="Sprachen kennen Garethi" probe=" (KL/IN/CH)" value="11"/>
<talent k="21" lernmethode="Selbststudium" name="Sprachen kennen Rogolan" probe=" (KL/IN/CH)" value="3"/>
<talent k="18" lernmethode="Selbststudium" name="Sprachen kennen Tulamidya" probe=" (KL/IN/CH)" value="4"/>
<talent k="10" lernmethode="Selbststudium" name="Lesen/Schreiben Kusliker Zeichen" probe=" (KL/KL/FF)" value="7"/>
<talent lernmethode="Selbststudium" name="Boote fahren" probe=" (GE/KO/KK)" value="4"/>
<talent lernmethode="Selbststudium" name="Fahrzeug lenken" probe=" (IN/CH/FF)" value="7"/>
<talent lernmethode="Selbststudium" name="Falschspiel" probe=" (MU/CH/FF)" value="4"/>
<talent lernmethode="Selbststudium" name="Hauswirtschaft" probe=" (IN/CH/FF)" value="1"/>
<talent lernmethode="Selbststudium" name="Heilkunde: Gift" probe=" (MU/KL/IN)" value="7"/>
<talent lernmethode="Gegenseitiges Lehren" name="Heilkunde: Krankheiten" probe=" (MU/KL/CH)" value="6"/>
<talent lernmethode="Gegenseitiges Lehren" name="Heilkunde: Seele" probe=" (IN/CH/CH)" value="3"/>
<talent lernmethode="Lehrmeister" name="Heilkunde: Wunden" probe=" (KL/CH/FF)" value="16"/>
<talent lernmethode="Gegenseitiges Lehren" name="Holzbearbeitung" probe=" (KL/FF/KK)" value="5"/>
<talent lernmethode="Selbststudium" name="Kochen" probe=" (KL/IN/FF)" value="8"/>
<talent lernmethode="Selbststudium" name="Lederarbeiten" probe=" (KL/FF/FF)" value="3"/>
<talent lernmethode="Selbststudium" name="Malen/Zeichnen" probe=" (KL/IN/FF)" value="2"/>
<talent lernmethode="Selbststudium" name="Schneidern" probe=" (KL/FF/FF)" value="2"/>
<talent lernmethode="Selbststudium" name="Seefahrt" probe=" (FF/GE/KK)" value="2"/>
</talentliste>
<zauberliste/>
<kampf>
<kampfwerte name="Dolche">
<attacke value="12"/>
<parade value="8"/>
</kampfwerte>
<kampfwerte name="Hiebwaffen">
<attacke value="9"/>
<parade value="7"/>
</kampfwerte>
<kampfwerte name="Infanteriewaffen">
<attacke value="9"/>
<parade value="7"/>
</kampfwerte>
<kampfwerte name="Raufen">
<attacke value="11"/>
<parade value="9"/>
</kampfwerte>
<kampfwerte name="Ringen">
<attacke value="8"/>
<parade value="7"/>
</kampfwerte>
<kampfwerte name="Säbel">
<attacke value="10"/>
<parade value="9"/>
</kampfwerte>
<kampfwerte name="Zweihandschwerter/-säbel">
<attacke value="15"/>
<parade value="13"/>
</kampfwerte>
</kampf>
<gegenstände>
<gegenstand anzahl="1" name="Beinschiene (links), Leder" slot="0"/>
<gegenstand anzahl="1" name="Beinschiene (rechts), Leder" slot="0"/>
<gegenstand anzahl="1" name="Dolch" slot="0">
<Fernkampfwaffe>
<talente kampftalent="Wurfmesser"/>
</Fernkampfwaffe>
</gegenstand>
<gegenstand anzahl="1" name="Lederharnisch" slot="0"/>
<gegenstand anzahl="1" name="Waffenpflegeutensilien" slot="0"/>
<gegenstand anzahl="6" name="Wurfmesser" slot="0">
<Fernkampfwaffe>
<talente kampftalent="Wurfmesser"/>
</Fernkampfwaffe>
</gegenstand>
</gegenstände>
<BoniWaffenlos/>
<kommentare/>
<ausrüstungen>
<heldenausruestung name="jagtwaffe" nummer="0" set="0"/>
</ausrüstungen>
<verbindungen/>
<extention/>
<geldboerse/>
<plugindata/>
</held>
<Signature xmlns="http://www.w3.org/2000/09/xmldsig#">
<SignedInfo>
<CanonicalizationMethod Algorithm="http://www.w3.org/TR/2001/REC-xml-c14n-20010315#WithComments"/>
<SignatureMethod Algorithm="http://www.w3.org/2000/09/xmldsig#dsa-sha1"/>
<Reference URI="">
<Transforms>
<Transform Algorithm="http://www.w3.org/2000/09/xmldsig#enveloped-signature"/>
</Transforms>
<DigestMethod Algorithm="http://www.w3.org/2000/09/xmldsig#sha1"/>
<DigestValue>4AsfpxawUMjgr41MiyjhP7WaFHU=</DigestValue>
</Reference>
</SignedInfo>
<SignatureValue>il65JU7zJsnjZFzy29cIAWg+TsAjlHHre4MP/rVnnzWM8U5doaLd4Q==</SignatureValue>
<KeyInfo>
<KeyValue>
<DSAKeyValue>
<P>/KaCzo4Syrom78z3EQ5SbbB4sF7ey80etKII864WF64B81uRpH5t9jQTxeEu0ImbzRMqzVDZkVG9
xD7nN1kuFw==</P>
<Q>li7dzDacuo67Jg7mtqEm2TRuOMU=</Q>
<G>Z4Rxsnqc9E7pGknFFH2xqaryRPBaQ01khpMdLRQnG541Awtx/XPaF5Bpsy4pNWMOHCBiNU0Nogps
QW5QvnlMpA==</G>
<Y>uVrvWkzIbUdL7E80AiD0PJDX3Ck0beY5StXp1wDAA1/ePpemd6rTBNd8YoCzOovNrX016YMcTSiO
iExM4RWtJA==</Y>
</DSAKeyValue>
</KeyValue>
</KeyInfo>
</Signature>
</helden>
