<?xml version="1.0" encoding="UTF-8" standalone="no"?>
<?xml-stylesheet type="text/xsl" href="helden.xsl"?><helden Version="5.5.3">
<held key="1470577596072" name="Alonzo Melior" stand="1526842019588">
<mods/>
<basis>
<geschlecht name="männlich"/>
<settings name="DSA4.1"/>
<rasse name="helden.model.rasse.Mittellaender" string="Mittelländer">
<groesse gewicht="75" value="182"/>
<aussehen alter="18" augenfarbe="blau" aussehentext0="" aussehentext1="" aussehentext2="" aussehentext3="" familietext0="Drittes Kinid vom Baron zu Laryios" familietext1="" familietext2="" familietext3="" familietext4="" familietext5="" gbjahr="1003" gbmonat="3" gbtag="22" gprest="0" gpstart="110" haarfarbe="braun" kalender="Bosparans Fall" stand="Ledig" titel="von und zu Laryios"/>
</rasse>
<kultur name="helden.model.kultur.Horasreich" string="Horasreich, Städte mit wichtigem Tempel/Pilgerstätte">
<variante name="Städte mit wichtigem Tempel/Pilgerstätte"/>
</kultur>
<ausbildungen>
<ausbildung art="Hauptprofession" name="helden.model.profession.Taugenichts" string="Taugenichts/Taugenichts/Stutzer" tarnidentitaet="">
<variante name="Taugenichts/Stutzer"/>
</ausbildung>
</ausbildungen>
<verify value="17"/>
<notiz notiz0="Notizen" notiz1="" notiz10="" notiz11="" notiz2="" notiz3="" notiz4="" notiz5="" notiz6="" notiz7="" notiz8="" notiz9=""/>
<portraet value=""/>
<abenteuerpunkte value="5210"/>
<freieabenteuerpunkte value="14"/>
</basis>
<eigenschaften>
<eigenschaft mod="0" name="Mut" startwert="14" value="14"/>
<eigenschaft mod="0" name="Klugheit" startwert="13" value="13"/>
<eigenschaft mod="0" name="Intuition" startwert="12" value="13"/>
<eigenschaft mod="0" name="Charisma" startwert="13" value="13"/>
<eigenschaft mod="0" name="Fingerfertigkeit" startwert="10" value="10"/>
<eigenschaft mod="0" name="Gewandtheit" startwert="12" value="14"/>
<eigenschaft mod="0" name="Konstitution" startwert="13" value="13"/>
<eigenschaft mod="0" name="Körperkraft" startwert="13" value="14"/>
<eigenschaft mod="0" name="Sozialstatus" startwert="8" value="9"/>
<eigenschaft mod="10" name="Lebensenergie" value="2"/>
<eigenschaft mod="10" name="Ausdauer" value="0"/>
<eigenschaft grossemeditation="0" mod="0" mrmod="-4" name="Astralenergie" value="0"/>
<eigenschaft karmalqueste="0" mod="0" name="Karmaenergie" value="0"/>
<eigenschaft mod="-4" name="Magieresistenz" value="0"/>
<eigenschaft mod="0" name="ini" value="11"/>
<eigenschaft mod="0" name="at" value="8"/>
<eigenschaft mod="0" name="pa" value="8"/>
<eigenschaft mod="0" name="fk" value="7"/>
</eigenschaften>
<vt>
<vorteil name="Adlige Abstammung"/>
<vorteil name="Akademische Ausbildung (Gelehrter)"/>
<vorteil name="Angst vor Wasser" value="3"/>
<vorteil name="Eitelkeit" value="6"/>
<vorteil name="Neugier" value="8"/>
<vorteil name="Rachsucht" value="6"/>
<vorteil name="Sucht" value="Alkohol (6)"/>
</vt>
<sf>
<sonderfertigkeit name="Aufmerksamkeit"/>
<sonderfertigkeit name="Ausweichen I"/>
<sonderfertigkeit name="Ausweichen II"/>
<sonderfertigkeit name="Finte"/>
<sonderfertigkeit name="Gezielter Stich"/>
<sonderfertigkeit name="Kulturkunde">
<kultur name="Horasreich"/>
</sonderfertigkeit>
<sonderfertigkeit name="Meisterparade"/>
<sonderfertigkeit name="Nandusgefälliges Wissen"/>
<sonderfertigkeit name="Rüstungsgewöhnung I">
<gegenstand name="Lederweste"/>
</sonderfertigkeit>
<sonderfertigkeit name="Talentspezialisierung Fechtwaffen (Rapier)">
<talent name="Fechtwaffen"/>
<spezialisierung name="Rapier"/>
</sonderfertigkeit>
</sf>
<ereignisse>
<ereignis obj="max GP für Helden: 110" text="EINSTELLUNG" time="1470577602334" version="HS 5.5.2"/>
<ereignis obj="max Eigenschafts-GP für Helden: 100" text="EINSTELLUNG" time="1470577602334" version="HS 5.5.2"/>
<ereignis obj="max Eigenschafts-Wert für Helden: 14" text="EINSTELLUNG" time="1470577602334" version="HS 5.5.2"/>
<ereignis Alt="0" Neu="0" kommentar="0 GP" obj="Rasse: Mittelländer" text="RKP" time="1470577602334" version="HS 5.5.2"/>
<ereignis Alt="0" Neu="0" kommentar="5 GP" obj="Kultur: Horasreich, Städte mit wichtigem Tempel/Pilgerstätte" text="RKP" time="1470577602334" version="HS 5.5.2"/>
<ereignis Alt="0" Neu="0" kommentar="6 GP" obj="Profession: Taugenichts/Taugenichts/Stutzer" text="RKP" time="1470577602334" version="HS 5.5.2"/>
<ereignis Alt="0" Neu="14" kommentar="14 GP" obj="Mut: 14" text="EIGENSCHAFTEN" time="1470577602334" version="HS 5.5.2"/>
<ereignis Alt="0" Neu="13" kommentar="13 GP" obj="Klugheit: 13" text="EIGENSCHAFTEN" time="1470577602334" version="HS 5.5.2"/>
<ereignis Alt="0" Neu="12" kommentar="12 GP" obj="Intuition: 12" text="EIGENSCHAFTEN" time="1470577602334" version="HS 5.5.2"/>
<ereignis Alt="0" Neu="13" kommentar="13 GP" obj="Charisma: 13" text="EIGENSCHAFTEN" time="1470577602334" version="HS 5.5.2"/>
<ereignis Alt="0" Neu="10" kommentar="10 GP" obj="Fingerfertigkeit: 10" text="EIGENSCHAFTEN" time="1470577602334" version="HS 5.5.2"/>
<ereignis Alt="0" Neu="12" kommentar="12 GP" obj="Gewandtheit: 12" text="EIGENSCHAFTEN" time="1470577602334" version="HS 5.5.2"/>
<ereignis Alt="0" Neu="13" kommentar="13 GP" obj="Konstitution: 13" text="EIGENSCHAFTEN" time="1470577602334" version="HS 5.5.2"/>
<ereignis Alt="0" Neu="13" kommentar="13 GP" obj="Körperkraft: 13" text="EIGENSCHAFTEN" time="1470577602334" version="HS 5.5.2"/>
<ereignis Alt="0" Neu="8" kommentar="2 GP" obj="Sozialstatus: 8" text="EIGENSCHAFTEN" time="1470577602334" version="HS 5.5.2"/>
<ereignis Alt="0" Neu="7" kommentar="41 AP" obj="Fechtwaffen: 7" text="TALENT" time="1470577602334" version="HS 5.5.2"/>
<ereignis Alt="0" Neu="8" kommentar="48 AP" obj="Fechtwaffen: 8" text="TALENT" time="1470577602334" version="HS 5.5.2"/>
<ereignis Alt="0" Neu="9" kommentar="55 AP" obj="Fechtwaffen: 9" text="TALENT" time="1470577602334" version="HS 5.5.2"/>
<ereignis Alt="0" Neu="10" kommentar="65 AP" obj="Fechtwaffen: 10" text="TALENT" time="1470577602334" version="HS 5.5.2"/>
<ereignis Alt="0" Neu="3" kommentar="12 AP" obj="Sinnenschärfe: 3" text="TALENT" time="1470577602334" version="HS 5.5.2"/>
<ereignis Alt="0" Neu="3" kommentar="12 AP" obj="Taschendiebstahl: 3" text="TALENT" time="1470577602334" version="HS 5.5.2"/>
<ereignis Alt="0" Neu="4" kommentar="17 AP" obj="Taschendiebstahl: 4" text="TALENT" time="1470577602334" version="HS 5.5.2"/>
<ereignis Alt="0" Neu="5" kommentar="22 AP" obj="Taschendiebstahl: 5" text="TALENT" time="1470577602334" version="HS 5.5.2"/>
<ereignis Alt="0" Neu="3" kommentar="12 AP" obj="Zechen: 3" text="TALENT" time="1470577602334" version="HS 5.5.2"/>
<ereignis Alt="0" Neu="4" kommentar="17 AP" obj="Zechen: 4" text="TALENT" time="1470577602334" version="HS 5.5.2"/>
<ereignis Alt="0" Neu="5" kommentar="22 AP" obj="Zechen: 5" text="TALENT" time="1470577602334" version="HS 5.5.2"/>
<ereignis Alt="0" Neu="6" kommentar="27 AP" obj="Zechen: 6" text="TALENT" time="1470577602334" version="HS 5.5.2"/>
<ereignis Alt="0" Neu="7" kommentar="33 AP" obj="Zechen: 7" text="TALENT" time="1470577602334" version="HS 5.5.2"/>
<ereignis Alt="0" Neu="8" kommentar="39 AP" obj="Zechen: 8" text="TALENT" time="1470577602334" version="HS 5.5.2"/>
<ereignis Alt="0" Neu="5" kommentar="11 AP" obj="Gassenwissen: 5" text="TALENT" time="1470577602334" version="HS 5.5.2"/>
<ereignis Alt="0" Neu="7" kommentar="17 AP" obj="Menschenkenntnis: 7" text="TALENT" time="1470577602334" version="HS 5.5.2"/>
<ereignis Alt="0" Neu="6" kommentar="14 AP" obj="Überreden: 6" text="TALENT" time="1470577602334" version="HS 5.5.2"/>
<ereignis Alt="0" Neu="7" kommentar="17 AP" obj="Überreden: 7" text="TALENT" time="1470577602334" version="HS 5.5.2"/>
<ereignis Alt="0" Neu="8" kommentar="19 AP" obj="Überreden: 8" text="TALENT" time="1470577602334" version="HS 5.5.2"/>
<ereignis Alt="0" Neu="0" kommentar="4 GP" obj="Aufmerksamkeit" text="SF" time="1470577602334" version="HS 5.5.2"/>
<ereignis Alt="0" Neu="0" kommentar="6 GP" obj="Ausweichen I" text="SF" time="1470577602334" version="HS 5.5.2"/>
<ereignis Alt="0" Neu="0" kommentar="4 GP" obj="Ausweichen II" text="SF" time="1470577602334" version="HS 5.5.2"/>
<ereignis Alt="0" Neu="0" kommentar="4 GP" obj="Finte" text="SF" time="1470577602334" version="HS 5.5.2"/>
<ereignis Alt="0" Neu="0" kommentar="2 GP" obj="Gezielter Stich" text="SF" time="1470577602334" version="HS 5.5.2"/>
<ereignis Alt="0" Neu="0" kommentar="2 GP" obj="Talentspezialisierung Fechtwaffen (Rapier)" text="SF" time="1470577602334" version="HS 5.5.2"/>
<ereignis Alt="0" Neu="0" kommentar="7 GP" obj="Adlige Abstammung" text="VORTEILE" time="1470577602334" version="HS 5.5.2"/>
<ereignis Alt="0" Neu="0" kommentar="3 GP" obj="Akademische Ausbildung (Gelehrter)" text="VORTEILE" time="1470577602334" version="HS 5.5.2"/>
<ereignis Alt="0" Neu="0" kommentar="-9 GP" obj="Angst vor Wasser: 6" text="VORTEILE" time="1470577602334" version="HS 5.5.2"/>
<ereignis Alt="0" Neu="0" kommentar="-6 GP" obj="Eitelkeit: 6" text="VORTEILE" time="1470577602334" version="HS 5.5.2"/>
<ereignis Alt="0" Neu="0" kommentar="-8 GP" obj="Neugier: 8" text="VORTEILE" time="1470577602334" version="HS 5.5.2"/>
<ereignis Alt="0" Neu="0" kommentar="-6 GP" obj="Rachsucht: 6" text="VORTEILE" time="1470577602334" version="HS 5.5.2"/>
<ereignis Alt="0" Neu="0" kommentar="-6 GP" obj="Sucht: Alkohol (6)" text="VORTEILE" time="1470577602334" version="HS 5.5.2"/>
<ereignis obj="Auswahl" text="Nandusgefälliges Wissen" time="1470577602334" version="HS 5.5.2"/>
<ereignis Neu="5" obj="Auswahl" text="Sprachen kennen Rogolan" time="1470577602334" version="HS 5.5.2"/>
<ereignis Neu="1" obj="Auswahl" text="Hauswirtschaft" time="1470577602334" version="HS 5.5.2"/>
<ereignis Neu="4" obj="Auswahl" text="Sprachen kennen Thorwalsch" time="1470577602334" version="HS 5.5.2"/>
<ereignis Neu="5" obj="Auswahl" text="Fechtwaffen" time="1470577602334" version="HS 5.5.2"/>
<ereignis Neu="2" obj="Auswahl" text="Säbel" time="1470577602334" version="HS 5.5.2"/>
<ereignis Neu="3" obj="Auswahl" text="Sprachen kennen Isdira" time="1470577602334" version="HS 5.5.2"/>
<ereignis Neu="1" obj="Auswahl" text="Raufen" time="1470577602334" version="HS 5.5.2"/>
<ereignis kommentar="Tannfels/Alessandro" obj="Abenteuerpunkte (Hinzugewinn)" text="Ereignis eingeben" time="1471112479155" version="HS 5.5.2"/>
<ereignis Abenteuerpunkte="250" kommentar=" Gesamt AP: 250 Verfügbare AP: 250" obj="Abenteuerpunkte (Hinzugewinn)" text="Ereignis eingeben" time="1471112495704" version="HS 5.5.2"/>
<ereignis Abenteuerpunkte="-55" Alt="10;7;3" Info="SE, Gegenseitiges Lehren" Neu="11;7;3" obj="Fechtwaffen" text="Nahkampftalent steigern" time="1471112896640" version="HS 5.5.2"/>
<ereignis Abenteuerpunkte="-34" Alt="8" Info="SE, Gegenseitiges Lehren" Neu="9" obj="Zechen" text="Talent steigern" time="1471113124466" version="HS 5.5.2"/>
<ereignis Abenteuerpunkte="-17" Alt="3" Info="Gegenseitiges Lehren" Neu="4" obj="Sinnenschärfe" text="Talent steigern" time="1471113145367" version="HS 5.5.2"/>
<ereignis Abenteuerpunkte="-22" Alt="4" Info="Gegenseitiges Lehren" Neu="5" obj="Sinnenschärfe" text="Talent steigern" time="1471113147454" version="HS 5.5.2"/>
<ereignis Abenteuerpunkte="-12" Alt="2" Info="Gegenseitiges Lehren" Neu="3" obj="Selbstbeherrschung" text="Talent steigern" time="1471113178805" version="HS 5.5.2"/>
<ereignis Abenteuerpunkte="-17" Alt="3" Info="Gegenseitiges Lehren" Neu="4" obj="Selbstbeherrschung" text="Talent steigern" time="1471113179321" version="HS 5.5.2"/>
<ereignis Abenteuerpunkte="-22" Alt="4" Info="Gegenseitiges Lehren" Neu="5" obj="Selbstbeherrschung" text="Talent steigern" time="1471113179493" version="HS 5.5.2"/>
<ereignis Abenteuerpunkte="-3" Alt="0" Info="Gegenseitiges Lehren" Neu="1" obj="Athletik" text="Talent steigern" time="1471113188593" version="HS 5.5.2"/>
<ereignis Abenteuerpunkte="-7" Alt="1" Info="Gegenseitiges Lehren" Neu="2" obj="Athletik" text="Talent steigern" time="1471113189642" version="HS 5.5.2"/>
<ereignis Abenteuerpunkte="-12" Alt="2" Info="Gegenseitiges Lehren" Neu="3" obj="Athletik" text="Talent steigern" time="1471113189829" version="HS 5.5.2"/>
<ereignis Abenteuerpunkte="-17" Alt="3" Info="Gegenseitiges Lehren" Neu="4" obj="Athletik" text="Talent steigern" time="1471113190017" version="HS 5.5.2"/>
<ereignis Abenteuerpunkte="-22" Alt="4" Info="Gegenseitiges Lehren" Neu="5" obj="Athletik" text="Talent steigern" time="1471113191418" version="HS 5.5.2"/>
<ereignis Alt="D: 0 S: 0 H: 0 K: 0" Info="Geldbörse" Neu="D: 17 S: 4 H: 7 K: 0" obj="Mittelreich" text="Geld" time="1472904907452" version="HS 5.5.2"/>
<ereignis Alt="D: 17 S: 4 H: 7 K: 0" Info="Geldbörse" Neu="D: 26 S: 8 H: 5 K: 0" obj="Mittelreich" text="Geld" time="1472925700246" version="HS 5.5.2"/>
<ereignis Abenteuerpunkte="450" kommentar="Alessandros Einhornteuer Gesamt AP: 450 Verfügbare AP: 450" obj="Abenteuerpunkte (Hinzugewinn)" text="Ereignis eingeben" time="1472926253505" version="HS 5.5.2"/>
<ereignis Abenteuerpunkte="-75" Alt="6" Neu="5" obj="Angst vor Wasser: 6" text="Nachteile senken" time="1472926342138" version="HS 5.5.2"/>
<ereignis Abenteuerpunkte="-21" Alt="5" Info="SE, Gegenseitiges Lehren" Neu="6" obj="Taschendiebstahl" text="Talent steigern" time="1472926427277" version="HS 5.5.2"/>
<ereignis Abenteuerpunkte="-9" Alt="2" Info="Selbststudium" Neu="3" obj="Brett-/Kartenspiel" text="Talent steigern" time="1472926536262" version="HS 5.5.2"/>
<ereignis Abenteuerpunkte="-13" Alt="3" Info="Selbststudium" Neu="4" obj="Brett-/Kartenspiel" text="Talent steigern" time="1472926537418" version="HS 5.5.2"/>
<ereignis Abenteuerpunkte="-17" Alt="4" Info="Selbststudium" Neu="5" obj="Brett-/Kartenspiel" text="Talent steigern" time="1472926538590" version="HS 5.5.2"/>
<ereignis Abenteuerpunkte="-21" Alt="5" Info="Selbststudium" Neu="6" obj="Brett-/Kartenspiel" text="Talent steigern" time="1472926546181" version="HS 5.5.2"/>
<ereignis Abenteuerpunkte="-21" Alt="5" Info="Selbststudium" Neu="6" obj="Gassenwissen" text="Talent steigern" time="1472926586889" version="HS 5.5.2"/>
<ereignis Abenteuerpunkte="-25" Alt="6" Info="Selbststudium" Neu="7" obj="Gassenwissen" text="Talent steigern" time="1472926587389" version="HS 5.5.2"/>
<ereignis Abenteuerpunkte="-33" Alt="6" Info="Gegenseitiges Lehren" Neu="7" obj="Taschendiebstahl" text="Talent steigern" time="1473082288529" version="HS 5.5.2"/>
<ereignis Abenteuerpunkte="-15" Alt="2" Info="Selbststudium" Neu="3" obj="Körperbeherrschung" text="Talent steigern" time="1473082313175" version="HS 5.5.2"/>
<ereignis Abenteuerpunkte="-21" Alt="3" Info="Selbststudium" Neu="4" obj="Körperbeherrschung" text="Talent steigern" time="1473082313851" version="HS 5.5.2"/>
<ereignis Abenteuerpunkte="-28" Alt="4" Info="Selbststudium" Neu="5" obj="Körperbeherrschung" text="Talent steigern" time="1473082320353" version="HS 5.5.2"/>
<ereignis Abenteuerpunkte="-2" Alt="0" Info="Selbststudium" Neu="1" obj="Orientierung" text="Talent steigern" time="1473082341253" version="HS 5.5.2"/>
<ereignis Abenteuerpunkte="-6" Alt="1" Info="Selbststudium" Neu="2" obj="Orientierung" text="Talent steigern" time="1473082341845" version="HS 5.5.2"/>
<ereignis Abenteuerpunkte="-9" Alt="2" Info="Selbststudium" Neu="3" obj="Orientierung" text="Talent steigern" time="1473082342453" version="HS 5.5.2"/>
<ereignis Abenteuerpunkte="-13" Alt="3" Info="Selbststudium" Neu="4" obj="Orientierung" text="Talent steigern" time="1473082343300" version="HS 5.5.2"/>
<ereignis Abenteuerpunkte="-17" Alt="4" Info="Selbststudium" Neu="5" obj="Orientierung" text="Talent steigern" time="1473082344128" version="HS 5.5.2"/>
<ereignis Abenteuerpunkte="-21" Alt="5" Info="Selbststudium" Neu="6" obj="Orientierung" text="Talent steigern" time="1473082345788" version="HS 5.5.2"/>
<ereignis Abenteuerpunkte="-9" Alt="2" Info="Selbststudium" Neu="3" obj="Sich verkleiden" text="Talent steigern" time="1473082352847" version="HS 5.5.2"/>
<ereignis Abenteuerpunkte="-13" Alt="3" Info="Selbststudium" Neu="4" obj="Sich verkleiden" text="Talent steigern" time="1473082353799" version="HS 5.5.2"/>
<ereignis Abenteuerpunkte="-17" Alt="4" Info="Selbststudium" Neu="5" obj="Sich verkleiden" text="Talent steigern" time="1473082354587" version="HS 5.5.2"/>
<ereignis Abenteuerpunkte="-21" Alt="5" Info="Selbststudium" Neu="6" obj="Sich verkleiden" text="Talent steigern" time="1473082356215" version="HS 5.5.2"/>
<ereignis Abenteuerpunkte="-29" Alt="7" Info="Selbststudium" Neu="8" obj="Gassenwissen" text="Talent steigern" time="1473082373487" version="HS 5.5.2"/>
<ereignis Abenteuerpunkte="200" kommentar="Paddis Abenteuer, erster Teil Gesamt AP: 200 Verfügbare AP: 200" obj="Abenteuerpunkte (Hinzugewinn)" text="Ereignis eingeben" time="1473538106168" version="HS 5.5.2"/>
<ereignis Abenteuerpunkte="-16" Alt="0" Neu="1" obj="Lebensenergie" text="Eigenschaft steigern" time="1473538123202" version="HS 5.5.2"/>
<ereignis Abenteuerpunkte="-18" Alt="1" Info="SE" Neu="2" obj="Lebensenergie" text="Eigenschaft steigern" time="1473538134767" version="HS 5.5.2"/>
<ereignis Abenteuerpunkte="-160" Alt="11;8;3" Info="Selbststudium" Neu="12;8;3" obj="Fechtwaffen" text="Nahkampftalent steigern" time="1473538195835" version="HS 5.5.2"/>
<ereignis Abenteuerpunkte="-7" Alt="5" Info="SE, Gegenseitiges Lehren" Neu="6" obj="Götter und Kulte" text="Talent steigern" time="1473538201266" version="HS 5.5.2"/>
<ereignis Abenteuerpunkte="-2" Alt="1" Info="SE, Gegenseitiges Lehren" Neu="2" obj="Hauswirtschaft" text="Talent steigern" time="1473538204965" version="HS 5.5.2"/>
<ereignis Abenteuerpunkte="150" kommentar="zweiter Teil Paddis Abenteuer Gesamt AP: 150 Verfügbare AP: 150" obj="Abenteuerpunkte (Hinzugewinn)" text="Ereignis eingeben" time="1474131745904" version="HS 5.5.2"/>
<ereignis Abenteuerpunkte="-8" Alt="6" Info="SE, Gegenseitiges Lehren" Neu="7" obj="Orientierung" text="Talent steigern" time="1474131803823" version="HS 5.5.2"/>
<ereignis Abenteuerpunkte="-2" Alt="0" Info="Selbststudium" Neu="1" obj="Holzbearbeitung" text="Talent steigern" time="1475316402693" version="HS 5.5.2"/>
<ereignis Abenteuerpunkte="-6" Alt="1" Info="Selbststudium" Neu="2" obj="Holzbearbeitung" text="Talent steigern" time="1475316406124" version="HS 5.5.2"/>
<ereignis Abenteuerpunkte="-9" Alt="2" Info="Selbststudium" Neu="3" obj="Holzbearbeitung" text="Talent steigern" time="1475316406952" version="HS 5.5.2"/>
<ereignis Abenteuerpunkte="-9" Alt="2" Info="Selbststudium" Neu="3" obj="Hauswirtschaft" text="Talent steigern" time="1475316430080" version="HS 5.5.2"/>
<ereignis Abenteuerpunkte="-13" Alt="3" Info="Selbststudium" Neu="4" obj="Hauswirtschaft" text="Talent steigern" time="1475316433619" version="HS 5.5.2"/>
<ereignis Abenteuerpunkte="-13" Alt="3" Info="Selbststudium" Neu="4" obj="Falschspiel" text="Talent steigern" time="1475316448980" version="HS 5.5.2"/>
<ereignis Alt="D: 26 S: 8 H: 5 K: 0" Info="Geldbörse" Neu="D: 30 S: 5 H: 0 K: 0" obj="Mittelreich" text="Geld" time="1475316490467" version="HS 5.5.2"/>
<ereignis Abenteuerpunkte="-2" Alt="0" Info="Selbststudium" Neu="1" obj="Fährtensuchen" text="Talent steigern" time="1475316563416" version="HS 5.5.2"/>
<ereignis Abenteuerpunkte="-6" Alt="1" Info="Selbststudium" Neu="2" obj="Fährtensuchen" text="Talent steigern" time="1475316563620" version="HS 5.5.2"/>
<ereignis Alt="D: 30 S: 5 H: 0 K: 0" Info="Geldbörse" Neu="D: 30 S: 4 H: 0 K: 0" obj="Mittelreich" text="Geld" time="1475326872450" version="HS 5.5.2"/>
<ereignis Abenteuerpunkte="-12" Alt="2" Info="Selbststudium" Neu="3" obj="Wurfmesser" text="Talent steigern" time="1475326905511" version="HS 5.5.2"/>
<ereignis Abenteuerpunkte="350" kommentar="Dritter Teil, Paddis Abenteuer Donnerbach Gesamt AP: 350 Verfügbare AP: 350" obj="Abenteuerpunkte (Hinzugewinn)" text="Ereignis eingeben" time="1475482042920" version="HS 5.5.2"/>
<ereignis Abenteuerpunkte="-6" Alt="4" Info="SE, Gegenseitiges Lehren" Neu="5" obj="Sagen und Legenden" text="Talent steigern" time="1475482110392" version="HS 5.5.2"/>
<ereignis Abenteuerpunkte="-10" Alt="7" Info="SE, Gegenseitiges Lehren" Neu="8" obj="Orientierung" text="Talent steigern" time="1475482122069" version="HS 5.5.2"/>
<ereignis Abenteuerpunkte="-38" Alt="9" Info="SE, Gegenseitiges Lehren" Neu="10" obj="Zechen" text="Talent steigern" time="1475482133302" version="HS 5.5.2"/>
<ereignis Alt="D: 30 S: 4 H: 0 K: 0" Info="Geldbörse" Neu="D: 28 S: 9 H: 8 K: 0" obj="Mittelreich" text="Geld" time="1475514080223" version="HS 5.5.2"/>
<ereignis Abenteuerpunkte="-4" Alt="0" Info="Selbststudium" Neu="1" obj="Klettern" text="Talent steigern" time="1475514551913" version="HS 5.5.2"/>
<ereignis Abenteuerpunkte="-9" Alt="1" Info="Selbststudium" Neu="2" obj="Klettern" text="Talent steigern" time="1475514552474" version="HS 5.5.2"/>
<ereignis Abenteuerpunkte="-175" Alt="12;8;4" Info="Selbststudium" Neu="13;8;4" obj="Fechtwaffen" text="Nahkampftalent steigern" time="1475514581072" version="HS 5.5.2"/>
<ereignis Abenteuerpunkte="-17" Alt="3" Info="Selbststudium" Neu="4" obj="Wurfmesser" text="Talent steigern" time="1475514615269" version="HS 5.5.2"/>
<ereignis Abenteuerpunkte="-6" Alt="1" Info="Selbststudium" Neu="2" obj="Rechtskunde" text="Talent steigern" time="1476108840099" version="HS 5.5.2"/>
<ereignis Abenteuerpunkte="-9" Alt="2" Info="Selbststudium" Neu="3" obj="Rechtskunde" text="Talent steigern" time="1476108841020" version="HS 5.5.2"/>
<ereignis Abenteuerpunkte="-13" Alt="3" Info="Selbststudium" Neu="4" obj="Rechtskunde" text="Talent steigern" time="1476108842036" version="HS 5.5.2"/>
<ereignis Abenteuerpunkte="-17" Alt="4" Info="Selbststudium" Neu="5" obj="Rechtskunde" text="Talent steigern" time="1476108844552" version="HS 5.5.2"/>
<ereignis Abenteuerpunkte="-21" Alt="5" Info="Selbststudium" Neu="6" obj="Rechtskunde" text="Talent steigern" time="1476108845119" version="HS 5.5.2"/>
<ereignis Abenteuerpunkte="-17" Alt="4" Info="Selbststudium" Neu="5" obj="Falschspiel" text="Talent steigern" time="1476108865820" version="HS 5.5.2"/>
<ereignis Abenteuerpunkte="-17" Alt="4" Info="Selbststudium" Neu="5" obj="Hauswirtschaft" text="Talent steigern" time="1476108866780" version="HS 5.5.2"/>
<ereignis Abenteuerpunkte="-21" Alt="5" Info="Selbststudium" Neu="6" obj="Falschspiel" text="Talent steigern" time="1476108870325" version="HS 5.5.2"/>
<ereignis Abenteuerpunkte="-25" Alt="6" Info="Selbststudium" Neu="7" obj="Falschspiel" text="Talent steigern" time="1476108875068" version="HS 5.5.2"/>
<ereignis Abenteuerpunkte="200" kommentar="Maiks Rennenabenteuer Gesamt AP: 200 Verfügbare AP: 200" obj="Abenteuerpunkte (Hinzugewinn)" text="Ereignis eingeben" time="1476555316780" version="HS 5.5.2"/>
<ereignis Abenteuerpunkte="-21" Alt="5" Info="SE, Gegenseitiges Lehren" Neu="6" obj="Sinnenschärfe" text="Talent steigern" time="1476555429949" version="HS 5.5.2"/>
<ereignis Abenteuerpunkte="-190" Alt="13;9;4" Info="Selbststudium" Neu="14;9;4" obj="Fechtwaffen" text="Nahkampftalent steigern" time="1476555439389" version="HS 5.5.2"/>
<ereignis Abenteuerpunkte="150" kommentar="Maiks Abenteuer 26.11 Gesamt AP: 150 Verfügbare AP: 150" obj="Abenteuerpunkte (Hinzugewinn)" text="Ereignis eingeben" time="1480767480663" version="HS 5.5.2"/>
<ereignis Abenteuerpunkte="-7" Alt="5" Info="SE, Gegenseitiges Lehren" Neu="6" obj="Sprachen kennen Rogolan" text="Talent steigern" time="1480767509302" version="HS 5.5.2"/>
<ereignis Abenteuerpunkte="150" kommentar="Maiks Abenteuer Gesamt AP: 150 Verfügbare AP: 150" obj="Abenteuerpunkte (Hinzugewinn)" text="Ereignis eingeben" time="1480790148165" version="HS 5.5.2"/>
<ereignis Abenteuerpunkte="-8" Alt="6" Info="SE, Gegenseitiges Lehren" Neu="7" obj="Brett-/Kartenspiel" text="Talent steigern" time="1480790171764" version="HS 5.5.2"/>
<ereignis Abenteuerpunkte="-43" Alt="10" Info="SE, Gegenseitiges Lehren" Neu="11" obj="Zechen" text="Talent steigern" time="1480790183853" version="HS 5.5.2"/>
<ereignis Abenteuerpunkte="-41" Alt="6" Info="Selbststudium" Neu="7" obj="Sinnenschärfe" text="Talent steigern" time="1483786482930" version="HS 5.5.2"/>
<ereignis Abenteuerpunkte="100" kommentar="Maiks Abenteuer Gesamt AP: 100 Verfügbare AP: 100" obj="Abenteuerpunkte (Hinzugewinn)" text="Ereignis eingeben" time="1483810124187" version="HS 5.5.2"/>
<ereignis Abenteuerpunkte="-7" Alt="5" Info="SE, Gegenseitiges Lehren" Neu="6" obj="Sagen und Legenden" text="Talent steigern" time="1483810144947" version="HS 5.5.2"/>
<ereignis Abenteuerpunkte="-8" Alt="6" Info="SE, Gegenseitiges Lehren" Neu="7" obj="Götter und Kulte" text="Talent steigern" time="1483810152040" version="HS 5.5.2"/>
<ereignis Abenteuerpunkte="100" kommentar="Maiks Abenteuer nach Gareth und wieder weg Gesamt AP: 100 Verfügbare AP: 100" obj="Abenteuerpunkte (Hinzugewinn)" text="Ereignis eingeben" time="1485018759689" version="HS 5.5.2"/>
<ereignis Abenteuerpunkte="-8" Alt="6" Info="SE, Gegenseitiges Lehren" Neu="7" obj="Sagen und Legenden" text="Talent steigern" time="1485018864297" version="HS 5.5.2"/>
<ereignis Abenteuerpunkte="-21" Alt="5" Info="SE, Gegenseitiges Lehren" Neu="6" obj="Tanzen" text="Talent steigern" time="1485018899991" version="HS 5.5.2"/>
<ereignis Abenteuerpunkte="200" kommentar="Ende von Maiks Abenteuer Gesamt AP: 200 Verfügbare AP: 200" obj="Abenteuerpunkte (Hinzugewinn)" text="Ereignis eingeben" time="1486223484795" version="HS 5.5.2"/>
<ereignis Abenteuerpunkte="-85" Alt="14;9;5" Info="Lehrmeister" Neu="15;9;5" obj="Fechtwaffen" text="Nahkampftalent steigern" time="1489568063053" version="HS 5.5.2"/>
<ereignis Abenteuerpunkte="-17" Alt="3;2;1" Info="Selbststudium" Neu="4;2;1" obj="Raufen" text="Nahkampftalent steigern" time="1493461533235" version="HS 5.5.2"/>
<ereignis Abenteuerpunkte="-22" Alt="4;2;1" Info="Selbststudium" Neu="5;2;1" obj="Raufen" text="Nahkampftalent steigern" time="1493461535130" version="HS 5.5.2"/>
<ereignis Abenteuerpunkte="-27" Alt="5;2;1" Info="Selbststudium" Neu="6;2;1" obj="Raufen" text="Nahkampftalent steigern" time="1493461536176" version="HS 5.5.2"/>
<ereignis Abenteuerpunkte="-33" Alt="6;2;1" Info="Selbststudium" Neu="7;2;1" obj="Raufen" text="Nahkampftalent steigern" time="1493461536954" version="HS 5.5.2"/>
<ereignis Abenteuerpunkte="-39" Alt="7;2;1" Info="Selbststudium" Neu="8;2;1" obj="Raufen" text="Nahkampftalent steigern" time="1493461537742" version="HS 5.5.2"/>
<ereignis Abenteuerpunkte="-45" Alt="8;4;4" Info="Selbststudium" Neu="9;4;4" obj="Raufen" text="Nahkampftalent steigern" time="1493461557827" version="HS 5.5.2"/>
<ereignis Abenteuerpunkte="50" kommentar="Birselburg 2.0 Teil1 29.04 Gesamt AP: 50 Verfügbare AP: 50" obj="Abenteuerpunkte (Hinzugewinn)" text="Ereignis eingeben" time="1494321310206" version="HS 5.5.2"/>
<ereignis Alt="8" Neu="9" obj="Sozialstatus" text="Eigenschaft steigern" time="1494321351040" version="HS 5.5.2"/>
<ereignis Alt="9" Neu="8" obj="Sozialstatus" text="Eigenschaft steigern" time="1494321379611" version="HS 5.5.2"/>
<ereignis Abenteuerpunkte="-90" Alt="15;10;5" Info="Lehrmeister" Neu="16;10;5" obj="Fechtwaffen" text="Nahkampftalent steigern" time="1494321425156" version="HS 5.5.2"/>
<ereignis Abenteuerpunkte="-21" Alt="3" Info="Selbststudium" Neu="4" obj="Reiten" text="Talent steigern" time="1494672771730" version="HS 5.5.2"/>
<ereignis Abenteuerpunkte="-28" Alt="4" Info="Selbststudium" Neu="5" obj="Reiten" text="Talent steigern" time="1494672771953" version="HS 5.5.2"/>
<ereignis Abenteuerpunkte="100" kommentar="Birselburg Teil 2 13.05 Gesamt AP: 100 Verfügbare AP: 100" obj="Abenteuerpunkte (Hinzugewinn)" text="Ereignis eingeben" time="1494686506904" version="HS 5.5.2"/>
<ereignis Abenteuerpunkte="-21" Alt="5" Info="SE, Gegenseitiges Lehren" Neu="6" obj="Reiten" text="Talent steigern" time="1494686548313" version="HS 5.5.2"/>
<ereignis Abenteuerpunkte="-6" Alt="1" Info="Selbststudium" Neu="2" obj="Staatskunst" text="Talent steigern" time="1495272162939" version="HS 5.5.2"/>
<ereignis Abenteuerpunkte="-9" Alt="2" Info="Selbststudium" Neu="3" obj="Staatskunst" text="Talent steigern" time="1495272164220" version="HS 5.5.2"/>
<ereignis Abenteuerpunkte="100" kommentar="BIrselburg 2.0 20.05 Gesamt AP: 100 Verfügbare AP: 100" obj="Abenteuerpunkte (Hinzugewinn)" text="Ereignis eingeben" time="1496174350156" version="HS 5.5.2"/>
<ereignis Abenteuerpunkte="-41" Alt="6" Info="Selbststudium" Neu="7" obj="Reiten" text="Talent steigern" time="1496483738817" version="HS 5.5.2"/>
<ereignis Abenteuerpunkte="-10" Alt="7" Info="SE, Gegenseitiges Lehren" Neu="8" obj="Sagen und Legenden" text="Talent steigern" time="1496483789101" version="HS 5.5.2"/>
<ereignis Abenteuerpunkte="110" kommentar="Birselburg 2.0 Teil 3 03.06. Gesamt AP: 110 Verfügbare AP: 110" obj="Abenteuerpunkte (Hinzugewinn)" text="Ereignis eingeben" time="1496519032728" version="HS 5.5.2"/>
<ereignis Abenteuerpunkte="-29" Alt="7" Info="Selbststudium" Neu="8" obj="Brett-/Kartenspiel" text="Talent steigern" time="1496519069325" version="HS 5.5.2"/>
<ereignis Abenteuerpunkte="-11" Alt="8" Info="SE, Gegenseitiges Lehren" Neu="9" obj="Brett-/Kartenspiel" text="Talent steigern" time="1496519074834" version="HS 5.5.2"/>
<ereignis Abenteuerpunkte="-21" Alt="5" Info="SE, Gegenseitiges Lehren" Neu="6" obj="Athletik" text="Talent steigern" time="1496519088512" version="HS 5.5.2"/>
<ereignis Alt="D: 28 S: 9 H: 8 K: 0" Info="Geldbörse" Neu="D: 0 S: 0 H: 0 K: 0" obj="Mittelreich" text="Geld" time="1497179050139" version="HS 5.5.2"/>
<ereignis Alt="8" Neu="9" obj="Sozialstatus" text="Eigenschaft steigern" time="1497179235101" version="HS 5.5.2"/>
<ereignis Abenteuerpunkte="-10" Neu="0" obj="Heraldik" text="Talent aktivieren" time="1497185162519" version="HS 5.5.2"/>
<ereignis Abenteuerpunkte="-1" Alt="0" Info="Lehrmeister" Neu="1" obj="Heraldik" text="Talent steigern" time="1497185181128" version="HS 5.5.2"/>
<ereignis Abenteuerpunkte="-2" Alt="1" Info="Lehrmeister" Neu="2" obj="Heraldik" text="Talent steigern" time="1497185183075" version="HS 5.5.2"/>
<ereignis Abenteuerpunkte="-3" Alt="2" Info="Lehrmeister" Neu="3" obj="Heraldik" text="Talent steigern" time="1497185184560" version="HS 5.5.2"/>
<ereignis Abenteuerpunkte="-10" Neu="0" obj="Magiekunde" text="Talent aktivieren" time="1497196850620" version="HS 5.5.2"/>
<ereignis Abenteuerpunkte="-13" Alt="3" Info="Selbststudium" Neu="4" obj="Sprachen kennen Isdira" text="Talent steigern" time="1497196906377" version="HS 5.5.2"/>
<ereignis Abenteuerpunkte="-17" Alt="4" Info="Selbststudium" Neu="5" obj="Sprachen kennen Isdira" text="Talent steigern" time="1497196922286" version="HS 5.5.2"/>
<ereignis Abenteuerpunkte="75" kommentar=" Gesamt AP: 75 Verfügbare AP: 75" obj="Abenteuerpunkte (Hinzugewinn)" text="Ereignis eingeben" time="1497208948427" version="HS 5.5.2"/>
<ereignis Abenteuerpunkte="-2" Alt="0" Info="Selbststudium" Neu="1" obj="Magiekunde" text="Talent steigern" time="1498394632426" version="HS 5.5.2"/>
<ereignis Abenteuerpunkte="-6" Alt="1" Info="Selbststudium" Neu="2" obj="Magiekunde" text="Talent steigern" time="1498394633629" version="HS 5.5.2"/>
<ereignis Abenteuerpunkte="100" kommentar="Birselburg Ende von Goblin Schamane Gesamt AP: 100 Verfügbare AP: 100" obj="Abenteuerpunkte (Hinzugewinn)" text="Ereignis eingeben" time="1498415202840" version="HS 5.5.2"/>
<ereignis Abenteuerpunkte="-3" Alt="2" Info="Lehrmeister" Neu="3" obj="Geschichtswissen" text="Talent steigern" time="1498415243493" version="HS 5.5.2"/>
<ereignis Abenteuerpunkte="-4" Alt="3" Info="Lehrmeister" Neu="4" obj="Geschichtswissen" text="Talent steigern" time="1498415244931" version="HS 5.5.2"/>
<ereignis Abenteuerpunkte="-15" Alt="2" Info="Selbststudium" Neu="3" obj="Klettern" text="Talent steigern" time="1498415260965" version="HS 5.5.2"/>
<ereignis Abenteuerpunkte="-21" Alt="3" Info="Selbststudium" Neu="4" obj="Klettern" text="Talent steigern" time="1498415264729" version="HS 5.5.2"/>
<ereignis Abenteuerpunkte="75" kommentar="Pawel ist tot Gesamt AP: 75 Verfügbare AP: 75" obj="Abenteuerpunkte (Hinzugewinn)" text="Ereignis eingeben" time="1498933613542" version="HS 5.5.2"/>
<ereignis Abenteuerpunkte="-350" Alt="12" Neu="13" obj="Gewandtheit" text="Eigenschaft steigern" time="1498933621354" version="HS 5.5.2"/>
<ereignis Abenteuerpunkte="-8" Alt="6" Info="Gegenseitiges Lehren" Neu="7" obj="Lesen/Schreiben Kusliker Zeichen" text="Talent steigern" time="1499598698044" version="HS 5.5.2"/>
<ereignis Abenteuerpunkte="150" kommentar="Ende Sturmgeboren Gesamt AP: 150 Verfügbare AP: 150" obj="Abenteuerpunkte (Hinzugewinn)" text="Ereignis eingeben" time="1499621607738" version="HS 5.5.2"/>
<ereignis Abenteuerpunkte="-6" Alt="1" Info="SE, Gegenseitiges Lehren" Neu="2" obj="Schwimmen" text="Talent steigern" time="1499621622445" version="HS 5.5.2"/>
<ereignis Abenteuerpunkte="-4" Alt="4" Info="SE, Lehrmeister" Neu="5" obj="Geschichtswissen" text="Talent steigern" time="1499621638296" version="HS 5.5.2"/>
<ereignis Abenteuerpunkte="-75" Alt="5" Neu="4" obj="Angst vor Wasser: 5" text="Nachteile senken" time="1499621763199" version="HS 5.5.2"/>
<ereignis Abenteuerpunkte="-150" obj="Rüstungsgewöhnung I (Lederweste)" text="Sonderfertigkeit hinzugefügt" time="1506689946627" version="HS 5.5.2"/>
<ereignis Abenteuerpunkte="300" kommentar="1. Teil Frostklirren Gesamt AP: 300 Verfügbare AP: 300" obj="Abenteuerpunkte (Hinzugewinn)" text="Ereignis eingeben" time="1507664868894" version="HS 5.5.2"/>
<ereignis Abenteuerpunkte="250" kommentar="Mitte und Ende von Frostklingen 1 Gesamt AP: 250 Verfügbare AP: 250" obj="Abenteuerpunkte (Hinzugewinn)" text="Ereignis eingeben" time="1511118952296" version="HS 5.5.2"/>
<ereignis Abenteuerpunkte="-380" Alt="13" Neu="14" obj="Gewandtheit" text="Eigenschaft steigern" time="1511120182976" version="HS 5.5.2"/>
<ereignis Abenteuerpunkte="-38" Alt="9" Info="Selbststudium" Neu="10" obj="Brett-/Kartenspiel" text="Talent steigern" time="1511120309387" version="HS 5.5.2"/>
<ereignis Abenteuerpunkte="-13" Alt="3" Info="Selbststudium" Neu="4" obj="Schätzen" text="Talent steigern" time="1511120317613" version="HS 5.5.2"/>
<ereignis Abenteuerpunkte="-5" Info="SE" Neu="0" obj="Boote fahren" text="Talent aktivieren" time="1511120340351" version="HS 5.5.2"/>
<ereignis Abenteuerpunkte="-10" Neu="0" obj="Überzeugen" text="Talent aktivieren" time="1511120353016" version="HS 5.5.2"/>
<ereignis Abenteuerpunkte="-95" Alt="16;10;6" Info="Lehrmeister" Neu="17;10;6" obj="Fechtwaffen" text="Nahkampftalent steigern" time="1511120360318" version="HS 5.5.2"/>
<ereignis Abenteuerpunkte="-9" Alt="1" Info="Selbststudium" Neu="2" obj="Schleichen" text="Talent steigern" time="1511120395888" version="HS 5.5.2"/>
<ereignis Abenteuerpunkte="200" kommentar="Wir haben den Stein besorgt! Gesamt AP: 200 Verfügbare AP: 200" obj="Abenteuerpunkte (Hinzugewinn)" text="Ereignis eingeben" time="1513758882050" version="HS 5.5.2"/>
<ereignis Abenteuerpunkte="-200" obj="Meisterparade" text="Sonderfertigkeit hinzugefügt" time="1513758901394" version="HS 5.5.2"/>
<ereignis Abenteuerpunkte="-9" Alt="2" Info="SE, Gegenseitiges Lehren" Neu="3" obj="Schwimmen" text="Talent steigern" time="1521976559618" version="HS 5.5.2"/>
<ereignis Abenteuerpunkte="-27" Alt="5" Info="SE, Selbststudium" Neu="6" obj="Körperbeherrschung" text="Talent steigern" time="1521976563774" version="HS 5.5.2"/>
<ereignis Abenteuerpunkte="-22" Alt="4" Info="SE, Selbststudium" Neu="5" obj="Klettern" text="Talent steigern" time="1521976571274" version="HS 5.5.2"/>
<ereignis Abenteuerpunkte="200" kommentar="Die Schneefuchs abgestochen und entkommen (Wo ist der Dämon hin?!?!?!) Gesamt AP: 200 Verfügbare AP: 200" obj="Abenteuerpunkte (Hinzugewinn)" text="Ereignis eingeben" time="1523467649237" version="HS 5.5.2"/>
<ereignis Abenteuerpunkte="-190" Alt="13" Info="SE" Neu="14" obj="Körperkraft" text="Eigenschaft steigern" time="1523467660495" version="HS 5.5.2"/>
<ereignis Abenteuerpunkte="-19" Alt="7" Info="SE, Selbststudium" Neu="8" obj="Menschenkenntnis" text="Talent steigern" time="1523467901919" version="HS 5.5.2"/>
<ereignis Abenteuerpunkte="300" kommentar="Ende Schneeabenteuer Teil 2 Gesamt AP: 300 Verfügbare AP: 300" obj="Abenteuerpunkte (Hinzugewinn)" text="Ereignis eingeben" time="1525200348456" version="HS 5.5.3"/>
<ereignis Abenteuerpunkte="-11" Alt="8" Info="SE, Gegenseitiges Lehren" Neu="9" obj="Sagen und Legenden" text="Talent steigern" time="1525519739554" version="HS 5.5.3"/>
<ereignis Abenteuerpunkte="-33" Alt="6" Info="Gegenseitiges Lehren" Neu="7" obj="Athletik" text="Talent steigern" time="1525519750014" version="HS 5.5.3"/>
<ereignis Abenteuerpunkte="-4" Alt="3" Info="SE, Gegenseitiges Lehren" Neu="4" obj="Holzbearbeitung" text="Talent steigern" time="1525519765021" version="HS 5.5.3"/>
<ereignis Abenteuerpunkte="-1" Alt="0" Info="SE, Gegenseitiges Lehren" Neu="1" obj="Kochen" text="Talent steigern" time="1525519766318" version="HS 5.5.3"/>
<ereignis Abenteuerpunkte="-2" Alt="0" Info="Selbststudium" Neu="1" obj="Überzeugen" text="Talent steigern" time="1525519784403" version="HS 5.5.3"/>
<ereignis Abenteuerpunkte="-6" Alt="1" Info="Selbststudium" Neu="2" obj="Überzeugen" text="Talent steigern" time="1525519785137" version="HS 5.5.3"/>
<ereignis Abenteuerpunkte="-9" Alt="2" Info="Selbststudium" Neu="3" obj="Überzeugen" text="Talent steigern" time="1525519785981" version="HS 5.5.3"/>
<ereignis Abenteuerpunkte="-13" Alt="3" Info="Selbststudium" Neu="4" obj="Überzeugen" text="Talent steigern" time="1525519786762" version="HS 5.5.3"/>
<ereignis Abenteuerpunkte="400" kommentar="Schir'zach kommt demnächst Gesamt AP: 400 Verfügbare AP: 400" obj="Abenteuerpunkte (Hinzugewinn)" text="Ereignis eingeben" time="1526841654749" version="HS 5.5.3"/>
<ereignis Abenteuerpunkte="-350" Alt="12" Neu="13" obj="Intuition" text="Eigenschaft steigern" time="1526841717578" version="HS 5.5.3"/>
<ereignis Abenteuerpunkte="-75" Alt="4" Neu="3" obj="Angst vor Wasser: 4" text="Nachteile senken" time="1526841734226" version="HS 5.5.3"/>
<ereignis Abenteuerpunkte="-4" Alt="1" Info="SE, Gegenseitiges Lehren" Neu="2" obj="Armbrust" text="Talent steigern" time="1526841753085" version="HS 5.5.3"/>
<ereignis Abenteuerpunkte="-29" Alt="7" Info="SE, Gegenseitiges Lehren" Neu="8" obj="Sinnenschärfe" text="Talent steigern" time="1526841770255" version="HS 5.5.3"/>
<ereignis Abenteuerpunkte="-47" Alt="11" Info="SE, Gegenseitiges Lehren" Neu="12" obj="Zechen" text="Talent steigern" time="1526841777707" version="HS 5.5.3"/>
<ereignis Abenteuerpunkte="-11" Alt="4" Info="Gegenseitiges Lehren" Neu="5" obj="Überzeugen" text="Talent steigern" time="1526841797799" version="HS 5.5.3"/>
<ereignis Abenteuerpunkte="-14" Alt="5" Info="Gegenseitiges Lehren" Neu="6" obj="Überzeugen" text="Talent steigern" time="1526841798361" version="HS 5.5.3"/>
<ereignis Abenteuerpunkte="-1" Alt="0" Info="SE, Gegenseitiges Lehren" Neu="1" obj="Wildnisleben" text="Talent steigern" time="1526841807219" version="HS 5.5.3"/>
<ereignis Abenteuerpunkte="-10" Alt="7" Info="SE, Gegenseitiges Lehren" Neu="8" obj="Götter und Kulte" text="Talent steigern" time="1526841818019" version="HS 5.5.3"/>
<ereignis Abenteuerpunkte="-8" Alt="3" Info="Gegenseitiges Lehren" Neu="4" obj="Heraldik" text="Talent steigern" time="1526841837389" version="HS 5.5.3"/>
<ereignis Abenteuerpunkte="-11" Alt="4" Info="Gegenseitiges Lehren" Neu="5" obj="Heraldik" text="Talent steigern" time="1526841837576" version="HS 5.5.3"/>
<ereignis Abenteuerpunkte="-25" Alt="6" Info="Selbststudium" Neu="7" obj="Rechtskunde" text="Talent steigern" time="1526841854236" version="HS 5.5.3"/>
<ereignis Abenteuerpunkte="-11" Alt="4" Info="Gegenseitiges Lehren" Neu="5" obj="Schätzen" text="Talent steigern" time="1526841865793" version="HS 5.5.3"/>
<ereignis Abenteuerpunkte="-11" Alt="4" Info="Gegenseitiges Lehren" Neu="5" obj="Holzbearbeitung" text="Talent steigern" time="1526841875606" version="HS 5.5.3"/>
</ereignisse>
<talentliste>
<talent lernmethode="Gegenseitiges Lehren" name="Armbrust" probe=" (GE/FF/KK)" value="2"/>
<talent lernmethode="Gegenseitiges Lehren" name="Dolche" probe=" (GE/GE/KK)" value="3"/>
<talent lernmethode="Gegenseitiges Lehren" name="Fechtwaffen" probe=" (GE/GE/KK)" value="17"/>
<talent lernmethode="Gegenseitiges Lehren" name="Hiebwaffen" probe=" (GE/GE/KK)" value="0"/>
<talent lernmethode="Gegenseitiges Lehren" name="Infanteriewaffen" probe=" (GE/GE/KK)" value="1"/>
<talent lernmethode="Selbststudium" name="Raufen" probe=" (GE/GE/KK)" value="9"/>
<talent lernmethode="Gegenseitiges Lehren" name="Ringen" probe=" (GE/GE/KK)" value="2"/>
<talent lernmethode="Selbststudium" name="Säbel" probe=" (GE/GE/KK)" value="2"/>
<talent lernmethode="Selbststudium" name="Wurfmesser" probe=" (GE/FF/KK)" value="4"/>
<talent be="BEx2" lernmethode="Gegenseitiges Lehren" name="Athletik" probe=" (GE/KO/KK)" value="7"/>
<talent be="BEx2" lernmethode="Gegenseitiges Lehren" name="Gaukeleien" probe=" (MU/CH/FF)" value="2"/>
<talent be="BEx2" lernmethode="Selbststudium" name="Klettern" probe=" (MU/GE/KK)" value="5"/>
<talent be="BEx2" lernmethode="Selbststudium" name="Körperbeherrschung" probe=" (MU/IN/GE)" value="6"/>
<talent be="BE-2" lernmethode="Selbststudium" name="Reiten" probe=" (CH/GE/KK)" value="7"/>
<talent be="BE" lernmethode="Selbststudium" name="Schleichen" probe=" (MU/IN/GE)" value="2"/>
<talent be="BEx2" lernmethode="Gegenseitiges Lehren" name="Schwimmen" probe=" (GE/KO/KK)" value="3"/>
<talent be="" lernmethode="Gegenseitiges Lehren" name="Selbstbeherrschung" probe=" (MU/KO/KK)" value="5"/>
<talent be="BE-2" lernmethode="Gegenseitiges Lehren" name="Sich verstecken" probe=" (MU/IN/GE)" value="2"/>
<talent be="BE-3" lernmethode="Gegenseitiges Lehren" name="Singen" probe=" (IN/CH/CH)" value="0"/>
<talent be="0-&gt;BE" lernmethode="Gegenseitiges Lehren" name="Sinnenschärfe" probe=" (KL/IN/IN)" value="8"/>
<talent be="BEx2" lernmethode="Gegenseitiges Lehren" name="Tanzen" probe=" (CH/GE/GE)" value="6"/>
<talent be="BEx2" lernmethode="Gegenseitiges Lehren" name="Taschendiebstahl" probe=" (MU/IN/FF)" value="7"/>
<talent be="" lernmethode="Gegenseitiges Lehren" name="Zechen" probe=" (IN/KO/KK)" value="12"/>
<talent lernmethode="Gegenseitiges Lehren" name="Betören" probe=" (IN/CH/CH)" value="5"/>
<talent lernmethode="Gegenseitiges Lehren" name="Etikette" probe=" (KL/IN/CH)" value="5"/>
<talent lernmethode="Selbststudium" name="Gassenwissen" probe=" (KL/IN/CH)" value="8"/>
<talent lernmethode="Selbststudium" name="Menschenkenntnis" probe=" (KL/IN/CH)" value="8"/>
<talent lernmethode="Selbststudium" name="Sich verkleiden" probe=" (MU/CH/GE)" value="6"/>
<talent lernmethode="Gegenseitiges Lehren" name="Überreden" probe=" (MU/IN/CH)" value="8"/>
<talent lernmethode="Gegenseitiges Lehren" name="Überzeugen" probe=" (KL/IN/CH)" value="6"/>
<talent lernmethode="Selbststudium" name="Fährtensuchen" probe=" (KL/IN/KO)" value="2"/>
<talent lernmethode="Gegenseitiges Lehren" name="Orientierung" probe=" (KL/IN/IN)" value="8"/>
<talent lernmethode="Gegenseitiges Lehren" name="Wildnisleben" probe=" (IN/GE/KO)" value="1"/>
<talent lernmethode="Selbststudium" name="Brett-/Kartenspiel" probe=" (KL/KL/IN)" value="10"/>
<talent lernmethode="Gegenseitiges Lehren" name="Geografie" probe=" (KL/KL/IN)" value="1"/>
<talent lernmethode="Lehrmeister" name="Geschichtswissen" probe=" (KL/KL/IN)" value="5"/>
<talent lernmethode="Gegenseitiges Lehren" name="Götter und Kulte" probe=" (KL/KL/IN)" value="8"/>
<talent lernmethode="Gegenseitiges Lehren" name="Heraldik" probe=" (KL/KL/FF)" value="5"/>
<talent lernmethode="Selbststudium" name="Magiekunde" probe=" (KL/KL/IN)" value="2"/>
<talent lernmethode="Gegenseitiges Lehren" name="Mechanik" probe=" (KL/KL/FF)" value="1"/>
<talent lernmethode="Gegenseitiges Lehren" name="Rechnen" probe=" (KL/KL/IN)" value="5"/>
<talent lernmethode="Selbststudium" name="Rechtskunde" probe=" (KL/KL/IN)" value="7"/>
<talent lernmethode="Gegenseitiges Lehren" name="Sagen und Legenden" probe=" (KL/IN/CH)" value="9"/>
<talent lernmethode="Gegenseitiges Lehren" name="Schätzen" probe=" (KL/IN/IN)" value="5"/>
<talent lernmethode="Selbststudium" name="Staatskunst" probe=" (KL/IN/CH)" value="3"/>
<talent k="12" lernmethode="Gegenseitiges Lehren" name="Sprachen kennen Füchsisch" probe=" (KL/IN/CH)" value="2"/>
<talent k="18" lernmethode="Gegenseitiges Lehren" name="Sprachen kennen Garethi" probe=" (KL/IN/CH)" value="11"/>
<talent k="21" lernmethode="Selbststudium" name="Sprachen kennen Isdira" probe=" (KL/IN/CH)" value="5"/>
<talent k="21" lernmethode="Gegenseitiges Lehren" name="Sprachen kennen Rogolan" probe=" (KL/IN/CH)" value="6"/>
<talent k="18" lernmethode="Gegenseitiges Lehren" name="Sprachen kennen Thorwalsch" probe=" (KL/IN/CH)" value="4"/>
<talent k="10" lernmethode="Gegenseitiges Lehren" name="Lesen/Schreiben Kusliker Zeichen" probe=" (KL/KL/FF)" value="7"/>
<talent lernmethode="Gegenseitiges Lehren" name="Boote fahren" probe=" (GE/KO/KK)" value="0"/>
<talent lernmethode="Selbststudium" name="Falschspiel" probe=" (MU/CH/FF)" value="7"/>
<talent lernmethode="Selbststudium" name="Hauswirtschaft" probe=" (IN/CH/FF)" value="5"/>
<talent lernmethode="Gegenseitiges Lehren" name="Heilkunde: Wunden" probe=" (KL/CH/FF)" value="0"/>
<talent lernmethode="Gegenseitiges Lehren" name="Holzbearbeitung" probe=" (KL/FF/KK)" value="5"/>
<talent lernmethode="Gegenseitiges Lehren" name="Kochen" probe=" (KL/IN/FF)" value="1"/>
<talent lernmethode="Gegenseitiges Lehren" name="Lederarbeiten" probe=" (KL/FF/FF)" value="0"/>
<talent lernmethode="Gegenseitiges Lehren" name="Malen/Zeichnen" probe=" (KL/IN/FF)" value="0"/>
<talent lernmethode="Gegenseitiges Lehren" name="Schlösser knacken" probe=" (IN/FF/FF)" value="1"/>
<talent lernmethode="Gegenseitiges Lehren" name="Schneidern" probe=" (KL/FF/FF)" value="0"/>
</talentliste>
<zauberliste/>
<kampf>
<kampfwerte name="Dolche">
<attacke value="10"/>
<parade value="9"/>
</kampfwerte>
<kampfwerte name="Fechtwaffen">
<attacke value="18"/>
<parade value="15"/>
</kampfwerte>
<kampfwerte name="Hiebwaffen">
<attacke value="8"/>
<parade value="8"/>
</kampfwerte>
<kampfwerte name="Infanteriewaffen">
<attacke value="9"/>
<parade value="8"/>
</kampfwerte>
<kampfwerte name="Raufen">
<attacke value="13"/>
<parade value="12"/>
</kampfwerte>
<kampfwerte name="Ringen">
<attacke value="10"/>
<parade value="8"/>
</kampfwerte>
<kampfwerte name="Säbel">
<attacke value="9"/>
<parade value="9"/>
</kampfwerte>
</kampf>
<gegenstände>
<gegenstand anzahl="1" name="Rapier" slot="0">
<Nahkampfwaffe variante="0">
<trefferpunkte mul="1" sum="4" w="6"/>
<wm at="1" pa="0"/>
</Nahkampfwaffe>
</gegenstand>
</gegenstände>
<BoniWaffenlos/>
<kommentare/>
<ausrüstungen>
<heldenausruestung bezeichner="" bfakt="2" bfmin="2" hand="rechts" name="nkwaffe1" schild="0" set="0" slot="0" talent="Fechtwaffen" waffenname="Rapier"/>
<heldenausruestung name="jagtwaffe" nummer="0" set="0"/>
</ausrüstungen>
<verbindungen/>
<extention/>
<geldboerse/>
<plugindata/>
</held>
<Signature xmlns="http://www.w3.org/2000/09/xmldsig#">
<SignedInfo>
<CanonicalizationMethod Algorithm="http://www.w3.org/TR/2001/REC-xml-c14n-20010315#WithComments"/>
<SignatureMethod Algorithm="http://www.w3.org/2000/09/xmldsig#dsa-sha1"/>
<Reference URI="">
<Transforms>
<Transform Algorithm="http://www.w3.org/2000/09/xmldsig#enveloped-signature"/>
</Transforms>
<DigestMethod Algorithm="http://www.w3.org/2000/09/xmldsig#sha1"/>
<DigestValue>8AApbC6gI1C5v+BsWii+77Hk3Rk=</DigestValue>
</Reference>
</SignedInfo>
<SignatureValue>MNGFuU38KdJYCMemdTt7GJs2iBY1EyxdPGul7q8PHgf5s9ldttpjzw==</SignatureValue>
<KeyInfo>
<KeyValue>
<DSAKeyValue>
<P>/KaCzo4Syrom78z3EQ5SbbB4sF7ey80etKII864WF64B81uRpH5t9jQTxeEu0ImbzRMqzVDZkVG9
xD7nN1kuFw==</P>
<Q>li7dzDacuo67Jg7mtqEm2TRuOMU=</Q>
<G>Z4Rxsnqc9E7pGknFFH2xqaryRPBaQ01khpMdLRQnG541Awtx/XPaF5Bpsy4pNWMOHCBiNU0Nogps
QW5QvnlMpA==</G>
<Y>uVrvWkzIbUdL7E80AiD0PJDX3Ck0beY5StXp1wDAA1/ePpemd6rTBNd8YoCzOovNrX016YMcTSiO
iExM4RWtJA==</Y>
</DSAKeyValue>
</KeyValue>
</KeyInfo>
</Signature>
</helden>
