<?xml version="1.0" encoding="UTF-8" standalone="yes"?><daten><config><rsmodell>zone</rsmodell><datum>30.06.2018</datum><uhrzeit>21:25</uhrzeit><geldkreise>false</geldkreise><metatalente>false</metatalente><zauberquellen>true</zauberquellen><namenaufseiten>false</namenaufseiten></config><angaben><augenfarbe>braun</augenfarbe><geburtstag>13. Phex 1003 BF</geburtstag><alter>20</alter><geschlecht>männlich</geschlecht><groesse>200</groesse><gewicht>105</gewicht><haarfarbe>blond</haarfarbe><stand></stand><titel></titel><name>Tevil Rekkison</name><bildPfad></bildPfad><aussehen><a0></a0><a1></a1><a2></a2><a3></a3><text></text></aussehen><familie><f0></f0><f1></f1><f2></f2><f3></f3><f4></f4><f5></f5><text></text></familie><notizen><n0>Notizen</n0><n1></n1><n2></n2><n3></n3><n4></n4><n5></n5><n6></n6><n7></n7><n8></n8><n9></n9><n10></n10><n11></n11><text>Notizen</text></notizen><profession><text>Krieger: Kämpferschule Ugdalfskronir in Thorwal</text><textkurz>Krieger</textkurz></profession><ap><gesamt>320</gesamt><frei>0</frei><genutzt>320</genutzt></ap><gp><start>110</start><rest>0</rest></gp><stufe40><akt>3</akt><max>3</max><lang>3 [3]</lang></stufe40><stufe41><akt>0</akt><max>0</max><lang>0 [0]</lang></stufe41><gilde></gilde><magisch>false</magisch><geweiht>false</geweiht><rasse>Thorwaler</rasse><kultur>Thorwal</kultur><aspregeneration></aspregeneration><leregeneration>1W6</leregeneration><heldenversion>50504</heldenversion><wundschwelle>7</wundschwelle></angaben><eigenschaften><geschwindigkeit><akt>8</akt><start>8</start><modi>0</modi><name>Geschwindigkeit</name><bereich>sonst</bereich></geschwindigkeit><mut><akt>12</akt><start>11</start><modi>1</modi><name>Mut</name><bereich>guteeigenschaft</bereich></mut><klugheit><akt>8</akt><start>8</start><modi>0</modi><name>Klugheit</name><bereich>guteeigenschaft</bereich></klugheit><intuition><akt>8</akt><start>8</start><modi>0</modi><name>Intuition</name><bereich>guteeigenschaft</bereich></intuition><charisma><akt>8</akt><start>8</start><modi>0</modi><name>Charisma</name><bereich>guteeigenschaft</bereich></charisma><fingerfertigkeit><akt>8</akt><start>8</start><modi>0</modi><name>Fingerfertigkeit</name><bereich>guteeigenschaft</bereich></fingerfertigkeit><gewandtheit><akt>12</akt><start>12</start><modi>0</modi><name>Gewandtheit</name><bereich>guteeigenschaft</bereich></gewandtheit><konstitution><akt>13</akt><start>12</start><modi>1</modi><name>Konstitution</name><bereich>guteeigenschaft</bereich></konstitution><koerperkraft><akt>13</akt><start>12</start><modi>1</modi><name>Körperkraft</name><bereich>guteeigenschaft</bereich></koerperkraft><sozialstatus><akt>5</akt><start>5</start><modi>0</modi><name>Sozialstatus</name><bereich>guteeigenschaft</bereich></sozialstatus><astralenergie><akt>0</akt><start>0</start><modi>0</modi><name>Astralenergie</name><bereich>sonst</bereich><kaufbar>0</kaufbar><gekauft>0</gekauft></astralenergie><attacke><akt>7</akt><start>7</start><modi>0</modi><name>Attacke</name><bereich>sonst</bereich></attacke><ausdauer><akt>34</akt><start>18</start><modi>15</modi><name>Ausdauer</name><bereich>sonst</bereich><kaufbar>13</kaufbar><gekauft>0</gekauft><akt50>17</akt50><akt33>11</akt33><akt25>9</akt25></ausdauer><fernkampf-basis><akt>6</akt><start>6</start><modi>0</modi><name>Fernkampf-Basis</name><bereich>sonst</bereich></fernkampf-basis><initiative><akt>9</akt><start>8</start><modi>0</modi><name>Initiative</name><bereich>sonst</bereich></initiative><karmaenergie><akt>0</akt><start>0</start><modi>0</modi><name>Karmaenergie</name><bereich>sonst</bereich><kaufbar>8</kaufbar><gekauft>0</gekauft></karmaenergie><lebensenergie><akt>33</akt><start>18</start><modi>13</modi><name>Lebensenergie</name><bereich>sonst</bereich><kaufbar>7</kaufbar><gekauft>0</gekauft><akt50>17</akt50><akt33>11</akt33><akt25>8</akt25></lebensenergie><magieresistenz><akt>2</akt><start>6</start><modi>-5</modi><name>Magieresistenz</name><bereich>sonst</bereich><kaufbar>6</kaufbar><gekauft>0</gekauft></magieresistenz><parade><akt>7</akt><start>6</start><modi>0</modi><name>Parade</name><bereich>sonst</bereich></parade></eigenschaften><münzen/><vorteile><vorteil><bezeichner>Akademische Ausbildung (Krieger)</bezeichner><name>Akademische Ausbildung (Krieger)</name><kommentar></kommentar><namemitkommentar>Akademische Ausbildung (Krieger)</namemitkommentar><istvorteil>true</istvorteil><istnachteil>false</istnachteil><bereich>Sonst</bereich></vorteil><vorteil><bezeichner>Aberglaube</bezeichner><name>Aberglaube: 3</name><kommentar></kommentar><namemitkommentar>Aberglaube: 3</namemitkommentar><istvorteil>false</istvorteil><istnachteil>true</istnachteil><istschlechteeigenschaft>true</istschlechteeigenschaft><wert>3</wert><bereich>Sonst</bereich></vorteil><vorteil><bezeichner>Jähzorn</bezeichner><name>Jähzorn: 6</name><kommentar></kommentar><namemitkommentar>Jähzorn: 6</namemitkommentar><istvorteil>false</istvorteil><istnachteil>true</istnachteil><istschlechteeigenschaft>true</istschlechteeigenschaft><wert>6</wert><bereich>Sonst</bereich></vorteil><vorteil><bezeichner>Prinzipientreue</bezeichner><name>Prinzipientreue: 10</name><kommentar></kommentar><namemitkommentar>Prinzipientreue: 10</namemitkommentar><istvorteil>false</istvorteil><istnachteil>true</istnachteil><istschlechteeigenschaft>false</istschlechteeigenschaft><wert>10</wert><bereich>Sonst</bereich></vorteil><vorteil><bezeichner>Rachsucht</bezeichner><name>Rachsucht: 5</name><kommentar></kommentar><namemitkommentar>Rachsucht: 5</namemitkommentar><istvorteil>false</istvorteil><istnachteil>true</istnachteil><istschlechteeigenschaft>true</istschlechteeigenschaft><wert>5</wert><bereich>Sonst</bereich></vorteil></vorteile><sonderfertigkeiten><sonderfertigkeit><nameausfuehrlich>Kulturkunde (Thorwal)</nameausfuehrlich><name>Kulturkunde (Thorwal)</name><bezeichner>Kulturkunde</bezeichner><auswahlen><auswahl><name>Thorwal</name><feld feldname="1" nr="1">Thorwal</feld></auswahl></auswahlen><namemitkommentar>Kulturkunde (Thorwal)</namemitkommentar><bereich>Sonst</bereich></sonderfertigkeit><sonderfertigkeit><nameausfuehrlich>Linkhand</nameausfuehrlich><name>Linkhand</name><bezeichner>Linkhand</bezeichner><wirkung></wirkung><dauer></dauer><kosten></kosten><probe></probe><kommentar></kommentar><namemitkommentar>Linkhand</namemitkommentar><bereich>Nahkampf</bereich><bereich>Kampf</bereich></sonderfertigkeit><sonderfertigkeit><nameausfuehrlich>Meereskundig</nameausfuehrlich><name>Meereskundig</name><bezeichner>Meereskundig</bezeichner><wirkung></wirkung><dauer></dauer><kosten></kosten><probe></probe><kommentar></kommentar><namemitkommentar>Meereskundig</namemitkommentar><bereich>Geländekunde</bereich><bereich>Sonst</bereich></sonderfertigkeit><sonderfertigkeit><nameausfuehrlich>Ottagaldr</nameausfuehrlich><name>Ottagaldr</name><bezeichner>Ottagaldr</bezeichner><wirkung></wirkung><dauer></dauer><kosten></kosten><probe></probe><kommentar></kommentar><namemitkommentar>Ottagaldr</namemitkommentar><bereich>Magisch</bereich><bereich>SonstMagisch</bereich></sonderfertigkeit><sonderfertigkeit><nameausfuehrlich>Rüstungsgewöhnung I (Kettenhemd, Lang)</nameausfuehrlich><name>Rüstungsgewöhnung I (Kettenhemd, Lang)</name><bezeichner>Rüstungsgewöhnung I</bezeichner><auswahlen><auswahl><name>Kettenhemd, Lang</name><feld feldname="1" nr="1">Kettenhemd, Lang</feld></auswahl></auswahlen><namemitkommentar>Rüstungsgewöhnung I (Kettenhemd, Lang)</namemitkommentar><bereich>Nahkampf</bereich><bereich>Kampf</bereich></sonderfertigkeit><sonderfertigkeit><nameausfuehrlich>Schildkampf I</nameausfuehrlich><name>Schildkampf I</name><bezeichner>Schildkampf I</bezeichner><wirkung></wirkung><dauer></dauer><kosten></kosten><probe></probe><kommentar></kommentar><namemitkommentar>Schildkampf I</namemitkommentar><bereich>Nahkampf</bereich><bereich>Kampf</bereich></sonderfertigkeit><sonderfertigkeit><nameausfuehrlich>Schmutzige Tricks</nameausfuehrlich><name>Schmutzige Tricks</name><bezeichner>Schmutzige Tricks</bezeichner><wirkung></wirkung><dauer></dauer><kosten></kosten><probe></probe><kommentar></kommentar><namemitkommentar>Schmutzige Tricks</namemitkommentar><bereich>Manöver</bereich><bereich>Kampf</bereich></sonderfertigkeit><sonderfertigkeit><nameausfuehrlich>Wuchtschlag</nameausfuehrlich><name>Wuchtschlag</name><bezeichner>Wuchtschlag</bezeichner><wirkung></wirkung><dauer></dauer><kosten></kosten><probe></probe><kommentar></kommentar><namemitkommentar>Wuchtschlag</namemitkommentar><bereich>Nahkampf</bereich><bereich>Kampf</bereich></sonderfertigkeit></sonderfertigkeiten><verbilligtesonderfertigkeiten><verbilligtesonderfertigkeit><nameausfuehrlich>Meereskundig</nameausfuehrlich></verbilligtesonderfertigkeit><verbilligtesonderfertigkeit><nameausfuehrlich>Waffenloser Kampfstil: Hammerfaust</nameausfuehrlich></verbilligtesonderfertigkeit><verbilligtesonderfertigkeit><nameausfuehrlich>Aufmerksamkeit</nameausfuehrlich></verbilligtesonderfertigkeit><verbilligtesonderfertigkeit><nameausfuehrlich>Kampf im Wasser</nameausfuehrlich></verbilligtesonderfertigkeit><verbilligtesonderfertigkeit><nameausfuehrlich>Niederwerfen</nameausfuehrlich></verbilligtesonderfertigkeit><verbilligtesonderfertigkeit><nameausfuehrlich>Waffenloser Kampfstil: Hammerfaust</nameausfuehrlich></verbilligtesonderfertigkeit><verbilligtesonderfertigkeit><nameausfuehrlich>Wuchtschlag</nameausfuehrlich></verbilligtesonderfertigkeit></verbilligtesonderfertigkeiten><talentliste><talent><name>Belagerungswaffen</name><meisterhandwerk>false</meisterhandwerk><leittalent>false</leittalent><basis>false</basis><nameausfuehrlich>Belagerungswaffen</nameausfuehrlich><wert>3</wert><probe>GE/FF/KK</probe><probenwerte>12/8/13</probenwerte><nameausfuehrlichmitprobe>Belagerungswaffen (GE/FF/KK)</nameausfuehrlichmitprobe><at>9</at><pa></pa><behinderung></behinderung><mirakelplus>false</mirakelplus><mirakelminus>false</mirakelminus><metatalent>false</metatalent><bereich>Kampf</bereich><komplexität>D</komplexität><lernkomplexität>D</lernkomplexität><spezialisierungen></spezialisierungen></talent><talent><name>Dolche</name><meisterhandwerk>false</meisterhandwerk><leittalent>false</leittalent><basis>true</basis><nameausfuehrlich>Dolche  (B)</nameausfuehrlich><wert>2</wert><probe>GE/GE/KK</probe><probenwerte>12/12/13</probenwerte><nameausfuehrlichmitprobe>Dolche  (B)(GE/GE/KK)</nameausfuehrlichmitprobe><at>9</at><pa>7</pa><behinderung>BE-1</behinderung><mirakelplus>false</mirakelplus><mirakelminus>false</mirakelminus><metatalent>false</metatalent><bereich>Kampf</bereich><komplexität>D</komplexität><lernkomplexität>D</lernkomplexität><spezialisierungen></spezialisierungen></talent><talent><name>Hiebwaffen</name><meisterhandwerk>false</meisterhandwerk><leittalent>false</leittalent><basis>true</basis><nameausfuehrlich>Hiebwaffen  (B)</nameausfuehrlich><wert>6</wert><probe>GE/GE/KK</probe><probenwerte>12/12/13</probenwerte><nameausfuehrlichmitprobe>Hiebwaffen  (B)(GE/GE/KK)</nameausfuehrlichmitprobe><at>12</at><pa>8</pa><behinderung>BE-4</behinderung><mirakelplus>false</mirakelplus><mirakelminus>false</mirakelminus><metatalent>false</metatalent><bereich>Kampf</bereich><komplexität>D</komplexität><lernkomplexität>D</lernkomplexität><spezialisierungen></spezialisierungen></talent><talent><name>Raufen</name><meisterhandwerk>false</meisterhandwerk><leittalent>false</leittalent><basis>true</basis><nameausfuehrlich>Raufen  (B)</nameausfuehrlich><wert>5</wert><probe>GE/GE/KK</probe><probenwerte>12/12/13</probenwerte><nameausfuehrlichmitprobe>Raufen  (B)(GE/GE/KK)</nameausfuehrlichmitprobe><at>12</at><pa>7</pa><behinderung>BE</behinderung><mirakelplus>false</mirakelplus><mirakelminus>false</mirakelminus><metatalent>false</metatalent><bereich>Kampf</bereich><komplexität>C</komplexität><lernkomplexität>C</lernkomplexität><spezialisierungen></spezialisierungen></talent><talent><name>Ringen</name><meisterhandwerk>false</meisterhandwerk><leittalent>false</leittalent><basis>true</basis><nameausfuehrlich>Ringen  (B)</nameausfuehrlich><wert>3</wert><probe>GE/GE/KK</probe><probenwerte>12/12/13</probenwerte><nameausfuehrlichmitprobe>Ringen  (B)(GE/GE/KK)</nameausfuehrlichmitprobe><at>7</at><pa>10</pa><behinderung>BE</behinderung><mirakelplus>false</mirakelplus><mirakelminus>false</mirakelminus><metatalent>false</metatalent><bereich>Kampf</bereich><komplexität>D</komplexität><lernkomplexität>D</lernkomplexität><spezialisierungen></spezialisierungen></talent><talent><name>Säbel</name><meisterhandwerk>false</meisterhandwerk><leittalent>false</leittalent><basis>true</basis><nameausfuehrlich>Säbel  (B)</nameausfuehrlich><wert>0</wert><probe>GE/GE/KK</probe><probenwerte>12/12/13</probenwerte><nameausfuehrlichmitprobe>Säbel  (B)(GE/GE/KK)</nameausfuehrlichmitprobe><at>7</at><pa>7</pa><behinderung>BE-2</behinderung><mirakelplus>false</mirakelplus><mirakelminus>false</mirakelminus><metatalent>false</metatalent><bereich>Kampf</bereich><komplexität>D</komplexität><lernkomplexität>D</lernkomplexität><spezialisierungen></spezialisierungen></talent><talent><name>Schwerter</name><meisterhandwerk>false</meisterhandwerk><leittalent>false</leittalent><basis>false</basis><nameausfuehrlich>Schwerter</nameausfuehrlich><wert>6</wert><probe>GE/GE/KK</probe><probenwerte>12/12/13</probenwerte><nameausfuehrlichmitprobe>Schwerter (GE/GE/KK)</nameausfuehrlichmitprobe><at>12</at><pa>8</pa><behinderung>BE-2</behinderung><mirakelplus>false</mirakelplus><mirakelminus>false</mirakelminus><metatalent>false</metatalent><bereich>Kampf</bereich><komplexität>E</komplexität><lernkomplexität>E</lernkomplexität><spezialisierungen></spezialisierungen></talent><talent><name>Wurfbeile</name><meisterhandwerk>false</meisterhandwerk><leittalent>false</leittalent><basis>false</basis><nameausfuehrlich>Wurfbeile</nameausfuehrlich><wert>6</wert><probe>GE/FF/KK</probe><probenwerte>12/8/13</probenwerte><nameausfuehrlichmitprobe>Wurfbeile (GE/FF/KK)</nameausfuehrlichmitprobe><at>12</at><pa></pa><behinderung>BE-2</behinderung><mirakelplus>false</mirakelplus><mirakelminus>false</mirakelminus><metatalent>false</metatalent><bereich>Kampf</bereich><komplexität>D</komplexität><lernkomplexität>D</lernkomplexität><spezialisierungen></spezialisierungen></talent><talent><name>Wurfmesser</name><meisterhandwerk>false</meisterhandwerk><leittalent>false</leittalent><basis>true</basis><nameausfuehrlich>Wurfmesser  (B)</nameausfuehrlich><wert>0</wert><probe>GE/FF/KK</probe><probenwerte>12/8/13</probenwerte><nameausfuehrlichmitprobe>Wurfmesser  (B)(GE/FF/KK)</nameausfuehrlichmitprobe><at>6</at><pa></pa><behinderung>BE-3</behinderung><mirakelplus>false</mirakelplus><mirakelminus>false</mirakelminus><metatalent>false</metatalent><bereich>Kampf</bereich><komplexität>C</komplexität><lernkomplexität>C</lernkomplexität><spezialisierungen></spezialisierungen></talent><talent><name>Wurfspeere</name><meisterhandwerk>false</meisterhandwerk><leittalent>false</leittalent><basis>false</basis><nameausfuehrlich>Wurfspeere</nameausfuehrlich><wert>4</wert><probe>GE/FF/KK</probe><probenwerte>12/8/13</probenwerte><nameausfuehrlichmitprobe>Wurfspeere (GE/FF/KK)</nameausfuehrlichmitprobe><at>10</at><pa></pa><behinderung>BE-2</behinderung><mirakelplus>false</mirakelplus><mirakelminus>false</mirakelminus><metatalent>false</metatalent><bereich>Kampf</bereich><komplexität>C</komplexität><lernkomplexität>C</lernkomplexität><spezialisierungen></spezialisierungen></talent><talent><name>Zweihandhiebwaffen</name><meisterhandwerk>false</meisterhandwerk><leittalent>false</leittalent><basis>false</basis><nameausfuehrlich>Zweihandhiebwaffen</nameausfuehrlich><wert>3</wert><probe>GE/GE/KK</probe><probenwerte>12/12/13</probenwerte><nameausfuehrlichmitprobe>Zweihandhiebwaffen (GE/GE/KK)</nameausfuehrlichmitprobe><at>10</at><pa>7</pa><behinderung>BE-3</behinderung><mirakelplus>false</mirakelplus><mirakelminus>false</mirakelminus><metatalent>false</metatalent><bereich>Kampf</bereich><komplexität>D</komplexität><lernkomplexität>D</lernkomplexität><spezialisierungen></spezialisierungen></talent><talent><name>Athletik</name><meisterhandwerk>false</meisterhandwerk><leittalent>false</leittalent><basis>true</basis><nameausfuehrlich>Athletik  (B)</nameausfuehrlich><wert>7</wert><probe>GE/KO/KK</probe><probenwerte>12/13/13</probenwerte><nameausfuehrlichmitprobe>Athletik  (B)(GE/KO/KK)</nameausfuehrlichmitprobe><behinderung>BEx2</behinderung><mirakelplus>false</mirakelplus><mirakelminus>false</mirakelminus><metatalent>false</metatalent><bereich>Körperlich</bereich><komplexität>D</komplexität><lernkomplexität>D</lernkomplexität><spezialisierungen></spezialisierungen></talent><talent><name>Klettern</name><meisterhandwerk>false</meisterhandwerk><leittalent>false</leittalent><basis>true</basis><nameausfuehrlich>Klettern  (B)</nameausfuehrlich><wert>2</wert><probe>MU/GE/KK</probe><probenwerte>12/12/13</probenwerte><nameausfuehrlichmitprobe>Klettern  (B)(MU/GE/KK)</nameausfuehrlichmitprobe><behinderung>BEx2</behinderung><mirakelplus>false</mirakelplus><mirakelminus>false</mirakelminus><metatalent>false</metatalent><bereich>Körperlich</bereich><komplexität>D</komplexität><lernkomplexität>D</lernkomplexität><spezialisierungen></spezialisierungen></talent><talent><name>Körperbeherrschung</name><meisterhandwerk>false</meisterhandwerk><leittalent>false</leittalent><basis>true</basis><nameausfuehrlich>Körperbeherrschung  (B)</nameausfuehrlich><wert>4</wert><probe>MU/IN/GE</probe><probenwerte>12/8/12</probenwerte><nameausfuehrlichmitprobe>Körperbeherrschung  (B)(MU/IN/GE)</nameausfuehrlichmitprobe><behinderung>BEx2</behinderung><mirakelplus>false</mirakelplus><mirakelminus>false</mirakelminus><metatalent>false</metatalent><bereich>Körperlich</bereich><komplexität>D</komplexität><lernkomplexität>D</lernkomplexität><spezialisierungen></spezialisierungen></talent><talent><name>Reiten</name><meisterhandwerk>false</meisterhandwerk><leittalent>false</leittalent><basis>false</basis><nameausfuehrlich>Reiten</nameausfuehrlich><wert>2</wert><probe>CH/GE/KK</probe><probenwerte>8/12/13</probenwerte><nameausfuehrlichmitprobe>Reiten (CH/GE/KK)</nameausfuehrlichmitprobe><behinderung>BE-2</behinderung><mirakelplus>false</mirakelplus><mirakelminus>false</mirakelminus><metatalent>false</metatalent><bereich>Körperlich</bereich><komplexität>D</komplexität><lernkomplexität>D</lernkomplexität><spezialisierungen></spezialisierungen></talent><talent><name>Schleichen</name><meisterhandwerk>false</meisterhandwerk><leittalent>false</leittalent><basis>true</basis><nameausfuehrlich>Schleichen  (B)</nameausfuehrlich><wert>3</wert><probe>MU/IN/GE</probe><probenwerte>12/8/12</probenwerte><nameausfuehrlichmitprobe>Schleichen  (B)(MU/IN/GE)</nameausfuehrlichmitprobe><behinderung>BE</behinderung><mirakelplus>false</mirakelplus><mirakelminus>false</mirakelminus><metatalent>false</metatalent><bereich>Körperlich</bereich><komplexität>D</komplexität><lernkomplexität>D</lernkomplexität><spezialisierungen></spezialisierungen></talent><talent><name>Schwimmen</name><meisterhandwerk>false</meisterhandwerk><leittalent>false</leittalent><basis>true</basis><nameausfuehrlich>Schwimmen  (B)</nameausfuehrlich><wert>4</wert><probe>GE/KO/KK</probe><probenwerte>12/13/13</probenwerte><nameausfuehrlichmitprobe>Schwimmen  (B)(GE/KO/KK)</nameausfuehrlichmitprobe><behinderung>BEx2</behinderung><mirakelplus>false</mirakelplus><mirakelminus>false</mirakelminus><metatalent>false</metatalent><bereich>Körperlich</bereich><komplexität>D</komplexität><lernkomplexität>D</lernkomplexität><spezialisierungen></spezialisierungen></talent><talent><name>Selbstbeherrschung</name><meisterhandwerk>false</meisterhandwerk><leittalent>false</leittalent><basis>true</basis><nameausfuehrlich>Selbstbeherrschung  (B)</nameausfuehrlich><wert>3</wert><probe>MU/KO/KK</probe><probenwerte>12/13/13</probenwerte><nameausfuehrlichmitprobe>Selbstbeherrschung  (B)(MU/KO/KK)</nameausfuehrlichmitprobe><behinderung></behinderung><mirakelplus>false</mirakelplus><mirakelminus>false</mirakelminus><metatalent>false</metatalent><bereich>Körperlich</bereich><komplexität>D</komplexität><lernkomplexität>D</lernkomplexität><spezialisierungen></spezialisierungen></talent><talent><name>Sich verstecken</name><meisterhandwerk>false</meisterhandwerk><leittalent>false</leittalent><basis>true</basis><nameausfuehrlich>Sich verstecken  (B)</nameausfuehrlich><wert>0</wert><probe>MU/IN/GE</probe><probenwerte>12/8/12</probenwerte><nameausfuehrlichmitprobe>Sich verstecken  (B)(MU/IN/GE)</nameausfuehrlichmitprobe><behinderung>BE-2</behinderung><mirakelplus>false</mirakelplus><mirakelminus>false</mirakelminus><metatalent>false</metatalent><bereich>Körperlich</bereich><komplexität>D</komplexität><lernkomplexität>D</lernkomplexität><spezialisierungen></spezialisierungen></talent><talent><name>Singen</name><meisterhandwerk>false</meisterhandwerk><leittalent>false</leittalent><basis>true</basis><nameausfuehrlich>Singen  (B)</nameausfuehrlich><wert>0</wert><probe>IN/CH/CH</probe><probenwerte>8/8/8</probenwerte><nameausfuehrlichmitprobe>Singen  (B)(IN/CH/CH)</nameausfuehrlichmitprobe><behinderung>BE-3</behinderung><mirakelplus>false</mirakelplus><mirakelminus>false</mirakelminus><metatalent>false</metatalent><bereich>Körperlich</bereich><komplexität>D</komplexität><lernkomplexität>D</lernkomplexität><spezialisierungen></spezialisierungen></talent><talent><name>Sinnenschärfe</name><meisterhandwerk>false</meisterhandwerk><leittalent>false</leittalent><basis>true</basis><nameausfuehrlich>Sinnenschärfe  (B)</nameausfuehrlich><wert>4</wert><probe>KL/IN/IN</probe><probenwerte>8/8/8</probenwerte><nameausfuehrlichmitprobe>Sinnenschärfe  (B)(KL/IN/IN)</nameausfuehrlichmitprobe><behinderung>0-&gt;BE</behinderung><mirakelplus>false</mirakelplus><mirakelminus>false</mirakelminus><metatalent>false</metatalent><bereich>Körperlich</bereich><komplexität>D</komplexität><lernkomplexität>D</lernkomplexität><spezialisierungen></spezialisierungen></talent><talent><name>Tanzen</name><meisterhandwerk>false</meisterhandwerk><leittalent>false</leittalent><basis>true</basis><nameausfuehrlich>Tanzen  (B)</nameausfuehrlich><wert>0</wert><probe>CH/GE/GE</probe><probenwerte>8/12/12</probenwerte><nameausfuehrlichmitprobe>Tanzen  (B)(CH/GE/GE)</nameausfuehrlichmitprobe><behinderung>BEx2</behinderung><mirakelplus>false</mirakelplus><mirakelminus>false</mirakelminus><metatalent>false</metatalent><bereich>Körperlich</bereich><komplexität>D</komplexität><lernkomplexität>D</lernkomplexität><spezialisierungen></spezialisierungen></talent><talent><name>Zechen</name><meisterhandwerk>false</meisterhandwerk><leittalent>false</leittalent><basis>true</basis><nameausfuehrlich>Zechen  (B)</nameausfuehrlich><wert>5</wert><probe>IN/KO/KK</probe><probenwerte>8/13/13</probenwerte><nameausfuehrlichmitprobe>Zechen  (B)(IN/KO/KK)</nameausfuehrlichmitprobe><behinderung></behinderung><mirakelplus>false</mirakelplus><mirakelminus>false</mirakelminus><metatalent>false</metatalent><bereich>Körperlich</bereich><komplexität>D</komplexität><lernkomplexität>D</lernkomplexität><spezialisierungen></spezialisierungen></talent><talent><name>Etikette</name><meisterhandwerk>false</meisterhandwerk><leittalent>false</leittalent><basis>false</basis><nameausfuehrlich>Etikette</nameausfuehrlich><wert>1</wert><probe>KL/IN/CH</probe><probenwerte>8/8/8</probenwerte><nameausfuehrlichmitprobe>Etikette (KL/IN/CH)</nameausfuehrlichmitprobe><behinderung></behinderung><mirakelplus>false</mirakelplus><mirakelminus>false</mirakelminus><metatalent>false</metatalent><bereich>Gesellschaft</bereich><komplexität>B</komplexität><lernkomplexität>B</lernkomplexität><spezialisierungen></spezialisierungen></talent><talent><name>Lehren</name><meisterhandwerk>false</meisterhandwerk><leittalent>false</leittalent><basis>false</basis><nameausfuehrlich>Lehren</nameausfuehrlich><wert>2</wert><probe>KL/IN/CH</probe><probenwerte>8/8/8</probenwerte><nameausfuehrlichmitprobe>Lehren (KL/IN/CH)</nameausfuehrlichmitprobe><behinderung></behinderung><mirakelplus>false</mirakelplus><mirakelminus>false</mirakelminus><metatalent>false</metatalent><bereich>Gesellschaft</bereich><komplexität>B</komplexität><lernkomplexität>B</lernkomplexität><spezialisierungen></spezialisierungen></talent><talent><name>Menschenkenntnis</name><meisterhandwerk>false</meisterhandwerk><leittalent>false</leittalent><basis>true</basis><nameausfuehrlich>Menschenkenntnis  (B)</nameausfuehrlich><wert>0</wert><probe>KL/IN/CH</probe><probenwerte>8/8/8</probenwerte><nameausfuehrlichmitprobe>Menschenkenntnis  (B)(KL/IN/CH)</nameausfuehrlichmitprobe><behinderung></behinderung><mirakelplus>false</mirakelplus><mirakelminus>false</mirakelminus><metatalent>false</metatalent><bereich>Gesellschaft</bereich><komplexität>B</komplexität><lernkomplexität>B</lernkomplexität><spezialisierungen></spezialisierungen></talent><talent><name>Überreden</name><meisterhandwerk>false</meisterhandwerk><leittalent>false</leittalent><basis>true</basis><nameausfuehrlich>Überreden  (B)</nameausfuehrlich><wert>2</wert><probe>MU/IN/CH</probe><probenwerte>12/8/8</probenwerte><nameausfuehrlichmitprobe>Überreden  (B)(MU/IN/CH)</nameausfuehrlichmitprobe><behinderung></behinderung><mirakelplus>false</mirakelplus><mirakelminus>false</mirakelminus><metatalent>false</metatalent><bereich>Gesellschaft</bereich><komplexität>B</komplexität><lernkomplexität>B</lernkomplexität><spezialisierungen></spezialisierungen></talent><talent><name>Überzeugen</name><meisterhandwerk>false</meisterhandwerk><leittalent>false</leittalent><basis>false</basis><nameausfuehrlich>Überzeugen</nameausfuehrlich><wert>2</wert><probe>KL/IN/CH</probe><probenwerte>8/8/8</probenwerte><nameausfuehrlichmitprobe>Überzeugen (KL/IN/CH)</nameausfuehrlichmitprobe><behinderung></behinderung><mirakelplus>false</mirakelplus><mirakelminus>false</mirakelminus><metatalent>false</metatalent><bereich>Gesellschaft</bereich><komplexität>B</komplexität><lernkomplexität>B</lernkomplexität><spezialisierungen></spezialisierungen></talent><talent><name>Ansitzjagd incl Waffe</name><meisterhandwerk>false</meisterhandwerk><leittalent>false</leittalent><basis>false</basis><nameausfuehrlich>Ansitzjagd incl Waffe</nameausfuehrlich><wert>0</wert><probe>MU/IN/GE</probe><probenwerte>12/8/12</probenwerte><nameausfuehrlichmitprobe>Ansitzjagd incl Waffe (MU/IN/GE)</nameausfuehrlichmitprobe><behinderung></behinderung><mirakelplus>false</mirakelplus><mirakelminus>false</mirakelminus><metatalent>true</metatalent><bereich>Natur</bereich><komplexität>B</komplexität><lernkomplexität>B</lernkomplexität><spezialisierungen></spezialisierungen></talent><talent><name>Fährtensuchen</name><meisterhandwerk>false</meisterhandwerk><leittalent>false</leittalent><basis>true</basis><nameausfuehrlich>Fährtensuchen  (B)</nameausfuehrlich><wert>0</wert><probe>KL/IN/KO</probe><probenwerte>8/8/13</probenwerte><nameausfuehrlichmitprobe>Fährtensuchen  (B)(KL/IN/KO)</nameausfuehrlichmitprobe><behinderung></behinderung><mirakelplus>false</mirakelplus><mirakelminus>false</mirakelminus><metatalent>false</metatalent><bereich>Natur</bereich><komplexität>B</komplexität><lernkomplexität>B</lernkomplexität><spezialisierungen></spezialisierungen></talent><talent><name>Fesseln/Entfesseln</name><meisterhandwerk>false</meisterhandwerk><leittalent>false</leittalent><basis>false</basis><nameausfuehrlich>Fesseln/Entfesseln</nameausfuehrlich><wert>3</wert><probe>FF/GE/KK</probe><probenwerte>8/12/13</probenwerte><nameausfuehrlichmitprobe>Fesseln/Entfesseln (FF/GE/KK)</nameausfuehrlichmitprobe><behinderung>-/BE</behinderung><mirakelplus>false</mirakelplus><mirakelminus>false</mirakelminus><metatalent>false</metatalent><bereich>Natur</bereich><komplexität>B</komplexität><lernkomplexität>B</lernkomplexität><spezialisierungen></spezialisierungen></talent><talent><name>Fischen/Angeln</name><meisterhandwerk>false</meisterhandwerk><leittalent>false</leittalent><basis>false</basis><nameausfuehrlich>Fischen/Angeln</nameausfuehrlich><wert>3</wert><probe>IN/FF/KK</probe><probenwerte>8/8/13</probenwerte><nameausfuehrlichmitprobe>Fischen/Angeln (IN/FF/KK)</nameausfuehrlichmitprobe><behinderung></behinderung><mirakelplus>false</mirakelplus><mirakelminus>false</mirakelminus><metatalent>false</metatalent><bereich>Natur</bereich><komplexität>B</komplexität><lernkomplexität>B</lernkomplexität><spezialisierungen></spezialisierungen></talent><talent><name>Orientierung</name><meisterhandwerk>false</meisterhandwerk><leittalent>false</leittalent><basis>true</basis><nameausfuehrlich>Orientierung  (B)</nameausfuehrlich><wert>4</wert><probe>KL/IN/IN</probe><probenwerte>8/8/8</probenwerte><nameausfuehrlichmitprobe>Orientierung  (B)(KL/IN/IN)</nameausfuehrlichmitprobe><behinderung></behinderung><mirakelplus>false</mirakelplus><mirakelminus>false</mirakelminus><metatalent>false</metatalent><bereich>Natur</bereich><komplexität>B</komplexität><lernkomplexität>B</lernkomplexität><spezialisierungen></spezialisierungen></talent><talent><name>Pirschjagd incl Waffe</name><meisterhandwerk>false</meisterhandwerk><leittalent>false</leittalent><basis>false</basis><nameausfuehrlich>Pirschjagd incl Waffe</nameausfuehrlich><wert>0</wert><probe>MU/IN/GE</probe><probenwerte>12/8/12</probenwerte><nameausfuehrlichmitprobe>Pirschjagd incl Waffe (MU/IN/GE)</nameausfuehrlichmitprobe><behinderung></behinderung><mirakelplus>false</mirakelplus><mirakelminus>false</mirakelminus><metatalent>true</metatalent><bereich>Natur</bereich><komplexität>B</komplexität><lernkomplexität>B</lernkomplexität><spezialisierungen></spezialisierungen></talent><talent><name>Wettervorhersage</name><meisterhandwerk>false</meisterhandwerk><leittalent>false</leittalent><basis>false</basis><nameausfuehrlich>Wettervorhersage</nameausfuehrlich><wert>1</wert><probe>KL/IN/IN</probe><probenwerte>8/8/8</probenwerte><nameausfuehrlichmitprobe>Wettervorhersage (KL/IN/IN)</nameausfuehrlichmitprobe><behinderung></behinderung><mirakelplus>false</mirakelplus><mirakelminus>false</mirakelminus><metatalent>false</metatalent><bereich>Natur</bereich><komplexität>B</komplexität><lernkomplexität>B</lernkomplexität><spezialisierungen></spezialisierungen></talent><talent><name>Wildnisleben</name><meisterhandwerk>false</meisterhandwerk><leittalent>false</leittalent><basis>true</basis><nameausfuehrlich>Wildnisleben  (B)</nameausfuehrlich><wert>1</wert><probe>IN/GE/KO</probe><probenwerte>8/12/13</probenwerte><nameausfuehrlichmitprobe>Wildnisleben  (B)(IN/GE/KO)</nameausfuehrlichmitprobe><behinderung></behinderung><mirakelplus>false</mirakelplus><mirakelminus>false</mirakelminus><metatalent>false</metatalent><bereich>Natur</bereich><komplexität>B</komplexität><lernkomplexität>B</lernkomplexität><spezialisierungen></spezialisierungen></talent><talent><name>Götter und Kulte</name><meisterhandwerk>false</meisterhandwerk><leittalent>false</leittalent><basis>true</basis><nameausfuehrlich>Götter und Kulte  (B)</nameausfuehrlich><wert>3</wert><probe>KL/KL/IN</probe><probenwerte>8/8/8</probenwerte><nameausfuehrlichmitprobe>Götter und Kulte  (B)(KL/KL/IN)</nameausfuehrlichmitprobe><behinderung></behinderung><mirakelplus>false</mirakelplus><mirakelminus>false</mirakelminus><metatalent>false</metatalent><bereich>Wissen</bereich><komplexität>B</komplexität><lernkomplexität>B</lernkomplexität><spezialisierungen></spezialisierungen></talent><talent><name>Kriegskunst</name><meisterhandwerk>false</meisterhandwerk><leittalent>false</leittalent><basis>false</basis><nameausfuehrlich>Kriegskunst</nameausfuehrlich><wert>6</wert><probe>MU/KL/CH</probe><probenwerte>12/8/8</probenwerte><nameausfuehrlichmitprobe>Kriegskunst (MU/KL/CH)</nameausfuehrlichmitprobe><behinderung></behinderung><mirakelplus>false</mirakelplus><mirakelminus>false</mirakelminus><metatalent>false</metatalent><bereich>Wissen</bereich><komplexität>B</komplexität><lernkomplexität>B</lernkomplexität><spezialisierungen></spezialisierungen></talent><talent><name>Rechnen</name><meisterhandwerk>false</meisterhandwerk><leittalent>false</leittalent><basis>true</basis><nameausfuehrlich>Rechnen  (B)</nameausfuehrlich><wert>2</wert><probe>KL/KL/IN</probe><probenwerte>8/8/8</probenwerte><nameausfuehrlichmitprobe>Rechnen  (B)(KL/KL/IN)</nameausfuehrlichmitprobe><behinderung></behinderung><mirakelplus>false</mirakelplus><mirakelminus>false</mirakelminus><metatalent>false</metatalent><bereich>Wissen</bereich><komplexität>B</komplexität><lernkomplexität>B</lernkomplexität><spezialisierungen></spezialisierungen></talent><talent><name>Rechtskunde</name><meisterhandwerk>false</meisterhandwerk><leittalent>false</leittalent><basis>false</basis><nameausfuehrlich>Rechtskunde</nameausfuehrlich><wert>3</wert><probe>KL/KL/IN</probe><probenwerte>8/8/8</probenwerte><nameausfuehrlichmitprobe>Rechtskunde (KL/KL/IN)</nameausfuehrlichmitprobe><behinderung></behinderung><mirakelplus>false</mirakelplus><mirakelminus>false</mirakelminus><metatalent>false</metatalent><bereich>Wissen</bereich><komplexität>B</komplexität><lernkomplexität>B</lernkomplexität><spezialisierungen></spezialisierungen></talent><talent><name>Sagen und Legenden</name><meisterhandwerk>false</meisterhandwerk><leittalent>false</leittalent><basis>true</basis><nameausfuehrlich>Sagen und Legenden  (B)</nameausfuehrlich><wert>7</wert><probe>KL/IN/CH</probe><probenwerte>8/8/8</probenwerte><nameausfuehrlichmitprobe>Sagen und Legenden  (B)(KL/IN/CH)</nameausfuehrlichmitprobe><behinderung></behinderung><mirakelplus>false</mirakelplus><mirakelminus>false</mirakelminus><metatalent>false</metatalent><bereich>Wissen</bereich><komplexität>B</komplexität><lernkomplexität>B</lernkomplexität><spezialisierungen></spezialisierungen></talent><talent><name>Sternkunde</name><meisterhandwerk>false</meisterhandwerk><leittalent>false</leittalent><basis>false</basis><nameausfuehrlich>Sternkunde</nameausfuehrlich><wert>1</wert><probe>KL/KL/IN</probe><probenwerte>8/8/8</probenwerte><nameausfuehrlichmitprobe>Sternkunde (KL/KL/IN)</nameausfuehrlichmitprobe><behinderung></behinderung><mirakelplus>false</mirakelplus><mirakelminus>false</mirakelminus><metatalent>false</metatalent><bereich>Wissen</bereich><komplexität>B</komplexität><lernkomplexität>B</lernkomplexität><spezialisierungen></spezialisierungen></talent><talent><name>Tierkunde</name><meisterhandwerk>false</meisterhandwerk><leittalent>false</leittalent><basis>false</basis><nameausfuehrlich>Tierkunde</nameausfuehrlich><wert>4</wert><probe>MU/KL/IN</probe><probenwerte>12/8/8</probenwerte><nameausfuehrlichmitprobe>Tierkunde (MU/KL/IN)</nameausfuehrlichmitprobe><behinderung></behinderung><mirakelplus>false</mirakelplus><mirakelminus>false</mirakelminus><metatalent>false</metatalent><bereich>Wissen</bereich><komplexität>B</komplexität><lernkomplexität>B</lernkomplexität><spezialisierungen></spezialisierungen></talent><talent><name>Garethi</name><meisterhandwerk>false</meisterhandwerk><leittalent>false</leittalent><basis>false</basis><nameausfuehrlich>Garethi</nameausfuehrlich><wert>6</wert><probe>KL/IN/CH</probe><probenwerte>8/8/8</probenwerte><nameausfuehrlichmitprobe>Garethi (KL/IN/CH)</nameausfuehrlichmitprobe><sprachkomplexität>18</sprachkomplexität><zweitlehrsprache>true</zweitlehrsprache><behinderung></behinderung><mirakelplus>false</mirakelplus><mirakelminus>false</mirakelminus><metatalent>false</metatalent><bereich>Sprachen</bereich><komplexität>A</komplexität><lernkomplexität>A+</lernkomplexität><spezialisierungen></spezialisierungen></talent><talent><name>Thorwalsch</name><meisterhandwerk>false</meisterhandwerk><leittalent>false</leittalent><basis>false</basis><nameausfuehrlich>Thorwalsch</nameausfuehrlich><wert>6</wert><probe>KL/IN/CH</probe><probenwerte>8/8/8</probenwerte><nameausfuehrlichmitprobe>Thorwalsch (KL/IN/CH)</nameausfuehrlichmitprobe><sprachkomplexität>18</sprachkomplexität><muttersprache>true</muttersprache><behinderung></behinderung><mirakelplus>false</mirakelplus><mirakelminus>false</mirakelminus><metatalent>false</metatalent><bereich>Sprachen</bereich><komplexität>A</komplexität><lernkomplexität>A</lernkomplexität><spezialisierungen></spezialisierungen></talent><talent><name>L/S Hjaldingsche Runen</name><meisterhandwerk>false</meisterhandwerk><leittalent>false</leittalent><basis>false</basis><nameausfuehrlich>L/S Hjaldingsche Runen</nameausfuehrlich><wert>4</wert><probe>KL/KL/FF</probe><probenwerte>8/8/8</probenwerte><nameausfuehrlichmitprobe>L/S Hjaldingsche Runen (KL/KL/FF)</nameausfuehrlichmitprobe><sprachkomplexität>16</sprachkomplexität><behinderung></behinderung><mirakelplus>false</mirakelplus><mirakelminus>false</mirakelminus><metatalent>false</metatalent><bereich>Schriften</bereich><komplexität>A</komplexität><lernkomplexität>A</lernkomplexität><spezialisierungen></spezialisierungen></talent><talent><name>L/S Kusliker Zeichen</name><meisterhandwerk>false</meisterhandwerk><leittalent>false</leittalent><basis>false</basis><nameausfuehrlich>L/S Kusliker Zeichen</nameausfuehrlich><wert>0</wert><probe>KL/KL/FF</probe><probenwerte>8/8/8</probenwerte><nameausfuehrlichmitprobe>L/S Kusliker Zeichen (KL/KL/FF)</nameausfuehrlichmitprobe><sprachkomplexität>10</sprachkomplexität><schriftmuttersprache>true</schriftmuttersprache><behinderung></behinderung><mirakelplus>false</mirakelplus><mirakelminus>false</mirakelminus><metatalent>false</metatalent><bereich>Schriften</bereich><komplexität>A</komplexität><lernkomplexität>A</lernkomplexität><spezialisierungen></spezialisierungen></talent><talent><name>Boote fahren</name><meisterhandwerk>false</meisterhandwerk><leittalent>false</leittalent><basis>false</basis><nameausfuehrlich>Boote fahren</nameausfuehrlich><wert>5</wert><probe>GE/KO/KK</probe><probenwerte>12/13/13</probenwerte><nameausfuehrlichmitprobe>Boote fahren (GE/KO/KK)</nameausfuehrlichmitprobe><behinderung></behinderung><mirakelplus>false</mirakelplus><mirakelminus>false</mirakelminus><metatalent>false</metatalent><bereich>Handwerk</bereich><komplexität>B</komplexität><lernkomplexität>B</lernkomplexität><spezialisierungen></spezialisierungen></talent><talent><name>Heilkunde: Wunden</name><meisterhandwerk>false</meisterhandwerk><leittalent>false</leittalent><basis>true</basis><nameausfuehrlich>Heilkunde: Wunden  (B)</nameausfuehrlich><wert>3</wert><probe>KL/CH/FF</probe><probenwerte>8/8/8</probenwerte><nameausfuehrlichmitprobe>Heilkunde: Wunden  (B)(KL/CH/FF)</nameausfuehrlichmitprobe><behinderung></behinderung><mirakelplus>false</mirakelplus><mirakelminus>false</mirakelminus><metatalent>false</metatalent><bereich>Handwerk</bereich><komplexität>B</komplexität><lernkomplexität>B</lernkomplexität><spezialisierungen></spezialisierungen></talent><talent><name>Holzbearbeitung</name><meisterhandwerk>false</meisterhandwerk><leittalent>false</leittalent><basis>true</basis><nameausfuehrlich>Holzbearbeitung  (B)</nameausfuehrlich><wert>2</wert><probe>KL/FF/KK</probe><probenwerte>8/8/13</probenwerte><nameausfuehrlichmitprobe>Holzbearbeitung  (B)(KL/FF/KK)</nameausfuehrlichmitprobe><behinderung></behinderung><mirakelplus>false</mirakelplus><mirakelminus>false</mirakelminus><metatalent>false</metatalent><bereich>Handwerk</bereich><komplexität>B</komplexität><lernkomplexität>B</lernkomplexität><spezialisierungen></spezialisierungen></talent><talent><name>Kochen</name><meisterhandwerk>false</meisterhandwerk><leittalent>false</leittalent><basis>true</basis><nameausfuehrlich>Kochen  (B)</nameausfuehrlich><wert>0</wert><probe>KL/IN/FF</probe><probenwerte>8/8/8</probenwerte><nameausfuehrlichmitprobe>Kochen  (B)(KL/IN/FF)</nameausfuehrlichmitprobe><behinderung></behinderung><mirakelplus>false</mirakelplus><mirakelminus>false</mirakelminus><metatalent>false</metatalent><bereich>Handwerk</bereich><komplexität>B</komplexität><lernkomplexität>B</lernkomplexität><spezialisierungen></spezialisierungen></talent><talent><name>Lederarbeiten</name><meisterhandwerk>false</meisterhandwerk><leittalent>false</leittalent><basis>true</basis><nameausfuehrlich>Lederarbeiten  (B)</nameausfuehrlich><wert>2</wert><probe>KL/FF/FF</probe><probenwerte>8/8/8</probenwerte><nameausfuehrlichmitprobe>Lederarbeiten  (B)(KL/FF/FF)</nameausfuehrlichmitprobe><behinderung></behinderung><mirakelplus>false</mirakelplus><mirakelminus>false</mirakelminus><metatalent>false</metatalent><bereich>Handwerk</bereich><komplexität>B</komplexität><lernkomplexität>B</lernkomplexität><spezialisierungen></spezialisierungen></talent><talent><name>Malen/Zeichnen</name><meisterhandwerk>false</meisterhandwerk><leittalent>false</leittalent><basis>true</basis><nameausfuehrlich>Malen/Zeichnen  (B)</nameausfuehrlich><wert>0</wert><probe>KL/IN/FF</probe><probenwerte>8/8/8</probenwerte><nameausfuehrlichmitprobe>Malen/Zeichnen  (B)(KL/IN/FF)</nameausfuehrlichmitprobe><behinderung></behinderung><mirakelplus>false</mirakelplus><mirakelminus>false</mirakelminus><metatalent>false</metatalent><bereich>Handwerk</bereich><komplexität>B</komplexität><lernkomplexität>B</lernkomplexität><spezialisierungen></spezialisierungen></talent><talent><name>Schneidern</name><meisterhandwerk>false</meisterhandwerk><leittalent>false</leittalent><basis>true</basis><nameausfuehrlich>Schneidern  (B)</nameausfuehrlich><wert>0</wert><probe>KL/FF/FF</probe><probenwerte>8/8/8</probenwerte><nameausfuehrlichmitprobe>Schneidern  (B)(KL/FF/FF)</nameausfuehrlichmitprobe><behinderung></behinderung><mirakelplus>false</mirakelplus><mirakelminus>false</mirakelminus><metatalent>false</metatalent><bereich>Handwerk</bereich><komplexität>B</komplexität><lernkomplexität>B</lernkomplexität><spezialisierungen></spezialisierungen></talent><talent><name>Seefahrt</name><meisterhandwerk>false</meisterhandwerk><leittalent>false</leittalent><basis>false</basis><nameausfuehrlich>Seefahrt</nameausfuehrlich><wert>4</wert><probe>FF/GE/KK</probe><probenwerte>8/12/13</probenwerte><nameausfuehrlichmitprobe>Seefahrt (FF/GE/KK)</nameausfuehrlichmitprobe><behinderung></behinderung><mirakelplus>false</mirakelplus><mirakelminus>false</mirakelminus><metatalent>false</metatalent><bereich>Handwerk</bereich><komplexität>B</komplexität><lernkomplexität>B</lernkomplexität><spezialisierungen></spezialisierungen></talent></talentliste><zauberliste/><gegenstaende/><verbindungen/><kampfsets><kampfset inbenutzung="false" nr="1" tzm="true" defaultrsmodel="true"><raufen><at>12</at><pa>7</pa><tp>1W+1</tp></raufen><ringen><at>7</at><pa>10</pa><tp>1W+1</tp></ringen><ausweichen>7</ausweichen><ausweichenausweichenmod>0</ausweichenausweichenmod><ausweichenakrobatikmod>0</ausweichenakrobatikmod><ausweichenmod>0</ausweichenmod><geschwindigkeitinklbe>8</geschwindigkeitinklbe><ini>9</ini><ruestungzonen><kopf>0</kopf><brust>0</brust><ruecken>0</ruecken><gesamt>0</gesamt><bauch>0</bauch><linkerarm>0</linkerarm><rechterarm>0</rechterarm><linkesbein>0</linkesbein><rechtesbein>0</rechtesbein><gesamtschutz>0</gesamtschutz><gesamtzonenschutz>0</gesamtzonenschutz><behinderung>0</behinderung></ruestungzonen><nahkampfwaffen inbenutzung="false"/><fernkampfwaffen inbenutzung="false"/><schilder inbenutzung="false"/><ruestungen inbenutzung="false"/></kampfset><kampfset inbenutzung="false" nr="1" tzm="false" defaultrsmodel="false"><raufen><at>12</at><pa>7</pa><tp>1W+1</tp></raufen><ringen><at>7</at><pa>10</pa><tp>1W+1</tp></ringen><ausweichen>7</ausweichen><ausweichenausweichenmod>0</ausweichenausweichenmod><ausweichenakrobatikmod>0</ausweichenakrobatikmod><ausweichenmod>0</ausweichenmod><geschwindigkeitinklbe>8</geschwindigkeitinklbe><ini>9</ini><ruestungeinfach><gesamt>0</gesamt><behinderung>0</behinderung></ruestungeinfach><nahkampfwaffen inbenutzung="false"/><fernkampfwaffen inbenutzung="false"/><schilder inbenutzung="false"/><ruestungen inbenutzung="false"/></kampfset><kampfset inbenutzung="false" nr="2" tzm="true" defaultrsmodel="true"><raufen><at>12</at><pa>7</pa><tp>1W+1</tp></raufen><ringen><at>7</at><pa>10</pa><tp>1W+1</tp></ringen><ausweichen>7</ausweichen><ausweichenausweichenmod>0</ausweichenausweichenmod><ausweichenakrobatikmod>0</ausweichenakrobatikmod><ausweichenmod>0</ausweichenmod><geschwindigkeitinklbe>8</geschwindigkeitinklbe><ini>9</ini><ruestungzonen><kopf>0</kopf><brust>0</brust><ruecken>0</ruecken><gesamt>0</gesamt><bauch>0</bauch><linkerarm>0</linkerarm><rechterarm>0</rechterarm><linkesbein>0</linkesbein><rechtesbein>0</rechtesbein><gesamtschutz>0</gesamtschutz><gesamtzonenschutz>0</gesamtzonenschutz><behinderung>0</behinderung></ruestungzonen><nahkampfwaffen inbenutzung="false"/><fernkampfwaffen inbenutzung="false"/><schilder inbenutzung="false"/><ruestungen inbenutzung="false"/></kampfset><kampfset inbenutzung="false" nr="2" tzm="false" defaultrsmodel="false"><raufen><at>12</at><pa>7</pa><tp>1W+1</tp></raufen><ringen><at>7</at><pa>10</pa><tp>1W+1</tp></ringen><ausweichen>7</ausweichen><ausweichenausweichenmod>0</ausweichenausweichenmod><ausweichenakrobatikmod>0</ausweichenakrobatikmod><ausweichenmod>0</ausweichenmod><geschwindigkeitinklbe>8</geschwindigkeitinklbe><ini>9</ini><ruestungeinfach><gesamt>0</gesamt><behinderung>0</behinderung></ruestungeinfach><nahkampfwaffen inbenutzung="false"/><fernkampfwaffen inbenutzung="false"/><schilder inbenutzung="false"/><ruestungen inbenutzung="false"/></kampfset><kampfset inbenutzung="false" nr="3" tzm="true" defaultrsmodel="true"><raufen><at>12</at><pa>7</pa><tp>1W+1</tp></raufen><ringen><at>7</at><pa>10</pa><tp>1W+1</tp></ringen><ausweichen>7</ausweichen><ausweichenausweichenmod>0</ausweichenausweichenmod><ausweichenakrobatikmod>0</ausweichenakrobatikmod><ausweichenmod>0</ausweichenmod><geschwindigkeitinklbe>8</geschwindigkeitinklbe><ini>9</ini><ruestungzonen><kopf>0</kopf><brust>0</brust><ruecken>0</ruecken><gesamt>0</gesamt><bauch>0</bauch><linkerarm>0</linkerarm><rechterarm>0</rechterarm><linkesbein>0</linkesbein><rechtesbein>0</rechtesbein><gesamtschutz>0</gesamtschutz><gesamtzonenschutz>0</gesamtzonenschutz><behinderung>0</behinderung></ruestungzonen><nahkampfwaffen inbenutzung="false"/><fernkampfwaffen inbenutzung="false"/><schilder inbenutzung="false"/><ruestungen inbenutzung="false"/></kampfset><kampfset inbenutzung="false" nr="3" tzm="false" defaultrsmodel="false"><raufen><at>12</at><pa>7</pa><tp>1W+1</tp></raufen><ringen><at>7</at><pa>10</pa><tp>1W+1</tp></ringen><ausweichen>7</ausweichen><ausweichenausweichenmod>0</ausweichenausweichenmod><ausweichenakrobatikmod>0</ausweichenakrobatikmod><ausweichenmod>0</ausweichenmod><geschwindigkeitinklbe>8</geschwindigkeitinklbe><ini>9</ini><ruestungeinfach><gesamt>0</gesamt><behinderung>0</behinderung></ruestungeinfach><nahkampfwaffen inbenutzung="false"/><fernkampfwaffen inbenutzung="false"/><schilder inbenutzung="false"/><ruestungen inbenutzung="false"/></kampfset></kampfsets><ereignisse><ereignis><aktion>EINSTELLUNG</aktion><alterzustand></alterzustand><ap>0</ap><asp>0</asp><bemerkung></bemerkung><date>23.05.2016 11:54</date><kp>0</kp><kommentar></kommentar><lep>0</lep><neuerzustand></neuerzustand><object>max GP für Helden: 110</object><version>HS 5.5.1</version></ereignis><ereignis><aktion>EINSTELLUNG</aktion><alterzustand></alterzustand><ap>0</ap><asp>0</asp><bemerkung></bemerkung><date>23.05.2016 11:54</date><kp>0</kp><kommentar></kommentar><lep>0</lep><neuerzustand></neuerzustand><object>max Eigenschafts-GP für Helden: 100</object><version>HS 5.5.1</version></ereignis><ereignis><aktion>EINSTELLUNG</aktion><alterzustand></alterzustand><ap>0</ap><asp>0</asp><bemerkung></bemerkung><date>23.05.2016 11:54</date><kp>0</kp><kommentar></kommentar><lep>0</lep><neuerzustand></neuerzustand><object>max Eigenschafts-Wert für Helden: 14</object><version>HS 5.5.1</version></ereignis><ereignis><aktion>RKP</aktion><alterzustand>0</alterzustand><ap>0</ap><asp>0</asp><bemerkung></bemerkung><date>23.05.2016 11:54</date><kp>0</kp><kommentar>5 GP</kommentar><lep>0</lep><neuerzustand>0</neuerzustand><object>Rasse: Thorwaler</object><version>HS 5.5.1</version></ereignis><ereignis><aktion>RKP</aktion><alterzustand>0</alterzustand><ap>0</ap><asp>0</asp><bemerkung></bemerkung><date>23.05.2016 11:54</date><kp>0</kp><kommentar>4 GP</kommentar><lep>0</lep><neuerzustand>0</neuerzustand><object>Kultur: Thorwal</object><version>HS 5.5.1</version></ereignis><ereignis><aktion>RKP</aktion><alterzustand>0</alterzustand><ap>0</ap><asp>0</asp><bemerkung></bemerkung><date>23.05.2016 11:54</date><kp>0</kp><kommentar>25 GP</kommentar><lep>0</lep><neuerzustand>0</neuerzustand><object>Profession: Krieger: Kämpferschule Ugdalfskronir in Thorwal</object><version>HS 5.5.1</version></ereignis><ereignis><aktion>EIGENSCHAFTEN</aktion><alterzustand>0</alterzustand><ap>0</ap><asp>0</asp><bemerkung></bemerkung><date>23.05.2016 11:54</date><kp>0</kp><kommentar>11 GP</kommentar><lep>0</lep><neuerzustand>12</neuerzustand><object>Mut: 12</object><version>HS 5.5.1</version></ereignis><ereignis><aktion>EIGENSCHAFTEN</aktion><alterzustand>0</alterzustand><ap>0</ap><asp>0</asp><bemerkung></bemerkung><date>23.05.2016 11:54</date><kp>0</kp><kommentar>8 GP</kommentar><lep>0</lep><neuerzustand>8</neuerzustand><object>Klugheit: 8</object><version>HS 5.5.1</version></ereignis><ereignis><aktion>EIGENSCHAFTEN</aktion><alterzustand>0</alterzustand><ap>0</ap><asp>0</asp><bemerkung></bemerkung><date>23.05.2016 11:54</date><kp>0</kp><kommentar>8 GP</kommentar><lep>0</lep><neuerzustand>8</neuerzustand><object>Intuition: 8</object><version>HS 5.5.1</version></ereignis><ereignis><aktion>EIGENSCHAFTEN</aktion><alterzustand>0</alterzustand><ap>0</ap><asp>0</asp><bemerkung></bemerkung><date>23.05.2016 11:54</date><kp>0</kp><kommentar>8 GP</kommentar><lep>0</lep><neuerzustand>8</neuerzustand><object>Charisma: 8</object><version>HS 5.5.1</version></ereignis><ereignis><aktion>EIGENSCHAFTEN</aktion><alterzustand>0</alterzustand><ap>0</ap><asp>0</asp><bemerkung></bemerkung><date>23.05.2016 11:54</date><kp>0</kp><kommentar>8 GP</kommentar><lep>0</lep><neuerzustand>8</neuerzustand><object>Fingerfertigkeit: 8</object><version>HS 5.5.1</version></ereignis><ereignis><aktion>EIGENSCHAFTEN</aktion><alterzustand>0</alterzustand><ap>0</ap><asp>0</asp><bemerkung></bemerkung><date>23.05.2016 11:54</date><kp>0</kp><kommentar>12 GP</kommentar><lep>0</lep><neuerzustand>12</neuerzustand><object>Gewandtheit: 12</object><version>HS 5.5.1</version></ereignis><ereignis><aktion>EIGENSCHAFTEN</aktion><alterzustand>0</alterzustand><ap>0</ap><asp>0</asp><bemerkung></bemerkung><date>23.05.2016 11:54</date><kp>0</kp><kommentar>12 GP</kommentar><lep>0</lep><neuerzustand>13</neuerzustand><object>Konstitution: 13</object><version>HS 5.5.1</version></ereignis><ereignis><aktion>EIGENSCHAFTEN</aktion><alterzustand>0</alterzustand><ap>0</ap><asp>0</asp><bemerkung></bemerkung><date>23.05.2016 11:54</date><kp>0</kp><kommentar>12 GP</kommentar><lep>0</lep><neuerzustand>13</neuerzustand><object>Körperkraft: 13</object><version>HS 5.5.1</version></ereignis><ereignis><aktion>EIGENSCHAFTEN</aktion><alterzustand>0</alterzustand><ap>0</ap><asp>0</asp><bemerkung></bemerkung><date>23.05.2016 11:54</date><kp>0</kp><kommentar>0 GP</kommentar><lep>0</lep><neuerzustand>5</neuerzustand><object>Sozialstatus: 5</object><version>HS 5.5.1</version></ereignis><ereignis><aktion>TALENT</aktion><alterzustand>0</alterzustand><ap>0</ap><asp>0</asp><bemerkung></bemerkung><date>23.05.2016 11:54</date><kp>0</kp><kommentar>17 AP</kommentar><lep>0</lep><neuerzustand>4</neuerzustand><object>Körperbeherrschung: 4</object><version>HS 5.5.1</version></ereignis><ereignis><aktion>TALENT</aktion><alterzustand>0</alterzustand><ap>0</ap><asp>0</asp><bemerkung></bemerkung><date>23.05.2016 11:54</date><kp>0</kp><kommentar>3 AP</kommentar><lep>0</lep><neuerzustand>1</neuerzustand><object>Schleichen: 1</object><version>HS 5.5.1</version></ereignis><ereignis><aktion>TALENT</aktion><alterzustand>0</alterzustand><ap>0</ap><asp>0</asp><bemerkung></bemerkung><date>23.05.2016 11:54</date><kp>0</kp><kommentar>7 AP</kommentar><lep>0</lep><neuerzustand>2</neuerzustand><object>Schleichen: 2</object><version>HS 5.5.1</version></ereignis><ereignis><aktion>TALENT</aktion><alterzustand>0</alterzustand><ap>0</ap><asp>0</asp><bemerkung></bemerkung><date>23.05.2016 11:54</date><kp>0</kp><kommentar>12 AP</kommentar><lep>0</lep><neuerzustand>3</neuerzustand><object>Schleichen: 3</object><version>HS 5.5.1</version></ereignis><ereignis><aktion>TALENT</aktion><alterzustand>0</alterzustand><ap>0</ap><asp>0</asp><bemerkung></bemerkung><date>23.05.2016 11:54</date><kp>0</kp><kommentar>14 AP</kommentar><lep>0</lep><neuerzustand>6</neuerzustand><object>Kriegskunst: 6</object><version>HS 5.5.1</version></ereignis><ereignis><aktion>TALENT</aktion><alterzustand>0</alterzustand><ap>0</ap><asp>0</asp><bemerkung></bemerkung><date>23.05.2016 11:54</date><kp>0</kp><kommentar>2 AP</kommentar><lep>0</lep><neuerzustand>0</neuerzustand><object>Tierkunde: 0</object><version>HS 5.5.1</version></ereignis><ereignis><aktion>TALENT</aktion><alterzustand>0</alterzustand><ap>0</ap><asp>0</asp><bemerkung></bemerkung><date>23.05.2016 11:54</date><kp>0</kp><kommentar>2 AP</kommentar><lep>0</lep><neuerzustand>1</neuerzustand><object>Tierkunde: 1</object><version>HS 5.5.1</version></ereignis><ereignis><aktion>TALENT</aktion><alterzustand>0</alterzustand><ap>0</ap><asp>0</asp><bemerkung></bemerkung><date>23.05.2016 11:54</date><kp>0</kp><kommentar>4 AP</kommentar><lep>0</lep><neuerzustand>2</neuerzustand><object>Tierkunde: 2</object><version>HS 5.5.1</version></ereignis><ereignis><aktion>TALENT</aktion><alterzustand>0</alterzustand><ap>0</ap><asp>0</asp><bemerkung></bemerkung><date>23.05.2016 11:54</date><kp>0</kp><kommentar>6 AP</kommentar><lep>0</lep><neuerzustand>3</neuerzustand><object>Tierkunde: 3</object><version>HS 5.5.1</version></ereignis><ereignis><aktion>TALENT</aktion><alterzustand>0</alterzustand><ap>0</ap><asp>0</asp><bemerkung></bemerkung><date>23.05.2016 11:54</date><kp>0</kp><kommentar>8 AP</kommentar><lep>0</lep><neuerzustand>4</neuerzustand><object>Tierkunde: 4</object><version>HS 5.5.1</version></ereignis><ereignis><aktion>SF</aktion><alterzustand>0</alterzustand><ap>0</ap><asp>0</asp><bemerkung></bemerkung><date>23.05.2016 11:54</date><kp>0</kp><kommentar>75 AP</kommentar><lep>0</lep><neuerzustand>0</neuerzustand><object>Meereskundig</object><version>HS 5.5.1</version></ereignis><ereignis><aktion>SF</aktion><alterzustand>0</alterzustand><ap>0</ap><asp>0</asp><bemerkung></bemerkung><date>23.05.2016 11:54</date><kp>0</kp><kommentar>50 AP</kommentar><lep>0</lep><neuerzustand>0</neuerzustand><object>Ottagaldr</object><version>HS 5.5.1</version></ereignis><ereignis><aktion>SF</aktion><alterzustand>0</alterzustand><ap>0</ap><asp>0</asp><bemerkung></bemerkung><date>23.05.2016 11:54</date><kp>0</kp><kommentar>45 AP</kommentar><lep>0</lep><neuerzustand>0</neuerzustand><object>Schmutzige Tricks</object><version>HS 5.5.1</version></ereignis><ereignis><aktion>SF</aktion><alterzustand>0</alterzustand><ap>0</ap><asp>0</asp><bemerkung></bemerkung><date>23.05.2016 11:54</date><kp>0</kp><kommentar>75 AP</kommentar><lep>0</lep><neuerzustand>0</neuerzustand><object>Wuchtschlag</object><version>HS 5.5.1</version></ereignis><ereignis><aktion>VORTEILE</aktion><alterzustand>0</alterzustand><ap>0</ap><asp>0</asp><bemerkung></bemerkung><date>23.05.2016 11:54</date><kp>0</kp><kommentar>2 GP</kommentar><lep>0</lep><neuerzustand>0</neuerzustand><object>Aberglaube: 3</object><version>HS 5.5.1</version></ereignis><ereignis><aktion>VORTEILE</aktion><alterzustand>0</alterzustand><ap>0</ap><asp>0</asp><bemerkung></bemerkung><date>23.05.2016 11:54</date><kp>0</kp><kommentar>0 GP</kommentar><lep>0</lep><neuerzustand>0</neuerzustand><object>Akademische Ausbildung (Krieger)</object><version>HS 5.5.1</version></ereignis><ereignis><aktion>VORTEILE</aktion><alterzustand>0</alterzustand><ap>0</ap><asp>0</asp><bemerkung></bemerkung><date>23.05.2016 11:54</date><kp>0</kp><kommentar>0 GP</kommentar><lep>0</lep><neuerzustand>0</neuerzustand><object>Jähzorn: 6</object><version>HS 5.5.1</version></ereignis><ereignis><aktion>VORTEILE</aktion><alterzustand>0</alterzustand><ap>0</ap><asp>0</asp><bemerkung></bemerkung><date>23.05.2016 11:54</date><kp>0</kp><kommentar>0 GP</kommentar><lep>0</lep><neuerzustand>0</neuerzustand><object>Prinzipientreue: 10</object><version>HS 5.5.1</version></ereignis><ereignis><aktion>VORTEILE</aktion><alterzustand>0</alterzustand><ap>0</ap><asp>0</asp><bemerkung></bemerkung><date>23.05.2016 11:54</date><kp>0</kp><kommentar>-5 GP</kommentar><lep>0</lep><neuerzustand>0</neuerzustand><object>Rachsucht: 5</object><version>HS 5.5.1</version></ereignis><ereignis><aktion>Hiebwaffen</aktion><alterzustand></alterzustand><ap>0</ap><asp>0</asp><bemerkung></bemerkung><date>23.05.2016 11:54</date><kp>0</kp><kommentar></kommentar><lep>0</lep><neuerzustand>5</neuerzustand><object>Auswahl</object><version>HS 5.5.1</version></ereignis><ereignis><aktion>Schwerter</aktion><alterzustand></alterzustand><ap>0</ap><asp>0</asp><bemerkung></bemerkung><date>23.05.2016 11:54</date><kp>0</kp><kommentar></kommentar><lep>0</lep><neuerzustand>6</neuerzustand><object>Auswahl</object><version>HS 5.5.1</version></ereignis><ereignis><aktion>Zweihandhiebwaffen</aktion><alterzustand></alterzustand><ap>0</ap><asp>0</asp><bemerkung></bemerkung><date>23.05.2016 11:54</date><kp>0</kp><kommentar></kommentar><lep>0</lep><neuerzustand>3</neuerzustand><object>Auswahl</object><version>HS 5.5.1</version></ereignis></ereignisse></daten>