<?xml version="1.0" encoding="UTF-8" standalone="no"?>
<?xml-stylesheet type="text/xsl" href="helden.xsl"?><helden Version="5.5.3">
<held key="1463997267292" name="Tevil Rekkison" stand="1463997305143">
<mods/>
<basis>
<geschlecht name="männlich"/>
<settings name="DSA4.1"/>
<rasse name="helden.model.rasse.Thorwaler" string="Thorwaler">
<groesse gewicht="105" value="200"/>
<aussehen alter="20" augenfarbe="braun" aussehentext0="" aussehentext1="" aussehentext2="" aussehentext3="" familietext0="" familietext1="" familietext2="" familietext3="" familietext4="" familietext5="" gbjahr="1003" gbmonat="9" gbtag="13" gprest="0" gpstart="110" haarfarbe="blond" kalender="Bosparans Fall" stand="" titel=""/>
<variante name="Thorwaler"/>
</rasse>
<kultur name="helden.model.kultur.Thorwal" string="Thorwal">
<variante name="Thorwal"/>
</kultur>
<ausbildungen>
<ausbildung art="Hauptprofession" name="helden.model.profession.Krieger" string="Krieger: Kämpferschule Ugdalfskronir in Thorwal" tarnidentitaet="">
<variante name="Kämpferschule Ugdalfskronir in Thorwal"/>
</ausbildung>
</ausbildungen>
<verify value="1"/>
<notiz notiz0="Notizen" notiz1="" notiz10="" notiz11="" notiz2="" notiz3="" notiz4="" notiz5="" notiz6="" notiz7="" notiz8="" notiz9=""/>
<portraet value=""/>
<abenteuerpunkte value="320"/>
<freieabenteuerpunkte value="0"/>
</basis>
<eigenschaften>
<eigenschaft mod="1" name="Mut" startwert="11" value="11"/>
<eigenschaft mod="0" name="Klugheit" startwert="8" value="8"/>
<eigenschaft mod="0" name="Intuition" startwert="8" value="8"/>
<eigenschaft mod="0" name="Charisma" startwert="8" value="8"/>
<eigenschaft mod="0" name="Fingerfertigkeit" startwert="8" value="8"/>
<eigenschaft mod="0" name="Gewandtheit" startwert="12" value="12"/>
<eigenschaft mod="1" name="Konstitution" startwert="12" value="12"/>
<eigenschaft mod="1" name="Körperkraft" startwert="12" value="12"/>
<eigenschaft mod="0" name="Sozialstatus" startwert="5" value="5"/>
<eigenschaft mod="13" name="Lebensenergie" value="0"/>
<eigenschaft mod="15" name="Ausdauer" value="0"/>
<eigenschaft grossemeditation="0" mod="0" mrmod="-5" name="Astralenergie" value="0"/>
<eigenschaft karmalqueste="0" mod="0" name="Karmaenergie" value="0"/>
<eigenschaft mod="-5" name="Magieresistenz" value="0"/>
<eigenschaft mod="0" name="ini" value="9"/>
<eigenschaft mod="0" name="at" value="7"/>
<eigenschaft mod="0" name="pa" value="7"/>
<eigenschaft mod="0" name="fk" value="6"/>
</eigenschaften>
<vt>
<vorteil name="Akademische Ausbildung (Krieger)"/>
<vorteil name="Aberglaube" value="3"/>
<vorteil name="Jähzorn" value="6"/>
<vorteil name="Prinzipientreue" value="10"/>
<vorteil name="Rachsucht" value="5"/>
</vt>
<sf>
<sonderfertigkeit name="Kulturkunde">
<kultur name="Thorwal"/>
</sonderfertigkeit>
<sonderfertigkeit name="Linkhand"/>
<sonderfertigkeit name="Meereskundig"/>
<sonderfertigkeit name="Ottagaldr"/>
<sonderfertigkeit name="Rüstungsgewöhnung I">
<gegenstand name="Kettenhemd, Lang"/>
</sonderfertigkeit>
<sonderfertigkeit name="Schildkampf I"/>
<sonderfertigkeit name="Schmutzige Tricks"/>
<sonderfertigkeit name="Wuchtschlag"/>
</sf>
<ereignisse>
<ereignis obj="max GP für Helden: 110" text="EINSTELLUNG" time="1463997274667" version="HS 5.5.1"/>
<ereignis obj="max Eigenschafts-GP für Helden: 100" text="EINSTELLUNG" time="1463997274667" version="HS 5.5.1"/>
<ereignis obj="max Eigenschafts-Wert für Helden: 14" text="EINSTELLUNG" time="1463997274667" version="HS 5.5.1"/>
<ereignis Alt="0" Neu="0" kommentar="5 GP" obj="Rasse: Thorwaler" text="RKP" time="1463997274667" version="HS 5.5.1"/>
<ereignis Alt="0" Neu="0" kommentar="4 GP" obj="Kultur: Thorwal" text="RKP" time="1463997274667" version="HS 5.5.1"/>
<ereignis Alt="0" Neu="0" kommentar="25 GP" obj="Profession: Krieger: Kämpferschule Ugdalfskronir in Thorwal" text="RKP" time="1463997274667" version="HS 5.5.1"/>
<ereignis Alt="0" Neu="12" kommentar="11 GP" obj="Mut: 12" text="EIGENSCHAFTEN" time="1463997274667" version="HS 5.5.1"/>
<ereignis Alt="0" Neu="8" kommentar="8 GP" obj="Klugheit: 8" text="EIGENSCHAFTEN" time="1463997274667" version="HS 5.5.1"/>
<ereignis Alt="0" Neu="8" kommentar="8 GP" obj="Intuition: 8" text="EIGENSCHAFTEN" time="1463997274667" version="HS 5.5.1"/>
<ereignis Alt="0" Neu="8" kommentar="8 GP" obj="Charisma: 8" text="EIGENSCHAFTEN" time="1463997274667" version="HS 5.5.1"/>
<ereignis Alt="0" Neu="8" kommentar="8 GP" obj="Fingerfertigkeit: 8" text="EIGENSCHAFTEN" time="1463997274667" version="HS 5.5.1"/>
<ereignis Alt="0" Neu="12" kommentar="12 GP" obj="Gewandtheit: 12" text="EIGENSCHAFTEN" time="1463997274667" version="HS 5.5.1"/>
<ereignis Alt="0" Neu="13" kommentar="12 GP" obj="Konstitution: 13" text="EIGENSCHAFTEN" time="1463997274667" version="HS 5.5.1"/>
<ereignis Alt="0" Neu="13" kommentar="12 GP" obj="Körperkraft: 13" text="EIGENSCHAFTEN" time="1463997274667" version="HS 5.5.1"/>
<ereignis Alt="0" Neu="5" kommentar="0 GP" obj="Sozialstatus: 5" text="EIGENSCHAFTEN" time="1463997274667" version="HS 5.5.1"/>
<ereignis Alt="0" Neu="4" kommentar="17 AP" obj="Körperbeherrschung: 4" text="TALENT" time="1463997274667" version="HS 5.5.1"/>
<ereignis Alt="0" Neu="1" kommentar="3 AP" obj="Schleichen: 1" text="TALENT" time="1463997274667" version="HS 5.5.1"/>
<ereignis Alt="0" Neu="2" kommentar="7 AP" obj="Schleichen: 2" text="TALENT" time="1463997274667" version="HS 5.5.1"/>
<ereignis Alt="0" Neu="3" kommentar="12 AP" obj="Schleichen: 3" text="TALENT" time="1463997274667" version="HS 5.5.1"/>
<ereignis Alt="0" Neu="6" kommentar="14 AP" obj="Kriegskunst: 6" text="TALENT" time="1463997274667" version="HS 5.5.1"/>
<ereignis Alt="0" Neu="0" kommentar="2 AP" obj="Tierkunde: 0" text="TALENT" time="1463997274667" version="HS 5.5.1"/>
<ereignis Alt="0" Neu="1" kommentar="2 AP" obj="Tierkunde: 1" text="TALENT" time="1463997274667" version="HS 5.5.1"/>
<ereignis Alt="0" Neu="2" kommentar="4 AP" obj="Tierkunde: 2" text="TALENT" time="1463997274667" version="HS 5.5.1"/>
<ereignis Alt="0" Neu="3" kommentar="6 AP" obj="Tierkunde: 3" text="TALENT" time="1463997274667" version="HS 5.5.1"/>
<ereignis Alt="0" Neu="4" kommentar="8 AP" obj="Tierkunde: 4" text="TALENT" time="1463997274667" version="HS 5.5.1"/>
<ereignis Alt="0" Neu="0" kommentar="75 AP" obj="Meereskundig" text="SF" time="1463997274667" version="HS 5.5.1"/>
<ereignis Alt="0" Neu="0" kommentar="50 AP" obj="Ottagaldr" text="SF" time="1463997274667" version="HS 5.5.1"/>
<ereignis Alt="0" Neu="0" kommentar="45 AP" obj="Schmutzige Tricks" text="SF" time="1463997274667" version="HS 5.5.1"/>
<ereignis Alt="0" Neu="0" kommentar="75 AP" obj="Wuchtschlag" text="SF" time="1463997274667" version="HS 5.5.1"/>
<ereignis Alt="0" Neu="0" kommentar="2 GP" obj="Aberglaube: 3" text="VORTEILE" time="1463997274667" version="HS 5.5.1"/>
<ereignis Alt="0" Neu="0" kommentar="0 GP" obj="Akademische Ausbildung (Krieger)" text="VORTEILE" time="1463997274667" version="HS 5.5.1"/>
<ereignis Alt="0" Neu="0" kommentar="0 GP" obj="Jähzorn: 6" text="VORTEILE" time="1463997274667" version="HS 5.5.1"/>
<ereignis Alt="0" Neu="0" kommentar="0 GP" obj="Prinzipientreue: 10" text="VORTEILE" time="1463997274667" version="HS 5.5.1"/>
<ereignis Alt="0" Neu="0" kommentar="-5 GP" obj="Rachsucht: 5" text="VORTEILE" time="1463997274667" version="HS 5.5.1"/>
<ereignis Neu="5" obj="Auswahl" text="Hiebwaffen" time="1463997274667" version="HS 5.5.1"/>
<ereignis Neu="6" obj="Auswahl" text="Schwerter" time="1463997274667" version="HS 5.5.1"/>
<ereignis Neu="3" obj="Auswahl" text="Zweihandhiebwaffen" time="1463997274667" version="HS 5.5.1"/>
</ereignisse>
<talentliste>
<talent lernmethode="Gegenseitiges Lehren" name="Belagerungswaffen" probe=" (GE/FF/KK)" value="3"/>
<talent lernmethode="Gegenseitiges Lehren" name="Dolche" probe=" (GE/GE/KK)" value="2"/>
<talent lernmethode="Gegenseitiges Lehren" name="Hiebwaffen" probe=" (GE/GE/KK)" value="6"/>
<talent lernmethode="Gegenseitiges Lehren" name="Raufen" probe=" (GE/GE/KK)" value="5"/>
<talent lernmethode="Gegenseitiges Lehren" name="Ringen" probe=" (GE/GE/KK)" value="3"/>
<talent lernmethode="Gegenseitiges Lehren" name="Säbel" probe=" (GE/GE/KK)" value="0"/>
<talent lernmethode="Gegenseitiges Lehren" name="Schwerter" probe=" (GE/GE/KK)" value="6"/>
<talent lernmethode="Gegenseitiges Lehren" name="Wurfbeile" probe=" (GE/FF/KK)" value="6"/>
<talent lernmethode="Gegenseitiges Lehren" name="Wurfmesser" probe=" (GE/FF/KK)" value="0"/>
<talent lernmethode="Gegenseitiges Lehren" name="Wurfspeere" probe=" (GE/FF/KK)" value="4"/>
<talent lernmethode="Gegenseitiges Lehren" name="Zweihandhiebwaffen" probe=" (GE/GE/KK)" value="3"/>
<talent be="BEx2" lernmethode="Gegenseitiges Lehren" name="Athletik" probe=" (GE/KO/KK)" value="7"/>
<talent be="BEx2" lernmethode="Gegenseitiges Lehren" name="Klettern" probe=" (MU/GE/KK)" value="2"/>
<talent be="BEx2" lernmethode="Gegenseitiges Lehren" name="Körperbeherrschung" probe=" (MU/IN/GE)" value="4"/>
<talent be="BE-2" lernmethode="Gegenseitiges Lehren" name="Reiten" probe=" (CH/GE/KK)" value="2"/>
<talent be="BE" lernmethode="Gegenseitiges Lehren" name="Schleichen" probe=" (MU/IN/GE)" value="3"/>
<talent be="BEx2" lernmethode="Gegenseitiges Lehren" name="Schwimmen" probe=" (GE/KO/KK)" value="4"/>
<talent be="" lernmethode="Gegenseitiges Lehren" name="Selbstbeherrschung" probe=" (MU/KO/KK)" value="3"/>
<talent be="BE-2" lernmethode="Gegenseitiges Lehren" name="Sich verstecken" probe=" (MU/IN/GE)" value="0"/>
<talent be="BE-3" lernmethode="Gegenseitiges Lehren" name="Singen" probe=" (IN/CH/CH)" value="0"/>
<talent be="0-&gt;BE" lernmethode="Gegenseitiges Lehren" name="Sinnenschärfe" probe=" (KL/IN/IN)" value="4"/>
<talent be="BEx2" lernmethode="Gegenseitiges Lehren" name="Tanzen" probe=" (CH/GE/GE)" value="0"/>
<talent be="" lernmethode="Gegenseitiges Lehren" name="Zechen" probe=" (IN/KO/KK)" value="5"/>
<talent lernmethode="Gegenseitiges Lehren" name="Etikette" probe=" (KL/IN/CH)" value="1"/>
<talent lernmethode="Gegenseitiges Lehren" name="Lehren" probe=" (KL/IN/CH)" value="2"/>
<talent lernmethode="Gegenseitiges Lehren" name="Menschenkenntnis" probe=" (KL/IN/CH)" value="0"/>
<talent lernmethode="Gegenseitiges Lehren" name="Überreden" probe=" (MU/IN/CH)" value="2"/>
<talent lernmethode="Gegenseitiges Lehren" name="Überzeugen" probe=" (KL/IN/CH)" value="2"/>
<talent lernmethode="Gegenseitiges Lehren" name="Fährtensuchen" probe=" (KL/IN/KO)" value="0"/>
<talent lernmethode="Gegenseitiges Lehren" name="Fesseln/Entfesseln" probe=" (FF/GE/KK)" value="3"/>
<talent lernmethode="Gegenseitiges Lehren" name="Fischen/Angeln" probe=" (IN/FF/KK)" value="3"/>
<talent lernmethode="Gegenseitiges Lehren" name="Orientierung" probe=" (KL/IN/IN)" value="4"/>
<talent lernmethode="Gegenseitiges Lehren" name="Wettervorhersage" probe=" (KL/IN/IN)" value="1"/>
<talent lernmethode="Gegenseitiges Lehren" name="Wildnisleben" probe=" (IN/GE/KO)" value="1"/>
<talent lernmethode="Gegenseitiges Lehren" name="Götter und Kulte" probe=" (KL/KL/IN)" value="3"/>
<talent lernmethode="Gegenseitiges Lehren" name="Kriegskunst" probe=" (MU/KL/CH)" value="6"/>
<talent lernmethode="Gegenseitiges Lehren" name="Rechnen" probe=" (KL/KL/IN)" value="2"/>
<talent lernmethode="Gegenseitiges Lehren" name="Rechtskunde" probe=" (KL/KL/IN)" value="3"/>
<talent lernmethode="Gegenseitiges Lehren" name="Sagen und Legenden" probe=" (KL/IN/CH)" value="7"/>
<talent lernmethode="Gegenseitiges Lehren" name="Sternkunde" probe=" (KL/KL/IN)" value="1"/>
<talent lernmethode="Gegenseitiges Lehren" name="Tierkunde" probe=" (MU/KL/IN)" value="4"/>
<talent k="18" lernmethode="Gegenseitiges Lehren" name="Sprachen kennen Garethi" probe=" (KL/IN/CH)" value="6"/>
<talent k="18" lernmethode="Gegenseitiges Lehren" name="Sprachen kennen Thorwalsch" probe=" (KL/IN/CH)" value="6"/>
<talent k="16" lernmethode="Gegenseitiges Lehren" name="Lesen/Schreiben Hjaldingsche Runen" probe=" (KL/KL/FF)" value="4"/>
<talent k="10" lernmethode="Gegenseitiges Lehren" name="Lesen/Schreiben Kusliker Zeichen" probe=" (KL/KL/FF)" value="0"/>
<talent lernmethode="Gegenseitiges Lehren" name="Boote fahren" probe=" (GE/KO/KK)" value="5"/>
<talent lernmethode="Gegenseitiges Lehren" name="Heilkunde: Wunden" probe=" (KL/CH/FF)" value="3"/>
<talent lernmethode="Gegenseitiges Lehren" name="Holzbearbeitung" probe=" (KL/FF/KK)" value="2"/>
<talent lernmethode="Gegenseitiges Lehren" name="Kochen" probe=" (KL/IN/FF)" value="0"/>
<talent lernmethode="Gegenseitiges Lehren" name="Lederarbeiten" probe=" (KL/FF/FF)" value="2"/>
<talent lernmethode="Gegenseitiges Lehren" name="Malen/Zeichnen" probe=" (KL/IN/FF)" value="0"/>
<talent lernmethode="Gegenseitiges Lehren" name="Schneidern" probe=" (KL/FF/FF)" value="0"/>
<talent lernmethode="Gegenseitiges Lehren" name="Seefahrt" probe=" (FF/GE/KK)" value="4"/>
</talentliste>
<zauberliste/>
<kampf>
<kampfwerte name="Dolche">
<attacke value="9"/>
<parade value="7"/>
</kampfwerte>
<kampfwerte name="Hiebwaffen">
<attacke value="12"/>
<parade value="8"/>
</kampfwerte>
<kampfwerte name="Raufen">
<attacke value="12"/>
<parade value="7"/>
</kampfwerte>
<kampfwerte name="Ringen">
<attacke value="7"/>
<parade value="10"/>
</kampfwerte>
<kampfwerte name="Säbel">
<attacke value="7"/>
<parade value="7"/>
</kampfwerte>
<kampfwerte name="Schwerter">
<attacke value="12"/>
<parade value="8"/>
</kampfwerte>
<kampfwerte name="Zweihandhiebwaffen">
<attacke value="10"/>
<parade value="7"/>
</kampfwerte>
</kampf>
<gegenstände/>
<BoniWaffenlos/>
<kommentare/>
<ausrüstungen>
<heldenausruestung name="jagtwaffe" nummer="0" set="0"/>
</ausrüstungen>
<verbindungen/>
<extention/>
<geldboerse/>
<plugindata/>
</held>
<Signature xmlns="http://www.w3.org/2000/09/xmldsig#">
<SignedInfo>
<CanonicalizationMethod Algorithm="http://www.w3.org/TR/2001/REC-xml-c14n-20010315#WithComments"/>
<SignatureMethod Algorithm="http://www.w3.org/2000/09/xmldsig#dsa-sha1"/>
<Reference URI="">
<Transforms>
<Transform Algorithm="http://www.w3.org/2000/09/xmldsig#enveloped-signature"/>
</Transforms>
<DigestMethod Algorithm="http://www.w3.org/2000/09/xmldsig#sha1"/>
<DigestValue>uq5L5okige9u57QTZMGb7OF3qxA=</DigestValue>
</Reference>
</SignedInfo>
<SignatureValue>Q2wrIrL3sioIcBnXkqfMbqkmmG84HyLCOorkz7jC9+2z5KbmOGcapA==</SignatureValue>
<KeyInfo>
<KeyValue>
<DSAKeyValue>
<P>/KaCzo4Syrom78z3EQ5SbbB4sF7ey80etKII864WF64B81uRpH5t9jQTxeEu0ImbzRMqzVDZkVG9
xD7nN1kuFw==</P>
<Q>li7dzDacuo67Jg7mtqEm2TRuOMU=</Q>
<G>Z4Rxsnqc9E7pGknFFH2xqaryRPBaQ01khpMdLRQnG541Awtx/XPaF5Bpsy4pNWMOHCBiNU0Nogps
QW5QvnlMpA==</G>
<Y>uVrvWkzIbUdL7E80AiD0PJDX3Ck0beY5StXp1wDAA1/ePpemd6rTBNd8YoCzOovNrX016YMcTSiO
iExM4RWtJA==</Y>
</DSAKeyValue>
</KeyValue>
</KeyInfo>
</Signature>
</helden>
