<?xml version="1.0" encoding="UTF-8" standalone="yes"?><daten><config><rsmodell>zone</rsmodell><datum>02.07.2018</datum><uhrzeit>19:56</uhrzeit><geldkreise>false</geldkreise><metatalente>false</metatalente><zauberquellen>true</zauberquellen><namenaufseiten>false</namenaufseiten></config><angaben><augenfarbe>blau</augenfarbe><geburtstag>10. Rondra 1003 BF</geburtstag><alter>21</alter><geschlecht>männlich</geschlecht><groesse>192</groesse><gewicht>92</gewicht><haarfarbe>dunkelblond</haarfarbe><stand></stand><titel>Hauptmann</titel><name>Arathorn aus Andergast</name><bildPfad></bildPfad><aussehen><a0></a0><a1></a1><a2></a2><a3></a3><text></text></aussehen><familie><f0></f0><f1></f1><f2></f2><f3></f3><f4></f4><f5></f5><text></text></familie><notizen><n0>Notizen</n0><n1></n1><n2></n2><n3></n3><n4></n4><n5></n5><n6></n6><n7></n7><n8></n8><n9></n9><n10></n10><n11></n11><text>Notizen</text></notizen><profession><text>Krieger: Rondras Schwertkunst in Winhall</text><textkurz>Krieger</textkurz></profession><ap><gesamt>2830</gesamt><frei>351</frei><genutzt>2479</genutzt></ap><gp><start>110</start><rest>0</rest></gp><stufe40><akt>7</akt><max>8</max><lang>7 [8]</lang></stufe40><stufe41><akt>2</akt><max>2</max><lang>2 [2]</lang></stufe41><gilde></gilde><magisch>false</magisch><geweiht>false</geweiht><rasse>Mittelländer</rasse><kultur>Andergast/Nostria, Stadt</kultur><aspregeneration></aspregeneration><leregeneration>1W6</leregeneration><heldenversion>50504</heldenversion><wundschwelle>7</wundschwelle></angaben><eigenschaften><geschwindigkeit><akt>8</akt><start>8</start><modi>0</modi><name>Geschwindigkeit</name><bereich>sonst</bereich></geschwindigkeit><mut><akt>14</akt><start>14</start><modi>0</modi><name>Mut</name><bereich>guteeigenschaft</bereich></mut><klugheit><akt>10</akt><start>10</start><modi>0</modi><name>Klugheit</name><bereich>guteeigenschaft</bereich></klugheit><intuition><akt>14</akt><start>14</start><modi>0</modi><name>Intuition</name><bereich>guteeigenschaft</bereich></intuition><charisma><akt>12</akt><start>12</start><modi>0</modi><name>Charisma</name><bereich>guteeigenschaft</bereich></charisma><fingerfertigkeit><akt>9</akt><start>9</start><modi>0</modi><name>Fingerfertigkeit</name><bereich>guteeigenschaft</bereich></fingerfertigkeit><gewandtheit><akt>13</akt><start>13</start><modi>0</modi><name>Gewandtheit</name><bereich>guteeigenschaft</bereich></gewandtheit><konstitution><akt>14</akt><start>14</start><modi>0</modi><name>Konstitution</name><bereich>guteeigenschaft</bereich></konstitution><koerperkraft><akt>15</akt><start>14</start><modi>0</modi><name>Körperkraft</name><bereich>guteeigenschaft</bereich></koerperkraft><sozialstatus><akt>7</akt><start>7</start><modi>0</modi><name>Sozialstatus</name><bereich>guteeigenschaft</bereich></sozialstatus><astralenergie><akt>0</akt><start>0</start><modi>0</modi><name>Astralenergie</name><bereich>sonst</bereich><kaufbar>0</kaufbar><gekauft>0</gekauft></astralenergie><attacke><akt>8</akt><start>8</start><modi>0</modi><name>Attacke</name><bereich>sonst</bereich></attacke><ausdauer><akt>36</akt><start>21</start><modi>15</modi><name>Ausdauer</name><bereich>sonst</bereich><kaufbar>14</kaufbar><gekauft>0</gekauft><akt50>18</akt50><akt33>12</akt33><akt25>9</akt25></ausdauer><fernkampf-basis><akt>8</akt><start>7</start><modi>0</modi><name>Fernkampf-Basis</name><bereich>sonst</bereich></fernkampf-basis><initiative><akt>11</akt><start>11</start><modi>0</modi><name>Initiative</name><bereich>sonst</bereich></initiative><karmaenergie><akt>0</akt><start>0</start><modi>0</modi><name>Karmaenergie</name><bereich>sonst</bereich><kaufbar>14</kaufbar><gekauft>0</gekauft></karmaenergie><lebensenergie><akt>35</akt><start>21</start><modi>13</modi><name>Lebensenergie</name><bereich>sonst</bereich><kaufbar>7</kaufbar><gekauft>0</gekauft><akt50>18</akt50><akt33>12</akt33><akt25>9</akt25></lebensenergie><magieresistenz><akt>4</akt><start>8</start><modi>-4</modi><name>Magieresistenz</name><bereich>sonst</bereich><kaufbar>7</kaufbar><gekauft>0</gekauft></magieresistenz><parade><akt>8</akt><start>8</start><modi>0</modi><name>Parade</name><bereich>sonst</bereich></parade></eigenschaften><münzen><münze><name>Dukat</name><anzahl>8</anzahl><namekurz>D</namekurz><waehrung>Mittelreich</waehrung><gewicht>25.0</gewicht><wertinsilberstuecken>10.0</wertinsilberstuecken><gesamtwertinsilberstuecken>80.0</gesamtwertinsilberstuecken></münze><münze><name>Silbertaler</name><anzahl>8</anzahl><namekurz>S</namekurz><waehrung>Mittelreich</waehrung><gewicht>5.0</gewicht><wertinsilberstuecken>1.0</wertinsilberstuecken><gesamtwertinsilberstuecken>8.0</gesamtwertinsilberstuecken></münze></münzen><vorteile><vorteil><bezeichner>Akademische Ausbildung (Krieger)</bezeichner><name>Akademische Ausbildung (Krieger)</name><kommentar></kommentar><namemitkommentar>Akademische Ausbildung (Krieger)</namemitkommentar><istvorteil>true</istvorteil><istnachteil>false</istnachteil><bereich>Sonst</bereich></vorteil><vorteil><bezeichner>Autoritätsgläubig</bezeichner><name>Autoritätsgläubig: 8</name><kommentar></kommentar><namemitkommentar>Autoritätsgläubig: 8</namemitkommentar><istvorteil>false</istvorteil><istnachteil>true</istnachteil><istschlechteeigenschaft>true</istschlechteeigenschaft><wert>8</wert><bereich>Sonst</bereich></vorteil><vorteil><bezeichner>Prinzipientreue</bezeichner><name>Prinzipientreue: 10</name><kommentar>Ehrenhafter Kämpfer
Schutz der Schwachen
Keiner wird zurück gelassen
Ruf von Rondra folgen</kommentar><namemitkommentar>Prinzipientreue: 10 (Ehrenhafter Kämpfer
Schutz der Schwachen
Keiner wird zurück gelassen
Ruf von Rondra folgen)</namemitkommentar><istvorteil>false</istvorteil><istnachteil>true</istnachteil><istschlechteeigenschaft>false</istschlechteeigenschaft><wert>10</wert><bereich>Sonst</bereich></vorteil><vorteil><bezeichner>Verpflichtungen</bezeichner><name>Verpflichtungen</name><kommentar></kommentar><namemitkommentar>Verpflichtungen</namemitkommentar><istvorteil>false</istvorteil><istnachteil>true</istnachteil><bereich>Sonst</bereich></vorteil><vorteil><bezeichner>Vorurteile gegen</bezeichner><name>Vorurteile gegen Kämpfer die nicht an Rondra glauben 8</name><kommentar></kommentar><namemitkommentar>Vorurteile gegen Kämpfer die nicht an Rondra glauben 8</namemitkommentar><istvorteil>false</istvorteil><istnachteil>true</istnachteil><istschlechteeigenschaft>true</istschlechteeigenschaft><bereich>Sonst</bereich><auswahlen><auswahl>
</auswahl></auswahlen></vorteil></vorteile><sonderfertigkeiten><sonderfertigkeit><nameausfuehrlich>Kampfreflexe</nameausfuehrlich><name>Kampfreflexe</name><bezeichner>Kampfreflexe</bezeichner><wirkung></wirkung><dauer></dauer><kosten></kosten><probe></probe><kommentar></kommentar><namemitkommentar>Kampfreflexe</namemitkommentar><bereich>Nahkampf</bereich><bereich>Kampf</bereich></sonderfertigkeit><sonderfertigkeit><nameausfuehrlich>Kulturkunde (Andergast/Nostria)</nameausfuehrlich><name>Kulturkunde (Andergast/Nostria)</name><bezeichner>Kulturkunde</bezeichner><auswahlen><auswahl><name>Andergast/Nostria</name><feld feldname="1" nr="1">Andergast/Nostria</feld></auswahl></auswahlen><namemitkommentar>Kulturkunde (Andergast/Nostria)</namemitkommentar><bereich>Sonst</bereich></sonderfertigkeit><sonderfertigkeit><nameausfuehrlich>Linkhand</nameausfuehrlich><name>Linkhand</name><bezeichner>Linkhand</bezeichner><wirkung></wirkung><dauer></dauer><kosten></kosten><probe></probe><kommentar></kommentar><namemitkommentar>Linkhand</namemitkommentar><bereich>Nahkampf</bereich><bereich>Kampf</bereich></sonderfertigkeit><sonderfertigkeit><nameausfuehrlich>Meister der Improvisation</nameausfuehrlich><name>Meister der Improvisation</name><bezeichner>Meister der Improvisation</bezeichner><wirkung></wirkung><dauer></dauer><kosten></kosten><probe></probe><kommentar></kommentar><namemitkommentar>Meister der Improvisation</namemitkommentar><bereich>Sonst</bereich></sonderfertigkeit><sonderfertigkeit><nameausfuehrlich>Rüstungsgewöhnung I (Kettenhemd, Lang)</nameausfuehrlich><name>Rüstungsgewöhnung I (Kettenhemd, Lang)</name><bezeichner>Rüstungsgewöhnung I</bezeichner><auswahlen><auswahl><name>Kettenhemd, Lang</name><feld feldname="1" nr="1">Kettenhemd, Lang</feld></auswahl></auswahlen><namemitkommentar>Rüstungsgewöhnung I (Kettenhemd, Lang)</namemitkommentar><bereich>Nahkampf</bereich><bereich>Kampf</bereich></sonderfertigkeit><sonderfertigkeit><nameausfuehrlich>Schildkampf I</nameausfuehrlich><name>Schildkampf I</name><bezeichner>Schildkampf I</bezeichner><wirkung></wirkung><dauer></dauer><kosten></kosten><probe></probe><kommentar></kommentar><namemitkommentar>Schildkampf I</namemitkommentar><bereich>Nahkampf</bereich><bereich>Kampf</bereich></sonderfertigkeit><sonderfertigkeit><nameausfuehrlich>Schildkampf II</nameausfuehrlich><name>Schildkampf II</name><bezeichner>Schildkampf II</bezeichner><wirkung></wirkung><dauer></dauer><kosten></kosten><probe></probe><kommentar></kommentar><namemitkommentar>Schildkampf II</namemitkommentar><bereich>Nahkampf</bereich><bereich>Kampf</bereich></sonderfertigkeit><sonderfertigkeit><nameausfuehrlich>Talentspezialisierung Schwerter ((Lang-)Schwert)</nameausfuehrlich><name>Talentspezialisierung Schwerter ((Lang-)Schwert)</name><bezeichner>Talentspezialisierung Schwerter ((Lang-)Schwert)</bezeichner><wirkung></wirkung><dauer></dauer><kosten></kosten><probe></probe><kommentar></kommentar><namemitkommentar>Talentspezialisierung Schwerter ((Lang-)Schwert)</namemitkommentar><bereich>Talentspezialisierung</bereich></sonderfertigkeit></sonderfertigkeiten><verbilligtesonderfertigkeiten><verbilligtesonderfertigkeit><nameausfuehrlich>Waldkundig</nameausfuehrlich></verbilligtesonderfertigkeit></verbilligtesonderfertigkeiten><talentliste><talent><name>Bogen</name><meisterhandwerk>false</meisterhandwerk><leittalent>false</leittalent><basis>false</basis><nameausfuehrlich>Bogen</nameausfuehrlich><wert>4</wert><probe>GE/FF/KK</probe><probenwerte>13/9/15</probenwerte><nameausfuehrlichmitprobe>Bogen (GE/FF/KK)</nameausfuehrlichmitprobe><at>12</at><pa></pa><behinderung>BE-3</behinderung><mirakelplus>false</mirakelplus><mirakelminus>false</mirakelminus><metatalent>false</metatalent><bereich>Kampf</bereich><komplexität>E</komplexität><lernkomplexität>E</lernkomplexität><spezialisierungen></spezialisierungen></talent><talent><name>Dolche</name><meisterhandwerk>false</meisterhandwerk><leittalent>false</leittalent><basis>true</basis><nameausfuehrlich>Dolche  (B)</nameausfuehrlich><wert>5</wert><probe>GE/GE/KK</probe><probenwerte>13/13/15</probenwerte><nameausfuehrlichmitprobe>Dolche  (B)(GE/GE/KK)</nameausfuehrlichmitprobe><at>13</at><pa>8</pa><behinderung>BE-1</behinderung><mirakelplus>false</mirakelplus><mirakelminus>false</mirakelminus><metatalent>false</metatalent><bereich>Kampf</bereich><komplexität>D</komplexität><lernkomplexität>D</lernkomplexität><spezialisierungen></spezialisierungen></talent><talent><name>Hiebwaffen</name><meisterhandwerk>false</meisterhandwerk><leittalent>false</leittalent><basis>true</basis><nameausfuehrlich>Hiebwaffen  (B)</nameausfuehrlich><wert>1</wert><probe>GE/GE/KK</probe><probenwerte>13/13/15</probenwerte><nameausfuehrlichmitprobe>Hiebwaffen  (B)(GE/GE/KK)</nameausfuehrlichmitprobe><at>9</at><pa>8</pa><behinderung>BE-4</behinderung><mirakelplus>false</mirakelplus><mirakelminus>false</mirakelminus><metatalent>false</metatalent><bereich>Kampf</bereich><komplexität>D</komplexität><lernkomplexität>D</lernkomplexität><spezialisierungen></spezialisierungen></talent><talent><name>Infanteriewaffen</name><meisterhandwerk>false</meisterhandwerk><leittalent>false</leittalent><basis>false</basis><nameausfuehrlich>Infanteriewaffen</nameausfuehrlich><wert>1</wert><probe>GE/GE/KK</probe><probenwerte>13/13/15</probenwerte><nameausfuehrlichmitprobe>Infanteriewaffen (GE/GE/KK)</nameausfuehrlichmitprobe><at>9</at><pa>8</pa><behinderung>BE-3</behinderung><mirakelplus>false</mirakelplus><mirakelminus>false</mirakelminus><metatalent>false</metatalent><bereich>Kampf</bereich><komplexität>D</komplexität><lernkomplexität>D</lernkomplexität><spezialisierungen></spezialisierungen></talent><talent><name>Raufen</name><meisterhandwerk>false</meisterhandwerk><leittalent>false</leittalent><basis>true</basis><nameausfuehrlich>Raufen  (B)</nameausfuehrlich><wert>2</wert><probe>GE/GE/KK</probe><probenwerte>13/13/15</probenwerte><nameausfuehrlichmitprobe>Raufen  (B)(GE/GE/KK)</nameausfuehrlichmitprobe><at>9</at><pa>9</pa><behinderung>BE</behinderung><mirakelplus>false</mirakelplus><mirakelminus>false</mirakelminus><metatalent>false</metatalent><bereich>Kampf</bereich><komplexität>C</komplexität><lernkomplexität>C</lernkomplexität><spezialisierungen></spezialisierungen></talent><talent><name>Ringen</name><meisterhandwerk>false</meisterhandwerk><leittalent>false</leittalent><basis>true</basis><nameausfuehrlich>Ringen  (B)</nameausfuehrlich><wert>4</wert><probe>GE/GE/KK</probe><probenwerte>13/13/15</probenwerte><nameausfuehrlichmitprobe>Ringen  (B)(GE/GE/KK)</nameausfuehrlichmitprobe><at>10</at><pa>10</pa><behinderung>BE</behinderung><mirakelplus>false</mirakelplus><mirakelminus>false</mirakelminus><metatalent>false</metatalent><bereich>Kampf</bereich><komplexität>D</komplexität><lernkomplexität>D</lernkomplexität><spezialisierungen></spezialisierungen></talent><talent><name>Säbel</name><meisterhandwerk>false</meisterhandwerk><leittalent>false</leittalent><basis>true</basis><nameausfuehrlich>Säbel  (B)</nameausfuehrlich><wert>0</wert><probe>GE/GE/KK</probe><probenwerte>13/13/15</probenwerte><nameausfuehrlichmitprobe>Säbel  (B)(GE/GE/KK)</nameausfuehrlichmitprobe><at>8</at><pa>8</pa><behinderung>BE-2</behinderung><mirakelplus>false</mirakelplus><mirakelminus>false</mirakelminus><metatalent>false</metatalent><bereich>Kampf</bereich><komplexität>D</komplexität><lernkomplexität>D</lernkomplexität><spezialisierungen></spezialisierungen></talent><talent><name>Schwerter</name><meisterhandwerk>false</meisterhandwerk><leittalent>false</leittalent><basis>false</basis><nameausfuehrlich>Schwerter  ((Lang-)Schwert)</nameausfuehrlich><wert>14</wert><probe>GE/GE/KK</probe><probenwerte>13/13/15</probenwerte><nameausfuehrlichmitprobe>Schwerter  ((Lang-)Schwert)(GE/GE/KK)</nameausfuehrlichmitprobe><at>17</at><pa>13</pa><behinderung>BE-2</behinderung><mirakelplus>false</mirakelplus><mirakelminus>false</mirakelminus><metatalent>false</metatalent><bereich>Kampf</bereich><komplexität>E</komplexität><lernkomplexität>G</lernkomplexität><spezialisierungen>(Lang-)Schwert</spezialisierungen></talent><talent><name>Wurfmesser</name><meisterhandwerk>false</meisterhandwerk><leittalent>false</leittalent><basis>true</basis><nameausfuehrlich>Wurfmesser  (B)</nameausfuehrlich><wert>0</wert><probe>GE/FF/KK</probe><probenwerte>13/9/15</probenwerte><nameausfuehrlichmitprobe>Wurfmesser  (B)(GE/FF/KK)</nameausfuehrlichmitprobe><at>8</at><pa></pa><behinderung>BE-3</behinderung><mirakelplus>false</mirakelplus><mirakelminus>false</mirakelminus><metatalent>false</metatalent><bereich>Kampf</bereich><komplexität>C</komplexität><lernkomplexität>C</lernkomplexität><spezialisierungen></spezialisierungen></talent><talent><name>Wurfspeere</name><meisterhandwerk>false</meisterhandwerk><leittalent>false</leittalent><basis>false</basis><nameausfuehrlich>Wurfspeere</nameausfuehrlich><wert>2</wert><probe>GE/FF/KK</probe><probenwerte>13/9/15</probenwerte><nameausfuehrlichmitprobe>Wurfspeere (GE/FF/KK)</nameausfuehrlichmitprobe><at>10</at><pa></pa><behinderung>BE-2</behinderung><mirakelplus>false</mirakelplus><mirakelminus>false</mirakelminus><metatalent>false</metatalent><bereich>Kampf</bereich><komplexität>C</komplexität><lernkomplexität>C</lernkomplexität><spezialisierungen></spezialisierungen></talent><talent><name>Zweihandschwerter/-säbel</name><meisterhandwerk>false</meisterhandwerk><leittalent>false</leittalent><basis>false</basis><nameausfuehrlich>Zweihandschwerter/-säbel</nameausfuehrlich><wert>4</wert><probe>GE/GE/KK</probe><probenwerte>13/13/15</probenwerte><nameausfuehrlichmitprobe>Zweihandschwerter/-säbel (GE/GE/KK)</nameausfuehrlichmitprobe><at>11</at><pa>9</pa><behinderung>BE-2</behinderung><mirakelplus>false</mirakelplus><mirakelminus>false</mirakelminus><metatalent>false</metatalent><bereich>Kampf</bereich><komplexität>E</komplexität><lernkomplexität>E</lernkomplexität><spezialisierungen></spezialisierungen></talent><talent><name>Athletik</name><meisterhandwerk>false</meisterhandwerk><leittalent>false</leittalent><basis>true</basis><nameausfuehrlich>Athletik  (B)</nameausfuehrlich><wert>9</wert><probe>GE/KO/KK</probe><probenwerte>13/14/15</probenwerte><nameausfuehrlichmitprobe>Athletik  (B)(GE/KO/KK)</nameausfuehrlichmitprobe><behinderung>BEx2</behinderung><mirakelplus>false</mirakelplus><mirakelminus>false</mirakelminus><metatalent>false</metatalent><bereich>Körperlich</bereich><komplexität>D</komplexität><lernkomplexität>E</lernkomplexität><spezialisierungen></spezialisierungen></talent><talent><name>Klettern</name><meisterhandwerk>false</meisterhandwerk><leittalent>false</leittalent><basis>true</basis><nameausfuehrlich>Klettern  (B)</nameausfuehrlich><wert>9</wert><probe>MU/GE/KK</probe><probenwerte>14/13/15</probenwerte><nameausfuehrlichmitprobe>Klettern  (B)(MU/GE/KK)</nameausfuehrlichmitprobe><behinderung>BEx2</behinderung><mirakelplus>false</mirakelplus><mirakelminus>false</mirakelminus><metatalent>false</metatalent><bereich>Körperlich</bereich><komplexität>D</komplexität><lernkomplexität>E</lernkomplexität><spezialisierungen></spezialisierungen></talent><talent><name>Körperbeherrschung</name><meisterhandwerk>false</meisterhandwerk><leittalent>false</leittalent><basis>true</basis><nameausfuehrlich>Körperbeherrschung  (B)</nameausfuehrlich><wert>8</wert><probe>MU/IN/GE</probe><probenwerte>14/14/13</probenwerte><nameausfuehrlichmitprobe>Körperbeherrschung  (B)(MU/IN/GE)</nameausfuehrlichmitprobe><behinderung>BEx2</behinderung><mirakelplus>false</mirakelplus><mirakelminus>false</mirakelminus><metatalent>false</metatalent><bereich>Körperlich</bereich><komplexität>D</komplexität><lernkomplexität>E</lernkomplexität><spezialisierungen></spezialisierungen></talent><talent><name>Reiten</name><meisterhandwerk>false</meisterhandwerk><leittalent>false</leittalent><basis>false</basis><nameausfuehrlich>Reiten</nameausfuehrlich><wert>5</wert><probe>CH/GE/KK</probe><probenwerte>12/13/15</probenwerte><nameausfuehrlichmitprobe>Reiten (CH/GE/KK)</nameausfuehrlichmitprobe><behinderung>BE-2</behinderung><mirakelplus>false</mirakelplus><mirakelminus>false</mirakelminus><metatalent>false</metatalent><bereich>Körperlich</bereich><komplexität>D</komplexität><lernkomplexität>D</lernkomplexität><spezialisierungen></spezialisierungen></talent><talent><name>Schleichen</name><meisterhandwerk>false</meisterhandwerk><leittalent>false</leittalent><basis>true</basis><nameausfuehrlich>Schleichen  (B)</nameausfuehrlich><wert>1</wert><probe>MU/IN/GE</probe><probenwerte>14/14/13</probenwerte><nameausfuehrlichmitprobe>Schleichen  (B)(MU/IN/GE)</nameausfuehrlichmitprobe><behinderung>BE</behinderung><mirakelplus>false</mirakelplus><mirakelminus>false</mirakelminus><metatalent>false</metatalent><bereich>Körperlich</bereich><komplexität>D</komplexität><lernkomplexität>D</lernkomplexität><spezialisierungen></spezialisierungen></talent><talent><name>Schwimmen</name><meisterhandwerk>false</meisterhandwerk><leittalent>false</leittalent><basis>true</basis><nameausfuehrlich>Schwimmen  (B)</nameausfuehrlich><wert>2</wert><probe>GE/KO/KK</probe><probenwerte>13/14/15</probenwerte><nameausfuehrlichmitprobe>Schwimmen  (B)(GE/KO/KK)</nameausfuehrlichmitprobe><behinderung>BEx2</behinderung><mirakelplus>false</mirakelplus><mirakelminus>false</mirakelminus><metatalent>false</metatalent><bereich>Körperlich</bereich><komplexität>D</komplexität><lernkomplexität>E</lernkomplexität><spezialisierungen></spezialisierungen></talent><talent><name>Selbstbeherrschung</name><meisterhandwerk>false</meisterhandwerk><leittalent>false</leittalent><basis>true</basis><nameausfuehrlich>Selbstbeherrschung  (B)</nameausfuehrlich><wert>6</wert><probe>MU/KO/KK</probe><probenwerte>14/14/15</probenwerte><nameausfuehrlichmitprobe>Selbstbeherrschung  (B)(MU/KO/KK)</nameausfuehrlichmitprobe><behinderung></behinderung><mirakelplus>false</mirakelplus><mirakelminus>false</mirakelminus><metatalent>false</metatalent><bereich>Körperlich</bereich><komplexität>D</komplexität><lernkomplexität>D</lernkomplexität><spezialisierungen></spezialisierungen></talent><talent><name>Sich verstecken</name><meisterhandwerk>false</meisterhandwerk><leittalent>false</leittalent><basis>true</basis><nameausfuehrlich>Sich verstecken  (B)</nameausfuehrlich><wert>1</wert><probe>MU/IN/GE</probe><probenwerte>14/14/13</probenwerte><nameausfuehrlichmitprobe>Sich verstecken  (B)(MU/IN/GE)</nameausfuehrlichmitprobe><behinderung>BE-2</behinderung><mirakelplus>false</mirakelplus><mirakelminus>false</mirakelminus><metatalent>false</metatalent><bereich>Körperlich</bereich><komplexität>D</komplexität><lernkomplexität>D</lernkomplexität><spezialisierungen></spezialisierungen></talent><talent><name>Singen</name><meisterhandwerk>false</meisterhandwerk><leittalent>false</leittalent><basis>true</basis><nameausfuehrlich>Singen  (B)</nameausfuehrlich><wert>0</wert><probe>IN/CH/CH</probe><probenwerte>14/12/12</probenwerte><nameausfuehrlichmitprobe>Singen  (B)(IN/CH/CH)</nameausfuehrlichmitprobe><behinderung>BE-3</behinderung><mirakelplus>false</mirakelplus><mirakelminus>false</mirakelminus><metatalent>false</metatalent><bereich>Körperlich</bereich><komplexität>D</komplexität><lernkomplexität>D</lernkomplexität><spezialisierungen></spezialisierungen></talent><talent><name>Sinnenschärfe</name><meisterhandwerk>false</meisterhandwerk><leittalent>false</leittalent><basis>true</basis><nameausfuehrlich>Sinnenschärfe  (B)</nameausfuehrlich><wert>9</wert><probe>KL/IN/IN</probe><probenwerte>10/14/14</probenwerte><nameausfuehrlichmitprobe>Sinnenschärfe  (B)(KL/IN/IN)</nameausfuehrlichmitprobe><behinderung>0-&gt;BE</behinderung><mirakelplus>false</mirakelplus><mirakelminus>false</mirakelminus><metatalent>false</metatalent><bereich>Körperlich</bereich><komplexität>D</komplexität><lernkomplexität>E</lernkomplexität><spezialisierungen></spezialisierungen></talent><talent><name>Tanzen</name><meisterhandwerk>false</meisterhandwerk><leittalent>false</leittalent><basis>true</basis><nameausfuehrlich>Tanzen  (B)</nameausfuehrlich><wert>0</wert><probe>CH/GE/GE</probe><probenwerte>12/13/13</probenwerte><nameausfuehrlichmitprobe>Tanzen  (B)(CH/GE/GE)</nameausfuehrlichmitprobe><behinderung>BEx2</behinderung><mirakelplus>false</mirakelplus><mirakelminus>false</mirakelminus><metatalent>false</metatalent><bereich>Körperlich</bereich><komplexität>D</komplexität><lernkomplexität>D</lernkomplexität><spezialisierungen></spezialisierungen></talent><talent><name>Zechen</name><meisterhandwerk>false</meisterhandwerk><leittalent>false</leittalent><basis>true</basis><nameausfuehrlich>Zechen  (B)</nameausfuehrlich><wert>6</wert><probe>IN/KO/KK</probe><probenwerte>14/14/15</probenwerte><nameausfuehrlichmitprobe>Zechen  (B)(IN/KO/KK)</nameausfuehrlichmitprobe><behinderung></behinderung><mirakelplus>false</mirakelplus><mirakelminus>false</mirakelminus><metatalent>false</metatalent><bereich>Körperlich</bereich><komplexität>D</komplexität><lernkomplexität>D</lernkomplexität><spezialisierungen></spezialisierungen></talent><talent><name>Etikette</name><meisterhandwerk>false</meisterhandwerk><leittalent>false</leittalent><basis>false</basis><nameausfuehrlich>Etikette</nameausfuehrlich><wert>3</wert><probe>KL/IN/CH</probe><probenwerte>10/14/12</probenwerte><nameausfuehrlichmitprobe>Etikette (KL/IN/CH)</nameausfuehrlichmitprobe><behinderung></behinderung><mirakelplus>false</mirakelplus><mirakelminus>false</mirakelminus><metatalent>false</metatalent><bereich>Gesellschaft</bereich><komplexität>B</komplexität><lernkomplexität>B</lernkomplexität><spezialisierungen></spezialisierungen></talent><talent><name>Menschenkenntnis</name><meisterhandwerk>false</meisterhandwerk><leittalent>false</leittalent><basis>true</basis><nameausfuehrlich>Menschenkenntnis  (B)</nameausfuehrlich><wert>3</wert><probe>KL/IN/CH</probe><probenwerte>10/14/12</probenwerte><nameausfuehrlichmitprobe>Menschenkenntnis  (B)(KL/IN/CH)</nameausfuehrlichmitprobe><behinderung></behinderung><mirakelplus>false</mirakelplus><mirakelminus>false</mirakelminus><metatalent>false</metatalent><bereich>Gesellschaft</bereich><komplexität>B</komplexität><lernkomplexität>C</lernkomplexität><spezialisierungen></spezialisierungen></talent><talent><name>Überreden</name><meisterhandwerk>false</meisterhandwerk><leittalent>false</leittalent><basis>true</basis><nameausfuehrlich>Überreden  (B)</nameausfuehrlich><wert>3</wert><probe>MU/IN/CH</probe><probenwerte>14/14/12</probenwerte><nameausfuehrlichmitprobe>Überreden  (B)(MU/IN/CH)</nameausfuehrlichmitprobe><behinderung></behinderung><mirakelplus>false</mirakelplus><mirakelminus>false</mirakelminus><metatalent>false</metatalent><bereich>Gesellschaft</bereich><komplexität>B</komplexität><lernkomplexität>C</lernkomplexität><spezialisierungen></spezialisierungen></talent><talent><name>Ansitzjagd incl Waffe</name><meisterhandwerk>false</meisterhandwerk><leittalent>false</leittalent><basis>false</basis><nameausfuehrlich>Ansitzjagd incl Waffe</nameausfuehrlich><wert>2</wert><probe>MU/IN/GE</probe><probenwerte>14/14/13</probenwerte><nameausfuehrlichmitprobe>Ansitzjagd incl Waffe (MU/IN/GE)</nameausfuehrlichmitprobe><behinderung></behinderung><mirakelplus>false</mirakelplus><mirakelminus>false</mirakelminus><metatalent>true</metatalent><bereich>Natur</bereich><komplexität>B</komplexität><lernkomplexität>B</lernkomplexität><spezialisierungen></spezialisierungen></talent><talent><name>Fährtensuchen</name><meisterhandwerk>false</meisterhandwerk><leittalent>false</leittalent><basis>true</basis><nameausfuehrlich>Fährtensuchen  (B)</nameausfuehrlich><wert>2</wert><probe>KL/IN/KO</probe><probenwerte>10/14/14</probenwerte><nameausfuehrlichmitprobe>Fährtensuchen  (B)(KL/IN/KO)</nameausfuehrlichmitprobe><behinderung></behinderung><mirakelplus>false</mirakelplus><mirakelminus>false</mirakelminus><metatalent>false</metatalent><bereich>Natur</bereich><komplexität>B</komplexität><lernkomplexität>B</lernkomplexität><spezialisierungen></spezialisierungen></talent><talent><name>Fesseln/Entfesseln</name><meisterhandwerk>false</meisterhandwerk><leittalent>false</leittalent><basis>false</basis><nameausfuehrlich>Fesseln/Entfesseln</nameausfuehrlich><wert>1</wert><probe>FF/GE/KK</probe><probenwerte>9/13/15</probenwerte><nameausfuehrlichmitprobe>Fesseln/Entfesseln (FF/GE/KK)</nameausfuehrlichmitprobe><behinderung>-/BE</behinderung><mirakelplus>false</mirakelplus><mirakelminus>false</mirakelminus><metatalent>false</metatalent><bereich>Natur</bereich><komplexität>B</komplexität><lernkomplexität>B</lernkomplexität><spezialisierungen></spezialisierungen></talent><talent><name>Orientierung</name><meisterhandwerk>false</meisterhandwerk><leittalent>false</leittalent><basis>true</basis><nameausfuehrlich>Orientierung  (B)</nameausfuehrlich><wert>5</wert><probe>KL/IN/IN</probe><probenwerte>10/14/14</probenwerte><nameausfuehrlichmitprobe>Orientierung  (B)(KL/IN/IN)</nameausfuehrlichmitprobe><behinderung></behinderung><mirakelplus>false</mirakelplus><mirakelminus>false</mirakelminus><metatalent>false</metatalent><bereich>Natur</bereich><komplexität>B</komplexität><lernkomplexität>B</lernkomplexität><spezialisierungen></spezialisierungen></talent><talent><name>Pirschjagd incl Waffe</name><meisterhandwerk>false</meisterhandwerk><leittalent>false</leittalent><basis>false</basis><nameausfuehrlich>Pirschjagd incl Waffe</nameausfuehrlich><wert>2</wert><probe>MU/IN/GE</probe><probenwerte>14/14/13</probenwerte><nameausfuehrlichmitprobe>Pirschjagd incl Waffe (MU/IN/GE)</nameausfuehrlichmitprobe><behinderung></behinderung><mirakelplus>false</mirakelplus><mirakelminus>false</mirakelminus><metatalent>true</metatalent><bereich>Natur</bereich><komplexität>B</komplexität><lernkomplexität>B</lernkomplexität><spezialisierungen></spezialisierungen></talent><talent><name>Wildnisleben</name><meisterhandwerk>false</meisterhandwerk><leittalent>false</leittalent><basis>true</basis><nameausfuehrlich>Wildnisleben  (B)</nameausfuehrlich><wert>3</wert><probe>IN/GE/KO</probe><probenwerte>14/13/14</probenwerte><nameausfuehrlichmitprobe>Wildnisleben  (B)(IN/GE/KO)</nameausfuehrlichmitprobe><behinderung></behinderung><mirakelplus>false</mirakelplus><mirakelminus>false</mirakelminus><metatalent>false</metatalent><bereich>Natur</bereich><komplexität>B</komplexität><lernkomplexität>B</lernkomplexität><spezialisierungen></spezialisierungen></talent><talent><name>Geschichtswissen</name><meisterhandwerk>false</meisterhandwerk><leittalent>false</leittalent><basis>false</basis><nameausfuehrlich>Geschichtswissen</nameausfuehrlich><wert>3</wert><probe>KL/KL/IN</probe><probenwerte>10/10/14</probenwerte><nameausfuehrlichmitprobe>Geschichtswissen (KL/KL/IN)</nameausfuehrlichmitprobe><behinderung></behinderung><mirakelplus>false</mirakelplus><mirakelminus>false</mirakelminus><metatalent>false</metatalent><bereich>Wissen</bereich><komplexität>B</komplexität><lernkomplexität>C</lernkomplexität><spezialisierungen></spezialisierungen></talent><talent><name>Götter und Kulte</name><meisterhandwerk>false</meisterhandwerk><leittalent>false</leittalent><basis>true</basis><nameausfuehrlich>Götter und Kulte  (B)</nameausfuehrlich><wert>4</wert><probe>KL/KL/IN</probe><probenwerte>10/10/14</probenwerte><nameausfuehrlichmitprobe>Götter und Kulte  (B)(KL/KL/IN)</nameausfuehrlichmitprobe><behinderung></behinderung><mirakelplus>false</mirakelplus><mirakelminus>false</mirakelminus><metatalent>false</metatalent><bereich>Wissen</bereich><komplexität>B</komplexität><lernkomplexität>B</lernkomplexität><spezialisierungen></spezialisierungen></talent><talent><name>Heraldik</name><meisterhandwerk>false</meisterhandwerk><leittalent>false</leittalent><basis>false</basis><nameausfuehrlich>Heraldik</nameausfuehrlich><wert>2</wert><probe>KL/KL/FF</probe><probenwerte>10/10/9</probenwerte><nameausfuehrlichmitprobe>Heraldik (KL/KL/FF)</nameausfuehrlichmitprobe><behinderung></behinderung><mirakelplus>false</mirakelplus><mirakelminus>false</mirakelminus><metatalent>false</metatalent><bereich>Wissen</bereich><komplexität>B</komplexität><lernkomplexität>B</lernkomplexität><spezialisierungen></spezialisierungen></talent><talent><name>Kriegskunst</name><meisterhandwerk>false</meisterhandwerk><leittalent>false</leittalent><basis>false</basis><nameausfuehrlich>Kriegskunst</nameausfuehrlich><wert>4</wert><probe>MU/KL/CH</probe><probenwerte>14/10/12</probenwerte><nameausfuehrlichmitprobe>Kriegskunst (MU/KL/CH)</nameausfuehrlichmitprobe><behinderung></behinderung><mirakelplus>false</mirakelplus><mirakelminus>false</mirakelminus><metatalent>false</metatalent><bereich>Wissen</bereich><komplexität>B</komplexität><lernkomplexität>B</lernkomplexität><spezialisierungen></spezialisierungen></talent><talent><name>Magiekunde</name><meisterhandwerk>false</meisterhandwerk><leittalent>false</leittalent><basis>false</basis><nameausfuehrlich>Magiekunde</nameausfuehrlich><wert>2</wert><probe>KL/KL/IN</probe><probenwerte>10/10/14</probenwerte><nameausfuehrlichmitprobe>Magiekunde (KL/KL/IN)</nameausfuehrlichmitprobe><behinderung></behinderung><mirakelplus>false</mirakelplus><mirakelminus>false</mirakelminus><metatalent>false</metatalent><bereich>Wissen</bereich><komplexität>B</komplexität><lernkomplexität>B</lernkomplexität><spezialisierungen></spezialisierungen></talent><talent><name>Rechnen</name><meisterhandwerk>false</meisterhandwerk><leittalent>false</leittalent><basis>true</basis><nameausfuehrlich>Rechnen  (B)</nameausfuehrlich><wert>2</wert><probe>KL/KL/IN</probe><probenwerte>10/10/14</probenwerte><nameausfuehrlichmitprobe>Rechnen  (B)(KL/KL/IN)</nameausfuehrlichmitprobe><behinderung></behinderung><mirakelplus>false</mirakelplus><mirakelminus>false</mirakelminus><metatalent>false</metatalent><bereich>Wissen</bereich><komplexität>B</komplexität><lernkomplexität>B</lernkomplexität><spezialisierungen></spezialisierungen></talent><talent><name>Rechtskunde</name><meisterhandwerk>false</meisterhandwerk><leittalent>false</leittalent><basis>false</basis><nameausfuehrlich>Rechtskunde</nameausfuehrlich><wert>2</wert><probe>KL/KL/IN</probe><probenwerte>10/10/14</probenwerte><nameausfuehrlichmitprobe>Rechtskunde (KL/KL/IN)</nameausfuehrlichmitprobe><behinderung></behinderung><mirakelplus>false</mirakelplus><mirakelminus>false</mirakelminus><metatalent>false</metatalent><bereich>Wissen</bereich><komplexität>B</komplexität><lernkomplexität>B</lernkomplexität><spezialisierungen></spezialisierungen></talent><talent><name>Sagen und Legenden</name><meisterhandwerk>false</meisterhandwerk><leittalent>false</leittalent><basis>true</basis><nameausfuehrlich>Sagen und Legenden  (B)</nameausfuehrlich><wert>8</wert><probe>KL/IN/CH</probe><probenwerte>10/14/12</probenwerte><nameausfuehrlichmitprobe>Sagen und Legenden  (B)(KL/IN/CH)</nameausfuehrlichmitprobe><behinderung></behinderung><mirakelplus>false</mirakelplus><mirakelminus>false</mirakelminus><metatalent>false</metatalent><bereich>Wissen</bereich><komplexität>B</komplexität><lernkomplexität>B</lernkomplexität><spezialisierungen></spezialisierungen></talent><talent><name>Tierkunde</name><meisterhandwerk>false</meisterhandwerk><leittalent>false</leittalent><basis>false</basis><nameausfuehrlich>Tierkunde</nameausfuehrlich><wert>2</wert><probe>MU/KL/IN</probe><probenwerte>14/10/14</probenwerte><nameausfuehrlichmitprobe>Tierkunde (MU/KL/IN)</nameausfuehrlichmitprobe><behinderung></behinderung><mirakelplus>false</mirakelplus><mirakelminus>false</mirakelminus><metatalent>false</metatalent><bereich>Wissen</bereich><komplexität>B</komplexität><lernkomplexität>B</lernkomplexität><spezialisierungen></spezialisierungen></talent><talent><name>Garethi</name><meisterhandwerk>false</meisterhandwerk><leittalent>false</leittalent><basis>false</basis><nameausfuehrlich>Garethi</nameausfuehrlich><wert>8</wert><probe>KL/IN/CH</probe><probenwerte>10/14/12</probenwerte><nameausfuehrlichmitprobe>Garethi (KL/IN/CH)</nameausfuehrlichmitprobe><sprachkomplexität>18</sprachkomplexität><muttersprache>true</muttersprache><behinderung></behinderung><mirakelplus>false</mirakelplus><mirakelminus>false</mirakelminus><metatalent>false</metatalent><bereich>Sprachen</bereich><komplexität>A</komplexität><lernkomplexität>A</lernkomplexität><spezialisierungen></spezialisierungen></talent><talent><name>Oloarkh</name><meisterhandwerk>false</meisterhandwerk><leittalent>false</leittalent><basis>false</basis><nameausfuehrlich>Oloarkh</nameausfuehrlich><wert>1</wert><probe>KL/IN/CH</probe><probenwerte>10/14/12</probenwerte><nameausfuehrlichmitprobe>Oloarkh (KL/IN/CH)</nameausfuehrlichmitprobe><sprachkomplexität>10</sprachkomplexität><behinderung></behinderung><mirakelplus>false</mirakelplus><mirakelminus>false</mirakelminus><metatalent>false</metatalent><bereich>Sprachen</bereich><komplexität>A</komplexität><lernkomplexität>B</lernkomplexität><spezialisierungen></spezialisierungen></talent><talent><name>Ologhaijan</name><meisterhandwerk>false</meisterhandwerk><leittalent>false</leittalent><basis>false</basis><nameausfuehrlich>Ologhaijan</nameausfuehrlich><wert>1</wert><probe>KL/IN/CH</probe><probenwerte>10/14/12</probenwerte><nameausfuehrlichmitprobe>Ologhaijan (KL/IN/CH)</nameausfuehrlichmitprobe><sprachkomplexität>15</sprachkomplexität><behinderung></behinderung><mirakelplus>false</mirakelplus><mirakelminus>false</mirakelminus><metatalent>false</metatalent><bereich>Sprachen</bereich><komplexität>A</komplexität><lernkomplexität>B</lernkomplexität><spezialisierungen></spezialisierungen></talent><talent><name>Thorwalsch</name><meisterhandwerk>false</meisterhandwerk><leittalent>false</leittalent><basis>false</basis><nameausfuehrlich>Thorwalsch</nameausfuehrlich><wert>2</wert><probe>KL/IN/CH</probe><probenwerte>10/14/12</probenwerte><nameausfuehrlichmitprobe>Thorwalsch (KL/IN/CH)</nameausfuehrlichmitprobe><sprachkomplexität>18</sprachkomplexität><behinderung></behinderung><mirakelplus>false</mirakelplus><mirakelminus>false</mirakelminus><metatalent>false</metatalent><bereich>Sprachen</bereich><komplexität>A</komplexität><lernkomplexität>A</lernkomplexität><spezialisierungen></spezialisierungen></talent><talent><name>L/S Kusliker Zeichen</name><meisterhandwerk>false</meisterhandwerk><leittalent>false</leittalent><basis>false</basis><nameausfuehrlich>L/S Kusliker Zeichen</nameausfuehrlich><wert>4</wert><probe>KL/KL/FF</probe><probenwerte>10/10/9</probenwerte><nameausfuehrlichmitprobe>L/S Kusliker Zeichen (KL/KL/FF)</nameausfuehrlichmitprobe><sprachkomplexität>10</sprachkomplexität><schriftmuttersprache>true</schriftmuttersprache><behinderung></behinderung><mirakelplus>false</mirakelplus><mirakelminus>false</mirakelminus><metatalent>false</metatalent><bereich>Schriften</bereich><komplexität>A</komplexität><lernkomplexität>A</lernkomplexität><spezialisierungen></spezialisierungen></talent><talent><name>Ackerbau</name><meisterhandwerk>false</meisterhandwerk><leittalent>false</leittalent><basis>false</basis><nameausfuehrlich>Ackerbau</nameausfuehrlich><wert>1</wert><probe>IN/FF/KO</probe><probenwerte>14/9/14</probenwerte><nameausfuehrlichmitprobe>Ackerbau (IN/FF/KO)</nameausfuehrlichmitprobe><behinderung></behinderung><mirakelplus>false</mirakelplus><mirakelminus>false</mirakelminus><metatalent>false</metatalent><bereich>Handwerk</bereich><komplexität>B</komplexität><lernkomplexität>B</lernkomplexität><spezialisierungen></spezialisierungen></talent><talent><name>Boote fahren</name><meisterhandwerk>false</meisterhandwerk><leittalent>false</leittalent><basis>false</basis><nameausfuehrlich>Boote fahren</nameausfuehrlich><wert>1</wert><probe>GE/KO/KK</probe><probenwerte>13/14/15</probenwerte><nameausfuehrlichmitprobe>Boote fahren (GE/KO/KK)</nameausfuehrlichmitprobe><behinderung></behinderung><mirakelplus>false</mirakelplus><mirakelminus>false</mirakelminus><metatalent>false</metatalent><bereich>Handwerk</bereich><komplexität>B</komplexität><lernkomplexität>B</lernkomplexität><spezialisierungen></spezialisierungen></talent><talent><name>Grobschmied</name><meisterhandwerk>false</meisterhandwerk><leittalent>false</leittalent><basis>false</basis><nameausfuehrlich>Grobschmied</nameausfuehrlich><wert>7</wert><probe>FF/KO/KK</probe><probenwerte>9/14/15</probenwerte><nameausfuehrlichmitprobe>Grobschmied (FF/KO/KK)</nameausfuehrlichmitprobe><behinderung></behinderung><mirakelplus>false</mirakelplus><mirakelminus>false</mirakelminus><metatalent>false</metatalent><bereich>Handwerk</bereich><komplexität>B</komplexität><lernkomplexität>C</lernkomplexität><spezialisierungen></spezialisierungen></talent><talent><name>Heilkunde: Wunden</name><meisterhandwerk>false</meisterhandwerk><leittalent>false</leittalent><basis>true</basis><nameausfuehrlich>Heilkunde: Wunden  (B)</nameausfuehrlich><wert>5</wert><probe>KL/CH/FF</probe><probenwerte>10/12/9</probenwerte><nameausfuehrlichmitprobe>Heilkunde: Wunden  (B)(KL/CH/FF)</nameausfuehrlichmitprobe><behinderung></behinderung><mirakelplus>false</mirakelplus><mirakelminus>false</mirakelminus><metatalent>false</metatalent><bereich>Handwerk</bereich><komplexität>B</komplexität><lernkomplexität>B</lernkomplexität><spezialisierungen></spezialisierungen></talent><talent><name>Holzbearbeitung</name><meisterhandwerk>false</meisterhandwerk><leittalent>false</leittalent><basis>true</basis><nameausfuehrlich>Holzbearbeitung  (B)</nameausfuehrlich><wert>2</wert><probe>KL/FF/KK</probe><probenwerte>10/9/15</probenwerte><nameausfuehrlichmitprobe>Holzbearbeitung  (B)(KL/FF/KK)</nameausfuehrlichmitprobe><behinderung></behinderung><mirakelplus>false</mirakelplus><mirakelminus>false</mirakelminus><metatalent>false</metatalent><bereich>Handwerk</bereich><komplexität>B</komplexität><lernkomplexität>B</lernkomplexität><spezialisierungen></spezialisierungen></talent><talent><name>Kochen</name><meisterhandwerk>false</meisterhandwerk><leittalent>false</leittalent><basis>true</basis><nameausfuehrlich>Kochen  (B)</nameausfuehrlich><wert>0</wert><probe>KL/IN/FF</probe><probenwerte>10/14/9</probenwerte><nameausfuehrlichmitprobe>Kochen  (B)(KL/IN/FF)</nameausfuehrlichmitprobe><behinderung></behinderung><mirakelplus>false</mirakelplus><mirakelminus>false</mirakelminus><metatalent>false</metatalent><bereich>Handwerk</bereich><komplexität>B</komplexität><lernkomplexität>B</lernkomplexität><spezialisierungen></spezialisierungen></talent><talent><name>Lederarbeiten</name><meisterhandwerk>false</meisterhandwerk><leittalent>false</leittalent><basis>true</basis><nameausfuehrlich>Lederarbeiten  (B)</nameausfuehrlich><wert>3</wert><probe>KL/FF/FF</probe><probenwerte>10/9/9</probenwerte><nameausfuehrlichmitprobe>Lederarbeiten  (B)(KL/FF/FF)</nameausfuehrlichmitprobe><behinderung></behinderung><mirakelplus>false</mirakelplus><mirakelminus>false</mirakelminus><metatalent>false</metatalent><bereich>Handwerk</bereich><komplexität>B</komplexität><lernkomplexität>B</lernkomplexität><spezialisierungen></spezialisierungen></talent><talent><name>Malen/Zeichnen</name><meisterhandwerk>false</meisterhandwerk><leittalent>false</leittalent><basis>true</basis><nameausfuehrlich>Malen/Zeichnen  (B)</nameausfuehrlich><wert>0</wert><probe>KL/IN/FF</probe><probenwerte>10/14/9</probenwerte><nameausfuehrlichmitprobe>Malen/Zeichnen  (B)(KL/IN/FF)</nameausfuehrlichmitprobe><behinderung></behinderung><mirakelplus>false</mirakelplus><mirakelminus>false</mirakelminus><metatalent>false</metatalent><bereich>Handwerk</bereich><komplexität>B</komplexität><lernkomplexität>B</lernkomplexität><spezialisierungen></spezialisierungen></talent><talent><name>Schneidern</name><meisterhandwerk>false</meisterhandwerk><leittalent>false</leittalent><basis>true</basis><nameausfuehrlich>Schneidern  (B)</nameausfuehrlich><wert>1</wert><probe>KL/FF/FF</probe><probenwerte>10/9/9</probenwerte><nameausfuehrlichmitprobe>Schneidern  (B)(KL/FF/FF)</nameausfuehrlichmitprobe><behinderung></behinderung><mirakelplus>false</mirakelplus><mirakelminus>false</mirakelminus><metatalent>false</metatalent><bereich>Handwerk</bereich><komplexität>B</komplexität><lernkomplexität>B</lernkomplexität><spezialisierungen></spezialisierungen></talent></talentliste><zauberliste/><gegenstaende><gegenstand><name>(Lang-)Schwert</name><anzahl>1</anzahl><grundlage>(Lang-)Schwert</grundlage><gewicht>80.0</gewicht><gesamtgewicht>80.0</gesamtgewicht><angelegt>true</angelegt><angelegt1>false</angelegt1><angelegt2>false</angelegt2><einzelpreis>18000</einzelpreis><gesamtpreis>18000</gesamtpreis><quelle buch="AA" seite="27">AA: 27</quelle><details/><arten>Nahkampfwaffe</arten></gegenstand><gegenstand><name>Armschienen (Paar), Leder</name><anzahl>1</anzahl><grundlage>Armschienen (Paar), Leder</grundlage><gewicht>40.0</gewicht><gesamtgewicht>40.0</gesamtgewicht><angelegt>true</angelegt><angelegt1>false</angelegt1><angelegt2>false</angelegt2><einzelpreis>1500</einzelpreis><gesamtpreis>1500</gesamtpreis><quelle buch="AA" seite="102">AA: 102</quelle><details/><arten>Rüstung</arten></gegenstand><gegenstand><name>Bandagen</name><anzahl>1</anzahl><grundlage>Basilamine (Schoten)</grundlage><gewicht>1.0</gewicht><gesamtgewicht>1.0</gesamtgewicht><angelegt>false</angelegt><angelegt1>false</angelegt1><angelegt2>false</angelegt2><einzelpreis>0</einzelpreis><gesamtpreis>0</gesamtpreis><quelle buch="ZBA" seite="230">ZBA: 230</quelle><details/><arten>sonst</arten></gegenstand><gegenstand><name>Beinschienen (Paar), Stahl</name><anzahl>1</anzahl><grundlage>Beinschienen (Paar), Stahl</grundlage><gewicht>120.0</gewicht><gesamtgewicht>120.0</gesamtgewicht><angelegt>true</angelegt><angelegt1>false</angelegt1><angelegt2>false</angelegt2><einzelpreis>5000</einzelpreis><gesamtpreis>5000</gesamtpreis><quelle buch="AA" seite="108">AA: 108</quelle><details/><arten>Rüstung</arten></gegenstand><gegenstand><name>Großschild</name><anzahl>1</anzahl><grundlage>Großschild</grundlage><gewicht>200.0</gewicht><gesamtgewicht>200.0</gesamtgewicht><angelegt>true</angelegt><angelegt1>false</angelegt1><angelegt2>false</angelegt2><einzelpreis>10000</einzelpreis><gesamtpreis>10000</gesamtpreis><quelle buch="AA" seite="96">AA: 96</quelle><details/><arten>Schild</arten></gegenstand><gegenstand><name>Seil (10 Schritt)</name><anzahl>1</anzahl><grundlage>Hanfseil (1 Schritt)</grundlage><gewicht>5.0</gewicht><gesamtgewicht>5.0</gesamtgewicht><angelegt>false</angelegt><angelegt1>false</angelegt1><angelegt2>false</angelegt2><einzelpreis>70</einzelpreis><gesamtpreis>70</gesamtpreis><quelle buch="MSB" seite="28">MSB: 28</quelle><details/><arten>sonst</arten></gegenstand><gegenstand><name>Kettenhemd, Lang</name><anzahl>1</anzahl><grundlage>Kettenhemd, Lang</grundlage><gewicht>400.0</gewicht><gesamtgewicht>400.0</gesamtgewicht><angelegt>true</angelegt><angelegt1>false</angelegt1><angelegt2>false</angelegt2><einzelpreis>18000</einzelpreis><gesamtpreis>18000</gesamtpreis><quelle buch="AA" seite="104">AA: 104</quelle><details/><arten>Rüstung</arten></gegenstand><gegenstand><name>Wolldecke</name><anzahl>1</anzahl><grundlage>Wolldecke</grundlage><gewicht>60.0</gewicht><gesamtgewicht>60.0</gesamtgewicht><angelegt>false</angelegt><angelegt1>false</angelegt1><angelegt2>false</angelegt2><einzelpreis>300</einzelpreis><gesamtpreis>300</gesamtpreis><quelle buch="MSB" seite="28">MSB: 28</quelle><details/><arten>sonst</arten></gegenstand></gegenstaende><verbindungen/><kampfsets><kampfset inbenutzung="true" nr="1" tzm="true" defaultrsmodel="true"><raufen><at>8</at><pa>8</pa><tp>1W+1</tp></raufen><ringen><at>9</at><pa>9</pa><tp>1W+1</tp></ringen><ausweichen>6</ausweichen><ausweichenausweichenmod>0</ausweichenausweichenmod><ausweichenakrobatikmod>0</ausweichenakrobatikmod><ausweichenmod>0</ausweichenmod><geschwindigkeitinklbe>6</geschwindigkeitinklbe><ini>15</ini><ruestungzonen><kopf>0</kopf><brust>4</brust><ruecken>4</ruecken><gesamt>4</gesamt><bauch>4</bauch><linkerarm>4</linkerarm><rechterarm>4</rechterarm><linkesbein>5</linkesbein><rechtesbein>5</rechtesbein><gesamtschutz>4</gesamtschutz><gesamtzonenschutz>4</gesamtzonenschutz><behinderung>2</behinderung></ruestungzonen><nahkampfwaffen inbenutzung="true"><nahkampfwaffe><nummer>1</nummer><möglich>true</möglich><name>(Lang-)Schwert</name><spalte2>Sc/BE-2</spalte2><dk>N </dk><tp>1W+4</tp><tpkk schrittweite="4" schwelle="11">11 / 4</tpkk><ini>0</ini><wm>0 / 0</wm><at>18</at><pa>14</pa><tpinkl>1W+5</tpinkl><bereich>nahkampf</bereich><bfmin>1</bfmin><bfakt>1</bfakt><waffentalentkurz>Sc</waffentalentkurz><waffentalent>Schwerter</waffentalent><be>BE-2</be></nahkampfwaffe></nahkampfwaffen><fernkampfwaffen inbenutzung="false"/><schilder inbenutzung="true"><schild><nummer>1</nummer><name>Großschild</name><ini>-2</ini><mod>-2/ 5</mod><pa>18</pa><bfmin>0</bfmin><bfakt>0</bfakt><bf>0/0</bf><typ>Schild</typ></schild></schilder><ruestungen inbenutzung="true"><ruestung><nummer>1</nummer><name>Kettenhemd, Lang</name><grundlage>Kettenhemd, Lang</grundlage><be>4</be><rs>4</rs><kopf>0</kopf><brust>4</brust><ruecken>4</ruecken><bauch>4</bauch><linkerarm>3</linkerarm><rechterarm>3</rechterarm><linkesbein>2</linkesbein><rechtesbein>2</rechtesbein><gesamt>4</gesamt><gesamtzonenschutz>3</gesamtzonenschutz><behinderung>4</behinderung></ruestung><ruestung><nummer>2</nummer><name>Beinschienen (Paar), Stahl</name><grundlage>Beinschienen (Paar), Stahl</grundlage><be>*</be><rs>*</rs><kopf>0</kopf><brust>0</brust><ruecken>0</ruecken><bauch>0</bauch><linkerarm>0</linkerarm><rechterarm>0</rechterarm><linkesbein>3</linkesbein><rechtesbein>3</rechtesbein><gesamt>1</gesamt><gesamtzonenschutz>1</gesamtzonenschutz><behinderung>1</behinderung></ruestung><ruestung><nummer>3</nummer><name>Armschienen (Paar), Leder</name><grundlage>Armschienen (Paar), Leder</grundlage><be>*</be><rs>*</rs><kopf>0</kopf><brust>0</brust><ruecken>0</ruecken><bauch>0</bauch><linkerarm>1</linkerarm><rechterarm>1</rechterarm><linkesbein>0</linkesbein><rechtesbein>0</rechtesbein><gesamt>1</gesamt><gesamtzonenschutz>0</gesamtzonenschutz><behinderung>1</behinderung></ruestung></ruestungen></kampfset><kampfset inbenutzung="true" nr="1" tzm="false" defaultrsmodel="false"><raufen><at>8</at><pa>7</pa><tp>1W+1</tp></raufen><ringen><at>9</at><pa>8</pa><tp>1W+1</tp></ringen><ausweichen>5</ausweichen><ausweichenausweichenmod>0</ausweichenausweichenmod><ausweichenakrobatikmod>0</ausweichenakrobatikmod><ausweichenmod>0</ausweichenmod><geschwindigkeitinklbe>5</geschwindigkeitinklbe><ini>15</ini><ruestungeinfach><gesamt>4</gesamt><behinderung>3</behinderung></ruestungeinfach><nahkampfwaffen inbenutzung="true"><nahkampfwaffe><nummer>1</nummer><möglich>true</möglich><name>(Lang-)Schwert</name><spalte2>Sc/BE-2</spalte2><dk>N </dk><tp>1W+4</tp><tpkk schrittweite="4" schwelle="11">11 / 4</tpkk><ini>0</ini><wm>0 / 0</wm><at>18</at><pa>13</pa><tpinkl>1W+5</tpinkl><bereich>nahkampf</bereich><bfmin>1</bfmin><bfakt>1</bfakt><waffentalentkurz>Sc</waffentalentkurz><waffentalent>Schwerter</waffentalent><be>BE-2</be></nahkampfwaffe></nahkampfwaffen><fernkampfwaffen inbenutzung="false"/><schilder inbenutzung="true"><schild><nummer>1</nummer><name>Großschild</name><ini>-2</ini><mod>-2/ 5</mod><pa>18</pa><bfmin>0</bfmin><bfakt>0</bfakt><bf>0/0</bf><typ>Schild</typ></schild></schilder><ruestungen inbenutzung="true"><ruestung><nummer>1</nummer><name>Kettenhemd, Lang</name><grundlage>Kettenhemd, Lang</grundlage><be>4</be><rs>4</rs><kopf>0</kopf><brust>4</brust><ruecken>4</ruecken><bauch>4</bauch><linkerarm>3</linkerarm><rechterarm>3</rechterarm><linkesbein>2</linkesbein><rechtesbein>2</rechtesbein><gesamt>4</gesamt><gesamtzonenschutz>3</gesamtzonenschutz><behinderung>4</behinderung></ruestung><ruestung><nummer>2</nummer><name>Beinschienen (Paar), Stahl</name><grundlage>Beinschienen (Paar), Stahl</grundlage><be>*</be><rs>*</rs><kopf>0</kopf><brust>0</brust><ruecken>0</ruecken><bauch>0</bauch><linkerarm>0</linkerarm><rechterarm>0</rechterarm><linkesbein>3</linkesbein><rechtesbein>3</rechtesbein><gesamt>1</gesamt><gesamtzonenschutz>1</gesamtzonenschutz><behinderung>1</behinderung></ruestung><ruestung><nummer>3</nummer><name>Armschienen (Paar), Leder</name><grundlage>Armschienen (Paar), Leder</grundlage><be>*</be><rs>*</rs><kopf>0</kopf><brust>0</brust><ruecken>0</ruecken><bauch>0</bauch><linkerarm>1</linkerarm><rechterarm>1</rechterarm><linkesbein>0</linkesbein><rechtesbein>0</rechtesbein><gesamt>1</gesamt><gesamtzonenschutz>0</gesamtzonenschutz><behinderung>1</behinderung></ruestung></ruestungen></kampfset><kampfset inbenutzung="false" nr="2" tzm="true" defaultrsmodel="true"><raufen><at>9</at><pa>9</pa><tp>1W+1</tp></raufen><ringen><at>10</at><pa>10</pa><tp>1W+1</tp></ringen><ausweichen>8</ausweichen><ausweichenausweichenmod>0</ausweichenausweichenmod><ausweichenakrobatikmod>0</ausweichenakrobatikmod><ausweichenmod>0</ausweichenmod><geschwindigkeitinklbe>8</geschwindigkeitinklbe><ini>15</ini><ruestungzonen><kopf>0</kopf><brust>0</brust><ruecken>0</ruecken><gesamt>0</gesamt><bauch>0</bauch><linkerarm>0</linkerarm><rechterarm>0</rechterarm><linkesbein>0</linkesbein><rechtesbein>0</rechtesbein><gesamtschutz>0</gesamtschutz><gesamtzonenschutz>0</gesamtzonenschutz><behinderung>0</behinderung></ruestungzonen><nahkampfwaffen inbenutzung="false"/><fernkampfwaffen inbenutzung="false"/><schilder inbenutzung="false"/><ruestungen inbenutzung="false"/></kampfset><kampfset inbenutzung="false" nr="2" tzm="false" defaultrsmodel="false"><raufen><at>9</at><pa>9</pa><tp>1W+1</tp></raufen><ringen><at>10</at><pa>10</pa><tp>1W+1</tp></ringen><ausweichen>8</ausweichen><ausweichenausweichenmod>0</ausweichenausweichenmod><ausweichenakrobatikmod>0</ausweichenakrobatikmod><ausweichenmod>0</ausweichenmod><geschwindigkeitinklbe>8</geschwindigkeitinklbe><ini>15</ini><ruestungeinfach><gesamt>0</gesamt><behinderung>0</behinderung></ruestungeinfach><nahkampfwaffen inbenutzung="false"/><fernkampfwaffen inbenutzung="false"/><schilder inbenutzung="false"/><ruestungen inbenutzung="false"/></kampfset><kampfset inbenutzung="false" nr="3" tzm="true" defaultrsmodel="true"><raufen><at>9</at><pa>9</pa><tp>1W+1</tp></raufen><ringen><at>10</at><pa>10</pa><tp>1W+1</tp></ringen><ausweichen>8</ausweichen><ausweichenausweichenmod>0</ausweichenausweichenmod><ausweichenakrobatikmod>0</ausweichenakrobatikmod><ausweichenmod>0</ausweichenmod><geschwindigkeitinklbe>8</geschwindigkeitinklbe><ini>15</ini><ruestungzonen><kopf>0</kopf><brust>0</brust><ruecken>0</ruecken><gesamt>0</gesamt><bauch>0</bauch><linkerarm>0</linkerarm><rechterarm>0</rechterarm><linkesbein>0</linkesbein><rechtesbein>0</rechtesbein><gesamtschutz>0</gesamtschutz><gesamtzonenschutz>0</gesamtzonenschutz><behinderung>0</behinderung></ruestungzonen><nahkampfwaffen inbenutzung="false"/><fernkampfwaffen inbenutzung="false"/><schilder inbenutzung="false"/><ruestungen inbenutzung="false"/></kampfset><kampfset inbenutzung="false" nr="3" tzm="false" defaultrsmodel="false"><raufen><at>9</at><pa>9</pa><tp>1W+1</tp></raufen><ringen><at>10</at><pa>10</pa><tp>1W+1</tp></ringen><ausweichen>8</ausweichen><ausweichenausweichenmod>0</ausweichenausweichenmod><ausweichenakrobatikmod>0</ausweichenakrobatikmod><ausweichenmod>0</ausweichenmod><geschwindigkeitinklbe>8</geschwindigkeitinklbe><ini>15</ini><ruestungeinfach><gesamt>0</gesamt><behinderung>0</behinderung></ruestungeinfach><nahkampfwaffen inbenutzung="false"/><fernkampfwaffen inbenutzung="false"/><schilder inbenutzung="false"/><ruestungen inbenutzung="false"/></kampfset></kampfsets><ereignisse><ereignis><aktion>EINSTELLUNG</aktion><alterzustand></alterzustand><ap>0</ap><asp>0</asp><bemerkung></bemerkung><date>18.05.2017 19:09</date><kp>0</kp><kommentar></kommentar><lep>0</lep><neuerzustand></neuerzustand><object>max GP für Helden: 110</object><version>HS 5.5.2</version></ereignis><ereignis><aktion>EINSTELLUNG</aktion><alterzustand></alterzustand><ap>0</ap><asp>0</asp><bemerkung></bemerkung><date>18.05.2017 19:09</date><kp>0</kp><kommentar></kommentar><lep>0</lep><neuerzustand></neuerzustand><object>max Eigenschafts-GP für Helden: 100</object><version>HS 5.5.2</version></ereignis><ereignis><aktion>EINSTELLUNG</aktion><alterzustand></alterzustand><ap>0</ap><asp>0</asp><bemerkung></bemerkung><date>18.05.2017 19:09</date><kp>0</kp><kommentar></kommentar><lep>0</lep><neuerzustand></neuerzustand><object>max Eigenschafts-Wert für Helden: 14</object><version>HS 5.5.2</version></ereignis><ereignis><aktion>RKP</aktion><alterzustand>0</alterzustand><ap>0</ap><asp>0</asp><bemerkung></bemerkung><date>18.05.2017 19:09</date><kp>0</kp><kommentar>0 GP</kommentar><lep>0</lep><neuerzustand>0</neuerzustand><object>Rasse: Mittelländer</object><version>HS 5.5.2</version></ereignis><ereignis><aktion>RKP</aktion><alterzustand>0</alterzustand><ap>0</ap><asp>0</asp><bemerkung></bemerkung><date>18.05.2017 19:09</date><kp>0</kp><kommentar>6 GP</kommentar><lep>0</lep><neuerzustand>0</neuerzustand><object>Kultur: Andergast/Nostria, Stadt</object><version>HS 5.5.2</version></ereignis><ereignis><aktion>RKP</aktion><alterzustand>0</alterzustand><ap>0</ap><asp>0</asp><bemerkung></bemerkung><date>18.05.2017 19:09</date><kp>0</kp><kommentar>24 GP</kommentar><lep>0</lep><neuerzustand>0</neuerzustand><object>Profession: Krieger: Rondras Schwertkunst in Winhall</object><version>HS 5.5.2</version></ereignis><ereignis><aktion>EIGENSCHAFTEN</aktion><alterzustand>0</alterzustand><ap>0</ap><asp>0</asp><bemerkung></bemerkung><date>18.05.2017 19:09</date><kp>0</kp><kommentar>14 GP</kommentar><lep>0</lep><neuerzustand>14</neuerzustand><object>Mut: 14</object><version>HS 5.5.2</version></ereignis><ereignis><aktion>EIGENSCHAFTEN</aktion><alterzustand>0</alterzustand><ap>0</ap><asp>0</asp><bemerkung></bemerkung><date>18.05.2017 19:09</date><kp>0</kp><kommentar>10 GP</kommentar><lep>0</lep><neuerzustand>10</neuerzustand><object>Klugheit: 10</object><version>HS 5.5.2</version></ereignis><ereignis><aktion>EIGENSCHAFTEN</aktion><alterzustand>0</alterzustand><ap>0</ap><asp>0</asp><bemerkung></bemerkung><date>18.05.2017 19:09</date><kp>0</kp><kommentar>14 GP</kommentar><lep>0</lep><neuerzustand>14</neuerzustand><object>Intuition: 14</object><version>HS 5.5.2</version></ereignis><ereignis><aktion>EIGENSCHAFTEN</aktion><alterzustand>0</alterzustand><ap>0</ap><asp>0</asp><bemerkung></bemerkung><date>18.05.2017 19:09</date><kp>0</kp><kommentar>12 GP</kommentar><lep>0</lep><neuerzustand>12</neuerzustand><object>Charisma: 12</object><version>HS 5.5.2</version></ereignis><ereignis><aktion>EIGENSCHAFTEN</aktion><alterzustand>0</alterzustand><ap>0</ap><asp>0</asp><bemerkung></bemerkung><date>18.05.2017 19:09</date><kp>0</kp><kommentar>9 GP</kommentar><lep>0</lep><neuerzustand>9</neuerzustand><object>Fingerfertigkeit: 9</object><version>HS 5.5.2</version></ereignis><ereignis><aktion>EIGENSCHAFTEN</aktion><alterzustand>0</alterzustand><ap>0</ap><asp>0</asp><bemerkung></bemerkung><date>18.05.2017 19:09</date><kp>0</kp><kommentar>13 GP</kommentar><lep>0</lep><neuerzustand>13</neuerzustand><object>Gewandtheit: 13</object><version>HS 5.5.2</version></ereignis><ereignis><aktion>EIGENSCHAFTEN</aktion><alterzustand>0</alterzustand><ap>0</ap><asp>0</asp><bemerkung></bemerkung><date>18.05.2017 19:09</date><kp>0</kp><kommentar>14 GP</kommentar><lep>0</lep><neuerzustand>14</neuerzustand><object>Konstitution: 14</object><version>HS 5.5.2</version></ereignis><ereignis><aktion>EIGENSCHAFTEN</aktion><alterzustand>0</alterzustand><ap>0</ap><asp>0</asp><bemerkung></bemerkung><date>18.05.2017 19:09</date><kp>0</kp><kommentar>14 GP</kommentar><lep>0</lep><neuerzustand>14</neuerzustand><object>Körperkraft: 14</object><version>HS 5.5.2</version></ereignis><ereignis><aktion>EIGENSCHAFTEN</aktion><alterzustand>0</alterzustand><ap>0</ap><asp>0</asp><bemerkung></bemerkung><date>18.05.2017 19:09</date><kp>0</kp><kommentar>0 GP</kommentar><lep>0</lep><neuerzustand>7</neuerzustand><object>Sozialstatus: 7</object><version>HS 5.5.2</version></ereignis><ereignis><aktion>TALENT</aktion><alterzustand>0</alterzustand><ap>0</ap><asp>0</asp><bemerkung></bemerkung><date>18.05.2017 19:09</date><kp>0</kp><kommentar>25 AP</kommentar><lep>0</lep><neuerzustand>7</neuerzustand><object>Schwerter: 7</object><version>HS 5.5.2</version></ereignis><ereignis><aktion>TALENT</aktion><alterzustand>0</alterzustand><ap>0</ap><asp>0</asp><bemerkung></bemerkung><date>18.05.2017 19:09</date><kp>0</kp><kommentar>29 AP</kommentar><lep>0</lep><neuerzustand>8</neuerzustand><object>Schwerter: 8</object><version>HS 5.5.2</version></ereignis><ereignis><aktion>TALENT</aktion><alterzustand>0</alterzustand><ap>0</ap><asp>0</asp><bemerkung></bemerkung><date>18.05.2017 19:09</date><kp>0</kp><kommentar>34 AP</kommentar><lep>0</lep><neuerzustand>9</neuerzustand><object>Schwerter: 9</object><version>HS 5.5.2</version></ereignis><ereignis><aktion>TALENT</aktion><alterzustand>0</alterzustand><ap>0</ap><asp>0</asp><bemerkung></bemerkung><date>18.05.2017 19:09</date><kp>0</kp><kommentar>38 AP</kommentar><lep>0</lep><neuerzustand>10</neuerzustand><object>Schwerter: 10</object><version>HS 5.5.2</version></ereignis><ereignis><aktion>TALENT</aktion><alterzustand>0</alterzustand><ap>0</ap><asp>0</asp><bemerkung></bemerkung><date>18.05.2017 19:09</date><kp>0</kp><kommentar>22 AP</kommentar><lep>0</lep><neuerzustand>5</neuerzustand><object>Körperbeherrschung: 5</object><version>HS 5.5.2</version></ereignis><ereignis><aktion>TALENT</aktion><alterzustand>0</alterzustand><ap>0</ap><asp>0</asp><bemerkung></bemerkung><date>18.05.2017 19:09</date><kp>0</kp><kommentar>27 AP</kommentar><lep>0</lep><neuerzustand>6</neuerzustand><object>Körperbeherrschung: 6</object><version>HS 5.5.2</version></ereignis><ereignis><aktion>TALENT</aktion><alterzustand>0</alterzustand><ap>0</ap><asp>0</asp><bemerkung></bemerkung><date>18.05.2017 19:09</date><kp>0</kp><kommentar>12 AP</kommentar><lep>0</lep><neuerzustand>3</neuerzustand><object>Sinnenschärfe: 3</object><version>HS 5.5.2</version></ereignis><ereignis><aktion>TALENT</aktion><alterzustand>0</alterzustand><ap>0</ap><asp>0</asp><bemerkung></bemerkung><date>18.05.2017 19:09</date><kp>0</kp><kommentar>17 AP</kommentar><lep>0</lep><neuerzustand>4</neuerzustand><object>Sinnenschärfe: 4</object><version>HS 5.5.2</version></ereignis><ereignis><aktion>TALENT</aktion><alterzustand>0</alterzustand><ap>0</ap><asp>0</asp><bemerkung></bemerkung><date>18.05.2017 19:09</date><kp>0</kp><kommentar>22 AP</kommentar><lep>0</lep><neuerzustand>5</neuerzustand><object>Sinnenschärfe: 5</object><version>HS 5.5.2</version></ereignis><ereignis><aktion>TALENT</aktion><alterzustand>0</alterzustand><ap>0</ap><asp>0</asp><bemerkung></bemerkung><date>18.05.2017 19:09</date><kp>0</kp><kommentar>27 AP</kommentar><lep>0</lep><neuerzustand>6</neuerzustand><object>Sinnenschärfe: 6</object><version>HS 5.5.2</version></ereignis><ereignis><aktion>TALENT</aktion><alterzustand>0</alterzustand><ap>0</ap><asp>0</asp><bemerkung></bemerkung><date>18.05.2017 19:09</date><kp>0</kp><kommentar>33 AP</kommentar><lep>0</lep><neuerzustand>7</neuerzustand><object>Sinnenschärfe: 7</object><version>HS 5.5.2</version></ereignis><ereignis><aktion>TALENT</aktion><alterzustand>0</alterzustand><ap>0</ap><asp>0</asp><bemerkung></bemerkung><date>18.05.2017 19:09</date><kp>0</kp><kommentar>39 AP</kommentar><lep>0</lep><neuerzustand>8</neuerzustand><object>Sinnenschärfe: 8</object><version>HS 5.5.2</version></ereignis><ereignis><aktion>TALENT</aktion><alterzustand>0</alterzustand><ap>0</ap><asp>0</asp><bemerkung></bemerkung><date>18.05.2017 19:09</date><kp>0</kp><kommentar>17 AP</kommentar><lep>0</lep><neuerzustand>4</neuerzustand><object>Zechen: 4</object><version>HS 5.5.2</version></ereignis><ereignis><aktion>TALENT</aktion><alterzustand>0</alterzustand><ap>0</ap><asp>0</asp><bemerkung></bemerkung><date>18.05.2017 19:09</date><kp>0</kp><kommentar>22 AP</kommentar><lep>0</lep><neuerzustand>5</neuerzustand><object>Zechen: 5</object><version>HS 5.5.2</version></ereignis><ereignis><aktion>TALENT</aktion><alterzustand>0</alterzustand><ap>0</ap><asp>0</asp><bemerkung></bemerkung><date>18.05.2017 19:09</date><kp>0</kp><kommentar>27 AP</kommentar><lep>0</lep><neuerzustand>6</neuerzustand><object>Zechen: 6</object><version>HS 5.5.2</version></ereignis><ereignis><aktion>TALENT</aktion><alterzustand>0</alterzustand><ap>0</ap><asp>0</asp><bemerkung></bemerkung><date>18.05.2017 19:09</date><kp>0</kp><kommentar>4 AP</kommentar><lep>0</lep><neuerzustand>2</neuerzustand><object>Fährtensuchen: 2</object><version>HS 5.5.2</version></ereignis><ereignis><aktion>TALENT</aktion><alterzustand>0</alterzustand><ap>0</ap><asp>0</asp><bemerkung></bemerkung><date>18.05.2017 19:09</date><kp>0</kp><kommentar>6 AP</kommentar><lep>0</lep><neuerzustand>3</neuerzustand><object>Orientierung: 3</object><version>HS 5.5.2</version></ereignis><ereignis><aktion>TALENT</aktion><alterzustand>0</alterzustand><ap>0</ap><asp>0</asp><bemerkung></bemerkung><date>18.05.2017 19:09</date><kp>0</kp><kommentar>8 AP</kommentar><lep>0</lep><neuerzustand>4</neuerzustand><object>Orientierung: 4</object><version>HS 5.5.2</version></ereignis><ereignis><aktion>TALENT</aktion><alterzustand>0</alterzustand><ap>0</ap><asp>0</asp><bemerkung></bemerkung><date>18.05.2017 19:09</date><kp>0</kp><kommentar>11 AP</kommentar><lep>0</lep><neuerzustand>5</neuerzustand><object>Orientierung: 5</object><version>HS 5.5.2</version></ereignis><ereignis><aktion>TALENT</aktion><alterzustand>0</alterzustand><ap>0</ap><asp>0</asp><bemerkung></bemerkung><date>18.05.2017 19:09</date><kp>0</kp><kommentar>11 AP</kommentar><lep>0</lep><neuerzustand>5</neuerzustand><object>Sagen und Legenden: 5</object><version>HS 5.5.2</version></ereignis><ereignis><aktion>TALENT</aktion><alterzustand>0</alterzustand><ap>0</ap><asp>0</asp><bemerkung></bemerkung><date>18.05.2017 19:09</date><kp>0</kp><kommentar>4 AP</kommentar><lep>0</lep><neuerzustand>2</neuerzustand><object>Grobschmied: 2</object><version>HS 5.5.2</version></ereignis><ereignis><aktion>TALENT</aktion><alterzustand>0</alterzustand><ap>0</ap><asp>0</asp><bemerkung></bemerkung><date>18.05.2017 19:09</date><kp>0</kp><kommentar>6 AP</kommentar><lep>0</lep><neuerzustand>3</neuerzustand><object>Grobschmied: 3</object><version>HS 5.5.2</version></ereignis><ereignis><aktion>TALENT</aktion><alterzustand>0</alterzustand><ap>0</ap><asp>0</asp><bemerkung></bemerkung><date>18.05.2017 19:09</date><kp>0</kp><kommentar>8 AP</kommentar><lep>0</lep><neuerzustand>4</neuerzustand><object>Grobschmied: 4</object><version>HS 5.5.2</version></ereignis><ereignis><aktion>TALENT</aktion><alterzustand>0</alterzustand><ap>0</ap><asp>0</asp><bemerkung></bemerkung><date>18.05.2017 19:09</date><kp>0</kp><kommentar>11 AP</kommentar><lep>0</lep><neuerzustand>5</neuerzustand><object>Grobschmied: 5</object><version>HS 5.5.2</version></ereignis><ereignis><aktion>TALENT</aktion><alterzustand>0</alterzustand><ap>0</ap><asp>0</asp><bemerkung></bemerkung><date>18.05.2017 19:09</date><kp>0</kp><kommentar>8 AP</kommentar><lep>0</lep><neuerzustand>4</neuerzustand><object>Heilkunde: Wunden: 4</object><version>HS 5.5.2</version></ereignis><ereignis><aktion>TALENT</aktion><alterzustand>0</alterzustand><ap>0</ap><asp>0</asp><bemerkung></bemerkung><date>18.05.2017 19:09</date><kp>0</kp><kommentar>11 AP</kommentar><lep>0</lep><neuerzustand>5</neuerzustand><object>Heilkunde: Wunden: 5</object><version>HS 5.5.2</version></ereignis><ereignis><aktion>VORTEILE</aktion><alterzustand>0</alterzustand><ap>0</ap><asp>0</asp><bemerkung></bemerkung><date>18.05.2017 19:09</date><kp>0</kp><kommentar>0 GP</kommentar><lep>0</lep><neuerzustand>0</neuerzustand><object>Akademische Ausbildung (Krieger)</object><version>HS 5.5.2</version></ereignis><ereignis><aktion>VORTEILE</aktion><alterzustand>0</alterzustand><ap>0</ap><asp>0</asp><bemerkung></bemerkung><date>18.05.2017 19:09</date><kp>0</kp><kommentar>-4 GP</kommentar><lep>0</lep><neuerzustand>0</neuerzustand><object>Autoritätsgläubig: 8</object><version>HS 5.5.2</version></ereignis><ereignis><aktion>VORTEILE</aktion><alterzustand>0</alterzustand><ap>0</ap><asp>0</asp><bemerkung></bemerkung><date>18.05.2017 19:09</date><kp>0</kp><kommentar>0 GP</kommentar><lep>0</lep><neuerzustand>0</neuerzustand><object>Prinzipientreue: 10</object><version>HS 5.5.2</version></ereignis><ereignis><aktion>VORTEILE</aktion><alterzustand>0</alterzustand><ap>0</ap><asp>0</asp><bemerkung></bemerkung><date>18.05.2017 19:09</date><kp>0</kp><kommentar>-12 GP</kommentar><lep>0</lep><neuerzustand>0</neuerzustand><object>Verpflichtungen</object><version>HS 5.5.2</version></ereignis><ereignis><aktion>VORTEILE</aktion><alterzustand>0</alterzustand><ap>0</ap><asp>0</asp><bemerkung></bemerkung><date>18.05.2017 19:09</date><kp>0</kp><kommentar>-4 GP</kommentar><lep>0</lep><neuerzustand>0</neuerzustand><object>Vorurteile gegen: Kämpfer die nicht an Rondra glauben 8</object><version>HS 5.5.2</version></ereignis><ereignis><aktion>Grobschmied</aktion><alterzustand></alterzustand><ap>0</ap><asp>0</asp><bemerkung></bemerkung><date>18.05.2017 19:09</date><kp>0</kp><kommentar></kommentar><lep>0</lep><neuerzustand>1</neuerzustand><object>Auswahl</object><version>HS 5.5.2</version></ereignis><ereignis><aktion>Bogen</aktion><alterzustand></alterzustand><ap>0</ap><asp>0</asp><bemerkung></bemerkung><date>18.05.2017 19:09</date><kp>0</kp><kommentar></kommentar><lep>0</lep><neuerzustand>1</neuerzustand><object>Auswahl</object><version>HS 5.5.2</version></ereignis><ereignis><aktion>Sprachen kennen Oloarkh</aktion><alterzustand></alterzustand><ap>0</ap><asp>0</asp><bemerkung></bemerkung><date>18.05.2017 19:09</date><kp>0</kp><kommentar></kommentar><lep>0</lep><neuerzustand>1</neuerzustand><object>Auswahl</object><version>HS 5.5.2</version></ereignis><ereignis><aktion>Sprachen kennen Ologhaijan</aktion><alterzustand></alterzustand><ap>0</ap><asp>0</asp><bemerkung></bemerkung><date>18.05.2017 19:09</date><kp>0</kp><kommentar></kommentar><lep>0</lep><neuerzustand>1</neuerzustand><object>Auswahl</object><version>HS 5.5.2</version></ereignis><ereignis><aktion>Sprachen kennen Thorwalsch</aktion><alterzustand></alterzustand><ap>0</ap><asp>0</asp><bemerkung></bemerkung><date>18.05.2017 19:09</date><kp>0</kp><kommentar></kommentar><lep>0</lep><neuerzustand>2</neuerzustand><object>Auswahl</object><version>HS 5.5.2</version></ereignis><ereignis><aktion>Geld</aktion><alterzustand>D: 0 S: 0 H: 0 K: 0</alterzustand><ap>0</ap><asp>0</asp><bemerkung>Geldbörse</bemerkung><date>18.05.2017 19:16</date><kp>0</kp><kommentar></kommentar><lep>0</lep><neuerzustand>D: 4 S: 9 H: 0 K: 0</neuerzustand><object>Mittelreich</object><version>HS 5.5.2</version></ereignis><ereignis><aktion>Ereignis eingeben</aktion><alterzustand></alterzustand><ap>100</ap><asp>0</asp><bemerkung></bemerkung><date>21.05.2017 12:38</date><kp>0</kp><kommentar>Die Namenlosen Tage Gesamt AP: 100 Verfügbare AP: 100</kommentar><lep>0</lep><neuerzustand></neuerzustand><object>Abenteuerpunkte (Hinzugewinn)</object><version>HS 5.5.2</version></ereignis><ereignis><aktion>Geld</aktion><alterzustand>D: 4 S: 9 H: 0 K: 0</alterzustand><ap>0</ap><asp>0</asp><bemerkung>Geldbörse</bemerkung><date>21.05.2017 12:38</date><kp>0</kp><kommentar></kommentar><lep>0</lep><neuerzustand>D: 6 S: 1 H: 0 K: 0</neuerzustand><object>Mittelreich</object><version>HS 5.5.2</version></ereignis><ereignis><aktion>Talent steigern</aktion><alterzustand>5</alterzustand><ap>-7</ap><asp>0</asp><bemerkung>SE, Gegenseitiges Lehren</bemerkung><date>21.05.2017 12:39</date><kp>0</kp><kommentar></kommentar><lep>0</lep><neuerzustand>6</neuerzustand><object>Sagen und Legenden</object><version>HS 5.5.2</version></ereignis><ereignis><aktion>Talent steigern</aktion><alterzustand>1</alterzustand><ap>-6</ap><asp>0</asp><bemerkung>Selbststudium</bemerkung><date>21.05.2017 12:39</date><kp>0</kp><kommentar></kommentar><lep>0</lep><neuerzustand>2</neuerzustand><object>Überreden</object><version>HS 5.5.2</version></ereignis><ereignis><aktion>Ereignis eingeben</aktion><alterzustand></alterzustand><ap>100</ap><asp>0</asp><bemerkung></bemerkung><date>12.06.2017 07:57</date><kp>0</kp><kommentar>Kapitel: Verhandlungen über die Bedingungen des siedeln Gesamt AP: 100 Verfügbare AP: 100</kommentar><lep>0</lep><neuerzustand></neuerzustand><object>Abenteuerpunkte (Hinzugewinn)</object><version>HS 5.5.2</version></ereignis><ereignis><aktion>Ereignis eingeben</aktion><alterzustand></alterzustand><ap>75</ap><asp>0</asp><bemerkung></bemerkung><date>12.06.2017 07:58</date><kp>0</kp><kommentar>Kapitel: Der Goblin Speer Gesamt AP: 75 Verfügbare AP: 75</kommentar><lep>0</lep><neuerzustand></neuerzustand><object>Abenteuerpunkte (Hinzugewinn)</object><version>HS 5.5.2</version></ereignis><ereignis><aktion>Talent steigern</aktion><alterzustand>6</alterzustand><ap>-17</ap><asp>0</asp><bemerkung>SE, Selbststudium</bemerkung><date>12.06.2017 08:02</date><kp>0</kp><kommentar></kommentar><lep>0</lep><neuerzustand>7</neuerzustand><object>Sagen und Legenden</object><version>HS 5.5.2</version></ereignis><ereignis><aktion>Talent steigern</aktion><alterzustand>1</alterzustand><ap>-4</ap><asp>0</asp><bemerkung>SE, Selbststudium</bemerkung><date>12.06.2017 08:02</date><kp>0</kp><kommentar></kommentar><lep>0</lep><neuerzustand>2</neuerzustand><object>Menschenkenntnis</object><version>HS 5.5.2</version></ereignis><ereignis><aktion>Talent steigern</aktion><alterzustand>2</alterzustand><ap>-9</ap><asp>0</asp><bemerkung>Selbststudium</bemerkung><date>12.06.2017 08:02</date><kp>0</kp><kommentar></kommentar><lep>0</lep><neuerzustand>3</neuerzustand><object>Menschenkenntnis</object><version>HS 5.5.2</version></ereignis><ereignis><aktion>Geld</aktion><alterzustand>D: 6 S: 1 H: 0 K: 0</alterzustand><ap>0</ap><asp>0</asp><bemerkung>Geldbörse</bemerkung><date>12.06.2017 08:09</date><kp>0</kp><kommentar></kommentar><lep>0</lep><neuerzustand>D: 6 S: 0 H: 0 K: 0</neuerzustand><object>Mittelreich</object><version>HS 5.5.2</version></ereignis><ereignis><aktion>Nahkampftalent steigern</aktion><alterzustand>10;7;3</alterzustand><ap>-140</ap><asp>0</asp><bemerkung>Selbststudium</bemerkung><date>12.06.2017 08:10</date><kp>0</kp><kommentar></kommentar><lep>0</lep><neuerzustand>11;7;3</neuerzustand><object>Schwerter</object><version>HS 5.5.2</version></ereignis><ereignis><aktion>Talent steigern</aktion><alterzustand>2</alterzustand><ap>-15</ap><asp>0</asp><bemerkung>Selbststudium</bemerkung><date>12.06.2017 08:12</date><kp>0</kp><kommentar></kommentar><lep>0</lep><neuerzustand>3</neuerzustand><object>Klettern</object><version>HS 5.5.2</version></ereignis><ereignis><aktion>Talent steigern</aktion><alterzustand>2</alterzustand><ap>-9</ap><asp>0</asp><bemerkung>Selbststudium</bemerkung><date>12.06.2017 08:12</date><kp>0</kp><kommentar></kommentar><lep>0</lep><neuerzustand>3</neuerzustand><object>Überreden</object><version>HS 5.5.2</version></ereignis><ereignis><aktion>Ereignis eingeben</aktion><alterzustand></alterzustand><ap>100</ap><asp>0</asp><bemerkung></bemerkung><date>01.07.2017 13:47</date><kp>0</kp><kommentar>Der Kampf zwischen Goblins und Elfen Gesamt AP: 100 Verfügbare AP: 100</kommentar><lep>0</lep><neuerzustand></neuerzustand><object>Abenteuerpunkte (Hinzugewinn)</object><version>HS 5.5.2</version></ereignis><ereignis><aktion>Talent aktivieren</aktion><alterzustand></alterzustand><ap>-5</ap><asp>0</asp><bemerkung>SE</bemerkung><date>01.07.2017 13:48</date><kp>0</kp><kommentar></kommentar><lep>0</lep><neuerzustand>0</neuerzustand><object>Magiekunde</object><version>HS 5.5.2</version></ereignis><ereignis><aktion>Talent steigern</aktion><alterzustand>0</alterzustand><ap>-2</ap><asp>0</asp><bemerkung>Selbststudium</bemerkung><date>01.07.2017 13:49</date><kp>0</kp><kommentar></kommentar><lep>0</lep><neuerzustand>1</neuerzustand><object>Magiekunde</object><version>HS 5.5.2</version></ereignis><ereignis><aktion>Talent steigern</aktion><alterzustand>3</alterzustand><ap>-21</ap><asp>0</asp><bemerkung>Selbststudium</bemerkung><date>01.07.2017 13:50</date><kp>0</kp><kommentar></kommentar><lep>0</lep><neuerzustand>4</neuerzustand><object>Klettern</object><version>HS 5.5.2</version></ereignis><ereignis><aktion>Talent steigern</aktion><alterzustand>8</alterzustand><ap>-55</ap><asp>0</asp><bemerkung>Selbststudium</bemerkung><date>01.07.2017 13:52</date><kp>0</kp><kommentar></kommentar><lep>0</lep><neuerzustand>9</neuerzustand><object>Sinnenschärfe</object><version>HS 5.5.2</version></ereignis><ereignis><aktion>Ereignis eingeben</aktion><alterzustand></alterzustand><ap>75</ap><asp>0</asp><bemerkung></bemerkung><date>03.07.2017 13:31</date><kp>0</kp><kommentar>Pawels Tragödie Gesamt AP: 75 Verfügbare AP: 75</kommentar><lep>0</lep><neuerzustand></neuerzustand><object>Abenteuerpunkte (Hinzugewinn)</object><version>HS 5.5.2</version></ereignis><ereignis><aktion>Talent steigern</aktion><alterzustand>5</alterzustand><ap>-14</ap><asp>0</asp><bemerkung>SE, Selbststudium</bemerkung><date>03.07.2017 13:31</date><kp>0</kp><kommentar></kommentar><lep>0</lep><neuerzustand>6</neuerzustand><object>Grobschmied</object><version>HS 5.5.2</version></ereignis><ereignis><aktion>Talent steigern</aktion><alterzustand>6</alterzustand><ap>-17</ap><asp>0</asp><bemerkung>SE, Selbststudium</bemerkung><date>03.07.2017 13:31</date><kp>0</kp><kommentar></kommentar><lep>0</lep><neuerzustand>7</neuerzustand><object>Grobschmied</object><version>HS 5.5.2</version></ereignis><ereignis><aktion>Geld</aktion><alterzustand>D: 6 S: 0 H: 0 K: 0</alterzustand><ap>0</ap><asp>0</asp><bemerkung>Geldbörse</bemerkung><date>04.07.2017 15:40</date><kp>0</kp><kommentar></kommentar><lep>0</lep><neuerzustand>D: 13 S: 8 H: 0 K: 0</neuerzustand><object>Mittelreich</object><version>HS 5.5.2</version></ereignis><ereignis><aktion>Ereignis eingeben</aktion><alterzustand></alterzustand><ap>150</ap><asp>0</asp><bemerkung></bemerkung><date>09.07.2017 21:06</date><kp>0</kp><kommentar>Die Feuerschlote Gesamt AP: 150 Verfügbare AP: 150</kommentar><lep>0</lep><neuerzustand></neuerzustand><object>Abenteuerpunkte (Hinzugewinn)</object><version>HS 5.5.2</version></ereignis><ereignis><aktion>Sonderfertigkeit hinzugefügt</aktion><alterzustand></alterzustand><ap>-150</ap><asp>0</asp><bemerkung></bemerkung><date>09.07.2017 21:08</date><kp>0</kp><kommentar></kommentar><lep>0</lep><neuerzustand></neuerzustand><object>Talentspezialisierung Schwerter ((Lang-)Schwert)</object><version>HS 5.5.2</version></ereignis><ereignis><aktion>Talent steigern</aktion><alterzustand>1</alterzustand><ap>-7</ap><asp>0</asp><bemerkung>SE, Selbststudium</bemerkung><date>09.07.2017 21:09</date><kp>0</kp><kommentar></kommentar><lep>0</lep><neuerzustand>2</neuerzustand><object>Schwimmen</object><version>HS 5.5.2</version></ereignis><ereignis><aktion>Talent steigern</aktion><alterzustand>2</alterzustand><ap>-6</ap><asp>0</asp><bemerkung>SE, Selbststudium</bemerkung><date>09.07.2017 21:09</date><kp>0</kp><kommentar></kommentar><lep>0</lep><neuerzustand>3</neuerzustand><object>Geschichtswissen</object><version>HS 5.5.2</version></ereignis><ereignis><aktion>Geld</aktion><alterzustand>D: 13 S: 8 H: 0 K: 0</alterzustand><ap>0</ap><asp>0</asp><bemerkung>Geldbörse</bemerkung><date>09.07.2017 21:10</date><kp>0</kp><kommentar></kommentar><lep>0</lep><neuerzustand>D: 17 S: 7 H: 3 K: 0</neuerzustand><object>Mittelreich</object><version>HS 5.5.2</version></ereignis><ereignis><aktion>Ereignis eingeben</aktion><alterzustand></alterzustand><ap>300</ap><asp>0</asp><bemerkung></bemerkung><date>17.12.2017 20:18</date><kp>0</kp><kommentar>Der alte Feuergott Gesamt AP: 300 Verfügbare AP: 300</kommentar><lep>0</lep><neuerzustand></neuerzustand><object>Abenteuerpunkte (Hinzugewinn)</object><version>HS 5.5.3</version></ereignis><ereignis><aktion>Eigenschaft steigern</aktion><alterzustand>14</alterzustand><ap>-410</ap><asp>0</asp><bemerkung></bemerkung><date>17.12.2017 20:18</date><kp>0</kp><kommentar></kommentar><lep>0</lep><neuerzustand>15</neuerzustand><object>Körperkraft</object><version>HS 5.5.3</version></ereignis><ereignis><aktion>Ereignis eingeben</aktion><alterzustand></alterzustand><ap>150</ap><asp>0</asp><bemerkung></bemerkung><date>17.12.2017 20:19</date><kp>0</kp><kommentar>Schildkampf 2 Gesamt AP: 150 Verfügbare AP: 150</kommentar><lep>0</lep><neuerzustand></neuerzustand><object>Abenteuerpunkte (Hinzugewinn)</object><version>HS 5.5.3</version></ereignis><ereignis><aktion>Sonderfertigkeit hinzugefügt</aktion><alterzustand></alterzustand><ap>-150</ap><asp>0</asp><bemerkung></bemerkung><date>17.12.2017 20:19</date><kp>0</kp><kommentar></kommentar><lep>0</lep><neuerzustand></neuerzustand><object>Schildkampf II</object><version>HS 5.5.3</version></ereignis><ereignis><aktion>Geld</aktion><alterzustand>D: 17 S: 7 H: 3 K: 0</alterzustand><ap>0</ap><asp>0</asp><bemerkung>Geldbörse</bemerkung><date>17.12.2017 20:20</date><kp>0</kp><kommentar></kommentar><lep>0</lep><neuerzustand>D: 12 S: 7 H: 3 K: 0</neuerzustand><object>Mittelreich</object><version>HS 5.5.3</version></ereignis><ereignis><aktion>Ereignis eingeben</aktion><alterzustand></alterzustand><ap>300</ap><asp>0</asp><bemerkung></bemerkung><date>14.04.2018 10:46</date><kp>0</kp><kommentar>Kapitel das geklaute Holz :D Gesamt AP: 300 Verfügbare AP: 300</kommentar><lep>0</lep><neuerzustand></neuerzustand><object>Abenteuerpunkte (Hinzugewinn)</object><version>HS 5.5.3</version></ereignis><ereignis><aktion>Talent steigern</aktion><alterzustand>4</alterzustand><ap>-17</ap><asp>0</asp><bemerkung>SE, Gegenseitiges Lehren</bemerkung><date>14.04.2018 10:47</date><kp>0</kp><kommentar></kommentar><lep>0</lep><neuerzustand>5</neuerzustand><object>Klettern</object><version>HS 5.5.3</version></ereignis><ereignis><aktion>Talent steigern</aktion><alterzustand>6</alterzustand><ap>-25</ap><asp>0</asp><bemerkung>SE, Gegenseitiges Lehren</bemerkung><date>14.04.2018 10:47</date><kp>0</kp><kommentar></kommentar><lep>0</lep><neuerzustand>7</neuerzustand><object>Körperbeherrschung</object><version>HS 5.5.3</version></ereignis><ereignis><aktion>Talent steigern</aktion><alterzustand>7</alterzustand><ap>-10</ap><asp>0</asp><bemerkung>SE, Gegenseitiges Lehren</bemerkung><date>14.04.2018 10:48</date><kp>0</kp><kommentar></kommentar><lep>0</lep><neuerzustand>8</neuerzustand><object>Sagen und Legenden</object><version>HS 5.5.3</version></ereignis><ereignis><aktion>Talent steigern</aktion><alterzustand>5</alterzustand><ap>-34</ap><asp>0</asp><bemerkung>Selbststudium</bemerkung><date>14.04.2018 10:48</date><kp>0</kp><kommentar></kommentar><lep>0</lep><neuerzustand>6</neuerzustand><object>Klettern</object><version>HS 5.5.3</version></ereignis><ereignis><aktion>Ereignis eingeben</aktion><alterzustand></alterzustand><ap>500</ap><asp>0</asp><bemerkung></bemerkung><date>25.05.2018 08:51</date><kp>0</kp><kommentar>Erben des Schwarzen Eises Gesamt AP: 500 Verfügbare AP: 500</kommentar><lep>0</lep><neuerzustand></neuerzustand><object>Abenteuerpunkte (Hinzugewinn)</object><version>HS 5.5.3</version></ereignis><ereignis><aktion>Nahkampftalent steigern</aktion><alterzustand>11;8;3</alterzustand><ap>-160</ap><asp>0</asp><bemerkung>Selbststudium</bemerkung><date>25.05.2018 08:51</date><kp>0</kp><kommentar></kommentar><lep>0</lep><neuerzustand>12;8;3</neuerzustand><object>Schwerter</object><version>HS 5.5.3</version></ereignis><ereignis><aktion>Nahkampftalent steigern</aktion><alterzustand>12;8;3</alterzustand><ap>-175</ap><asp>0</asp><bemerkung>Selbststudium</bemerkung><date>25.05.2018 08:51</date><kp>0</kp><kommentar></kommentar><lep>0</lep><neuerzustand>13;8;3</neuerzustand><object>Schwerter</object><version>HS 5.5.3</version></ereignis><ereignis><aktion>Talent steigern</aktion><alterzustand>2</alterzustand><ap>-3</ap><asp>0</asp><bemerkung>SE, Gegenseitiges Lehren</bemerkung><date>25.05.2018 08:51</date><kp>0</kp><kommentar></kommentar><lep>0</lep><neuerzustand>3</neuerzustand><object>Wildnisleben</object><version>HS 5.5.3</version></ereignis><ereignis><aktion>Talent steigern</aktion><alterzustand>3</alterzustand><ap>-4</ap><asp>0</asp><bemerkung>SE, Gegenseitiges Lehren</bemerkung><date>25.05.2018 08:51</date><kp>0</kp><kommentar></kommentar><lep>0</lep><neuerzustand>4</neuerzustand><object>Götter und Kulte</object><version>HS 5.5.3</version></ereignis><ereignis><aktion>Talent steigern</aktion><alterzustand>6</alterzustand><ap>-41</ap><asp>0</asp><bemerkung>Selbststudium</bemerkung><date>25.05.2018 08:55</date><kp>0</kp><kommentar></kommentar><lep>0</lep><neuerzustand>7</neuerzustand><object>Athletik</object><version>HS 5.5.3</version></ereignis><ereignis><aktion>Talent steigern</aktion><alterzustand>6</alterzustand><ap>-41</ap><asp>0</asp><bemerkung>Selbststudium</bemerkung><date>25.05.2018 08:55</date><kp>0</kp><kommentar></kommentar><lep>0</lep><neuerzustand>7</neuerzustand><object>Klettern</object><version>HS 5.5.3</version></ereignis><ereignis><aktion>Geld</aktion><alterzustand>D: 12 S: 7 H: 3 K: 0</alterzustand><ap>0</ap><asp>0</asp><bemerkung>Geldbörse</bemerkung><date>25.05.2018 08:58</date><kp>0</kp><kommentar></kommentar><lep>0</lep><neuerzustand>D: 8 S: 8 H: 0 K: 0</neuerzustand><object>Mittelreich</object><version>HS 5.5.3</version></ereignis><ereignis><aktion>Talent steigern</aktion><alterzustand>7</alterzustand><ap>-48</ap><asp>0</asp><bemerkung>Selbststudium</bemerkung><date>25.05.2018 09:03</date><kp>0</kp><kommentar></kommentar><lep>0</lep><neuerzustand>8</neuerzustand><object>Athletik</object><version>HS 5.5.3</version></ereignis><ereignis><aktion>Talent steigern</aktion><alterzustand>7</alterzustand><ap>-48</ap><asp>0</asp><bemerkung>Selbststudium</bemerkung><date>25.05.2018 09:03</date><kp>0</kp><kommentar></kommentar><lep>0</lep><neuerzustand>8</neuerzustand><object>Klettern</object><version>HS 5.5.3</version></ereignis><ereignis><aktion>Ereignis eingeben</aktion><alterzustand></alterzustand><ap>500</ap><asp>0</asp><bemerkung></bemerkung><date>31.05.2018 17:13</date><kp>0</kp><kommentar>Schirr'Zachs Gefallen Gesamt AP: 500 Verfügbare AP: 500</kommentar><lep>0</lep><neuerzustand></neuerzustand><object>Abenteuerpunkte (Hinzugewinn)</object><version>HS 5.5.3</version></ereignis><ereignis><aktion>Talent steigern</aktion><alterzustand>1</alterzustand><ap>-2</ap><asp>0</asp><bemerkung>SE, Gegenseitiges Lehren</bemerkung><date>31.05.2018 17:13</date><kp>0</kp><kommentar></kommentar><lep>0</lep><neuerzustand>2</neuerzustand><object>Magiekunde</object><version>HS 5.5.3</version></ereignis><ereignis><aktion>Nahkampftalent steigern</aktion><alterzustand>13;9;4</alterzustand><ap>-190</ap><asp>0</asp><bemerkung>Selbststudium</bemerkung><date>31.05.2018 17:13</date><kp>0</kp><kommentar></kommentar><lep>0</lep><neuerzustand>14;9;4</neuerzustand><object>Schwerter</object><version>HS 5.5.3</version></ereignis><ereignis><aktion>Talent steigern</aktion><alterzustand>8</alterzustand><ap>-55</ap><asp>0</asp><bemerkung>Selbststudium</bemerkung><date>31.05.2018 17:14</date><kp>0</kp><kommentar></kommentar><lep>0</lep><neuerzustand>9</neuerzustand><object>Athletik</object><version>HS 5.5.3</version></ereignis><ereignis><aktion>Talent steigern</aktion><alterzustand>8</alterzustand><ap>-55</ap><asp>0</asp><bemerkung>Selbststudium</bemerkung><date>31.05.2018 17:14</date><kp>0</kp><kommentar></kommentar><lep>0</lep><neuerzustand>9</neuerzustand><object>Klettern</object><version>HS 5.5.3</version></ereignis><ereignis><aktion>Talent steigern</aktion><alterzustand>7</alterzustand><ap>-48</ap><asp>0</asp><bemerkung>Selbststudium</bemerkung><date>31.05.2018 17:15</date><kp>0</kp><kommentar></kommentar><lep>0</lep><neuerzustand>8</neuerzustand><object>Körperbeherrschung</object><version>HS 5.5.3</version></ereignis></ereignisse></daten>