<?xml version="1.0" encoding="UTF-8" standalone="no"?>
<?xml-stylesheet type="text/xsl" href="helden.xsl"?><helden Version="5.5.3">
<held key="1466361106394" name="Will Celter Rhagma" stand="1467582276840">
<mods/>
<basis>
<geschlecht name="männlich"/>
<settings name="DSA4.1">
<inc name="Wege der Alchimie"/>
</settings>
<rasse name="helden.model.rasse.Mittellaender" string="Mittelländer">
<groesse gewicht="85" value="185"/>
<aussehen alter="21" augenfarbe="grün" aussehentext0="" aussehentext1="" aussehentext2="" aussehentext3="" familietext0="" familietext1="" familietext2="" familietext3="" familietext4="" familietext5="" gbjahr="1001" gbmonat="5" gbtag="17" gprest="0" gpstart="110" haarfarbe="schwarz" kalender="Bosparans Fall" stand="" titel=""/>
</rasse>
<kultur name="helden.model.kultur.Garetien" string="Mittelländische Städte"/>
<ausbildungen>
<ausbildung art="Hauptprofession" name="helden.model.profession.Fischer" string="Fischer: Fischer" tarnidentitaet="">
<variante name="Fischer"/>
</ausbildung>
</ausbildungen>
<verify value="1"/>
<notiz notiz0="Notizen" notiz1="" notiz10="" notiz11="" notiz2="" notiz3="" notiz4="" notiz5="" notiz6="" notiz7="" notiz8="" notiz9=""/>
<portraet value=""/>
<abenteuerpunkte value="940"/>
<freieabenteuerpunkte value="119"/>
</basis>
<eigenschaften>
<eigenschaft mod="0" name="Mut" startwert="13" value="13"/>
<eigenschaft mod="0" name="Klugheit" startwert="13" value="13"/>
<eigenschaft mod="0" name="Intuition" startwert="14" value="14"/>
<eigenschaft mod="0" name="Charisma" startwert="11" value="11"/>
<eigenschaft mod="0" name="Fingerfertigkeit" startwert="12" value="12"/>
<eigenschaft mod="0" name="Gewandtheit" startwert="12" value="12"/>
<eigenschaft mod="0" name="Konstitution" startwert="12" value="12"/>
<eigenschaft mod="0" name="Körperkraft" startwert="13" value="13"/>
<eigenschaft mod="0" name="Sozialstatus" startwert="3" value="3"/>
<eigenschaft mod="10" name="Lebensenergie" value="0"/>
<eigenschaft mod="10" name="Ausdauer" value="0"/>
<eigenschaft grossemeditation="0" mod="0" mrmod="-4" name="Astralenergie" value="0"/>
<eigenschaft karmalqueste="0" mod="0" name="Karmaenergie" value="0"/>
<eigenschaft mod="-4" name="Magieresistenz" value="0"/>
<eigenschaft mod="0" name="ini" value="10"/>
<eigenschaft mod="0" name="at" value="8"/>
<eigenschaft mod="0" name="pa" value="8"/>
<eigenschaft mod="0" name="fk" value="8"/>
</eigenschaften>
<vt>
<vorteil name="Neugier" value="10"/>
</vt>
<sf>
<sonderfertigkeit name="Aufmerksamkeit"/>
<sonderfertigkeit name="Ausweichen I"/>
<sonderfertigkeit name="Ausweichen II"/>
<sonderfertigkeit name="Kampf im Wasser"/>
<sonderfertigkeit name="Kampfreflexe"/>
<sonderfertigkeit name="Kulturkunde">
<kultur name="Mittelreich"/>
</sonderfertigkeit>
<sonderfertigkeit name="Meisterparade"/>
<sonderfertigkeit name="Ortskenntnis">
<auswahl name="Fischgrund"/>
<auswahl name="Stadtteil/Kleinstadt"/>
</sonderfertigkeit>
<sonderfertigkeit name="Standfest"/>
<sonderfertigkeit name="Tritt"/>
</sf>
<ereignisse>
<ereignis obj="max GP für Helden: 110" text="EINSTELLUNG" time="1466361112279" version="HS 5.5.1"/>
<ereignis obj="max Eigenschafts-GP für Helden: 100" text="EINSTELLUNG" time="1466361112279" version="HS 5.5.1"/>
<ereignis obj="max Eigenschafts-Wert für Helden: 14" text="EINSTELLUNG" time="1466361112279" version="HS 5.5.1"/>
<ereignis Alt="0" Neu="0" kommentar="0 GP" obj="Rasse: Mittelländer" text="RKP" time="1466361112280" version="HS 5.5.1"/>
<ereignis Alt="0" Neu="0" kommentar="0 GP" obj="Kultur: Mittelländische Städte" text="RKP" time="1466361112280" version="HS 5.5.1"/>
<ereignis Alt="0" Neu="0" kommentar="0 GP" obj="Profession: Fischer: Fischer" text="RKP" time="1466361112280" version="HS 5.5.1"/>
<ereignis Alt="0" Neu="13" kommentar="13 GP" obj="Mut: 13" text="EIGENSCHAFTEN" time="1466361112280" version="HS 5.5.1"/>
<ereignis Alt="0" Neu="13" kommentar="13 GP" obj="Klugheit: 13" text="EIGENSCHAFTEN" time="1466361112280" version="HS 5.5.1"/>
<ereignis Alt="0" Neu="14" kommentar="14 GP" obj="Intuition: 14" text="EIGENSCHAFTEN" time="1466361112280" version="HS 5.5.1"/>
<ereignis Alt="0" Neu="11" kommentar="11 GP" obj="Charisma: 11" text="EIGENSCHAFTEN" time="1466361112280" version="HS 5.5.1"/>
<ereignis Alt="0" Neu="12" kommentar="12 GP" obj="Fingerfertigkeit: 12" text="EIGENSCHAFTEN" time="1466361112280" version="HS 5.5.1"/>
<ereignis Alt="0" Neu="12" kommentar="12 GP" obj="Gewandtheit: 12" text="EIGENSCHAFTEN" time="1466361112280" version="HS 5.5.1"/>
<ereignis Alt="0" Neu="12" kommentar="12 GP" obj="Konstitution: 12" text="EIGENSCHAFTEN" time="1466361112280" version="HS 5.5.1"/>
<ereignis Alt="0" Neu="13" kommentar="13 GP" obj="Körperkraft: 13" text="EIGENSCHAFTEN" time="1466361112280" version="HS 5.5.1"/>
<ereignis Alt="0" Neu="3" kommentar="0 GP" obj="Sozialstatus: 3" text="EIGENSCHAFTEN" time="1466361112280" version="HS 5.5.1"/>
<ereignis Alt="0" Neu="3" kommentar="12 AP" obj="Speere: 3" text="TALENT" time="1466361112280" version="HS 5.5.1"/>
<ereignis Alt="0" Neu="4" kommentar="17 AP" obj="Speere: 4" text="TALENT" time="1466361112280" version="HS 5.5.1"/>
<ereignis Alt="0" Neu="5" kommentar="22 AP" obj="Speere: 5" text="TALENT" time="1466361112280" version="HS 5.5.1"/>
<ereignis Alt="0" Neu="6" kommentar="27 AP" obj="Speere: 6" text="TALENT" time="1466361112280" version="HS 5.5.1"/>
<ereignis Alt="0" Neu="7" kommentar="33 AP" obj="Speere: 7" text="TALENT" time="1466361112280" version="HS 5.5.1"/>
<ereignis Alt="0" Neu="8" kommentar="39 AP" obj="Speere: 8" text="TALENT" time="1466361112280" version="HS 5.5.1"/>
<ereignis Alt="0" Neu="9" kommentar="45 AP" obj="Speere: 9" text="TALENT" time="1466361112280" version="HS 5.5.1"/>
<ereignis Alt="0" Neu="10" kommentar="50 AP" obj="Speere: 10" text="TALENT" time="1466361112280" version="HS 5.5.1"/>
<ereignis Alt="0" Neu="3" kommentar="9 AP" obj="Wurfspeere: 3" text="TALENT" time="1466361112280" version="HS 5.5.1"/>
<ereignis Alt="0" Neu="4" kommentar="13 AP" obj="Wurfspeere: 4" text="TALENT" time="1466361112280" version="HS 5.5.1"/>
<ereignis Alt="0" Neu="5" kommentar="17 AP" obj="Wurfspeere: 5" text="TALENT" time="1466361112280" version="HS 5.5.1"/>
<ereignis Alt="0" Neu="1" kommentar="3 AP" obj="Schleichen: 1" text="TALENT" time="1466361112280" version="HS 5.5.1"/>
<ereignis Alt="0" Neu="1" kommentar="3 AP" obj="Sich verstecken: 1" text="TALENT" time="1466361112280" version="HS 5.5.1"/>
<ereignis Alt="0" Neu="1" kommentar="2 AP" obj="Fährtensuchen: 1" text="TALENT" time="1466361112280" version="HS 5.5.1"/>
<ereignis Alt="0" Neu="2" kommentar="4 AP" obj="Fährtensuchen: 2" text="TALENT" time="1466361112280" version="HS 5.5.1"/>
<ereignis Alt="0" Neu="1" kommentar="2 AP" obj="Kochen: 1" text="TALENT" time="1466361112280" version="HS 5.5.1"/>
<ereignis Alt="0" Neu="2" kommentar="4 AP" obj="Kochen: 2" text="TALENT" time="1466361112280" version="HS 5.5.1"/>
<ereignis Alt="0" Neu="3" kommentar="6 AP" obj="Kochen: 3" text="TALENT" time="1466361112280" version="HS 5.5.1"/>
<ereignis Alt="0" Neu="1" kommentar="2 AP" obj="Lederarbeiten: 1" text="TALENT" time="1466361112280" version="HS 5.5.1"/>
<ereignis Alt="0" Neu="0" kommentar="4 GP" obj="Aufmerksamkeit" text="SF" time="1466361112280" version="HS 5.5.1"/>
<ereignis Alt="0" Neu="0" kommentar="6 GP" obj="Ausweichen I" text="SF" time="1466361112280" version="HS 5.5.1"/>
<ereignis Alt="0" Neu="0" kommentar="4 GP" obj="Ausweichen II" text="SF" time="1466361112280" version="HS 5.5.1"/>
<ereignis Alt="0" Neu="0" kommentar="6 GP" obj="Kampfreflexe" text="SF" time="1466361112280" version="HS 5.5.1"/>
<ereignis Alt="0" Neu="0" kommentar="200 AP" obj="Meisterparade" text="SF" time="1466361112280" version="HS 5.5.1"/>
<ereignis Alt="0" Neu="0" kommentar="30 AP" obj="Tritt" text="SF" time="1466361112280" version="HS 5.5.1"/>
<ereignis Alt="0" Neu="0" kommentar="-10 GP" obj="Neugier: 10" text="VORTEILE" time="1466361112280" version="HS 5.5.1"/>
<ereignis Neu="1" obj="Auswahl" text="Wurfmesser" time="1466361112280" version="HS 5.5.1"/>
<ereignis Neu="3" obj="Auswahl" text="Sprachen kennen Rogolan" time="1466361112280" version="HS 5.5.1"/>
<ereignis Neu="1" obj="Auswahl" text="Ackerbau" time="1466361112280" version="HS 5.5.1"/>
<ereignis Neu="1" obj="Auswahl" text="Säbel" time="1466361112280" version="HS 5.5.1"/>
<ereignis Neu="2" obj="Auswahl" text="Speere" time="1466361112280" version="HS 5.5.1"/>
<ereignis Neu="2" obj="Auswahl" text="Wurfspeere" time="1466361112280" version="HS 5.5.1"/>
<ereignis Abenteuerpunkte="200" kommentar=" Gesamt AP: 200 Verfügbare AP: 200" obj="Abenteuerpunkte (Hinzugewinn)" text="Ereignis eingeben" time="1467405239856" version="HS 5.5.1"/>
<ereignis Abenteuerpunkte="-5" Info="SE" Neu="0" obj="Magiekunde" text="Talent aktivieren" time="1467405272788" version="HS 5.5.1"/>
<ereignis Abenteuerpunkte="-6" Alt="2" Info="Gegenseitiges Lehren" Neu="3" obj="Götter und Kulte" text="Talent steigern" time="1467405406777" version="HS 5.5.1"/>
<ereignis Abenteuerpunkte="-4" Alt="3" Info="SE, Gegenseitiges Lehren" Neu="4" obj="Götter und Kulte" text="Talent steigern" time="1467405417104" version="HS 5.5.1"/>
<ereignis Abenteuerpunkte="200" kommentar=" Gesamt AP: 200 Verfügbare AP: 200" obj="Abenteuerpunkte (Hinzugewinn)" text="Ereignis eingeben" time="1467580843463" version="HS 5.5.1"/>
<ereignis Abenteuerpunkte="-14" Alt="5" Info="SE, Gegenseitiges Lehren" Neu="6" obj="Wurfspeere" text="Talent steigern" time="1467580864351" version="HS 5.5.1"/>
<ereignis Abenteuerpunkte="-10" Alt="7" Info="SE, Gegenseitiges Lehren" Neu="8" obj="Fischen/Angeln" text="Talent steigern" time="1467580938794" version="HS 5.5.1"/>
<ereignis Abenteuerpunkte="-8" Alt="3" Info="Gegenseitiges Lehren" Neu="4" obj="Kochen" text="Talent steigern" time="1467581019805" version="HS 5.5.1"/>
<ereignis Abenteuerpunkte="-11" Alt="4" Info="Gegenseitiges Lehren" Neu="5" obj="Kochen" text="Talent steigern" time="1467581024064" version="HS 5.5.1"/>
<ereignis Abenteuerpunkte="-12" Alt="2" Info="Gegenseitiges Lehren" Neu="3" obj="Sinnenschärfe" text="Talent steigern" time="1467581525886" version="HS 5.5.1"/>
<ereignis Abenteuerpunkte="-17" Alt="3" Info="Gegenseitiges Lehren" Neu="4" obj="Sinnenschärfe" text="Talent steigern" time="1467581526385" version="HS 5.5.1"/>
<ereignis Abenteuerpunkte="-22" Alt="4" Info="Gegenseitiges Lehren" Neu="5" obj="Sinnenschärfe" text="Talent steigern" time="1467581527617" version="HS 5.5.1"/>
<ereignis Abenteuerpunkte="-7" Alt="1" Info="Gegenseitiges Lehren" Neu="2" obj="Schleichen" text="Talent steigern" time="1467581609471" version="HS 5.5.1"/>
<ereignis Abenteuerpunkte="-12" Alt="2" Info="Gegenseitiges Lehren" Neu="3" obj="Schleichen" text="Talent steigern" time="1467581610703" version="HS 5.5.1"/>
<ereignis Abenteuerpunkte="-17" Alt="3" Info="Gegenseitiges Lehren" Neu="4" obj="Schleichen" text="Talent steigern" time="1467581611608" version="HS 5.5.1"/>
<ereignis Abenteuerpunkte="-7" Alt="1" Info="Gegenseitiges Lehren" Neu="2" obj="Sich verstecken" text="Talent steigern" time="1467581719498" version="HS 5.5.1"/>
<ereignis Abenteuerpunkte="-12" Alt="2" Info="Gegenseitiges Lehren" Neu="3" obj="Sich verstecken" text="Talent steigern" time="1467581722930" version="HS 5.5.1"/>
<ereignis Abenteuerpunkte="-17" Alt="3" Info="Gegenseitiges Lehren" Neu="4" obj="Sich verstecken" text="Talent steigern" time="1467581724505" version="HS 5.5.1"/>
<ereignis Abenteuerpunkte="-6" Alt="2" Info="Gegenseitiges Lehren" Neu="3" obj="Fährtensuchen" text="Talent steigern" time="1467581793629" version="HS 5.5.1"/>
<ereignis Abenteuerpunkte="-8" Alt="3" Info="Gegenseitiges Lehren" Neu="4" obj="Fährtensuchen" text="Talent steigern" time="1467581795236" version="HS 5.5.1"/>
<ereignis Abenteuerpunkte="-6" Alt="2" Info="Gegenseitiges Lehren" Neu="3" obj="Wildnisleben" text="Talent steigern" time="1467581822099" version="HS 5.5.1"/>
<ereignis Abenteuerpunkte="-8" Alt="3" Info="Gegenseitiges Lehren" Neu="4" obj="Wildnisleben" text="Talent steigern" time="1467581823628" version="HS 5.5.1"/>
<ereignis Abenteuerpunkte="-11" Alt="4" Info="Gegenseitiges Lehren" Neu="5" obj="Wildnisleben" text="Talent steigern" time="1467581825282" version="HS 5.5.1"/>
<ereignis Abenteuerpunkte="-6" Alt="2" Info="Gegenseitiges Lehren" Neu="3" obj="Tierkunde" text="Talent steigern" time="1467581859695" version="HS 5.5.1"/>
<ereignis Abenteuerpunkte="-8" Alt="3" Info="Gegenseitiges Lehren" Neu="4" obj="Tierkunde" text="Talent steigern" time="1467581860850" version="HS 5.5.1"/>
<ereignis Abenteuerpunkte="-11" Alt="4" Info="Gegenseitiges Lehren" Neu="5" obj="Tierkunde" text="Talent steigern" time="1467581862800" version="HS 5.5.1"/>
<ereignis Abenteuerpunkte="-4" Alt="1" Info="Gegenseitiges Lehren" Neu="2" obj="Überreden" text="Talent steigern" time="1467582272597" version="HS 5.5.1"/>
<ereignis Abenteuerpunkte="-6" Alt="2" Info="Gegenseitiges Lehren" Neu="3" obj="Überreden" text="Talent steigern" time="1467582273158" version="HS 5.5.1"/>
<ereignis Abenteuerpunkte="-8" Alt="3" Info="Gegenseitiges Lehren" Neu="4" obj="Überreden" text="Talent steigern" time="1467582273845" version="HS 5.5.1"/>
<ereignis Abenteuerpunkte="-4" Alt="1" Info="Gegenseitiges Lehren" Neu="2" obj="Menschenkenntnis" text="Talent steigern" time="1467582275483" version="HS 5.5.1"/>
<ereignis Abenteuerpunkte="-6" Alt="2" Info="Gegenseitiges Lehren" Neu="3" obj="Menschenkenntnis" text="Talent steigern" time="1467582276138" version="HS 5.5.1"/>
<ereignis Abenteuerpunkte="-8" Alt="3" Info="Gegenseitiges Lehren" Neu="4" obj="Menschenkenntnis" text="Talent steigern" time="1467582276840" version="HS 5.5.1"/>
</ereignisse>
<talentliste>
<talent lernmethode="Gegenseitiges Lehren" name="Dolche" probe=" (GE/GE/KK)" value="4"/>
<talent lernmethode="Gegenseitiges Lehren" name="Hiebwaffen" probe=" (GE/GE/KK)" value="0"/>
<talent lernmethode="Gegenseitiges Lehren" name="Infanteriewaffen" probe=" (GE/GE/KK)" value="1"/>
<talent lernmethode="Gegenseitiges Lehren" name="Raufen" probe=" (GE/GE/KK)" value="3"/>
<talent lernmethode="Gegenseitiges Lehren" name="Ringen" probe=" (GE/GE/KK)" value="0"/>
<talent lernmethode="Gegenseitiges Lehren" name="Säbel" probe=" (GE/GE/KK)" value="1"/>
<talent lernmethode="Gegenseitiges Lehren" name="Speere" probe=" (GE/GE/KK)" value="10"/>
<talent lernmethode="Gegenseitiges Lehren" name="Wurfmesser" probe=" (GE/FF/KK)" value="1"/>
<talent lernmethode="Gegenseitiges Lehren" name="Wurfspeere" probe=" (GE/FF/KK)" value="6"/>
<talent be="BEx2" lernmethode="Gegenseitiges Lehren" name="Athletik" probe=" (GE/KO/KK)" value="1"/>
<talent be="BEx2" lernmethode="Gegenseitiges Lehren" name="Klettern" probe=" (MU/GE/KK)" value="1"/>
<talent be="BEx2" lernmethode="Gegenseitiges Lehren" name="Körperbeherrschung" probe=" (MU/IN/GE)" value="2"/>
<talent be="BE" lernmethode="Gegenseitiges Lehren" name="Schleichen" probe=" (MU/IN/GE)" value="4"/>
<talent be="BEx2" lernmethode="Gegenseitiges Lehren" name="Schwimmen" probe=" (GE/KO/KK)" value="4"/>
<talent be="" lernmethode="Gegenseitiges Lehren" name="Selbstbeherrschung" probe=" (MU/KO/KK)" value="1"/>
<talent be="BE-2" lernmethode="Gegenseitiges Lehren" name="Sich verstecken" probe=" (MU/IN/GE)" value="4"/>
<talent be="BE-3" lernmethode="Gegenseitiges Lehren" name="Singen" probe=" (IN/CH/CH)" value="0"/>
<talent be="0-&gt;BE" lernmethode="Gegenseitiges Lehren" name="Sinnenschärfe" probe=" (KL/IN/IN)" value="5"/>
<talent be="BEx2" lernmethode="Gegenseitiges Lehren" name="Tanzen" probe=" (CH/GE/GE)" value="0"/>
<talent be="" lernmethode="Gegenseitiges Lehren" name="Zechen" probe=" (IN/KO/KK)" value="3"/>
<talent lernmethode="Gegenseitiges Lehren" name="Etikette" probe=" (KL/IN/CH)" value="1"/>
<talent lernmethode="Gegenseitiges Lehren" name="Gassenwissen" probe=" (KL/IN/CH)" value="1"/>
<talent lernmethode="Gegenseitiges Lehren" name="Menschenkenntnis" probe=" (KL/IN/CH)" value="4"/>
<talent lernmethode="Gegenseitiges Lehren" name="Überreden" probe=" (MU/IN/CH)" value="4"/>
<talent lernmethode="Gegenseitiges Lehren" name="Fährtensuchen" probe=" (KL/IN/KO)" value="4"/>
<talent lernmethode="Gegenseitiges Lehren" name="Fesseln/Entfesseln" probe=" (FF/GE/KK)" value="5"/>
<talent lernmethode="Gegenseitiges Lehren" name="Fischen/Angeln" probe=" (IN/FF/KK)" value="8"/>
<talent lernmethode="Gegenseitiges Lehren" name="Orientierung" probe=" (KL/IN/IN)" value="2"/>
<talent lernmethode="Gegenseitiges Lehren" name="Wettervorhersage" probe=" (KL/IN/IN)" value="4"/>
<talent lernmethode="Gegenseitiges Lehren" name="Wildnisleben" probe=" (IN/GE/KO)" value="5"/>
<talent lernmethode="Gegenseitiges Lehren" name="Geografie" probe=" (KL/KL/IN)" value="1"/>
<talent lernmethode="Gegenseitiges Lehren" name="Götter und Kulte" probe=" (KL/KL/IN)" value="4"/>
<talent lernmethode="Gegenseitiges Lehren" name="Heraldik" probe=" (KL/KL/FF)" value="1"/>
<talent lernmethode="Gegenseitiges Lehren" name="Magiekunde" probe=" (KL/KL/IN)" value="0"/>
<talent lernmethode="Gegenseitiges Lehren" name="Rechnen" probe=" (KL/KL/IN)" value="1"/>
<talent lernmethode="Gegenseitiges Lehren" name="Rechtskunde" probe=" (KL/KL/IN)" value="1"/>
<talent lernmethode="Gegenseitiges Lehren" name="Sagen und Legenden" probe=" (KL/IN/CH)" value="4"/>
<talent lernmethode="Gegenseitiges Lehren" name="Sternkunde" probe=" (KL/KL/IN)" value="1"/>
<talent lernmethode="Gegenseitiges Lehren" name="Tierkunde" probe=" (MU/KL/IN)" value="5"/>
<talent k="18" lernmethode="Gegenseitiges Lehren" name="Sprachen kennen Garethi" probe=" (KL/IN/CH)" value="11"/>
<talent k="21" lernmethode="Gegenseitiges Lehren" name="Sprachen kennen Rogolan" probe=" (KL/IN/CH)" value="3"/>
<talent k="10" lernmethode="Gegenseitiges Lehren" name="Lesen/Schreiben Kusliker Zeichen" probe=" (KL/KL/FF)" value="0"/>
<talent lernmethode="Gegenseitiges Lehren" name="Ackerbau" probe=" (IN/FF/KO)" value="1"/>
<talent lernmethode="Gegenseitiges Lehren" name="Boote fahren" probe=" (GE/KO/KK)" value="6"/>
<talent lernmethode="Gegenseitiges Lehren" name="Heilkunde: Wunden" probe=" (KL/CH/FF)" value="1"/>
<talent lernmethode="Gegenseitiges Lehren" name="Holzbearbeitung" probe=" (KL/FF/KK)" value="2"/>
<talent lernmethode="Gegenseitiges Lehren" name="Kochen" probe=" (KL/IN/FF)" value="5"/>
<talent lernmethode="Gegenseitiges Lehren" name="Lederarbeiten" probe=" (KL/FF/FF)" value="1"/>
<talent lernmethode="Gegenseitiges Lehren" name="Malen/Zeichnen" probe=" (KL/IN/FF)" value="0"/>
<talent lernmethode="Gegenseitiges Lehren" name="Schneidern" probe=" (KL/FF/FF)" value="2"/>
</talentliste>
<zauberliste/>
<kampf>
<kampfwerte name="Dolche">
<attacke value="12"/>
<parade value="8"/>
</kampfwerte>
<kampfwerte name="Hiebwaffen">
<attacke value="8"/>
<parade value="8"/>
</kampfwerte>
<kampfwerte name="Infanteriewaffen">
<attacke value="8"/>
<parade value="9"/>
</kampfwerte>
<kampfwerte name="Raufen">
<attacke value="9"/>
<parade value="10"/>
</kampfwerte>
<kampfwerte name="Ringen">
<attacke value="8"/>
<parade value="8"/>
</kampfwerte>
<kampfwerte name="Säbel">
<attacke value="8"/>
<parade value="9"/>
</kampfwerte>
<kampfwerte name="Speere">
<attacke value="15"/>
<parade value="11"/>
</kampfwerte>
</kampf>
<gegenstände/>
<BoniWaffenlos/>
<kommentare/>
<ausrüstungen>
<heldenausruestung name="jagtwaffe" nummer="0" set="0"/>
</ausrüstungen>
<verbindungen/>
<extention/>
<geldboerse/>
<plugindata/>
</held>
<Signature xmlns="http://www.w3.org/2000/09/xmldsig#">
<SignedInfo>
<CanonicalizationMethod Algorithm="http://www.w3.org/TR/2001/REC-xml-c14n-20010315#WithComments"/>
<SignatureMethod Algorithm="http://www.w3.org/2000/09/xmldsig#dsa-sha1"/>
<Reference URI="">
<Transforms>
<Transform Algorithm="http://www.w3.org/2000/09/xmldsig#enveloped-signature"/>
</Transforms>
<DigestMethod Algorithm="http://www.w3.org/2000/09/xmldsig#sha1"/>
<DigestValue>+Euw6FdwVksNEBYG/x+nrT2LFl0=</DigestValue>
</Reference>
</SignedInfo>
<SignatureValue>B9Dn+qoUQyOBFElSalohQWIMCJps654vwpEU20TWliI2cCct5gK9pg==</SignatureValue>
<KeyInfo>
<KeyValue>
<DSAKeyValue>
<P>/KaCzo4Syrom78z3EQ5SbbB4sF7ey80etKII864WF64B81uRpH5t9jQTxeEu0ImbzRMqzVDZkVG9
xD7nN1kuFw==</P>
<Q>li7dzDacuo67Jg7mtqEm2TRuOMU=</Q>
<G>Z4Rxsnqc9E7pGknFFH2xqaryRPBaQ01khpMdLRQnG541Awtx/XPaF5Bpsy4pNWMOHCBiNU0Nogps
QW5QvnlMpA==</G>
<Y>uVrvWkzIbUdL7E80AiD0PJDX3Ck0beY5StXp1wDAA1/ePpemd6rTBNd8YoCzOovNrX016YMcTSiO
iExM4RWtJA==</Y>
</DSAKeyValue>
</KeyValue>
</KeyInfo>
</Signature>
</helden>
