<?xml version="1.0" encoding="UTF-8" standalone="no"?>
<?xml-stylesheet type="text/xsl" href="helden.xsl"?><helden Version="5.5.3">
<held key="1478387191732" name="Ebirion Nebelglanz" stand="1511281521726">
<mods/>
<basis>
<geschlecht name="männlich"/>
<settings name="DSA4.1">
<inc name="Wege der Alchimie"/>
</settings>
<rasse name="helden.model.rasse.Auelf" string="Auelf">
<groesse gewicht="57" value="186"/>
<aussehen alter="31" augenfarbe="saphirblau" aussehentext0="" aussehentext1="" aussehentext2="" aussehentext3="" familietext0="" familietext1="" familietext2="" familietext3="" familietext4="" familietext5="" gbjahr="987" gbmonat="9" gbtag="21" gprest="0" gpstart="110" haarfarbe="blauschwarz" kalender="Bosparans Fall" stand="" titel=""/>
</rasse>
<kultur name="helden.model.kultur.ElfischeSiedlung" schrift="Lesen/Schreiben Isdira/Asdharia" string="Elfische Siedlung: Elfische Siedlung" zweitsprache="Sprachen kennen Garethi">
<variante name="Elfische Siedlung"/>
</kultur>
<ausbildungen>
<ausbildung art="Hauptprofession" name="helden.model.profession.Kaempfer" string="Auelfischer Kämpfer" tarnidentitaet="Waldelfischer Kämpfer">
<variante name="Auelfischer Kämpfer"/>
</ausbildung>
</ausbildungen>
<verify value="17"/>
<notiz notiz0="Notizen" notiz1="" notiz10="" notiz11="" notiz2="" notiz3="" notiz4="" notiz5="" notiz6="" notiz7="" notiz8="" notiz9=""/>
<portraet value=""/>
<abenteuerpunkte value="3930"/>
<freieabenteuerpunkte value="400"/>
</basis>
<eigenschaften>
<eigenschaft mod="0" name="Mut" startwert="9" value="11"/>
<eigenschaft mod="-1" name="Klugheit" startwert="14" value="14"/>
<eigenschaft mod="1" name="Intuition" startwert="14" value="14"/>
<eigenschaft mod="0" name="Charisma" startwert="10" value="10"/>
<eigenschaft mod="0" name="Fingerfertigkeit" startwert="12" value="12"/>
<eigenschaft mod="2" name="Gewandtheit" startwert="14" value="14"/>
<eigenschaft mod="0" name="Konstitution" startwert="14" value="14"/>
<eigenschaft mod="-1" name="Körperkraft" startwert="13" value="13"/>
<eigenschaft mod="0" name="Sozialstatus" startwert="4" value="7"/>
<eigenschaft mod="6" name="Lebensenergie" value="0"/>
<eigenschaft mod="12" name="Ausdauer" value="0"/>
<eigenschaft grossemeditation="0" mod="12" mrmod="-2" name="Astralenergie" value="0"/>
<eigenschaft karmalqueste="0" mod="0" name="Karmaenergie" value="0"/>
<eigenschaft mod="-2" name="Magieresistenz" value="0"/>
<eigenschaft mod="0" name="ini" value="11"/>
<eigenschaft mod="0" name="at" value="8"/>
<eigenschaft mod="0" name="pa" value="9"/>
<eigenschaft mod="0" name="fk" value="8"/>
</eigenschaften>
<vt>
<vorteil name="Altersresistenz"/>
<vorteil name="Dämmerungssicht"/>
<vorteil name="Gutaussehend"/>
<vorteil name="Herausragender Sinn" value="Sicht"/>
<vorteil name="Resistenz gegen Krankheiten"/>
<vorteil name="Vollzauberer"/>
<vorteil name="Wohlklang"/>
<vorteil name="Zweistimmiger Gesang"/>
<vorteil name="Artefaktgebunden"/>
<vorteil name="Elfische Weltsicht"/>
<vorteil name="Nahrungsrestriktion"/>
<vorteil name="Neugier" value="12"/>
<vorteil name="Sensibler Geruchssinn" value="6"/>
<vorteil name="Unfähigkeit für [Talent]" value="Zechen"/>
<vorteil name="Wahrer Name"/>
<vorteil name="Weltfremd bzgl.">
<auswahl position="0" value="12"/>
<auswahl position="1" value="Adel/Hierarchien"/>
</vorteil>
</vt>
<sf>
<sonderfertigkeit name="Aufmerksamkeit"/>
<sonderfertigkeit name="Ausweichen I"/>
<sonderfertigkeit name="Ausweichen II"/>
<sonderfertigkeit name="Elfenlied: Freundschaftslied"/>
<sonderfertigkeit name="Elfenlied: Sorgenlied"/>
<sonderfertigkeit name="Elfenlied: Zaubermelodie"/>
<sonderfertigkeit name="Große Meditation"/>
<sonderfertigkeit name="Kulturkunde">
<kultur name="Auelfen"/>
</sonderfertigkeit>
<sonderfertigkeit name="Repräsentation: Elf"/>
<sonderfertigkeit name="Salasandra"/>
<sonderfertigkeit name="Scharfschütze">
<talent name="Bogen"/>
</sonderfertigkeit>
<sonderfertigkeit name="Schnellladen">
<talent name="Bogen"/>
</sonderfertigkeit>
<sonderfertigkeit name="Talentspezialisierung Bogen (Elfenbogen)">
<talent name="Bogen"/>
<spezialisierung name="Elfenbogen"/>
</sonderfertigkeit>
</sf>
<ereignisse>
<ereignis obj="max GP für Helden: 110" text="EINSTELLUNG" time="1478387192908" version="HS 5.5.1"/>
<ereignis obj="max Eigenschafts-GP für Helden: 100" text="EINSTELLUNG" time="1478387192908" version="HS 5.5.1"/>
<ereignis obj="max Eigenschafts-Wert für Helden: 14" text="EINSTELLUNG" time="1478387192908" version="HS 5.5.1"/>
<ereignis Alt="0" Neu="0" kommentar="20 GP" obj="Rasse: Auelf" text="RKP" time="1478387192908" version="HS 5.5.1"/>
<ereignis Alt="0" Neu="0" kommentar="3 GP" obj="Kultur: Elfische Siedlung: Elfische Siedlung" text="RKP" time="1478387192908" version="HS 5.5.1"/>
<ereignis Alt="0" Neu="0" kommentar="7 GP" obj="Profession: Auelfischer Kämpfer" text="RKP" time="1478387192908" version="HS 5.5.1"/>
<ereignis Alt="0" Neu="9" kommentar="9 GP" obj="Mut: 9" text="EIGENSCHAFTEN" time="1478387192908" version="HS 5.5.1"/>
<ereignis Alt="0" Neu="13" kommentar="14 GP" obj="Klugheit: 13" text="EIGENSCHAFTEN" time="1478387192908" version="HS 5.5.1"/>
<ereignis Alt="0" Neu="15" kommentar="14 GP" obj="Intuition: 15" text="EIGENSCHAFTEN" time="1478387192908" version="HS 5.5.1"/>
<ereignis Alt="0" Neu="10" kommentar="10 GP" obj="Charisma: 10" text="EIGENSCHAFTEN" time="1478387192908" version="HS 5.5.1"/>
<ereignis Alt="0" Neu="12" kommentar="12 GP" obj="Fingerfertigkeit: 12" text="EIGENSCHAFTEN" time="1478387192908" version="HS 5.5.1"/>
<ereignis Alt="0" Neu="16" kommentar="14 GP" obj="Gewandtheit: 16" text="EIGENSCHAFTEN" time="1478387192908" version="HS 5.5.1"/>
<ereignis Alt="0" Neu="14" kommentar="14 GP" obj="Konstitution: 14" text="EIGENSCHAFTEN" time="1478387192908" version="HS 5.5.1"/>
<ereignis Alt="0" Neu="12" kommentar="13 GP" obj="Körperkraft: 12" text="EIGENSCHAFTEN" time="1478387192908" version="HS 5.5.1"/>
<ereignis Alt="0" Neu="4" kommentar="0 GP" obj="Sozialstatus: 4" text="EIGENSCHAFTEN" time="1478387192908" version="HS 5.5.1"/>
<ereignis Alt="0" Neu="8" kommentar="48 AP" obj="Bogen: 8" text="TALENT" time="1478387192908" version="HS 5.5.1"/>
<ereignis Alt="0" Neu="9" kommentar="55 AP" obj="Bogen: 9" text="TALENT" time="1478387192908" version="HS 5.5.1"/>
<ereignis Alt="0" Neu="10" kommentar="65 AP" obj="Bogen: 10" text="TALENT" time="1478387192908" version="HS 5.5.1"/>
<ereignis Alt="0" Neu="11" kommentar="70 AP" obj="Bogen: 11" text="TALENT" time="1478387192908" version="HS 5.5.1"/>
<ereignis Alt="0" Neu="12" kommentar="80 AP" obj="Bogen: 12" text="TALENT" time="1478387192908" version="HS 5.5.1"/>
<ereignis Alt="0" Neu="13" kommentar="85 AP" obj="Bogen: 13" text="TALENT" time="1478387192908" version="HS 5.5.1"/>
<ereignis Alt="0" Neu="14" kommentar="95 AP" obj="Bogen: 14" text="TALENT" time="1478387192908" version="HS 5.5.1"/>
<ereignis Alt="0" Neu="3" kommentar="6 AP" obj="Orientierung: 3" text="TALENT" time="1478387192908" version="HS 5.5.1"/>
<ereignis Alt="0" Neu="4" kommentar="8 AP" obj="Orientierung: 4" text="TALENT" time="1478387192908" version="HS 5.5.1"/>
<ereignis Alt="0" Neu="6" kommentar="14 AP" obj="Wildnisleben: 6" text="TALENT" time="1478387192908" version="HS 5.5.1"/>
<ereignis Alt="0" Neu="1" kommentar="1 AP" obj="Lesen/Schreiben Isdira/Asdharia: 1" text="TALENT" time="1478387192908" version="HS 5.5.1"/>
<ereignis Alt="0" Neu="2" kommentar="2 AP" obj="Lesen/Schreiben Isdira/Asdharia: 2" text="TALENT" time="1478387192908" version="HS 5.5.1"/>
<ereignis Alt="0" Neu="0" kommentar="1 VR" obj="Adlerauge Luchsenohr [Elf] (HZ) (LZ): 0" text="ZAUBER" time="1478387192908" version="HS 5.5.1"/>
<ereignis Alt="0" Neu="1" kommentar="1 VR" obj="Adlerauge Luchsenohr [Elf] (HZ) (LZ): 1" text="ZAUBER" time="1478387192908" version="HS 5.5.1"/>
<ereignis Alt="0" Neu="2" kommentar="1 VR" obj="Adlerauge Luchsenohr [Elf] (HZ) (LZ): 2" text="ZAUBER" time="1478387192908" version="HS 5.5.1"/>
<ereignis Alt="0" Neu="3" kommentar="1 VR" obj="Adlerauge Luchsenohr [Elf] (HZ) (LZ): 3" text="ZAUBER" time="1478387192908" version="HS 5.5.1"/>
<ereignis Alt="0" Neu="4" kommentar="1 VR" obj="Adlerauge Luchsenohr [Elf] (HZ) (LZ): 4" text="ZAUBER" time="1478387192908" version="HS 5.5.1"/>
<ereignis Alt="0" Neu="5" kommentar="1 VR" obj="Adlerauge Luchsenohr [Elf] (HZ) (LZ): 5" text="ZAUBER" time="1478387192908" version="HS 5.5.1"/>
<ereignis Alt="0" Neu="6" kommentar="1 VR" obj="Adlerauge Luchsenohr [Elf] (HZ) (LZ): 6" text="ZAUBER" time="1478387192908" version="HS 5.5.1"/>
<ereignis Alt="0" Neu="7" kommentar="1 VR" obj="Adlerauge Luchsenohr [Elf] (HZ) (LZ): 7" text="ZAUBER" time="1478387192908" version="HS 5.5.1"/>
<ereignis Alt="0" Neu="0" kommentar="1 VR" obj="Falkenauge Meisterschuss [Elf] (HZ) (LZ): 0" text="ZAUBER" time="1478387192908" version="HS 5.5.1"/>
<ereignis Alt="0" Neu="1" kommentar="1 VR" obj="Falkenauge Meisterschuss [Elf] (HZ) (LZ): 1" text="ZAUBER" time="1478387192908" version="HS 5.5.1"/>
<ereignis Alt="0" Neu="2" kommentar="1 VR" obj="Falkenauge Meisterschuss [Elf] (HZ) (LZ): 2" text="ZAUBER" time="1478387192908" version="HS 5.5.1"/>
<ereignis Alt="0" Neu="3" kommentar="1 VR" obj="Falkenauge Meisterschuss [Elf] (HZ) (LZ): 3" text="ZAUBER" time="1478387192908" version="HS 5.5.1"/>
<ereignis Alt="0" Neu="4" kommentar="1 VR" obj="Falkenauge Meisterschuss [Elf] (HZ) (LZ): 4" text="ZAUBER" time="1478387192908" version="HS 5.5.1"/>
<ereignis Alt="0" Neu="5" kommentar="1 VR" obj="Falkenauge Meisterschuss [Elf] (HZ) (LZ): 5" text="ZAUBER" time="1478387192908" version="HS 5.5.1"/>
<ereignis Alt="0" Neu="6" kommentar="1 VR" obj="Falkenauge Meisterschuss [Elf] (HZ) (LZ): 6" text="ZAUBER" time="1478387192908" version="HS 5.5.1"/>
<ereignis Alt="0" Neu="7" kommentar="1 VR" obj="Falkenauge Meisterschuss [Elf] (HZ) (LZ): 7" text="ZAUBER" time="1478387192908" version="HS 5.5.1"/>
<ereignis Alt="0" Neu="8" kommentar="1 VR" obj="Falkenauge Meisterschuss [Elf] (HZ) (LZ): 8" text="ZAUBER" time="1478387192908" version="HS 5.5.1"/>
<ereignis Alt="0" Neu="9" kommentar="1 VR" obj="Falkenauge Meisterschuss [Elf] (HZ) (LZ): 9" text="ZAUBER" time="1478387192908" version="HS 5.5.1"/>
<ereignis Alt="0" Neu="10" kommentar="1 VR" obj="Falkenauge Meisterschuss [Elf] (HZ) (LZ): 10" text="ZAUBER" time="1478387192908" version="HS 5.5.1"/>
<ereignis Alt="0" Neu="0" kommentar="1 VR" obj="Flim Flam Funkel [Elf] (LZ): 0" text="ZAUBER" time="1478387192908" version="HS 5.5.1"/>
<ereignis Alt="0" Neu="1" kommentar="1 AP" obj="Flim Flam Funkel [Elf] (LZ): 1" text="ZAUBER" time="1478387192908" version="HS 5.5.1"/>
<ereignis Alt="0" Neu="0" kommentar="1 VR" obj="Movimento Dauerlauf [Elf] (LZ): 0" text="ZAUBER" time="1478387192908" version="HS 5.5.1"/>
<ereignis Alt="0" Neu="1" kommentar="1 VR" obj="Movimento Dauerlauf [Elf] (LZ): 1" text="ZAUBER" time="1478387192908" version="HS 5.5.1"/>
<ereignis Alt="0" Neu="0" kommentar="2 VR" obj="Axxeleratus Blitzgeschwind [Elf] (HZ) (LZ): 0" text="ZAUBER" time="1478387192908" version="HS 5.5.1"/>
<ereignis Alt="0" Neu="1" kommentar="2 VR" obj="Axxeleratus Blitzgeschwind [Elf] (HZ) (LZ): 1" text="ZAUBER" time="1478387192908" version="HS 5.5.1"/>
<ereignis Alt="0" Neu="2" kommentar="2 VR" obj="Axxeleratus Blitzgeschwind [Elf] (HZ) (LZ): 2" text="ZAUBER" time="1478387192908" version="HS 5.5.1"/>
<ereignis Alt="0" Neu="3" kommentar="2 VR" obj="Axxeleratus Blitzgeschwind [Elf] (HZ) (LZ): 3" text="ZAUBER" time="1478387192908" version="HS 5.5.1"/>
<ereignis Alt="0" Neu="4" kommentar="2 VR" obj="Axxeleratus Blitzgeschwind [Elf] (HZ) (LZ): 4" text="ZAUBER" time="1478387192908" version="HS 5.5.1"/>
<ereignis Alt="0" Neu="5" kommentar="2 VR" obj="Axxeleratus Blitzgeschwind [Elf] (HZ) (LZ): 5" text="ZAUBER" time="1478387192908" version="HS 5.5.1"/>
<ereignis Alt="0" Neu="6" kommentar="2 VR" obj="Axxeleratus Blitzgeschwind [Elf] (HZ) (LZ): 6" text="ZAUBER" time="1478387192908" version="HS 5.5.1"/>
<ereignis Alt="0" Neu="7" kommentar="2 VR" obj="Axxeleratus Blitzgeschwind [Elf] (HZ) (LZ): 7" text="ZAUBER" time="1478387192908" version="HS 5.5.1"/>
<ereignis Alt="0" Neu="0" kommentar="2 VR" obj="Balsam Salabunde [Elf] (HZ) (LZ): 0" text="ZAUBER" time="1478387192908" version="HS 5.5.1"/>
<ereignis Alt="0" Neu="1" kommentar="2 VR" obj="Balsam Salabunde [Elf] (HZ) (LZ): 1" text="ZAUBER" time="1478387192908" version="HS 5.5.1"/>
<ereignis Alt="0" Neu="2" kommentar="2 VR" obj="Balsam Salabunde [Elf] (HZ) (LZ): 2" text="ZAUBER" time="1478387192908" version="HS 5.5.1"/>
<ereignis Alt="0" Neu="3" kommentar="2 VR" obj="Balsam Salabunde [Elf] (HZ) (LZ): 3" text="ZAUBER" time="1478387192908" version="HS 5.5.1"/>
<ereignis Alt="0" Neu="4" kommentar="2 VR" obj="Balsam Salabunde [Elf] (HZ) (LZ): 4" text="ZAUBER" time="1478387192908" version="HS 5.5.1"/>
<ereignis Alt="0" Neu="5" kommentar="2 VR" obj="Balsam Salabunde [Elf] (HZ) (LZ): 5" text="ZAUBER" time="1478387192908" version="HS 5.5.1"/>
<ereignis Alt="0" Neu="6" kommentar="2 VR" obj="Balsam Salabunde [Elf] (HZ) (LZ): 6" text="ZAUBER" time="1478387192908" version="HS 5.5.1"/>
<ereignis Alt="0" Neu="7" kommentar="2 VR" obj="Balsam Salabunde [Elf] (HZ) (LZ): 7" text="ZAUBER" time="1478387192908" version="HS 5.5.1"/>
<ereignis Alt="0" Neu="0" kommentar="2 VR" obj="Ruhe Körper, ruhe Geist [Elf] (LZ): 0" text="ZAUBER" time="1478387192908" version="HS 5.5.1"/>
<ereignis Alt="0" Neu="1" kommentar="2 AP" obj="Ruhe Körper, ruhe Geist [Elf] (LZ): 1" text="ZAUBER" time="1478387192908" version="HS 5.5.1"/>
<ereignis Alt="0" Neu="2" kommentar="4 AP" obj="Ruhe Körper, ruhe Geist [Elf] (LZ): 2" text="ZAUBER" time="1478387192908" version="HS 5.5.1"/>
<ereignis Alt="0" Neu="0" kommentar="2 VR" obj="Silentium [Elf] (LZ): 0" text="ZAUBER" time="1478387192908" version="HS 5.5.1"/>
<ereignis Alt="0" Neu="1" kommentar="2 VR" obj="Silentium [Elf] (LZ): 1" text="ZAUBER" time="1478387192908" version="HS 5.5.1"/>
<ereignis Alt="0" Neu="2" kommentar="2 VR" obj="Silentium [Elf] (LZ): 2" text="ZAUBER" time="1478387192908" version="HS 5.5.1"/>
<ereignis Alt="0" Neu="3" kommentar="2 VR" obj="Silentium [Elf] (LZ): 3" text="ZAUBER" time="1478387192908" version="HS 5.5.1"/>
<ereignis Alt="0" Neu="4" kommentar="2 VR" obj="Silentium [Elf] (LZ): 4" text="ZAUBER" time="1478387192908" version="HS 5.5.1"/>
<ereignis Alt="0" Neu="5" kommentar="2 VR" obj="Silentium [Elf] (LZ): 5" text="ZAUBER" time="1478387192908" version="HS 5.5.1"/>
<ereignis Alt="0" Neu="6" kommentar="2 VR" obj="Silentium [Elf] (LZ): 6" text="ZAUBER" time="1478387192908" version="HS 5.5.1"/>
<ereignis Alt="0" Neu="0" kommentar="2 VR" obj="Spurlos Trittlos [Elf] (HZ) (LZ): 0" text="ZAUBER" time="1478387192908" version="HS 5.5.1"/>
<ereignis Alt="0" Neu="1" kommentar="2 VR" obj="Spurlos Trittlos [Elf] (HZ) (LZ): 1" text="ZAUBER" time="1478387192908" version="HS 5.5.1"/>
<ereignis Alt="0" Neu="2" kommentar="2 VR" obj="Spurlos Trittlos [Elf] (HZ) (LZ): 2" text="ZAUBER" time="1478387192908" version="HS 5.5.1"/>
<ereignis Alt="0" Neu="3" kommentar="2 VR" obj="Spurlos Trittlos [Elf] (HZ) (LZ): 3" text="ZAUBER" time="1478387192908" version="HS 5.5.1"/>
<ereignis Alt="0" Neu="4" kommentar="2 VR" obj="Spurlos Trittlos [Elf] (HZ) (LZ): 4" text="ZAUBER" time="1478387192908" version="HS 5.5.1"/>
<ereignis Alt="0" Neu="5" kommentar="2 VR" obj="Spurlos Trittlos [Elf] (HZ) (LZ): 5" text="ZAUBER" time="1478387192908" version="HS 5.5.1"/>
<ereignis Alt="0" Neu="0" kommentar="3 VR" obj="Chamaelioni Mimikry [Elf] (LZ): 0" text="ZAUBER" time="1478387192908" version="HS 5.5.1"/>
<ereignis Alt="0" Neu="1" kommentar="2 AP" obj="Chamaelioni Mimikry [Elf] (LZ): 1" text="ZAUBER" time="1478387192908" version="HS 5.5.1"/>
<ereignis Alt="0" Neu="2" kommentar="6 AP" obj="Chamaelioni Mimikry [Elf] (LZ): 2" text="ZAUBER" time="1478387192908" version="HS 5.5.1"/>
<ereignis Alt="0" Neu="0" kommentar="3 VR" obj="Wasseratem [Elf] (LZ): 0" text="ZAUBER" time="1478387192908" version="HS 5.5.1"/>
<ereignis Alt="0" Neu="1" kommentar="3 VR" obj="Wasseratem [Elf] (LZ): 1" text="ZAUBER" time="1478387192908" version="HS 5.5.1"/>
<ereignis Alt="0" Neu="2" kommentar="3 VR" obj="Wasseratem [Elf] (LZ): 2" text="ZAUBER" time="1478387192908" version="HS 5.5.1"/>
<ereignis Alt="0" Neu="3" kommentar="3 VR" obj="Wasseratem [Elf] (LZ): 3" text="ZAUBER" time="1478387192908" version="HS 5.5.1"/>
<ereignis Alt="0" Neu="4" kommentar="3 VR" obj="Wasseratem [Elf] (LZ): 4" text="ZAUBER" time="1478387192908" version="HS 5.5.1"/>
<ereignis Alt="0" Neu="0" kommentar="3 VR" obj="Windstille [Elf] (LZ): 0" text="ZAUBER" time="1478387192908" version="HS 5.5.1"/>
<ereignis Alt="0" Neu="1" kommentar="3 VR" obj="Windstille [Elf] (LZ): 1" text="ZAUBER" time="1478387192908" version="HS 5.5.1"/>
<ereignis Alt="0" Neu="2" kommentar="3 VR" obj="Windstille [Elf] (LZ): 2" text="ZAUBER" time="1478387192908" version="HS 5.5.1"/>
<ereignis Alt="0" Neu="3" kommentar="3 VR" obj="Windstille [Elf] (LZ): 3" text="ZAUBER" time="1478387192908" version="HS 5.5.1"/>
<ereignis Alt="0" Neu="4" kommentar="3 VR" obj="Windstille [Elf] (LZ): 4" text="ZAUBER" time="1478387192908" version="HS 5.5.1"/>
<ereignis Alt="0" Neu="0" kommentar="3 VR" obj="Motoricus [Elf]: 0" text="ZAUBER" time="1478387192908" version="HS 5.5.1"/>
<ereignis Alt="0" Neu="1" kommentar="3 AP" obj="Motoricus [Elf]: 1" text="ZAUBER" time="1478387192908" version="HS 5.5.1"/>
<ereignis Alt="0" Neu="0" kommentar="4 VR" obj="Klarum Purum [Elf]: 0" text="ZAUBER" time="1478387192908" version="HS 5.5.1"/>
<ereignis Alt="0" Neu="1" kommentar="4 AP" obj="Klarum Purum [Elf]: 1" text="ZAUBER" time="1478387192908" version="HS 5.5.1"/>
<ereignis Alt="0" Neu="2" kommentar="9 AP" obj="Klarum Purum [Elf]: 2" text="ZAUBER" time="1478387192908" version="HS 5.5.1"/>
<ereignis Alt="0" Neu="0" kommentar="2 VR" obj="Pfeil des Humus [Elf] (HZ) (LZ): 0" text="ZAUBER" time="1478387192908" version="HS 5.5.1"/>
<ereignis Alt="0" Neu="1" kommentar="2 VR" obj="Pfeil des Humus [Elf] (HZ) (LZ): 1" text="ZAUBER" time="1478387192908" version="HS 5.5.1"/>
<ereignis Alt="0" Neu="2" kommentar="2 VR" obj="Pfeil des Humus [Elf] (HZ) (LZ): 2" text="ZAUBER" time="1478387192908" version="HS 5.5.1"/>
<ereignis Alt="0" Neu="3" kommentar="2 VR" obj="Pfeil des Humus [Elf] (HZ) (LZ): 3" text="ZAUBER" time="1478387192908" version="HS 5.5.1"/>
<ereignis Alt="0" Neu="4" kommentar="2 VR" obj="Pfeil des Humus [Elf] (HZ) (LZ): 4" text="ZAUBER" time="1478387192908" version="HS 5.5.1"/>
<ereignis Alt="0" Neu="5" kommentar="2 VR" obj="Pfeil des Humus [Elf] (HZ) (LZ): 5" text="ZAUBER" time="1478387192908" version="HS 5.5.1"/>
<ereignis Alt="0" Neu="0" kommentar="2 VR" obj="Pfeil der Luft [Elf] (HZ) (LZ): 0" text="ZAUBER" time="1478387192908" version="HS 5.5.1"/>
<ereignis Alt="0" Neu="1" kommentar="2 VR" obj="Pfeil der Luft [Elf] (HZ) (LZ): 1" text="ZAUBER" time="1478387192908" version="HS 5.5.1"/>
<ereignis Alt="0" Neu="2" kommentar="2 VR" obj="Pfeil der Luft [Elf] (HZ) (LZ): 2" text="ZAUBER" time="1478387192908" version="HS 5.5.1"/>
<ereignis Alt="0" Neu="3" kommentar="2 VR" obj="Pfeil der Luft [Elf] (HZ) (LZ): 3" text="ZAUBER" time="1478387192908" version="HS 5.5.1"/>
<ereignis Alt="0" Neu="4" kommentar="2 VR" obj="Pfeil der Luft [Elf] (HZ) (LZ): 4" text="ZAUBER" time="1478387192908" version="HS 5.5.1"/>
<ereignis Alt="0" Neu="5" kommentar="2 VR" obj="Pfeil der Luft [Elf] (HZ) (LZ): 5" text="ZAUBER" time="1478387192908" version="HS 5.5.1"/>
<ereignis Alt="0" Neu="6" kommentar="2 VR" obj="Pfeil der Luft [Elf] (HZ) (LZ): 6" text="ZAUBER" time="1478387192908" version="HS 5.5.1"/>
<ereignis Alt="0" Neu="7" kommentar="2 VR" obj="Pfeil der Luft [Elf] (HZ) (LZ): 7" text="ZAUBER" time="1478387192908" version="HS 5.5.1"/>
<ereignis Alt="0" Neu="8" kommentar="2 VR" obj="Pfeil der Luft [Elf] (HZ) (LZ): 8" text="ZAUBER" time="1478387192908" version="HS 5.5.1"/>
<ereignis Alt="0" Neu="9" kommentar="2 VR" obj="Pfeil der Luft [Elf] (HZ) (LZ): 9" text="ZAUBER" time="1478387192908" version="HS 5.5.1"/>
<ereignis Alt="0" Neu="10" kommentar="2 VR" obj="Pfeil der Luft [Elf] (HZ) (LZ): 10" text="ZAUBER" time="1478387192908" version="HS 5.5.1"/>
<ereignis Alt="0" Neu="11" kommentar="2 VR" obj="Pfeil der Luft [Elf] (HZ) (LZ): 11" text="ZAUBER" time="1478387192908" version="HS 5.5.1"/>
<ereignis Alt="0" Neu="12" kommentar="2 VR" obj="Pfeil der Luft [Elf] (HZ) (LZ): 12" text="ZAUBER" time="1478387192908" version="HS 5.5.1"/>
<ereignis Alt="0" Neu="0" kommentar="4 VR" obj="Wellenlauf [Elf] (LZ): 0" text="ZAUBER" time="1478387192908" version="HS 5.5.1"/>
<ereignis Alt="0" Neu="1" kommentar="4 VR" obj="Wellenlauf [Elf] (LZ): 1" text="ZAUBER" time="1478387192908" version="HS 5.5.1"/>
<ereignis Alt="0" Neu="2" kommentar="4 VR" obj="Wellenlauf [Elf] (LZ): 2" text="ZAUBER" time="1478387192908" version="HS 5.5.1"/>
<ereignis Alt="0" Neu="3" kommentar="4 VR" obj="Wellenlauf [Elf] (LZ): 3" text="ZAUBER" time="1478387192908" version="HS 5.5.1"/>
<ereignis Alt="0" Neu="4" kommentar="4 VR" obj="Wellenlauf [Elf] (LZ): 4" text="ZAUBER" time="1478387192908" version="HS 5.5.1"/>
<ereignis Alt="0" Neu="0" kommentar="6 GP" obj="Aufmerksamkeit" text="SF" time="1478387192908" version="HS 5.5.1"/>
<ereignis Alt="0" Neu="0" kommentar="2 GP" obj="Ausweichen II" text="SF" time="1478387192908" version="HS 5.5.1"/>
<ereignis Alt="0" Neu="0" kommentar="2 GP" obj="Schnellladen (Bogen)" text="SF" time="1478387192908" version="HS 5.5.1"/>
<ereignis Alt="0" Neu="0" kommentar="0 GP" obj="Altersresistenz" text="VORTEILE" time="1478387192908" version="HS 5.5.1"/>
<ereignis Alt="0" Neu="0" kommentar="-7 GP" obj="Artefaktgebunden" text="VORTEILE" time="1478387192908" version="HS 5.5.1"/>
<ereignis Alt="0" Neu="0" kommentar="0 GP" obj="Dämmerungssicht" text="VORTEILE" time="1478387192908" version="HS 5.5.1"/>
<ereignis Alt="0" Neu="0" kommentar="0 GP" obj="Elfische Weltsicht" text="VORTEILE" time="1478387192908" version="HS 5.5.1"/>
<ereignis Alt="0" Neu="0" kommentar="0 GP" obj="Gutaussehend" text="VORTEILE" time="1478387192908" version="HS 5.5.1"/>
<ereignis Alt="0" Neu="0" kommentar="0 GP" obj="Herausragender Sinn: Sicht" text="VORTEILE" time="1478387192908" version="HS 5.5.1"/>
<ereignis Alt="0" Neu="0" kommentar="-5 GP" obj="Nahrungsrestriktion" text="VORTEILE" time="1478387192908" version="HS 5.5.1"/>
<ereignis Alt="0" Neu="0" kommentar="-7 GP" obj="Neugier: 12" text="VORTEILE" time="1478387192908" version="HS 5.5.1"/>
<ereignis Alt="0" Neu="0" kommentar="0 GP" obj="Resistenz gegen Krankheiten" text="VORTEILE" time="1478387192908" version="HS 5.5.1"/>
<ereignis Alt="0" Neu="0" kommentar="0 GP" obj="Sensibler Geruchssinn: 6" text="VORTEILE" time="1478387192908" version="HS 5.5.1"/>
<ereignis Alt="0" Neu="0" kommentar="0 GP" obj="Unfähigkeit für [Talent]: Zechen" text="VORTEILE" time="1478387192908" version="HS 5.5.1"/>
<ereignis Alt="0" Neu="0" kommentar="0 GP" obj="Vollzauberer" text="VORTEILE" time="1478387192908" version="HS 5.5.1"/>
<ereignis Alt="0" Neu="0" kommentar="-5 GP" obj="Wahrer Name" text="VORTEILE" time="1478387192908" version="HS 5.5.1"/>
<ereignis Alt="0" Neu="0" kommentar="-6 GP" obj="Weltfremd bzgl.: Adel/Hierarchien 12" text="VORTEILE" time="1478387192908" version="HS 5.5.1"/>
<ereignis Alt="0" Neu="0" kommentar="0 GP" obj="Wohlklang" text="VORTEILE" time="1478387192908" version="HS 5.5.1"/>
<ereignis Alt="0" Neu="0" kommentar="0 GP" obj="Zweistimmiger Gesang" text="VORTEILE" time="1478387192908" version="HS 5.5.1"/>
<ereignis obj="Auswahl" text="Herausragender Sinn 3" time="1478387192908" version="HS 5.5.1"/>
<ereignis obj="Auswahl" text="Weltfremd bzgl." time="1478387192908" version="HS 5.5.1"/>
<ereignis obj="Auswahl" text="Talentspezialisierung Bogen (Elfenbogen)" time="1478387192908" version="HS 5.5.1"/>
<ereignis obj="Auswahl" text="Scharfschütze (Bogen)" time="1478387192908" version="HS 5.5.1"/>
<ereignis obj="Auswahl" text="Sprachen kennen Garethi" time="1478387192908" version="HS 5.5.1"/>
<ereignis Neu="2" obj="Auswahl" text="Fechtwaffen" time="1478387192908" version="HS 5.5.1"/>
<ereignis Neu="3" obj="Auswahl" text="Sprachen kennen Garethi" time="1478387192908" version="HS 5.5.1"/>
<ereignis Neu="4" obj="Auswahl" text="Bogen" time="1478387192908" version="HS 5.5.1"/>
<ereignis Neu="6" obj="Auswahl" text="Fechtwaffen" time="1478387192908" version="HS 5.5.1"/>
<ereignis Neu="2" obj="Auswahl" text="Raufen" time="1478387192908" version="HS 5.5.1"/>
<ereignis Neu="5" obj="Auswahl" text="Bogenbau" time="1478387192908" version="HS 5.5.1"/>
<ereignis Neu="1" obj="Auswahl" text="Heilkunde: Gift" time="1478387192908" version="HS 5.5.1"/>
<ereignis Alt="4" Neu="7" obj="Sozialstatus" text="Eigenschaft steigern" time="1478387230288" version="HS 5.5.1"/>
<ereignis Abenteuerpunkte="980" kommentar="mittelwert aus der Gruppe (-10%) Gesamt AP: 980 Verfügbare AP: 980" obj="Sonstiges Ereignis (Hinzugewinn)" text="Ereignis eingeben" time="1479157065188" version="HS 5.5.1"/>
<ereignis Abenteuerpunkte="-85" Alt="8;5;3" Info="Selbststudium" Neu="9;5;3" obj="Fechtwaffen" text="Nahkampftalent steigern" time="1479157124864" version="HS 5.5.1"/>
<ereignis Abenteuerpunkte="-95" Alt="9;5;3" Info="Selbststudium" Neu="10;5;3" obj="Fechtwaffen" text="Nahkampftalent steigern" time="1479157126393" version="HS 5.5.1"/>
<ereignis Abenteuerpunkte="-22" Alt="4" Info="Gegenseitiges Lehren" Neu="5" obj="Athletik" text="Talent steigern" time="1479157151690" version="HS 5.5.1"/>
<ereignis Abenteuerpunkte="-27" Alt="5" Info="Gegenseitiges Lehren" Neu="6" obj="Athletik" text="Talent steigern" time="1479157152618" version="HS 5.5.1"/>
<ereignis Abenteuerpunkte="-33" Alt="6" Info="Gegenseitiges Lehren" Neu="7" obj="Athletik" text="Talent steigern" time="1479157155865" version="HS 5.5.1"/>
<ereignis Abenteuerpunkte="-9" Alt="1" Info="Gegenseitiges Lehren" Neu="2" obj="Klettern" text="Talent steigern" time="1479157163405" version="HS 5.5.1"/>
<ereignis Abenteuerpunkte="-15" Alt="2" Info="Gegenseitiges Lehren" Neu="3" obj="Klettern" text="Talent steigern" time="1479157164128" version="HS 5.5.1"/>
<ereignis Abenteuerpunkte="-21" Alt="3" Info="Gegenseitiges Lehren" Neu="4" obj="Klettern" text="Talent steigern" time="1479157164737" version="HS 5.5.1"/>
<ereignis Abenteuerpunkte="-28" Alt="4" Info="Gegenseitiges Lehren" Neu="5" obj="Klettern" text="Talent steigern" time="1479157165371" version="HS 5.5.1"/>
<ereignis Abenteuerpunkte="-34" Alt="5" Info="Gegenseitiges Lehren" Neu="6" obj="Klettern" text="Talent steigern" time="1479157167334" version="HS 5.5.1"/>
<ereignis Abenteuerpunkte="-41" Alt="6" Info="Gegenseitiges Lehren" Neu="7" obj="Klettern" text="Talent steigern" time="1479157172685" version="HS 5.5.1"/>
<ereignis Abenteuerpunkte="-27" Alt="5" Info="Gegenseitiges Lehren" Neu="6" obj="Schleichen" text="Talent steigern" time="1479157182921" version="HS 5.5.1"/>
<ereignis Abenteuerpunkte="-33" Alt="6" Info="Gegenseitiges Lehren" Neu="7" obj="Schleichen" text="Talent steigern" time="1479157184305" version="HS 5.5.1"/>
<ereignis Abenteuerpunkte="-48" Alt="7" Info="Selbststudium" Neu="8" obj="Sinnenschärfe" text="Talent steigern" time="1479157193836" version="HS 5.5.1"/>
<ereignis Abenteuerpunkte="-55" Alt="8" Info="Selbststudium" Neu="9" obj="Sinnenschärfe" text="Talent steigern" time="1479157194674" version="HS 5.5.1"/>
<ereignis Abenteuerpunkte="-65" Alt="9" Info="Selbststudium" Neu="10" obj="Sinnenschärfe" text="Talent steigern" time="1479157195605" version="HS 5.5.1"/>
<ereignis Abenteuerpunkte="-11" Alt="4" Info="Gegenseitiges Lehren" Neu="5" obj="Orientierung" text="Talent steigern" time="1479157221542" version="HS 5.5.1"/>
<ereignis Abenteuerpunkte="-14" Alt="5" Info="Gegenseitiges Lehren" Neu="6" obj="Orientierung" text="Talent steigern" time="1479157222638" version="HS 5.5.1"/>
<ereignis Abenteuerpunkte="-9" Alt="2" Info="Gegenseitiges Lehren" Neu="3" obj="Tierkunde" text="Talent steigern" time="1479157233518" version="HS 5.5.1"/>
<ereignis Abenteuerpunkte="-13" Alt="3" Info="Gegenseitiges Lehren" Neu="4" obj="Tierkunde" text="Talent steigern" time="1479157234393" version="HS 5.5.1"/>
<ereignis Abenteuerpunkte="-14" Alt="5" Info="Gegenseitiges Lehren" Neu="6" obj="Bogenbau" text="Talent steigern" time="1479157243746" version="HS 5.5.1"/>
<ereignis Abenteuerpunkte="-6" Alt="2" Info="Gegenseitiges Lehren" Neu="3" obj="Holzbearbeitung" text="Talent steigern" time="1479157251085" version="HS 5.5.1"/>
<ereignis Abenteuerpunkte="-8" Alt="3" Info="Gegenseitiges Lehren" Neu="4" obj="Holzbearbeitung" text="Talent steigern" time="1479157251871" version="HS 5.5.1"/>
<ereignis Abenteuerpunkte="-11" Alt="4" Info="Gegenseitiges Lehren" Neu="5" obj="Holzbearbeitung" text="Talent steigern" time="1479157252594" version="HS 5.5.1"/>
<ereignis Abenteuerpunkte="-14" Alt="5" Info="Gegenseitiges Lehren" Neu="6" obj="Holzbearbeitung" text="Talent steigern" time="1479157254691" version="HS 5.5.1"/>
<ereignis Abenteuerpunkte="-17" Alt="6" Info="Gegenseitiges Lehren" Neu="7" obj="Holzbearbeitung" text="Talent steigern" time="1479157255505" version="HS 5.5.1"/>
<ereignis Abenteuerpunkte="-15" Alt="2" Info="Gegenseitiges Lehren" Neu="3" obj="Klarum Purum [Elf] [Elf]" text="Zauber steigern" time="1479157309081" version="HS 5.5.1"/>
<ereignis Abenteuerpunkte="-7" Alt="1" Info="Gegenseitiges Lehren" Neu="2" obj="Motoricus [Elf] [Elf]" text="Zauber steigern" time="1479157310899" version="HS 5.5.1"/>
<ereignis Abenteuerpunkte="-29" Alt="7" Info="Selbststudium" Neu="8" obj="Axxeleratus Blitzgeschwind [Elf] [Elf]" text="Zauber steigern" time="1479157321466" version="HS 5.5.1"/>
<ereignis Abenteuerpunkte="-9" Alt="2" Info="Gegenseitiges Lehren" Neu="3" obj="Pflanzenkunde" text="Talent steigern" time="1479160600372" version="HS 5.5.1"/>
<ereignis Abenteuerpunkte="-13" Alt="3" Info="Gegenseitiges Lehren" Neu="4" obj="Pflanzenkunde" text="Talent steigern" time="1479160601195" version="HS 5.5.1"/>
<ereignis Abenteuerpunkte="-17" Alt="4" Info="Gegenseitiges Lehren" Neu="5" obj="Pflanzenkunde" text="Talent steigern" time="1479160601943" version="HS 5.5.1"/>
<ereignis Abenteuerpunkte="-21" Alt="5" Info="Gegenseitiges Lehren" Neu="6" obj="Pflanzenkunde" text="Talent steigern" time="1479160603848" version="HS 5.5.1"/>
<ereignis Abenteuerpunkte="-25" Alt="6" Info="Gegenseitiges Lehren" Neu="7" obj="Pflanzenkunde" text="Talent steigern" time="1479160604695" version="HS 5.5.1"/>
<ereignis Abenteuerpunkte="310" kommentar=" Gesamt AP: 310 Verfügbare AP: 310" obj="Abenteuerpunkte (Hinzugewinn)" text="Ereignis eingeben" time="1481660928914" version="HS 5.5.1"/>
<ereignis Abenteuerpunkte="-4" Alt="1" Info="Selbststudium" Neu="2" obj="Movimento Dauerlauf [Elf] [Elf]" text="Zauber steigern" time="1481660944446" version="HS 5.5.1"/>
<ereignis Abenteuerpunkte="-6" Alt="2" Info="Selbststudium" Neu="3" obj="Movimento Dauerlauf [Elf] [Elf]" text="Zauber steigern" time="1481660945430" version="HS 5.5.1"/>
<ereignis Abenteuerpunkte="-8" Alt="3" Info="Selbststudium" Neu="4" obj="Movimento Dauerlauf [Elf] [Elf]" text="Zauber steigern" time="1481660946524" version="HS 5.5.1"/>
<ereignis Abenteuerpunkte="-11" Alt="4" Info="Selbststudium" Neu="5" obj="Movimento Dauerlauf [Elf] [Elf]" text="Zauber steigern" time="1481660951259" version="HS 5.5.1"/>
<ereignis Abenteuerpunkte="-15" Neu="0" obj="Gassenwissen" text="Talent aktivieren" time="1481661034312" version="HS 5.5.1"/>
<ereignis Abenteuerpunkte="-3" Alt="0" Info="Selbststudium" Neu="1" obj="Gassenwissen" text="Talent steigern" time="1481661094227" version="HS 5.5.1"/>
<ereignis Abenteuerpunkte="-7" Alt="1" Info="Selbststudium" Neu="2" obj="Gassenwissen" text="Talent steigern" time="1481661095274" version="HS 5.5.1"/>
<ereignis Abenteuerpunkte="-7" Alt="1" Info="Selbststudium" Neu="2" obj="Menschenkenntnis" text="Talent steigern" time="1481661100203" version="HS 5.5.1"/>
<ereignis Abenteuerpunkte="-12" Alt="2" Info="Selbststudium" Neu="3" obj="Menschenkenntnis" text="Talent steigern" time="1481661101234" version="HS 5.5.1"/>
<ereignis Abenteuerpunkte="-7" Alt="1" Info="Selbststudium" Neu="2" obj="Überreden" text="Talent steigern" time="1481661105820" version="HS 5.5.1"/>
<ereignis Abenteuerpunkte="-2" Alt="0" Info="Gegenseitiges Lehren" Neu="1" obj="Götter und Kulte" text="Talent steigern" time="1481661116233" version="HS 5.5.1"/>
<ereignis Abenteuerpunkte="-6" Alt="1" Info="Gegenseitiges Lehren" Neu="2" obj="Götter und Kulte" text="Talent steigern" time="1481661117249" version="HS 5.5.1"/>
<ereignis Abenteuerpunkte="-9" Alt="2" Info="Gegenseitiges Lehren" Neu="3" obj="Götter und Kulte" text="Talent steigern" time="1481661118265" version="HS 5.5.1"/>
<ereignis Abenteuerpunkte="-40" Alt="-1" Info="Selbststudium" Neu="0" obj="Rechtskunde" text="Talent steigern" time="1481661141519" version="HS 5.5.1"/>
<ereignis Abenteuerpunkte="-12" Alt="2" Info="Selbststudium" Neu="3" obj="Gassenwissen" text="Talent steigern" time="1481661237427" version="HS 5.5.1"/>
<ereignis Abenteuerpunkte="-17" Alt="3" Info="Selbststudium" Neu="4" obj="Menschenkenntnis" text="Talent steigern" time="1481661240022" version="HS 5.5.1"/>
<ereignis Abenteuerpunkte="-12" Alt="2" Info="Selbststudium" Neu="3" obj="Überreden" text="Talent steigern" time="1481661242522" version="HS 5.5.1"/>
<ereignis Abenteuerpunkte="-3" Alt="0" Info="Selbststudium" Neu="1" obj="Rechtskunde" text="Talent steigern" time="1481661265914" version="HS 5.5.1"/>
<ereignis Abenteuerpunkte="-15" Neu="0" obj="Etikette" text="Talent aktivieren" time="1481661375436" version="HS 5.5.1"/>
<ereignis Abenteuerpunkte="-15" Neu="0" obj="Lehren" text="Talent aktivieren" time="1481661390523" version="HS 5.5.1"/>
<ereignis Abenteuerpunkte="-3" Alt="0" Info="Selbststudium" Neu="1" obj="Lehren" text="Talent steigern" time="1481661429624" version="HS 5.5.1"/>
<ereignis Abenteuerpunkte="10" kommentar="Weihnachtsspezial Gesamt AP: 10 Verfügbare AP: 10" obj="Sonstiges Ereignis (Hinzugewinn)" text="Ereignis eingeben" time="1484923324968" version="HS 5.5.1"/>
<ereignis Abenteuerpunkte="-17" Alt="4" Info="SE, Gegenseitiges Lehren" Neu="5" obj="Singen" text="Talent steigern" time="1484923446482" version="HS 5.5.1"/>
<ereignis Abenteuerpunkte="-4" Alt="3" Info="SE, Gegenseitiges Lehren" Neu="4" obj="Musizieren" text="Talent steigern" time="1484923463678" version="HS 5.5.1"/>
<ereignis Abenteuerpunkte="200" kommentar=" Gesamt AP: 200 Verfügbare AP: 200" obj="Abenteuerpunkte (Hinzugewinn)" text="Ereignis eingeben" time="1489667229731" version="HS 5.5.1"/>
<ereignis Abenteuerpunkte="-125" Alt="9" Info="SE" Neu="10" obj="Mut" text="Eigenschaft steigern" time="1489667283234" version="HS 5.5.1"/>
<ereignis Abenteuerpunkte="-15" Neu="0" obj="Lesen/Schreiben Kusliker Zeichen" text="Talent aktivieren" time="1489667326923" version="HS 5.5.1"/>
<ereignis Abenteuerpunkte="-2" Alt="0" Info="Lehrmeister" Neu="1" obj="Lesen/Schreiben Kusliker Zeichen" text="Talent steigern" time="1489667352003" version="HS 5.5.1"/>
<ereignis Abenteuerpunkte="-4" Alt="1" Info="Lehrmeister" Neu="2" obj="Lesen/Schreiben Kusliker Zeichen" text="Talent steigern" time="1489667352846" version="HS 5.5.1"/>
<ereignis Abenteuerpunkte="-6" Alt="2" Info="Lehrmeister" Neu="3" obj="Lesen/Schreiben Kusliker Zeichen" text="Talent steigern" time="1489667353690" version="HS 5.5.1"/>
<ereignis Abenteuerpunkte="-8" Alt="3" Info="Lehrmeister" Neu="4" obj="Lesen/Schreiben Kusliker Zeichen" text="Talent steigern" time="1489667354581" version="HS 5.5.1"/>
<ereignis Abenteuerpunkte="-25" Alt="6" Info="SE, Gegenseitiges Lehren" Neu="7" obj="Körperbeherrschung" text="Talent steigern" time="1489667385817" version="HS 5.5.1"/>
<ereignis Abenteuerpunkte="-8" Alt="3" Info="SE, Gegenseitiges Lehren" Neu="4" obj="Götter und Kulte" text="Talent steigern" time="1489667403021" version="HS 5.5.1"/>
<ereignis Abenteuerpunkte="-2" Alt="0" Info="Selbststudium" Neu="1" obj="Malen/Zeichnen" text="Talent steigern" time="1489667713535" version="HS 5.5.1"/>
<ereignis Abenteuerpunkte="-6" Alt="1" Info="Selbststudium" Neu="2" obj="Malen/Zeichnen" text="Talent steigern" time="1489667714504" version="HS 5.5.1"/>
<ereignis Abenteuerpunkte="-22" Alt="4" Info="Selbststudium" Neu="5" obj="Lesen/Schreiben Kusliker Zeichen" text="Talent steigern" time="1489667742584" version="HS 5.5.1"/>
<ereignis Abenteuerpunkte="1380" kommentar="1/2 jahr Gesamt AP: 1380 Verfügbare AP: 1380" obj="Abenteuerpunkte (Hinzugewinn)" text="Ereignis eingeben" time="1511189720588" version="HS 5.5.1"/>
<ereignis Abenteuerpunkte="90" kommentar="Nostria Gesamt AP: 90 Verfügbare AP: 90" obj="Abenteuerpunkte (Hinzugewinn)" text="Ereignis eingeben" time="1511189735574" version="HS 5.5.1"/>
<ereignis Abenteuerpunkte="-85" Alt="14" Info="Lehrmeister" Neu="15" obj="Bogen" text="Talent steigern" time="1511189895574" version="HS 5.5.1"/>
<ereignis Abenteuerpunkte="-90" Alt="15" Info="Lehrmeister" Neu="16" obj="Bogen" text="Talent steigern" time="1511189897779" version="HS 5.5.1"/>
<ereignis Abenteuerpunkte="-140" Alt="10" Info="SE" Neu="11" obj="Mut" text="Eigenschaft steigern" time="1511190036928" version="HS 5.5.1"/>
<ereignis Abenteuerpunkte="-150" obj="Elfenlied: Zaubermelodie" text="Sonderfertigkeit hinzugefügt" time="1511191392177" version="HS 5.5.1"/>
<ereignis Abenteuerpunkte="-150" obj="Elfenlied: Erinnerungsmelodie" text="Sonderfertigkeit hinzugefügt" time="1511191396701" version="HS 5.5.1"/>
<ereignis Abenteuerpunkte="-250" obj="Elfenlied: Friedenslied" text="Sonderfertigkeit hinzugefügt" time="1511191398834" version="HS 5.5.1"/>
<ereignis Abenteuerpunkte="-75" obj="Elfenlied: Sorgenlied" text="Sonderfertigkeit hinzugefügt" time="1511191403109" version="HS 5.5.1"/>
<ereignis Abenteuerpunkte="-11" Alt="4" Info="Gegenseitiges Lehren" Neu="5" obj="Musizieren" text="Talent steigern" time="1511191468934" version="HS 5.5.1"/>
<ereignis Abenteuerpunkte="-14" Alt="5" Info="Gegenseitiges Lehren" Neu="6" obj="Musizieren" text="Talent steigern" time="1511191470134" version="HS 5.5.1"/>
<ereignis Abenteuerpunkte="-17" Alt="6" Info="Gegenseitiges Lehren" Neu="7" obj="Musizieren" text="Talent steigern" time="1511191473905" version="HS 5.5.1"/>
<ereignis Abenteuerpunkte="-27" Alt="5" Info="Gegenseitiges Lehren" Neu="6" obj="Singen" text="Talent steigern" time="1511191485688" version="HS 5.5.1"/>
<ereignis Abenteuerpunkte="-33" Alt="6" Info="Gegenseitiges Lehren" Neu="7" obj="Singen" text="Talent steigern" time="1511191486662" version="HS 5.5.1"/>
<ereignis Abenteuerpunkte="-48" Alt="7" Info="Selbststudium" Neu="8" obj="Singen" text="Talent steigern" time="1511191492893" version="HS 5.5.1"/>
<ereignis Abenteuerpunkte="-55" Alt="8" Info="Selbststudium" Neu="9" obj="Singen" text="Talent steigern" time="1511191494603" version="HS 5.5.1"/>
<ereignis Abenteuerpunkte="-29" Alt="7" Info="Selbststudium" Neu="8" obj="Musizieren" text="Talent steigern" time="1511191506047" version="HS 5.5.1"/>
<ereignis Abenteuerpunkte="-34" Alt="8" Info="Selbststudium" Neu="9" obj="Musizieren" text="Talent steigern" time="1511191507622" version="HS 5.5.1"/>
<ereignis Abenteuerpunkte="-2" Alt="1" Info="Gegenseitiges Lehren" Neu="2" obj="Flim Flam Funkel [Elf] [Elf]" text="Zauber steigern" time="1511191547870" version="HS 5.5.1"/>
<ereignis Abenteuerpunkte="-3" Alt="2" Info="Gegenseitiges Lehren" Neu="3" obj="Flim Flam Funkel [Elf] [Elf]" text="Zauber steigern" time="1511191548532" version="HS 5.5.1"/>
<ereignis Abenteuerpunkte="-4" Alt="3" Info="Gegenseitiges Lehren" Neu="4" obj="Flim Flam Funkel [Elf] [Elf]" text="Zauber steigern" time="1511191549404" version="HS 5.5.1"/>
<ereignis Abenteuerpunkte="-4" Alt="4" Info="SE, Gegenseitiges Lehren" Neu="5" obj="Flim Flam Funkel [Elf] [Elf]" text="Zauber steigern" time="1511191558706" version="HS 5.5.1"/>
<ereignis Abenteuerpunkte="-105" Alt="10" Info="Selbststudium" Neu="11" obj="Sinnenschärfe" text="Talent steigern" time="1511191761955" version="HS 5.5.1"/>
<ereignis Abenteuerpunkte="-140" Alt="10;6;4" Info="Selbststudium" Neu="11;6;4" obj="Fechtwaffen" text="Nahkampftalent steigern" time="1511191767667" version="HS 5.5.1"/>
<ereignis Abenteuerpunkte="-65" Alt="9" Info="Selbststudium" Neu="10" obj="Singen" text="Talent steigern" time="1511191790794" version="HS 5.5.1"/>
<ereignis Abenteuerpunkte="-21" Alt="5" Info="Gegenseitiges Lehren" Neu="6" obj="Fährtensuchen" text="Talent steigern" time="1511191804554" version="HS 5.5.1"/>
<ereignis Abenteuerpunkte="-25" Alt="6" Info="Gegenseitiges Lehren" Neu="7" obj="Fährtensuchen" text="Talent steigern" time="1511191808424" version="HS 5.5.1"/>
<ereignis Abenteuerpunkte="-17" Alt="6" Info="Gegenseitiges Lehren" Neu="7" obj="Orientierung" text="Talent steigern" time="1511191817835" version="HS 5.5.1"/>
<ereignis Abenteuerpunkte="-3" Alt="2" Info="Gegenseitiges Lehren" Neu="3" obj="Lesen/Schreiben Isdira/Asdharia" text="Talent steigern" time="1511191855900" version="HS 5.5.1"/>
<ereignis Abenteuerpunkte="-4" Alt="3" Info="Gegenseitiges Lehren" Neu="4" obj="Lesen/Schreiben Isdira/Asdharia" text="Talent steigern" time="1511191857047" version="HS 5.5.1"/>
<ereignis Abenteuerpunkte="-6" Alt="4" Info="Gegenseitiges Lehren" Neu="5" obj="Lesen/Schreiben Isdira/Asdharia" text="Talent steigern" time="1511191858193" version="HS 5.5.1"/>
<ereignis Abenteuerpunkte="-6" Alt="2" Info="Gegenseitiges Lehren" Neu="3" obj="Malen/Zeichnen" text="Talent steigern" time="1511191875528" version="HS 5.5.1"/>
<ereignis Abenteuerpunkte="-8" Alt="3" Info="Gegenseitiges Lehren" Neu="4" obj="Malen/Zeichnen" text="Talent steigern" time="1511191878105" version="HS 5.5.1"/>
<ereignis kommentar="Editor" obj="Elfenlied: Erinnerungsmelodie" text="Sonderfertigkeit entfernt" time="1511281218095" version="HS 5.5.1"/>
<ereignis kommentar="Editor" obj="Elfenlied: Friedenslied" text="Sonderfertigkeit entfernt" time="1511281218095" version="HS 5.5.1"/>
<ereignis Abenteuerpunkte="400" Alt="3530" Neu="3930" text="Abenteuerpunkte" time="1511281521726" version="HS 5.5.1"/>
</ereignisse>
<talentliste>
<talent leittalent="true" lernmethode="Lehrmeister" name="Bogen" probe=" (GE/FF/KK)" value="16"/>
<talent lernmethode="Gegenseitiges Lehren" name="Dolche" probe=" (GE/GE/KK)" value="5"/>
<talent leittalent="true" lernmethode="Selbststudium" name="Fechtwaffen" probe=" (GE/GE/KK)" value="11"/>
<talent lernmethode="Gegenseitiges Lehren" name="Hiebwaffen" probe=" (GE/GE/KK)" value="0"/>
<talent lernmethode="Gegenseitiges Lehren" name="Raufen" probe=" (GE/GE/KK)" value="3"/>
<talent lernmethode="Gegenseitiges Lehren" name="Ringen" probe=" (GE/GE/KK)" value="0"/>
<talent lernmethode="Gegenseitiges Lehren" name="Säbel" probe=" (GE/GE/KK)" value="0"/>
<talent lernmethode="Gegenseitiges Lehren" name="Wurfmesser" probe=" (GE/FF/KK)" value="0"/>
<talent be="BEx2" leittalent="true" lernmethode="Selbststudium" name="Athletik" probe=" (GE/KO/KK)" value="7"/>
<talent be="BEx2" lernmethode="Selbststudium" name="Klettern" probe=" (MU/GE/KK)" value="7"/>
<talent be="BEx2" leittalent="true" lernmethode="Gegenseitiges Lehren" name="Körperbeherrschung" probe=" (MU/IN/GE)" value="7"/>
<talent be="BE" leittalent="true" lernmethode="Selbststudium" name="Schleichen" probe=" (MU/IN/GE)" value="7"/>
<talent be="BEx2" leittalent="true" lernmethode="Gegenseitiges Lehren" name="Schwimmen" probe=" (GE/KO/KK)" value="4"/>
<talent be="" leittalent="true" lernmethode="Gegenseitiges Lehren" name="Selbstbeherrschung" probe=" (MU/KO/KK)" value="4"/>
<talent be="BE-2" lernmethode="Gegenseitiges Lehren" name="Sich verstecken" probe=" (MU/IN/GE)" value="5"/>
<talent be="BE-3" leittalent="true" lernmethode="Selbststudium" name="Singen" probe=" (IN/CH/CH)" value="10"/>
<talent be="0-&gt;BE" leittalent="true" lernmethode="Selbststudium" name="Sinnenschärfe" probe=" (KL/IN/IN)" value="11"/>
<talent be="BEx2" leittalent="true" lernmethode="Gegenseitiges Lehren" name="Tanzen" probe=" (CH/GE/GE)" value="3"/>
<talent be="" lernmethode="Gegenseitiges Lehren" name="Zechen" probe=" (IN/KO/KK)" value="-2"/>
<talent lernmethode="Gegenseitiges Lehren" name="Betören" probe=" (IN/CH/CH)" value="3"/>
<talent lernmethode="Gegenseitiges Lehren" name="Etikette" probe=" (KL/IN/CH)" value="0"/>
<talent lernmethode="Selbststudium" name="Gassenwissen" probe=" (KL/IN/CH)" value="3"/>
<talent lernmethode="Selbststudium" name="Lehren" probe=" (KL/IN/CH)" value="1"/>
<talent lernmethode="Selbststudium" name="Menschenkenntnis" probe=" (KL/IN/CH)" value="4"/>
<talent lernmethode="Selbststudium" name="Überreden" probe=" (MU/IN/CH)" value="3"/>
<talent lernmethode="Selbststudium" name="Fährtensuchen" probe=" (KL/IN/KO)" value="7"/>
<talent leittalent="true" lernmethode="Gegenseitiges Lehren" name="Fischen/Angeln" probe=" (IN/FF/KK)" value="1"/>
<talent leittalent="true" lernmethode="Selbststudium" name="Orientierung" probe=" (KL/IN/IN)" value="7"/>
<talent leittalent="true" lernmethode="Gegenseitiges Lehren" name="Wildnisleben" probe=" (IN/GE/KO)" value="6"/>
<talent lernmethode="Gegenseitiges Lehren" name="Götter und Kulte" probe=" (KL/KL/IN)" value="4"/>
<talent leittalent="true" lernmethode="Gegenseitiges Lehren" name="Kriegskunst" probe=" (MU/KL/CH)" value="2"/>
<talent lernmethode="Gegenseitiges Lehren" name="Magiekunde" probe=" (KL/KL/IN)" value="5"/>
<talent lernmethode="Selbststudium" name="Pflanzenkunde" probe=" (KL/IN/FF)" value="7"/>
<talent lernmethode="Gegenseitiges Lehren" name="Rechnen" probe=" (KL/KL/IN)" value="0"/>
<talent lernmethode="Selbststudium" name="Rechtskunde" probe=" (KL/KL/IN)" value="1"/>
<talent lernmethode="Gegenseitiges Lehren" name="Sagen und Legenden" probe=" (KL/IN/CH)" value="2"/>
<talent lernmethode="Gegenseitiges Lehren" name="Tierkunde" probe=" (MU/KL/IN)" value="4"/>
<talent k="18" leittalent="true" lernmethode="Gegenseitiges Lehren" name="Sprachen kennen Garethi" probe=" (KL/IN/CH)" value="12"/>
<talent k="21" leittalent="true" lernmethode="Gegenseitiges Lehren" name="Sprachen kennen Isdira" probe=" (KL/IN/CH)" value="11"/>
<talent k="18" leittalent="true" lernmethode="Gegenseitiges Lehren" name="Lesen/Schreiben Isdira/Asdharia" probe=" (KL/KL/FF)" value="5"/>
<talent k="10" lernmethode="Selbststudium" name="Lesen/Schreiben Kusliker Zeichen" probe=" (KL/KL/FF)" value="5"/>
<talent leittalent="true" lernmethode="Gegenseitiges Lehren" name="Bogenbau" probe=" (KL/IN/FF)" value="6"/>
<talent leittalent="true" lernmethode="Gegenseitiges Lehren" name="Heilkunde: Gift" probe=" (MU/KL/IN)" value="1"/>
<talent leittalent="true" lernmethode="Gegenseitiges Lehren" name="Heilkunde: Wunden" probe=" (KL/CH/FF)" value="2"/>
<talent leittalent="true" lernmethode="Selbststudium" name="Holzbearbeitung" probe=" (KL/FF/KK)" value="7"/>
<talent lernmethode="Gegenseitiges Lehren" name="Kochen" probe=" (KL/IN/FF)" value="0"/>
<talent lernmethode="Gegenseitiges Lehren" name="Lederarbeiten" probe=" (KL/FF/FF)" value="2"/>
<talent leittalent="true" lernmethode="Gegenseitiges Lehren" name="Malen/Zeichnen" probe=" (KL/IN/FF)" value="4"/>
<talent leittalent="true" lernmethode="Selbststudium" name="Musizieren" probe=" (IN/CH/FF)" value="9"/>
<talent lernmethode="Gegenseitiges Lehren" name="Schneidern" probe=" (KL/FF/FF)" value="2"/>
</talentliste>
<zauberliste>
<zauber anmerkungen="" hauszauber="true" k="B" kosten="" leittalent="true" lernmethode="Gegenseitiges Lehren" name="Adlerauge Luchsenohr" probe=" (KL/IN/FF)" reichweite="" repraesentation="Elf" value="7" variante="" wirkungsdauer="" zauberdauer="" zauberkommentar=""/>
<zauber anmerkungen="" hauszauber="true" k="C" kosten="" leittalent="true" lernmethode="Selbststudium" name="Axxeleratus Blitzgeschwind" probe=" (KL/GE/KO)" reichweite="" repraesentation="Elf" value="8" variante="" wirkungsdauer="" zauberdauer="" zauberkommentar=""/>
<zauber anmerkungen="" hauszauber="true" k="C" kosten="" leittalent="true" lernmethode="Gegenseitiges Lehren" name="Balsam Salabunde" probe=" (KL/IN/CH)" reichweite="" repraesentation="Elf" value="7" variante="" wirkungsdauer="" zauberdauer="" zauberkommentar=""/>
<zauber anmerkungen="" hauszauber="false" k="C" kosten="" leittalent="true" lernmethode="Gegenseitiges Lehren" name="Chamaelioni Mimikry" probe=" (IN/CH/GE)" reichweite="" repraesentation="Elf" value="2" variante="" wirkungsdauer="" zauberdauer="" zauberkommentar=""/>
<zauber anmerkungen="" hauszauber="true" k="B" kosten="" leittalent="true" lernmethode="Gegenseitiges Lehren" name="Falkenauge Meisterschuss" probe=" (IN/FF/GE)" reichweite="" repraesentation="Elf" value="10" variante="" wirkungsdauer="" zauberdauer="" zauberkommentar=""/>
<zauber anmerkungen="" hauszauber="false" k="A" kosten="" leittalent="true" lernmethode="Gegenseitiges Lehren" name="Flim Flam Funkel" probe=" (KL/KL/FF)" reichweite="" repraesentation="Elf" value="5" variante="" wirkungsdauer="" zauberdauer="" zauberkommentar=""/>
<zauber anmerkungen="" hauszauber="false" k="D" kosten="" lernmethode="Gegenseitiges Lehren" name="Klarum Purum" probe=" (KL/KL/CH)" reichweite="" repraesentation="Elf" value="3" variante="" wirkungsdauer="" zauberdauer="" zauberkommentar=""/>
<zauber anmerkungen="" hauszauber="false" k="C" kosten="" lernmethode="Gegenseitiges Lehren" name="Motoricus" probe=" (KL/FF/KK)" reichweite="" repraesentation="Elf" value="2" variante="" wirkungsdauer="" zauberdauer="" zauberkommentar=""/>
<zauber anmerkungen="" hauszauber="false" k="A" kosten="" leittalent="true" lernmethode="Selbststudium" name="Movimento Dauerlauf" probe=" (IN/GE/KO)" reichweite="" repraesentation="Elf" value="5" variante="" wirkungsdauer="" zauberdauer="" zauberkommentar=""/>
<zauber anmerkungen="" hauszauber="true" k="C" kosten="" leittalent="true" lernmethode="Gegenseitiges Lehren" name="Pfeil der Luft" probe=" (KL/IN/CH)" reichweite="" repraesentation="Elf" value="12" variante="" wirkungsdauer="" zauberdauer="" zauberkommentar=""/>
<zauber anmerkungen="" hauszauber="true" k="C" kosten="" leittalent="true" lernmethode="Gegenseitiges Lehren" name="Pfeil des Humus" probe=" (KL/IN/CH)" reichweite="" repraesentation="Elf" value="5" variante="" wirkungsdauer="" zauberdauer="" zauberkommentar=""/>
<zauber anmerkungen="" hauszauber="false" k="B" kosten="" leittalent="true" lernmethode="Gegenseitiges Lehren" name="Ruhe Körper, ruhe Geist" probe=" (KL/CH/KO)" reichweite="" repraesentation="Elf" value="2" variante="" wirkungsdauer="" zauberdauer="" zauberkommentar=""/>
<zauber anmerkungen="" hauszauber="false" k="B" kosten="" leittalent="true" lernmethode="Gegenseitiges Lehren" name="Silentium" probe=" (KL/IN/CH)" reichweite="" repraesentation="Elf" value="6" variante="" wirkungsdauer="" zauberdauer="" zauberkommentar=""/>
<zauber anmerkungen="" hauszauber="true" k="C" kosten="" leittalent="true" lernmethode="Gegenseitiges Lehren" name="Spurlos Trittlos" probe=" (IN/GE/GE)" reichweite="" repraesentation="Elf" value="5" variante="" wirkungsdauer="" zauberdauer="" zauberkommentar=""/>
<zauber anmerkungen="" hauszauber="false" k="C" kosten="" leittalent="true" lernmethode="Gegenseitiges Lehren" name="Wasseratem" probe=" (MU/KL/KO)" reichweite="" repraesentation="Elf" value="4" variante="" wirkungsdauer="" zauberdauer="" zauberkommentar=""/>
<zauber anmerkungen="" hauszauber="false" k="D" kosten="" leittalent="true" lernmethode="Gegenseitiges Lehren" name="Wellenlauf" probe=" (MU/GE/GE)" reichweite="" repraesentation="Elf" value="4" variante="" wirkungsdauer="" zauberdauer="" zauberkommentar=""/>
<zauber anmerkungen="" hauszauber="false" k="C" kosten="" leittalent="true" lernmethode="Gegenseitiges Lehren" name="Windstille" probe=" (KL/CH/KK)" reichweite="" repraesentation="Elf" value="4" variante="" wirkungsdauer="" zauberdauer="" zauberkommentar=""/>
</zauberliste>
<kampf>
<kampfwerte name="Dolche">
<attacke value="13"/>
<parade value="9"/>
</kampfwerte>
<kampfwerte name="Fechtwaffen">
<attacke value="14"/>
<parade value="14"/>
</kampfwerte>
<kampfwerte name="Hiebwaffen">
<attacke value="8"/>
<parade value="9"/>
</kampfwerte>
<kampfwerte name="Raufen">
<attacke value="10"/>
<parade value="10"/>
</kampfwerte>
<kampfwerte name="Ringen">
<attacke value="8"/>
<parade value="9"/>
</kampfwerte>
<kampfwerte name="Säbel">
<attacke value="8"/>
<parade value="9"/>
</kampfwerte>
</kampf>
<gegenstände>
<gegenstand anzahl="1" name="Elfenbogen" slot="0">
<Fernkampfwaffe>
<talente kampftalent="Bogen"/>
</Fernkampfwaffe>
</gegenstand>
<gegenstand anzahl="1" name="Hüftköcher, Leder (20 Pfeile)" slot="0"/>
<gegenstand anzahl="1" name="Jagdmesser (Elfisches)" slot="0"/>
<gegenstand anzahl="1" name="Köcher, Leder (20 Pfeile)" slot="0"/>
<gegenstand anzahl="1" name="Wolfsmesser (elf.Rapier)" slot="0"/>
</gegenstände>
<BoniWaffenlos/>
<kommentare>
<kommentar key="Elfenlied: Friedenslied" kommentar="entfernt"/>
<kommentar key="Elfenlied: Sorgenlied" kommentar="entfernt"/>
<sfInfos dauer="" kosten="" probe="" sf="" sfname="Elfenlied: Freundschaftslied" wirkung=""/>
<sfInfos dauer="" kosten="" probe="" sf="" sfname="Elfenlied: Sorgenlied" wirkung=""/>
<sfInfos dauer="" kosten="" probe="" sf="" sfname="Elfenlied: Zaubermelodie" wirkung=""/>
</kommentare>
<ausrüstungen>
<heldenausruestung bezeichner="" bfakt="1" bfmin="1" hand="rechts" name="nkwaffe1" schild="0" set="0" slot="0" talent="Fechtwaffen" waffenname="Wolfsmesser (elf.Rapier)"/>
<heldenausruestung bezeichner="" bfakt="1" bfmin="1" hand="rechts" name="nkwaffe2" schild="0" set="0" slot="0" talent="Dolche" waffenname="Jagdmesser (Elfisches)"/>
<heldenausruestung name="fkwaffe1" set="0" slot="0" talent="Bogen" waffenname="Elfenbogen"/>
<heldenausruestung name="jagtwaffe" nummer="0" set="0"/>
</ausrüstungen>
<verbindungen/>
<extention/>
<geldboerse/>
<plugindata/>
</held>
<Signature xmlns="http://www.w3.org/2000/09/xmldsig#">
<SignedInfo>
<CanonicalizationMethod Algorithm="http://www.w3.org/TR/2001/REC-xml-c14n-20010315#WithComments"/>
<SignatureMethod Algorithm="http://www.w3.org/2000/09/xmldsig#dsa-sha1"/>
<Reference URI="">
<Transforms>
<Transform Algorithm="http://www.w3.org/2000/09/xmldsig#enveloped-signature"/>
</Transforms>
<DigestMethod Algorithm="http://www.w3.org/2000/09/xmldsig#sha1"/>
<DigestValue>tiMNQsFbdP6ETMS2676ZQG61fSI=</DigestValue>
</Reference>
</SignedInfo>
<SignatureValue>awjJ3Jnb1bZbTGZq7C9P0zCXkUyCqvTBod/YMSdoBiMtxPz3iwzxKA==</SignatureValue>
<KeyInfo>
<KeyValue>
<DSAKeyValue>
<P>/KaCzo4Syrom78z3EQ5SbbB4sF7ey80etKII864WF64B81uRpH5t9jQTxeEu0ImbzRMqzVDZkVG9
xD7nN1kuFw==</P>
<Q>li7dzDacuo67Jg7mtqEm2TRuOMU=</Q>
<G>Z4Rxsnqc9E7pGknFFH2xqaryRPBaQ01khpMdLRQnG541Awtx/XPaF5Bpsy4pNWMOHCBiNU0Nogps
QW5QvnlMpA==</G>
<Y>uVrvWkzIbUdL7E80AiD0PJDX3Ck0beY5StXp1wDAA1/ePpemd6rTBNd8YoCzOovNrX016YMcTSiO
iExM4RWtJA==</Y>
</DSAKeyValue>
</KeyValue>
</KeyInfo>
</Signature>
</helden>
