<?xml version="1.0" encoding="UTF-8" standalone="yes"?><daten><config><rsmodell>zone</rsmodell><datum>14.06.2018</datum><uhrzeit>20:25</uhrzeit><geldkreise>false</geldkreise><metatalente>false</metatalente><zauberquellen>true</zauberquellen><namenaufseiten>false</namenaufseiten></config><angaben><augenfarbe>dunkelbraun</augenfarbe><geburtstag>3. Travia 1003 BF</geburtstag><alter>19</alter><geschlecht>männlich</geschlecht><groesse>188</groesse><gewicht>68</gewicht><haarfarbe>hellblond</haarfarbe><stand></stand><titel></titel><name>Torimalvo Novritalkos</name><bildPfad></bildPfad><aussehen><a0></a0><a1></a1><a2></a2><a3></a3><text></text></aussehen><familie><f0></f0><f1></f1><f2></f2><f3></f3><f4></f4><f5></f5><text></text></familie><notizen><n0>Notizen</n0><n1></n1><n2></n2><n3></n3><n4></n4><n5></n5><n6></n6><n7></n7><n8></n8><n9></n9><n10></n10><n11></n11><text>Notizen</text></notizen><profession><text>Akademie Schwert und Stab zu Gareth </text><textkurz>Akademie Schwert und Stab zu Gareth </textkurz></profession><ap><gesamt>810</gesamt><frei>17</frei><genutzt>793</genutzt></ap><gp><start>110</start><rest>0</rest></gp><stufe40><akt>4</akt><max>4</max><lang>4 [4]</lang></stufe40><stufe41><akt>0</akt><max>0</max><lang>0 [0]</lang></stufe41><gilde>weiß</gilde><magisch>true</magisch><geweiht>false</geweiht><rasse>Halbelf: Halbelf, in menschlicher Kultur aufgewachsen</rasse><kultur>Mittelländische Städte/Hafenstädte und Städte an großen Flüssen</kultur><aspregeneration>1W6+3</aspregeneration><leregeneration>1W6</leregeneration><heldenversion>50504</heldenversion><wundschwelle>7</wundschwelle></angaben><eigenschaften><geschwindigkeit><akt>8</akt><start>8</start><modi>0</modi><name>Geschwindigkeit</name><bereich>sonst</bereich></geschwindigkeit><mut><akt>12</akt><start>12</start><modi>0</modi><name>Mut</name><bereich>guteeigenschaft</bereich></mut><klugheit><akt>14</akt><start>14</start><modi>0</modi><name>Klugheit</name><bereich>guteeigenschaft</bereich></klugheit><intuition><akt>14</akt><start>14</start><modi>0</modi><name>Intuition</name><bereich>guteeigenschaft</bereich></intuition><charisma><akt>12</akt><start>12</start><modi>0</modi><name>Charisma</name><bereich>guteeigenschaft</bereich></charisma><fingerfertigkeit><akt>11</akt><start>11</start><modi>0</modi><name>Fingerfertigkeit</name><bereich>guteeigenschaft</bereich></fingerfertigkeit><gewandtheit><akt>12</akt><start>11</start><modi>1</modi><name>Gewandtheit</name><bereich>guteeigenschaft</bereich></gewandtheit><konstitution><akt>14</akt><start>14</start><modi>0</modi><name>Konstitution</name><bereich>guteeigenschaft</bereich></konstitution><koerperkraft><akt>11</akt><start>12</start><modi>-1</modi><name>Körperkraft</name><bereich>guteeigenschaft</bereich></koerperkraft><sozialstatus><akt>8</akt><start>8</start><modi>0</modi><name>Sozialstatus</name><bereich>guteeigenschaft</bereich></sozialstatus><astralenergie><akt>44</akt><start>19</start><modi>25</modi><name>Astralenergie</name><bereich>sonst</bereich><kaufbar>12</kaufbar><gekauft>0</gekauft><ausvornachteile>7</ausvornachteile><muinch2>19</muinch2><aussonderfertigkeiten>0</aussonderfertigkeiten><professionmod>18</professionmod><grossemeditation>0</grossemeditation><pasprueckkaufbar>0</pasprueckkaufbar><aktinklrueckkaufbarepasp>44</aktinklrueckkaufbarepasp></astralenergie><attacke><akt>7</akt><start>7</start><modi>0</modi><name>Attacke</name><bereich>sonst</bereich></attacke><ausdauer><akt>29</akt><start>19</start><modi>10</modi><name>Ausdauer</name><bereich>sonst</bereich><kaufbar>14</kaufbar><gekauft>0</gekauft><akt50>15</akt50><akt33>10</akt33><akt25>7</akt25></ausdauer><fernkampf-basis><akt>7</akt><start>7</start><modi>0</modi><name>Fernkampf-Basis</name><bereich>sonst</bereich></fernkampf-basis><initiative><akt>10</akt><start>10</start><modi>0</modi><name>Initiative</name><bereich>sonst</bereich></initiative><karmaenergie><akt>0</akt><start>0</start><modi>0</modi><name>Karmaenergie</name><bereich>sonst</bereich><kaufbar>14</kaufbar><gekauft>0</gekauft></karmaenergie><lebensenergie><akt>28</akt><start>20</start><modi>8</modi><name>Lebensenergie</name><bereich>sonst</bereich><kaufbar>7</kaufbar><gekauft>0</gekauft><akt50>14</akt50><akt33>9</akt33><akt25>7</akt25></lebensenergie><magieresistenz><akt>6</akt><start>8</start><modi>-2</modi><name>Magieresistenz</name><bereich>sonst</bereich><kaufbar>6</kaufbar><gekauft>0</gekauft></magieresistenz><parade><akt>7</akt><start>7</start><modi>0</modi><name>Parade</name><bereich>sonst</bereich></parade></eigenschaften><münzen><münze><name>Dukat</name><anzahl>6</anzahl><namekurz>D</namekurz><waehrung>Mittelreich</waehrung><gewicht>25.0</gewicht><wertinsilberstuecken>10.0</wertinsilberstuecken><gesamtwertinsilberstuecken>60.0</gesamtwertinsilberstuecken></münze><münze><name>Silbertaler</name><anzahl>4</anzahl><namekurz>S</namekurz><waehrung>Mittelreich</waehrung><gewicht>5.0</gewicht><wertinsilberstuecken>1.0</wertinsilberstuecken><gesamtwertinsilberstuecken>4.0</gesamtwertinsilberstuecken></münze></münzen><vorteile><vorteil><bezeichner>Akademische Ausbildung (Magier)</bezeichner><name>Akademische Ausbildung (Magier)</name><kommentar></kommentar><namemitkommentar>Akademische Ausbildung (Magier)</namemitkommentar><istvorteil>true</istvorteil><istnachteil>false</istnachteil><bereich>Magisch</bereich></vorteil><vorteil><bezeichner>Astrale Regeneration</bezeichner><name>Astrale Regeneration: 2</name><kommentar></kommentar><namemitkommentar>Astrale Regeneration: 2</namemitkommentar><istvorteil>true</istvorteil><istnachteil>false</istnachteil><istschlechteeigenschaft>false</istschlechteeigenschaft><wert>2</wert><bereich>Magisch</bereich></vorteil><vorteil><bezeichner>Gutaussehend</bezeichner><name>Gutaussehend</name><kommentar></kommentar><namemitkommentar>Gutaussehend</namemitkommentar><istvorteil>true</istvorteil><istnachteil>false</istnachteil><bereich>Sonst</bereich></vorteil><vorteil><bezeichner>Vollzauberer</bezeichner><name>Vollzauberer</name><kommentar></kommentar><namemitkommentar>Vollzauberer</namemitkommentar><istvorteil>true</istvorteil><istnachteil>false</istnachteil><bereich>Magisch</bereich></vorteil><vorteil><bezeichner>Zauberhaar</bezeichner><name>Zauberhaar</name><kommentar></kommentar><namemitkommentar>Zauberhaar</namemitkommentar><istvorteil>true</istvorteil><istnachteil>false</istnachteil><bereich>Magisch</bereich></vorteil><vorteil><bezeichner>Arroganz</bezeichner><name>Arroganz: 9</name><kommentar></kommentar><namemitkommentar>Arroganz: 9</namemitkommentar><istvorteil>false</istvorteil><istnachteil>true</istnachteil><istschlechteeigenschaft>true</istschlechteeigenschaft><wert>9</wert><bereich>Sonst</bereich></vorteil><vorteil><bezeichner>Autoritätsgläubig</bezeichner><name>Autoritätsgläubig: 8</name><kommentar></kommentar><namemitkommentar>Autoritätsgläubig: 8</namemitkommentar><istvorteil>false</istvorteil><istnachteil>true</istnachteil><istschlechteeigenschaft>true</istschlechteeigenschaft><wert>8</wert><bereich>Sonst</bereich></vorteil><vorteil><bezeichner>Eitelkeit</bezeichner><name>Eitelkeit: 10</name><kommentar></kommentar><namemitkommentar>Eitelkeit: 10</namemitkommentar><istvorteil>false</istvorteil><istnachteil>true</istnachteil><istschlechteeigenschaft>true</istschlechteeigenschaft><wert>10</wert><bereich>Sonst</bereich></vorteil><vorteil><bezeichner>Goldgier</bezeichner><name>Goldgier: 7</name><kommentar></kommentar><namemitkommentar>Goldgier: 7</namemitkommentar><istvorteil>false</istvorteil><istnachteil>true</istnachteil><istschlechteeigenschaft>true</istschlechteeigenschaft><wert>7</wert><bereich>Sonst</bereich></vorteil><vorteil><bezeichner>Neugier</bezeichner><name>Neugier: 7</name><kommentar></kommentar><namemitkommentar>Neugier: 7</namemitkommentar><istvorteil>false</istvorteil><istnachteil>true</istnachteil><istschlechteeigenschaft>true</istschlechteeigenschaft><wert>7</wert><bereich>Sonst</bereich></vorteil><vorteil><bezeichner>Prinzipientreue</bezeichner><name>Prinzipientreue: 12</name><kommentar></kommentar><namemitkommentar>Prinzipientreue: 12</namemitkommentar><istvorteil>false</istvorteil><istnachteil>true</istnachteil><istschlechteeigenschaft>false</istschlechteeigenschaft><wert>12</wert><bereich>Sonst</bereich></vorteil><vorteil><bezeichner>Schulden</bezeichner><name>Schulden: 2000</name><kommentar></kommentar><namemitkommentar>Schulden: 2000</namemitkommentar><istvorteil>false</istvorteil><istnachteil>true</istnachteil><istschlechteeigenschaft>false</istschlechteeigenschaft><wert>2000</wert><bereich>Sonst</bereich></vorteil><vorteil><bezeichner>Speisegebote</bezeichner><name>Speisegebote</name><kommentar></kommentar><namemitkommentar>Speisegebote</namemitkommentar><istvorteil>false</istvorteil><istnachteil>true</istnachteil><bereich>Sonst</bereich></vorteil><vorteil><bezeichner>Verpflichtungen</bezeichner><name>Verpflichtungen</name><kommentar></kommentar><namemitkommentar>Verpflichtungen</namemitkommentar><istvorteil>false</istvorteil><istnachteil>true</istnachteil><bereich>Sonst</bereich></vorteil><vorteil><bezeichner>Verwöhnt</bezeichner><name>Verwöhnt: 5</name><kommentar></kommentar><namemitkommentar>Verwöhnt: 5</namemitkommentar><istvorteil>false</istvorteil><istnachteil>true</istnachteil><istschlechteeigenschaft>true</istschlechteeigenschaft><wert>5</wert><bereich>Sonst</bereich></vorteil></vorteile><sonderfertigkeiten><sonderfertigkeit><nameausfuehrlich>Apport</nameausfuehrlich><name>Apport</name><bezeichner>Apport</bezeichner><wirkung></wirkung><dauer></dauer><kosten></kosten><probe></probe><kommentar></kommentar><namemitkommentar>Apport</namemitkommentar><bereich>Magisch</bereich><bereich>Ritual</bereich></sonderfertigkeit><sonderfertigkeit><nameausfuehrlich>Astrale Meditation</nameausfuehrlich><name>Astrale Meditation</name><bezeichner>Astrale Meditation</bezeichner><wirkung></wirkung><dauer></dauer><kosten></kosten><probe></probe><kommentar></kommentar><namemitkommentar>Astrale Meditation</namemitkommentar><bereich>Magisch</bereich><bereich>SonstMagisch</bereich></sonderfertigkeit><sonderfertigkeit><nameausfuehrlich>Große Meditation</nameausfuehrlich><name>Große Meditation</name><bezeichner>Große Meditation</bezeichner><wirkung></wirkung><dauer></dauer><kosten></kosten><probe></probe><kommentar></kommentar><namemitkommentar>Große Meditation</namemitkommentar><bereich>Magisch</bereich><bereich>SonstMagisch</bereich></sonderfertigkeit><sonderfertigkeit><nameausfuehrlich>Kulturkunde (Mittelreich)</nameausfuehrlich><name>Kulturkunde (Mittelreich)</name><bezeichner>Kulturkunde</bezeichner><auswahlen><auswahl><name>Mittelreich</name><feld feldname="1" nr="1">Mittelreich</feld></auswahl></auswahlen><namemitkommentar>Kulturkunde (Mittelreich)</namemitkommentar><bereich>Sonst</bereich></sonderfertigkeit><sonderfertigkeit><nameausfuehrlich>Merkmalskenntnis: Schaden</nameausfuehrlich><name>Schaden</name><bezeichner>Merkmalskenntnis: Schaden</bezeichner><wirkung></wirkung><dauer></dauer><kosten></kosten><probe></probe><kommentar></kommentar><namemitkommentar>Schaden</namemitkommentar><bereich>Magisch</bereich><bereich>Merkmalskenntnis</bereich></sonderfertigkeit><sonderfertigkeit><nameausfuehrlich>Ortskenntnis (Stadtteil/Kleinstadt)</nameausfuehrlich><name>Ortskenntnis (Stadtteil/Kleinstadt)</name><bezeichner>Ortskenntnis</bezeichner><auswahlen><auswahl><name>Stadtteil/Kleinstadt</name><feld feldname="1" nr="1">Stadtteil/Kleinstadt</feld></auswahl></auswahlen><namemitkommentar>Ortskenntnis (Stadtteil/Kleinstadt)</namemitkommentar><bereich>Sonst</bereich></sonderfertigkeit><sonderfertigkeit><nameausfuehrlich>Regeneration I</nameausfuehrlich><name>Regeneration I</name><bezeichner>Regeneration I</bezeichner><wirkung></wirkung><dauer></dauer><kosten></kosten><probe></probe><kommentar></kommentar><namemitkommentar>Regeneration I</namemitkommentar><bereich>Magisch</bereich><bereich>SonstMagisch</bereich></sonderfertigkeit><sonderfertigkeit><nameausfuehrlich>Repräsentation: Magier</nameausfuehrlich><name>Magier</name><bezeichner>Repräsentation: Magier</bezeichner><wirkung></wirkung><dauer></dauer><kosten></kosten><probe></probe><kommentar></kommentar><namemitkommentar>Magier</namemitkommentar><bereich>Magisch</bereich><bereich>Repräsentation</bereich></sonderfertigkeit><sonderfertigkeit><nameausfuehrlich>Ritualkenntnis: Gildenmagie</nameausfuehrlich><name>Ritualkenntnis: Gildenmagie</name><bezeichner>Ritualkenntnis: Gildenmagie</bezeichner><wirkung></wirkung><dauer></dauer><kosten></kosten><probe></probe><kommentar></kommentar><namemitkommentar>Ritualkenntnis: Gildenmagie</namemitkommentar><bereich>Magisch</bereich><bereich>Ritualkenntnis</bereich></sonderfertigkeit><sonderfertigkeit><nameausfuehrlich>Rüstungsgewöhnung I (Gambeson)</nameausfuehrlich><name>Rüstungsgewöhnung I (Gambeson)</name><bezeichner>Rüstungsgewöhnung I</bezeichner><auswahlen><auswahl><name>Gambeson</name><feld feldname="1" nr="1">Gambeson</feld></auswahl></auswahlen><namemitkommentar>Rüstungsgewöhnung I (Gambeson)</namemitkommentar><bereich>Nahkampf</bereich><bereich>Kampf</bereich></sonderfertigkeit><sonderfertigkeit><nameausfuehrlich>Stabzauber: Bindung</nameausfuehrlich><name>Stabzauber: Bindung</name><bezeichner>Stabzauber: Bindung</bezeichner><wirkung></wirkung><dauer></dauer><kosten></kosten><probe></probe><kommentar></kommentar><namemitkommentar>Stabzauber: Bindung</namemitkommentar><bereich>Magisch</bereich><bereich>Ritual</bereich></sonderfertigkeit><sonderfertigkeit><nameausfuehrlich>Stabzauber: Fackel</nameausfuehrlich><name>Stabzauber: Fackel</name><bezeichner>Stabzauber: Fackel</bezeichner><wirkung></wirkung><dauer></dauer><kosten></kosten><probe></probe><kommentar></kommentar><namemitkommentar>Stabzauber: Fackel</namemitkommentar><bereich>Magisch</bereich><bereich>Ritual</bereich></sonderfertigkeit><sonderfertigkeit><nameausfuehrlich>Stabzauber: Hammer des Magus</nameausfuehrlich><name>Stabzauber: Hammer des Magus</name><bezeichner>Stabzauber: Hammer des Magus</bezeichner><wirkung></wirkung><dauer></dauer><kosten></kosten><probe></probe><kommentar></kommentar><namemitkommentar>Stabzauber: Hammer des Magus</namemitkommentar><bereich>Magisch</bereich><bereich>Ritual</bereich></sonderfertigkeit></sonderfertigkeiten><verbilligtesonderfertigkeiten><verbilligtesonderfertigkeit><nameausfuehrlich>Meisterparade</nameausfuehrlich></verbilligtesonderfertigkeit><verbilligtesonderfertigkeit><nameausfuehrlich>Aufmerksamkeit</nameausfuehrlich></verbilligtesonderfertigkeit><verbilligtesonderfertigkeit><nameausfuehrlich>Merkmalskenntnis: Eigenschaften</nameausfuehrlich></verbilligtesonderfertigkeit><verbilligtesonderfertigkeit><nameausfuehrlich>Regeneration I</nameausfuehrlich></verbilligtesonderfertigkeit><verbilligtesonderfertigkeit><nameausfuehrlich>Regeneration II</nameausfuehrlich></verbilligtesonderfertigkeit></verbilligtesonderfertigkeiten><talentliste><talent><name>Armbrust</name><meisterhandwerk>false</meisterhandwerk><leittalent>false</leittalent><basis>false</basis><nameausfuehrlich>Armbrust</nameausfuehrlich><wert>1</wert><probe>GE/FF/KK</probe><probenwerte>12/11/11</probenwerte><nameausfuehrlichmitprobe>Armbrust (GE/FF/KK)</nameausfuehrlichmitprobe><at>8</at><pa></pa><behinderung>BE-5</behinderung><mirakelplus>false</mirakelplus><mirakelminus>false</mirakelminus><metatalent>false</metatalent><bereich>Kampf</bereich><komplexität>C</komplexität><lernkomplexität>C</lernkomplexität><spezialisierungen></spezialisierungen></talent><talent><name>Dolche</name><meisterhandwerk>false</meisterhandwerk><leittalent>false</leittalent><basis>true</basis><nameausfuehrlich>Dolche  (B)</nameausfuehrlich><wert>1</wert><probe>GE/GE/KK</probe><probenwerte>12/12/11</probenwerte><nameausfuehrlichmitprobe>Dolche  (B)(GE/GE/KK)</nameausfuehrlichmitprobe><at>7</at><pa>8</pa><behinderung>BE-1</behinderung><mirakelplus>false</mirakelplus><mirakelminus>false</mirakelminus><metatalent>false</metatalent><bereich>Kampf</bereich><komplexität>D</komplexität><lernkomplexität>D</lernkomplexität><spezialisierungen></spezialisierungen></talent><talent><name>Hiebwaffen</name><meisterhandwerk>false</meisterhandwerk><leittalent>false</leittalent><basis>true</basis><nameausfuehrlich>Hiebwaffen  (B)</nameausfuehrlich><wert>0</wert><probe>GE/GE/KK</probe><probenwerte>12/12/11</probenwerte><nameausfuehrlichmitprobe>Hiebwaffen  (B)(GE/GE/KK)</nameausfuehrlichmitprobe><at>7</at><pa>7</pa><behinderung>BE-4</behinderung><mirakelplus>false</mirakelplus><mirakelminus>false</mirakelminus><metatalent>false</metatalent><bereich>Kampf</bereich><komplexität>D</komplexität><lernkomplexität>D</lernkomplexität><spezialisierungen></spezialisierungen></talent><talent><name>Infanteriewaffen</name><meisterhandwerk>false</meisterhandwerk><leittalent>false</leittalent><basis>false</basis><nameausfuehrlich>Infanteriewaffen</nameausfuehrlich><wert>1</wert><probe>GE/GE/KK</probe><probenwerte>12/12/11</probenwerte><nameausfuehrlichmitprobe>Infanteriewaffen (GE/GE/KK)</nameausfuehrlichmitprobe><at>7</at><pa>8</pa><behinderung>BE-3</behinderung><mirakelplus>false</mirakelplus><mirakelminus>false</mirakelminus><metatalent>false</metatalent><bereich>Kampf</bereich><komplexität>D</komplexität><lernkomplexität>D</lernkomplexität><spezialisierungen></spezialisierungen></talent><talent><name>Raufen</name><meisterhandwerk>false</meisterhandwerk><leittalent>false</leittalent><basis>true</basis><nameausfuehrlich>Raufen  (B)</nameausfuehrlich><wert>3</wert><probe>GE/GE/KK</probe><probenwerte>12/12/11</probenwerte><nameausfuehrlichmitprobe>Raufen  (B)(GE/GE/KK)</nameausfuehrlichmitprobe><at>7</at><pa>10</pa><behinderung>BE</behinderung><mirakelplus>false</mirakelplus><mirakelminus>false</mirakelminus><metatalent>false</metatalent><bereich>Kampf</bereich><komplexität>C</komplexität><lernkomplexität>C</lernkomplexität><spezialisierungen></spezialisierungen></talent><talent><name>Ringen</name><meisterhandwerk>false</meisterhandwerk><leittalent>false</leittalent><basis>true</basis><nameausfuehrlich>Ringen  (B)</nameausfuehrlich><wert>2</wert><probe>GE/GE/KK</probe><probenwerte>12/12/11</probenwerte><nameausfuehrlichmitprobe>Ringen  (B)(GE/GE/KK)</nameausfuehrlichmitprobe><at>7</at><pa>9</pa><behinderung>BE</behinderung><mirakelplus>false</mirakelplus><mirakelminus>false</mirakelminus><metatalent>false</metatalent><bereich>Kampf</bereich><komplexität>D</komplexität><lernkomplexität>D</lernkomplexität><spezialisierungen></spezialisierungen></talent><talent><name>Säbel</name><meisterhandwerk>false</meisterhandwerk><leittalent>false</leittalent><basis>true</basis><nameausfuehrlich>Säbel  (B)</nameausfuehrlich><wert>0</wert><probe>GE/GE/KK</probe><probenwerte>12/12/11</probenwerte><nameausfuehrlichmitprobe>Säbel  (B)(GE/GE/KK)</nameausfuehrlichmitprobe><at>7</at><pa>7</pa><behinderung>BE-2</behinderung><mirakelplus>false</mirakelplus><mirakelminus>false</mirakelminus><metatalent>false</metatalent><bereich>Kampf</bereich><komplexität>D</komplexität><lernkomplexität>D</lernkomplexität><spezialisierungen></spezialisierungen></talent><talent><name>Schwerter</name><meisterhandwerk>false</meisterhandwerk><leittalent>false</leittalent><basis>false</basis><nameausfuehrlich>Schwerter</nameausfuehrlich><wert>7</wert><probe>GE/GE/KK</probe><probenwerte>12/12/11</probenwerte><nameausfuehrlichmitprobe>Schwerter (GE/GE/KK)</nameausfuehrlichmitprobe><at>7</at><pa>11</pa><behinderung>BE-2</behinderung><mirakelplus>false</mirakelplus><mirakelminus>false</mirakelminus><metatalent>false</metatalent><bereich>Kampf</bereich><komplexität>E</komplexität><lernkomplexität>E</lernkomplexität><spezialisierungen></spezialisierungen></talent><talent><name>Stäbe</name><meisterhandwerk>false</meisterhandwerk><leittalent>false</leittalent><basis>false</basis><nameausfuehrlich>Stäbe</nameausfuehrlich><wert>8</wert><probe>GE/GE/KK</probe><probenwerte>12/12/11</probenwerte><nameausfuehrlichmitprobe>Stäbe (GE/GE/KK)</nameausfuehrlichmitprobe><at>12</at><pa>10</pa><behinderung>BE-2</behinderung><mirakelplus>false</mirakelplus><mirakelminus>false</mirakelminus><metatalent>false</metatalent><bereich>Kampf</bereich><komplexität>D</komplexität><lernkomplexität>D</lernkomplexität><spezialisierungen></spezialisierungen></talent><talent><name>Wurfmesser</name><meisterhandwerk>false</meisterhandwerk><leittalent>false</leittalent><basis>true</basis><nameausfuehrlich>Wurfmesser  (B)</nameausfuehrlich><wert>0</wert><probe>GE/FF/KK</probe><probenwerte>12/11/11</probenwerte><nameausfuehrlichmitprobe>Wurfmesser  (B)(GE/FF/KK)</nameausfuehrlichmitprobe><at>7</at><pa></pa><behinderung>BE-3</behinderung><mirakelplus>false</mirakelplus><mirakelminus>false</mirakelminus><metatalent>false</metatalent><bereich>Kampf</bereich><komplexität>C</komplexität><lernkomplexität>C</lernkomplexität><spezialisierungen></spezialisierungen></talent><talent><name>Athletik</name><meisterhandwerk>false</meisterhandwerk><leittalent>false</leittalent><basis>true</basis><nameausfuehrlich>Athletik  (B)</nameausfuehrlich><wert>3</wert><probe>GE/KO/KK</probe><probenwerte>12/14/11</probenwerte><nameausfuehrlichmitprobe>Athletik  (B)(GE/KO/KK)</nameausfuehrlichmitprobe><behinderung>BEx2</behinderung><mirakelplus>false</mirakelplus><mirakelminus>false</mirakelminus><metatalent>false</metatalent><bereich>Körperlich</bereich><komplexität>D</komplexität><lernkomplexität>D</lernkomplexität><spezialisierungen></spezialisierungen></talent><talent><name>Klettern</name><meisterhandwerk>false</meisterhandwerk><leittalent>false</leittalent><basis>true</basis><nameausfuehrlich>Klettern  (B)</nameausfuehrlich><wert>2</wert><probe>MU/GE/KK</probe><probenwerte>12/12/11</probenwerte><nameausfuehrlichmitprobe>Klettern  (B)(MU/GE/KK)</nameausfuehrlichmitprobe><behinderung>BEx2</behinderung><mirakelplus>false</mirakelplus><mirakelminus>false</mirakelminus><metatalent>false</metatalent><bereich>Körperlich</bereich><komplexität>D</komplexität><lernkomplexität>D</lernkomplexität><spezialisierungen></spezialisierungen></talent><talent><name>Körperbeherrschung</name><meisterhandwerk>false</meisterhandwerk><leittalent>false</leittalent><basis>true</basis><nameausfuehrlich>Körperbeherrschung  (B)</nameausfuehrlich><wert>6</wert><probe>MU/IN/GE</probe><probenwerte>12/14/12</probenwerte><nameausfuehrlichmitprobe>Körperbeherrschung  (B)(MU/IN/GE)</nameausfuehrlichmitprobe><behinderung>BEx2</behinderung><mirakelplus>false</mirakelplus><mirakelminus>false</mirakelminus><metatalent>false</metatalent><bereich>Körperlich</bereich><komplexität>D</komplexität><lernkomplexität>D</lernkomplexität><spezialisierungen></spezialisierungen></talent><talent><name>Reiten</name><meisterhandwerk>false</meisterhandwerk><leittalent>false</leittalent><basis>false</basis><nameausfuehrlich>Reiten</nameausfuehrlich><wert>2</wert><probe>CH/GE/KK</probe><probenwerte>12/12/11</probenwerte><nameausfuehrlichmitprobe>Reiten (CH/GE/KK)</nameausfuehrlichmitprobe><behinderung>BE-2</behinderung><mirakelplus>false</mirakelplus><mirakelminus>false</mirakelminus><metatalent>false</metatalent><bereich>Körperlich</bereich><komplexität>D</komplexität><lernkomplexität>D</lernkomplexität><spezialisierungen></spezialisierungen></talent><talent><name>Schleichen</name><meisterhandwerk>false</meisterhandwerk><leittalent>false</leittalent><basis>true</basis><nameausfuehrlich>Schleichen  (B)</nameausfuehrlich><wert>1</wert><probe>MU/IN/GE</probe><probenwerte>12/14/12</probenwerte><nameausfuehrlichmitprobe>Schleichen  (B)(MU/IN/GE)</nameausfuehrlichmitprobe><behinderung>BE</behinderung><mirakelplus>false</mirakelplus><mirakelminus>false</mirakelminus><metatalent>false</metatalent><bereich>Körperlich</bereich><komplexität>D</komplexität><lernkomplexität>D</lernkomplexität><spezialisierungen></spezialisierungen></talent><talent><name>Schwimmen</name><meisterhandwerk>false</meisterhandwerk><leittalent>false</leittalent><basis>true</basis><nameausfuehrlich>Schwimmen  (B)</nameausfuehrlich><wert>1</wert><probe>GE/KO/KK</probe><probenwerte>12/14/11</probenwerte><nameausfuehrlichmitprobe>Schwimmen  (B)(GE/KO/KK)</nameausfuehrlichmitprobe><behinderung>BEx2</behinderung><mirakelplus>false</mirakelplus><mirakelminus>false</mirakelminus><metatalent>false</metatalent><bereich>Körperlich</bereich><komplexität>D</komplexität><lernkomplexität>D</lernkomplexität><spezialisierungen></spezialisierungen></talent><talent><name>Selbstbeherrschung</name><meisterhandwerk>false</meisterhandwerk><leittalent>false</leittalent><basis>true</basis><nameausfuehrlich>Selbstbeherrschung  (B)</nameausfuehrlich><wert>4</wert><probe>MU/KO/KK</probe><probenwerte>12/14/11</probenwerte><nameausfuehrlichmitprobe>Selbstbeherrschung  (B)(MU/KO/KK)</nameausfuehrlichmitprobe><behinderung></behinderung><mirakelplus>false</mirakelplus><mirakelminus>false</mirakelminus><metatalent>false</metatalent><bereich>Körperlich</bereich><komplexität>D</komplexität><lernkomplexität>D</lernkomplexität><spezialisierungen></spezialisierungen></talent><talent><name>Sich verstecken</name><meisterhandwerk>false</meisterhandwerk><leittalent>false</leittalent><basis>true</basis><nameausfuehrlich>Sich verstecken  (B)</nameausfuehrlich><wert>0</wert><probe>MU/IN/GE</probe><probenwerte>12/14/12</probenwerte><nameausfuehrlichmitprobe>Sich verstecken  (B)(MU/IN/GE)</nameausfuehrlichmitprobe><behinderung>BE-2</behinderung><mirakelplus>false</mirakelplus><mirakelminus>false</mirakelminus><metatalent>false</metatalent><bereich>Körperlich</bereich><komplexität>D</komplexität><lernkomplexität>D</lernkomplexität><spezialisierungen></spezialisierungen></talent><talent><name>Singen</name><meisterhandwerk>false</meisterhandwerk><leittalent>false</leittalent><basis>true</basis><nameausfuehrlich>Singen  (B)</nameausfuehrlich><wert>1</wert><probe>IN/CH/CH</probe><probenwerte>14/12/12</probenwerte><nameausfuehrlichmitprobe>Singen  (B)(IN/CH/CH)</nameausfuehrlichmitprobe><behinderung>BE-3</behinderung><mirakelplus>false</mirakelplus><mirakelminus>false</mirakelminus><metatalent>false</metatalent><bereich>Körperlich</bereich><komplexität>D</komplexität><lernkomplexität>D</lernkomplexität><spezialisierungen></spezialisierungen></talent><talent><name>Sinnenschärfe</name><meisterhandwerk>false</meisterhandwerk><leittalent>false</leittalent><basis>true</basis><nameausfuehrlich>Sinnenschärfe  (B)</nameausfuehrlich><wert>6</wert><probe>KL/IN/IN</probe><probenwerte>14/14/14</probenwerte><nameausfuehrlichmitprobe>Sinnenschärfe  (B)(KL/IN/IN)</nameausfuehrlichmitprobe><behinderung>0-&gt;BE</behinderung><mirakelplus>false</mirakelplus><mirakelminus>false</mirakelminus><metatalent>false</metatalent><bereich>Körperlich</bereich><komplexität>D</komplexität><lernkomplexität>D</lernkomplexität><spezialisierungen></spezialisierungen></talent><talent><name>Tanzen</name><meisterhandwerk>false</meisterhandwerk><leittalent>false</leittalent><basis>true</basis><nameausfuehrlich>Tanzen  (B)</nameausfuehrlich><wert>1</wert><probe>CH/GE/GE</probe><probenwerte>12/12/12</probenwerte><nameausfuehrlichmitprobe>Tanzen  (B)(CH/GE/GE)</nameausfuehrlichmitprobe><behinderung>BEx2</behinderung><mirakelplus>false</mirakelplus><mirakelminus>false</mirakelminus><metatalent>false</metatalent><bereich>Körperlich</bereich><komplexität>D</komplexität><lernkomplexität>D</lernkomplexität><spezialisierungen></spezialisierungen></talent><talent><name>Zechen</name><meisterhandwerk>false</meisterhandwerk><leittalent>false</leittalent><basis>true</basis><nameausfuehrlich>Zechen  (B)</nameausfuehrlich><wert>0</wert><probe>IN/KO/KK</probe><probenwerte>14/14/11</probenwerte><nameausfuehrlichmitprobe>Zechen  (B)(IN/KO/KK)</nameausfuehrlichmitprobe><behinderung></behinderung><mirakelplus>false</mirakelplus><mirakelminus>false</mirakelminus><metatalent>false</metatalent><bereich>Körperlich</bereich><komplexität>D</komplexität><lernkomplexität>D</lernkomplexität><spezialisierungen></spezialisierungen></talent><talent><name>Etikette</name><meisterhandwerk>false</meisterhandwerk><leittalent>false</leittalent><basis>false</basis><nameausfuehrlich>Etikette</nameausfuehrlich><wert>4</wert><probe>KL/IN/CH</probe><probenwerte>14/14/12</probenwerte><nameausfuehrlichmitprobe>Etikette (KL/IN/CH)</nameausfuehrlichmitprobe><behinderung></behinderung><mirakelplus>false</mirakelplus><mirakelminus>false</mirakelminus><metatalent>false</metatalent><bereich>Gesellschaft</bereich><komplexität>B</komplexität><lernkomplexität>B</lernkomplexität><spezialisierungen></spezialisierungen></talent><talent><name>Gassenwissen</name><meisterhandwerk>false</meisterhandwerk><leittalent>false</leittalent><basis>false</basis><nameausfuehrlich>Gassenwissen</nameausfuehrlich><wert>1</wert><probe>KL/IN/CH</probe><probenwerte>14/14/12</probenwerte><nameausfuehrlichmitprobe>Gassenwissen (KL/IN/CH)</nameausfuehrlichmitprobe><behinderung></behinderung><mirakelplus>false</mirakelplus><mirakelminus>false</mirakelminus><metatalent>false</metatalent><bereich>Gesellschaft</bereich><komplexität>B</komplexität><lernkomplexität>B</lernkomplexität><spezialisierungen></spezialisierungen></talent><talent><name>Lehren</name><meisterhandwerk>false</meisterhandwerk><leittalent>false</leittalent><basis>false</basis><nameausfuehrlich>Lehren</nameausfuehrlich><wert>3</wert><probe>KL/IN/CH</probe><probenwerte>14/14/12</probenwerte><nameausfuehrlichmitprobe>Lehren (KL/IN/CH)</nameausfuehrlichmitprobe><behinderung></behinderung><mirakelplus>false</mirakelplus><mirakelminus>false</mirakelminus><metatalent>false</metatalent><bereich>Gesellschaft</bereich><komplexität>B</komplexität><lernkomplexität>B</lernkomplexität><spezialisierungen></spezialisierungen></talent><talent><name>Menschenkenntnis</name><meisterhandwerk>false</meisterhandwerk><leittalent>false</leittalent><basis>true</basis><nameausfuehrlich>Menschenkenntnis  (B)</nameausfuehrlich><wert>6</wert><probe>KL/IN/CH</probe><probenwerte>14/14/12</probenwerte><nameausfuehrlichmitprobe>Menschenkenntnis  (B)(KL/IN/CH)</nameausfuehrlichmitprobe><behinderung></behinderung><mirakelplus>false</mirakelplus><mirakelminus>false</mirakelminus><metatalent>false</metatalent><bereich>Gesellschaft</bereich><komplexität>B</komplexität><lernkomplexität>B</lernkomplexität><spezialisierungen></spezialisierungen></talent><talent><name>Überreden</name><meisterhandwerk>false</meisterhandwerk><leittalent>false</leittalent><basis>true</basis><nameausfuehrlich>Überreden  (B)</nameausfuehrlich><wert>3</wert><probe>MU/IN/CH</probe><probenwerte>12/14/12</probenwerte><nameausfuehrlichmitprobe>Überreden  (B)(MU/IN/CH)</nameausfuehrlichmitprobe><behinderung></behinderung><mirakelplus>false</mirakelplus><mirakelminus>false</mirakelminus><metatalent>false</metatalent><bereich>Gesellschaft</bereich><komplexität>B</komplexität><lernkomplexität>B</lernkomplexität><spezialisierungen></spezialisierungen></talent><talent><name>Überzeugen</name><meisterhandwerk>false</meisterhandwerk><leittalent>false</leittalent><basis>false</basis><nameausfuehrlich>Überzeugen</nameausfuehrlich><wert>1</wert><probe>KL/IN/CH</probe><probenwerte>14/14/12</probenwerte><nameausfuehrlichmitprobe>Überzeugen (KL/IN/CH)</nameausfuehrlichmitprobe><behinderung></behinderung><mirakelplus>false</mirakelplus><mirakelminus>false</mirakelminus><metatalent>false</metatalent><bereich>Gesellschaft</bereich><komplexität>B</komplexität><lernkomplexität>B</lernkomplexität><spezialisierungen></spezialisierungen></talent><talent><name>Ansitzjagd incl Waffe</name><meisterhandwerk>false</meisterhandwerk><leittalent>false</leittalent><basis>false</basis><nameausfuehrlich>Ansitzjagd incl Waffe</nameausfuehrlich><wert>0</wert><probe>MU/IN/GE</probe><probenwerte>12/14/12</probenwerte><nameausfuehrlichmitprobe>Ansitzjagd incl Waffe (MU/IN/GE)</nameausfuehrlichmitprobe><behinderung></behinderung><mirakelplus>false</mirakelplus><mirakelminus>false</mirakelminus><metatalent>true</metatalent><bereich>Natur</bereich><komplexität>B</komplexität><lernkomplexität>B</lernkomplexität><spezialisierungen></spezialisierungen></talent><talent><name>Fährtensuchen</name><meisterhandwerk>false</meisterhandwerk><leittalent>false</leittalent><basis>true</basis><nameausfuehrlich>Fährtensuchen  (B)</nameausfuehrlich><wert>0</wert><probe>KL/IN/KO</probe><probenwerte>14/14/14</probenwerte><nameausfuehrlichmitprobe>Fährtensuchen  (B)(KL/IN/KO)</nameausfuehrlichmitprobe><behinderung></behinderung><mirakelplus>false</mirakelplus><mirakelminus>false</mirakelminus><metatalent>false</metatalent><bereich>Natur</bereich><komplexität>B</komplexität><lernkomplexität>B</lernkomplexität><spezialisierungen></spezialisierungen></talent><talent><name>Fesseln/Entfesseln</name><meisterhandwerk>false</meisterhandwerk><leittalent>false</leittalent><basis>false</basis><nameausfuehrlich>Fesseln/Entfesseln</nameausfuehrlich><wert>1</wert><probe>FF/GE/KK</probe><probenwerte>11/12/11</probenwerte><nameausfuehrlichmitprobe>Fesseln/Entfesseln (FF/GE/KK)</nameausfuehrlichmitprobe><behinderung>-/BE</behinderung><mirakelplus>false</mirakelplus><mirakelminus>false</mirakelminus><metatalent>false</metatalent><bereich>Natur</bereich><komplexität>B</komplexität><lernkomplexität>B</lernkomplexität><spezialisierungen></spezialisierungen></talent><talent><name>Fischen/Angeln</name><meisterhandwerk>false</meisterhandwerk><leittalent>false</leittalent><basis>false</basis><nameausfuehrlich>Fischen/Angeln</nameausfuehrlich><wert>1</wert><probe>IN/FF/KK</probe><probenwerte>14/11/11</probenwerte><nameausfuehrlichmitprobe>Fischen/Angeln (IN/FF/KK)</nameausfuehrlichmitprobe><behinderung></behinderung><mirakelplus>false</mirakelplus><mirakelminus>false</mirakelminus><metatalent>false</metatalent><bereich>Natur</bereich><komplexität>B</komplexität><lernkomplexität>B</lernkomplexität><spezialisierungen></spezialisierungen></talent><talent><name>Kräuter suchen</name><meisterhandwerk>false</meisterhandwerk><leittalent>false</leittalent><basis>false</basis><nameausfuehrlich>Kräuter suchen</nameausfuehrlich><wert>2</wert><probe>MU/IN/FF</probe><probenwerte>12/14/11</probenwerte><nameausfuehrlichmitprobe>Kräuter suchen (MU/IN/FF)</nameausfuehrlichmitprobe><behinderung></behinderung><mirakelplus>false</mirakelplus><mirakelminus>false</mirakelminus><metatalent>true</metatalent><bereich>Natur</bereich><komplexität>B</komplexität><lernkomplexität>B</lernkomplexität><spezialisierungen></spezialisierungen></talent><talent><name>Nahrung sammeln</name><meisterhandwerk>false</meisterhandwerk><leittalent>false</leittalent><basis>false</basis><nameausfuehrlich>Nahrung sammeln</nameausfuehrlich><wert>2</wert><probe>MU/IN/FF</probe><probenwerte>12/14/11</probenwerte><nameausfuehrlichmitprobe>Nahrung sammeln (MU/IN/FF)</nameausfuehrlichmitprobe><behinderung></behinderung><mirakelplus>false</mirakelplus><mirakelminus>false</mirakelminus><metatalent>true</metatalent><bereich>Natur</bereich><komplexität>B</komplexität><lernkomplexität>B</lernkomplexität><spezialisierungen></spezialisierungen></talent><talent><name>Orientierung</name><meisterhandwerk>false</meisterhandwerk><leittalent>false</leittalent><basis>true</basis><nameausfuehrlich>Orientierung  (B)</nameausfuehrlich><wert>2</wert><probe>KL/IN/IN</probe><probenwerte>14/14/14</probenwerte><nameausfuehrlichmitprobe>Orientierung  (B)(KL/IN/IN)</nameausfuehrlichmitprobe><behinderung></behinderung><mirakelplus>false</mirakelplus><mirakelminus>false</mirakelminus><metatalent>false</metatalent><bereich>Natur</bereich><komplexität>B</komplexität><lernkomplexität>B</lernkomplexität><spezialisierungen></spezialisierungen></talent><talent><name>Pirschjagd incl Waffe</name><meisterhandwerk>false</meisterhandwerk><leittalent>false</leittalent><basis>false</basis><nameausfuehrlich>Pirschjagd incl Waffe</nameausfuehrlich><wert>0</wert><probe>MU/IN/GE</probe><probenwerte>12/14/12</probenwerte><nameausfuehrlichmitprobe>Pirschjagd incl Waffe (MU/IN/GE)</nameausfuehrlichmitprobe><behinderung></behinderung><mirakelplus>false</mirakelplus><mirakelminus>false</mirakelminus><metatalent>true</metatalent><bereich>Natur</bereich><komplexität>B</komplexität><lernkomplexität>B</lernkomplexität><spezialisierungen></spezialisierungen></talent><talent><name>Wildnisleben</name><meisterhandwerk>false</meisterhandwerk><leittalent>false</leittalent><basis>true</basis><nameausfuehrlich>Wildnisleben  (B)</nameausfuehrlich><wert>1</wert><probe>IN/GE/KO</probe><probenwerte>14/12/14</probenwerte><nameausfuehrlichmitprobe>Wildnisleben  (B)(IN/GE/KO)</nameausfuehrlichmitprobe><behinderung></behinderung><mirakelplus>false</mirakelplus><mirakelminus>false</mirakelminus><metatalent>false</metatalent><bereich>Natur</bereich><komplexität>B</komplexität><lernkomplexität>B</lernkomplexität><spezialisierungen></spezialisierungen></talent><talent><name>Geografie</name><meisterhandwerk>false</meisterhandwerk><leittalent>false</leittalent><basis>false</basis><nameausfuehrlich>Geografie</nameausfuehrlich><wert>4</wert><probe>KL/KL/IN</probe><probenwerte>14/14/14</probenwerte><nameausfuehrlichmitprobe>Geografie (KL/KL/IN)</nameausfuehrlichmitprobe><behinderung></behinderung><mirakelplus>false</mirakelplus><mirakelminus>false</mirakelminus><metatalent>false</metatalent><bereich>Wissen</bereich><komplexität>B</komplexität><lernkomplexität>B</lernkomplexität><spezialisierungen></spezialisierungen></talent><talent><name>Geschichtswissen</name><meisterhandwerk>false</meisterhandwerk><leittalent>false</leittalent><basis>false</basis><nameausfuehrlich>Geschichtswissen</nameausfuehrlich><wert>4</wert><probe>KL/KL/IN</probe><probenwerte>14/14/14</probenwerte><nameausfuehrlichmitprobe>Geschichtswissen (KL/KL/IN)</nameausfuehrlichmitprobe><behinderung></behinderung><mirakelplus>false</mirakelplus><mirakelminus>false</mirakelminus><metatalent>false</metatalent><bereich>Wissen</bereich><komplexität>B</komplexität><lernkomplexität>B</lernkomplexität><spezialisierungen></spezialisierungen></talent><talent><name>Götter und Kulte</name><meisterhandwerk>false</meisterhandwerk><leittalent>false</leittalent><basis>true</basis><nameausfuehrlich>Götter und Kulte  (B)</nameausfuehrlich><wert>7</wert><probe>KL/KL/IN</probe><probenwerte>14/14/14</probenwerte><nameausfuehrlichmitprobe>Götter und Kulte  (B)(KL/KL/IN)</nameausfuehrlichmitprobe><behinderung></behinderung><mirakelplus>false</mirakelplus><mirakelminus>false</mirakelminus><metatalent>false</metatalent><bereich>Wissen</bereich><komplexität>B</komplexität><lernkomplexität>B</lernkomplexität><spezialisierungen></spezialisierungen></talent><talent><name>Heraldik</name><meisterhandwerk>false</meisterhandwerk><leittalent>false</leittalent><basis>false</basis><nameausfuehrlich>Heraldik</nameausfuehrlich><wert>3</wert><probe>KL/KL/FF</probe><probenwerte>14/14/11</probenwerte><nameausfuehrlichmitprobe>Heraldik (KL/KL/FF)</nameausfuehrlichmitprobe><behinderung></behinderung><mirakelplus>false</mirakelplus><mirakelminus>false</mirakelminus><metatalent>false</metatalent><bereich>Wissen</bereich><komplexität>B</komplexität><lernkomplexität>B</lernkomplexität><spezialisierungen></spezialisierungen></talent><talent><name>Kriegskunst</name><meisterhandwerk>false</meisterhandwerk><leittalent>false</leittalent><basis>false</basis><nameausfuehrlich>Kriegskunst</nameausfuehrlich><wert>4</wert><probe>MU/KL/CH</probe><probenwerte>12/14/12</probenwerte><nameausfuehrlichmitprobe>Kriegskunst (MU/KL/CH)</nameausfuehrlichmitprobe><behinderung></behinderung><mirakelplus>false</mirakelplus><mirakelminus>false</mirakelminus><metatalent>false</metatalent><bereich>Wissen</bereich><komplexität>B</komplexität><lernkomplexität>B</lernkomplexität><spezialisierungen></spezialisierungen></talent><talent><name>Magiekunde</name><meisterhandwerk>false</meisterhandwerk><leittalent>false</leittalent><basis>false</basis><nameausfuehrlich>Magiekunde</nameausfuehrlich><wert>4</wert><probe>KL/KL/IN</probe><probenwerte>14/14/14</probenwerte><nameausfuehrlichmitprobe>Magiekunde (KL/KL/IN)</nameausfuehrlichmitprobe><behinderung></behinderung><mirakelplus>false</mirakelplus><mirakelminus>false</mirakelminus><metatalent>false</metatalent><bereich>Wissen</bereich><komplexität>B</komplexität><lernkomplexität>B</lernkomplexität><spezialisierungen></spezialisierungen></talent><talent><name>Mechanik</name><meisterhandwerk>false</meisterhandwerk><leittalent>false</leittalent><basis>false</basis><nameausfuehrlich>Mechanik</nameausfuehrlich><wert>2</wert><probe>KL/KL/FF</probe><probenwerte>14/14/11</probenwerte><nameausfuehrlichmitprobe>Mechanik (KL/KL/FF)</nameausfuehrlichmitprobe><behinderung></behinderung><mirakelplus>false</mirakelplus><mirakelminus>false</mirakelminus><metatalent>false</metatalent><bereich>Wissen</bereich><komplexität>B</komplexität><lernkomplexität>B</lernkomplexität><spezialisierungen></spezialisierungen></talent><talent><name>Pflanzenkunde</name><meisterhandwerk>false</meisterhandwerk><leittalent>false</leittalent><basis>false</basis><nameausfuehrlich>Pflanzenkunde</nameausfuehrlich><wert>2</wert><probe>KL/IN/FF</probe><probenwerte>14/14/11</probenwerte><nameausfuehrlichmitprobe>Pflanzenkunde (KL/IN/FF)</nameausfuehrlichmitprobe><behinderung></behinderung><mirakelplus>false</mirakelplus><mirakelminus>false</mirakelminus><metatalent>false</metatalent><bereich>Wissen</bereich><komplexität>B</komplexität><lernkomplexität>B</lernkomplexität><spezialisierungen></spezialisierungen></talent><talent><name>Rechnen</name><meisterhandwerk>false</meisterhandwerk><leittalent>false</leittalent><basis>true</basis><nameausfuehrlich>Rechnen  (B)</nameausfuehrlich><wert>7</wert><probe>KL/KL/IN</probe><probenwerte>14/14/14</probenwerte><nameausfuehrlichmitprobe>Rechnen  (B)(KL/KL/IN)</nameausfuehrlichmitprobe><behinderung></behinderung><mirakelplus>false</mirakelplus><mirakelminus>false</mirakelminus><metatalent>false</metatalent><bereich>Wissen</bereich><komplexität>B</komplexität><lernkomplexität>B</lernkomplexität><spezialisierungen></spezialisierungen></talent><talent><name>Rechtskunde</name><meisterhandwerk>false</meisterhandwerk><leittalent>false</leittalent><basis>false</basis><nameausfuehrlich>Rechtskunde</nameausfuehrlich><wert>7</wert><probe>KL/KL/IN</probe><probenwerte>14/14/14</probenwerte><nameausfuehrlichmitprobe>Rechtskunde (KL/KL/IN)</nameausfuehrlichmitprobe><behinderung></behinderung><mirakelplus>false</mirakelplus><mirakelminus>false</mirakelminus><metatalent>false</metatalent><bereich>Wissen</bereich><komplexität>B</komplexität><lernkomplexität>B</lernkomplexität><spezialisierungen></spezialisierungen></talent><talent><name>Sagen und Legenden</name><meisterhandwerk>false</meisterhandwerk><leittalent>false</leittalent><basis>true</basis><nameausfuehrlich>Sagen und Legenden  (B)</nameausfuehrlich><wert>6</wert><probe>KL/IN/CH</probe><probenwerte>14/14/12</probenwerte><nameausfuehrlichmitprobe>Sagen und Legenden  (B)(KL/IN/CH)</nameausfuehrlichmitprobe><behinderung></behinderung><mirakelplus>false</mirakelplus><mirakelminus>false</mirakelminus><metatalent>false</metatalent><bereich>Wissen</bereich><komplexität>B</komplexität><lernkomplexität>B</lernkomplexität><spezialisierungen></spezialisierungen></talent><talent><name>Staatskunst</name><meisterhandwerk>false</meisterhandwerk><leittalent>false</leittalent><basis>false</basis><nameausfuehrlich>Staatskunst</nameausfuehrlich><wert>2</wert><probe>KL/IN/CH</probe><probenwerte>14/14/12</probenwerte><nameausfuehrlichmitprobe>Staatskunst (KL/IN/CH)</nameausfuehrlichmitprobe><behinderung></behinderung><mirakelplus>false</mirakelplus><mirakelminus>false</mirakelminus><metatalent>false</metatalent><bereich>Wissen</bereich><komplexität>B</komplexität><lernkomplexität>B</lernkomplexität><spezialisierungen></spezialisierungen></talent><talent><name>Sternkunde</name><meisterhandwerk>false</meisterhandwerk><leittalent>false</leittalent><basis>false</basis><nameausfuehrlich>Sternkunde</nameausfuehrlich><wert>2</wert><probe>KL/KL/IN</probe><probenwerte>14/14/14</probenwerte><nameausfuehrlichmitprobe>Sternkunde (KL/KL/IN)</nameausfuehrlichmitprobe><behinderung></behinderung><mirakelplus>false</mirakelplus><mirakelminus>false</mirakelminus><metatalent>false</metatalent><bereich>Wissen</bereich><komplexität>B</komplexität><lernkomplexität>B</lernkomplexität><spezialisierungen></spezialisierungen></talent><talent><name>Tierkunde</name><meisterhandwerk>false</meisterhandwerk><leittalent>false</leittalent><basis>false</basis><nameausfuehrlich>Tierkunde</nameausfuehrlich><wert>1</wert><probe>MU/KL/IN</probe><probenwerte>12/14/14</probenwerte><nameausfuehrlichmitprobe>Tierkunde (MU/KL/IN)</nameausfuehrlichmitprobe><behinderung></behinderung><mirakelplus>false</mirakelplus><mirakelminus>false</mirakelminus><metatalent>false</metatalent><bereich>Wissen</bereich><komplexität>B</komplexität><lernkomplexität>B</lernkomplexität><spezialisierungen></spezialisierungen></talent><talent><name>Bosparano</name><meisterhandwerk>false</meisterhandwerk><leittalent>false</leittalent><basis>false</basis><nameausfuehrlich>Bosparano</nameausfuehrlich><wert>10</wert><probe>KL/IN/CH</probe><probenwerte>14/14/12</probenwerte><nameausfuehrlichmitprobe>Bosparano (KL/IN/CH)</nameausfuehrlichmitprobe><sprachkomplexität>21</sprachkomplexität><zweitlehrsprache>true</zweitlehrsprache><behinderung></behinderung><mirakelplus>false</mirakelplus><mirakelminus>false</mirakelminus><metatalent>false</metatalent><bereich>Sprachen</bereich><komplexität>A</komplexität><lernkomplexität>A</lernkomplexität><spezialisierungen></spezialisierungen></talent><talent><name>Garethi</name><meisterhandwerk>false</meisterhandwerk><leittalent>false</leittalent><basis>false</basis><nameausfuehrlich>Garethi</nameausfuehrlich><wert>12</wert><probe>KL/IN/CH</probe><probenwerte>14/14/12</probenwerte><nameausfuehrlichmitprobe>Garethi (KL/IN/CH)</nameausfuehrlichmitprobe><sprachkomplexität>18</sprachkomplexität><muttersprache>true</muttersprache><behinderung></behinderung><mirakelplus>false</mirakelplus><mirakelminus>false</mirakelminus><metatalent>false</metatalent><bereich>Sprachen</bereich><komplexität>A</komplexität><lernkomplexität>A</lernkomplexität><spezialisierungen></spezialisierungen></talent><talent><name>Thorwalsch</name><meisterhandwerk>false</meisterhandwerk><leittalent>false</leittalent><basis>false</basis><nameausfuehrlich>Thorwalsch</nameausfuehrlich><wert>3</wert><probe>KL/IN/CH</probe><probenwerte>14/14/12</probenwerte><nameausfuehrlichmitprobe>Thorwalsch (KL/IN/CH)</nameausfuehrlichmitprobe><sprachkomplexität>18</sprachkomplexität><behinderung></behinderung><mirakelplus>false</mirakelplus><mirakelminus>false</mirakelminus><metatalent>false</metatalent><bereich>Sprachen</bereich><komplexität>A</komplexität><lernkomplexität>A</lernkomplexität><spezialisierungen></spezialisierungen></talent><talent><name>Tulamidya</name><meisterhandwerk>false</meisterhandwerk><leittalent>false</leittalent><basis>false</basis><nameausfuehrlich>Tulamidya</nameausfuehrlich><wert>6</wert><probe>KL/IN/CH</probe><probenwerte>14/14/12</probenwerte><nameausfuehrlichmitprobe>Tulamidya (KL/IN/CH)</nameausfuehrlichmitprobe><sprachkomplexität>18</sprachkomplexität><behinderung></behinderung><mirakelplus>false</mirakelplus><mirakelminus>false</mirakelminus><metatalent>false</metatalent><bereich>Sprachen</bereich><komplexität>A</komplexität><lernkomplexität>B</lernkomplexität><spezialisierungen></spezialisierungen></talent><talent><name>L/S Kusliker Zeichen</name><meisterhandwerk>false</meisterhandwerk><leittalent>false</leittalent><basis>false</basis><nameausfuehrlich>L/S Kusliker Zeichen</nameausfuehrlich><wert>5</wert><probe>KL/KL/FF</probe><probenwerte>14/14/11</probenwerte><nameausfuehrlichmitprobe>L/S Kusliker Zeichen (KL/KL/FF)</nameausfuehrlichmitprobe><sprachkomplexität>10</sprachkomplexität><schriftmuttersprache>true</schriftmuttersprache><behinderung></behinderung><mirakelplus>false</mirakelplus><mirakelminus>false</mirakelminus><metatalent>false</metatalent><bereich>Schriften</bereich><komplexität>A</komplexität><lernkomplexität>A</lernkomplexität><spezialisierungen></spezialisierungen></talent><talent><name>Alchimie</name><meisterhandwerk>false</meisterhandwerk><leittalent>false</leittalent><basis>false</basis><nameausfuehrlich>Alchimie</nameausfuehrlich><wert>4</wert><probe>MU/KL/FF</probe><probenwerte>12/14/11</probenwerte><nameausfuehrlichmitprobe>Alchimie (MU/KL/FF)</nameausfuehrlichmitprobe><behinderung></behinderung><mirakelplus>false</mirakelplus><mirakelminus>false</mirakelminus><metatalent>false</metatalent><bereich>Handwerk</bereich><komplexität>B</komplexität><lernkomplexität>B</lernkomplexität><spezialisierungen></spezialisierungen></talent><talent><name>Boote fahren</name><meisterhandwerk>false</meisterhandwerk><leittalent>false</leittalent><basis>false</basis><nameausfuehrlich>Boote fahren</nameausfuehrlich><wert>1</wert><probe>GE/KO/KK</probe><probenwerte>12/14/11</probenwerte><nameausfuehrlichmitprobe>Boote fahren (GE/KO/KK)</nameausfuehrlichmitprobe><behinderung></behinderung><mirakelplus>false</mirakelplus><mirakelminus>false</mirakelminus><metatalent>false</metatalent><bereich>Handwerk</bereich><komplexität>B</komplexität><lernkomplexität>B</lernkomplexität><spezialisierungen></spezialisierungen></talent><talent><name>Hauswirtschaft</name><meisterhandwerk>false</meisterhandwerk><leittalent>false</leittalent><basis>false</basis><nameausfuehrlich>Hauswirtschaft</nameausfuehrlich><wert>1</wert><probe>IN/CH/FF</probe><probenwerte>14/12/11</probenwerte><nameausfuehrlichmitprobe>Hauswirtschaft (IN/CH/FF)</nameausfuehrlichmitprobe><behinderung></behinderung><mirakelplus>false</mirakelplus><mirakelminus>false</mirakelminus><metatalent>false</metatalent><bereich>Handwerk</bereich><komplexität>B</komplexität><lernkomplexität>B</lernkomplexität><spezialisierungen></spezialisierungen></talent><talent><name>Heilkunde: Gift</name><meisterhandwerk>false</meisterhandwerk><leittalent>false</leittalent><basis>false</basis><nameausfuehrlich>Heilkunde: Gift</nameausfuehrlich><wert>2</wert><probe>MU/KL/IN</probe><probenwerte>12/14/14</probenwerte><nameausfuehrlichmitprobe>Heilkunde: Gift (MU/KL/IN)</nameausfuehrlichmitprobe><behinderung></behinderung><mirakelplus>false</mirakelplus><mirakelminus>false</mirakelminus><metatalent>false</metatalent><bereich>Handwerk</bereich><komplexität>B</komplexität><lernkomplexität>B</lernkomplexität><spezialisierungen></spezialisierungen></talent><talent><name>Heilkunde: Wunden</name><meisterhandwerk>false</meisterhandwerk><leittalent>false</leittalent><basis>true</basis><nameausfuehrlich>Heilkunde: Wunden  (B)</nameausfuehrlich><wert>4</wert><probe>KL/CH/FF</probe><probenwerte>14/12/11</probenwerte><nameausfuehrlichmitprobe>Heilkunde: Wunden  (B)(KL/CH/FF)</nameausfuehrlichmitprobe><behinderung></behinderung><mirakelplus>false</mirakelplus><mirakelminus>false</mirakelminus><metatalent>false</metatalent><bereich>Handwerk</bereich><komplexität>B</komplexität><lernkomplexität>B</lernkomplexität><spezialisierungen></spezialisierungen></talent><talent><name>Holzbearbeitung</name><meisterhandwerk>false</meisterhandwerk><leittalent>false</leittalent><basis>true</basis><nameausfuehrlich>Holzbearbeitung  (B)</nameausfuehrlich><wert>0</wert><probe>KL/FF/KK</probe><probenwerte>14/11/11</probenwerte><nameausfuehrlichmitprobe>Holzbearbeitung  (B)(KL/FF/KK)</nameausfuehrlichmitprobe><behinderung></behinderung><mirakelplus>false</mirakelplus><mirakelminus>false</mirakelminus><metatalent>false</metatalent><bereich>Handwerk</bereich><komplexität>B</komplexität><lernkomplexität>B</lernkomplexität><spezialisierungen></spezialisierungen></talent><talent><name>Kochen</name><meisterhandwerk>false</meisterhandwerk><leittalent>false</leittalent><basis>true</basis><nameausfuehrlich>Kochen  (B)</nameausfuehrlich><wert>0</wert><probe>KL/IN/FF</probe><probenwerte>14/14/11</probenwerte><nameausfuehrlichmitprobe>Kochen  (B)(KL/IN/FF)</nameausfuehrlichmitprobe><behinderung></behinderung><mirakelplus>false</mirakelplus><mirakelminus>false</mirakelminus><metatalent>false</metatalent><bereich>Handwerk</bereich><komplexität>B</komplexität><lernkomplexität>B</lernkomplexität><spezialisierungen></spezialisierungen></talent><talent><name>Lederarbeiten</name><meisterhandwerk>false</meisterhandwerk><leittalent>false</leittalent><basis>true</basis><nameausfuehrlich>Lederarbeiten  (B)</nameausfuehrlich><wert>2</wert><probe>KL/FF/FF</probe><probenwerte>14/11/11</probenwerte><nameausfuehrlichmitprobe>Lederarbeiten  (B)(KL/FF/FF)</nameausfuehrlichmitprobe><behinderung></behinderung><mirakelplus>false</mirakelplus><mirakelminus>false</mirakelminus><metatalent>false</metatalent><bereich>Handwerk</bereich><komplexität>B</komplexität><lernkomplexität>B</lernkomplexität><spezialisierungen></spezialisierungen></talent><talent><name>Malen/Zeichnen</name><meisterhandwerk>false</meisterhandwerk><leittalent>false</leittalent><basis>true</basis><nameausfuehrlich>Malen/Zeichnen  (B)</nameausfuehrlich><wert>4</wert><probe>KL/IN/FF</probe><probenwerte>14/14/11</probenwerte><nameausfuehrlichmitprobe>Malen/Zeichnen  (B)(KL/IN/FF)</nameausfuehrlichmitprobe><behinderung></behinderung><mirakelplus>false</mirakelplus><mirakelminus>false</mirakelminus><metatalent>false</metatalent><bereich>Handwerk</bereich><komplexität>B</komplexität><lernkomplexität>B</lernkomplexität><spezialisierungen></spezialisierungen></talent><talent><name>Schneidern</name><meisterhandwerk>false</meisterhandwerk><leittalent>false</leittalent><basis>true</basis><nameausfuehrlich>Schneidern  (B)</nameausfuehrlich><wert>0</wert><probe>KL/FF/FF</probe><probenwerte>14/11/11</probenwerte><nameausfuehrlichmitprobe>Schneidern  (B)(KL/FF/FF)</nameausfuehrlichmitprobe><behinderung></behinderung><mirakelplus>false</mirakelplus><mirakelminus>false</mirakelminus><metatalent>false</metatalent><bereich>Handwerk</bereich><komplexität>B</komplexität><lernkomplexität>B</lernkomplexität><spezialisierungen></spezialisierungen></talent><talent><name>Seefahrt</name><meisterhandwerk>false</meisterhandwerk><leittalent>false</leittalent><basis>false</basis><nameausfuehrlich>Seefahrt</nameausfuehrlich><wert>1</wert><probe>FF/GE/KK</probe><probenwerte>11/12/11</probenwerte><nameausfuehrlichmitprobe>Seefahrt (FF/GE/KK)</nameausfuehrlichmitprobe><behinderung></behinderung><mirakelplus>false</mirakelplus><mirakelminus>false</mirakelminus><metatalent>false</metatalent><bereich>Handwerk</bereich><komplexität>B</komplexität><lernkomplexität>B</lernkomplexität><spezialisierungen></spezialisierungen></talent><talent><name>Gildenmagie</name><meisterhandwerk>false</meisterhandwerk><leittalent>false</leittalent><basis>false</basis><nameausfuehrlich>Gildenmagie</nameausfuehrlich><wert>7</wert><probe>--/--/--</probe><probenwerte>1000/1000/1000</probenwerte><nameausfuehrlichmitprobe>Gildenmagie (--/--/--)</nameausfuehrlichmitprobe><behinderung></behinderung><mirakelplus>false</mirakelplus><mirakelminus>false</mirakelminus><metatalent>false</metatalent><bereich>Ritualkenntnis</bereich><komplexität>E</komplexität><lernkomplexität>E</lernkomplexität><spezialisierungen></spezialisierungen></talent></talentliste><zauberliste><zauber><name>Adamantium Erzstruktur</name><variante></variante><namemitvariante>Adamantium Erzstruktur</namemitvariante><nameausfuehrlich>Adamantium Erzstruktur</nameausfuehrlich><wert>2</wert><spezialisierungen></spezialisierungen><probe>KL/FF/KO</probe><probenwerte>14/11/14</probenwerte><bereich>Zauber</bereich><komplexität>C</komplexität><lernkomplexität>C</lernkomplexität><hauszauber>false</hauszauber><hauszauberformatiert> </hauszauberformatiert><repräsentation>Magier</repräsentation><merkmale>Elem (Erz), Objk</merkmale><zauberdauer></zauberdauer><kosten></kosten><reichweite></reichweite><wirkungsdauer></wirkungsdauer><anmerkung></anmerkung><quelle buch="LCD" seite="13">LCD: 13</quelle><kontrollwert></kontrollwert><mr></mr></zauber><zauber><name>Adlerauge Luchsenohr</name><variante></variante><namemitvariante>Adlerauge Luchsenohr</namemitvariante><nameausfuehrlich>Adlerauge Luchsenohr</nameausfuehrlich><wert>5</wert><spezialisierungen></spezialisierungen><probe>KL/IN/FF</probe><probenwerte>14/14/11</probenwerte><bereich>Zauber</bereich><komplexität>B</komplexität><lernkomplexität>A</lernkomplexität><hauszauber>true</hauszauber><hauszauberformatiert>X</hauszauberformatiert><repräsentation>Magier</repräsentation><merkmale>Eign, Hell</merkmale><zauberdauer></zauberdauer><kosten></kosten><reichweite></reichweite><wirkungsdauer></wirkungsdauer><anmerkung></anmerkung><quelle buch="LCD" seite="15">LCD: 15</quelle><kontrollwert></kontrollwert><mr></mr></zauber><zauber><name>Armatrutz</name><variante></variante><namemitvariante>Armatrutz</namemitvariante><nameausfuehrlich>Armatrutz</nameausfuehrlich><wert>7</wert><spezialisierungen></spezialisierungen><probe>IN/GE/KO</probe><probenwerte>14/12/14</probenwerte><bereich>Zauber</bereich><komplexität>B</komplexität><lernkomplexität>A</lernkomplexität><hauszauber>true</hauszauber><hauszauberformatiert>X</hauszauberformatiert><repräsentation>Magier</repräsentation><merkmale>Eign, Elem (Erz)</merkmale><zauberdauer></zauberdauer><kosten></kosten><reichweite></reichweite><wirkungsdauer></wirkungsdauer><anmerkung></anmerkung><quelle buch="LCD" seite="28">LCD: 28</quelle><kontrollwert></kontrollwert><mr></mr></zauber><zauber><name>Attributo</name><variante></variante><namemitvariante>Attributo</namemitvariante><nameausfuehrlich>Attributo</nameausfuehrlich><wert>5</wert><spezialisierungen></spezialisierungen><probe>KL/CH/**</probe><probenwerte>14/12/0</probenwerte><bereich>Zauber</bereich><komplexität>B</komplexität><lernkomplexität>A</lernkomplexität><hauszauber>true</hauszauber><hauszauberformatiert>X</hauszauberformatiert><repräsentation>Magier</repräsentation><merkmale>Eign</merkmale><zauberdauer></zauberdauer><kosten></kosten><reichweite></reichweite><wirkungsdauer></wirkungsdauer><anmerkung></anmerkung><quelle buch="LCD" seite="30">LCD: 30</quelle><kontrollwert></kontrollwert><mr></mr></zauber><zauber><name>Balsam Salabunde</name><variante></variante><namemitvariante>Balsam Salabunde</namemitvariante><nameausfuehrlich>Balsam Salabunde</nameausfuehrlich><wert>5</wert><spezialisierungen></spezialisierungen><probe>KL/IN/CH</probe><probenwerte>14/14/12</probenwerte><bereich>Zauber</bereich><komplexität>C</komplexität><lernkomplexität>C</lernkomplexität><hauszauber>false</hauszauber><hauszauberformatiert> </hauszauberformatiert><repräsentation>Magier</repräsentation><merkmale>Form, Heil</merkmale><zauberdauer></zauberdauer><kosten></kosten><reichweite></reichweite><wirkungsdauer></wirkungsdauer><anmerkung></anmerkung><quelle buch="LCD" seite="37">LCD: 37</quelle><kontrollwert></kontrollwert><mr>+Mod</mr></zauber><zauber><name>Blitz dich find</name><variante></variante><namemitvariante>Blitz dich find</namemitvariante><nameausfuehrlich>Blitz dich find</nameausfuehrlich><wert>8</wert><spezialisierungen></spezialisierungen><probe>KL/IN/GE</probe><probenwerte>14/14/12</probenwerte><bereich>Zauber</bereich><komplexität>B</komplexität><lernkomplexität>B</lernkomplexität><hauszauber>true</hauszauber><hauszauberformatiert>X</hauszauberformatiert><repräsentation>Magier</repräsentation><merkmale>Einfl</merkmale><zauberdauer></zauberdauer><kosten></kosten><reichweite></reichweite><wirkungsdauer></wirkungsdauer><anmerkung></anmerkung><quelle buch="LCD" seite="49">LCD: 49</quelle><kontrollwert></kontrollwert><mr>+MR</mr></zauber><zauber><name>Corpofrigo Kälteschock</name><variante></variante><namemitvariante>Corpofrigo Kälteschock</namemitvariante><nameausfuehrlich>Corpofrigo Kälteschock</nameausfuehrlich><wert>5</wert><spezialisierungen></spezialisierungen><probe>CH/GE/KO</probe><probenwerte>12/12/14</probenwerte><bereich>Zauber</bereich><komplexität>C</komplexität><lernkomplexität>B</lernkomplexität><hauszauber>true</hauszauber><hauszauberformatiert>X</hauszauberformatiert><repräsentation>Magier</repräsentation><merkmale>Eign, Elem (Eis)</merkmale><zauberdauer></zauberdauer><kosten></kosten><reichweite></reichweite><wirkungsdauer></wirkungsdauer><anmerkung></anmerkung><quelle buch="LCD" seite="60">LCD: 60</quelle><kontrollwert></kontrollwert><mr>+MR</mr></zauber><zauber><name>Custodosigil Diebesbann</name><variante></variante><namemitvariante>Custodosigil Diebesbann</namemitvariante><nameausfuehrlich>Custodosigil Diebesbann</nameausfuehrlich><wert>2</wert><spezialisierungen></spezialisierungen><probe>KL/FF/FF</probe><probenwerte>14/11/11</probenwerte><bereich>Zauber</bereich><komplexität>C</komplexität><lernkomplexität>C</lernkomplexität><hauszauber>false</hauszauber><hauszauberformatiert> </hauszauberformatiert><repräsentation>Magier</repräsentation><merkmale>Elem (Feu), Meta, Objk</merkmale><zauberdauer></zauberdauer><kosten></kosten><reichweite></reichweite><wirkungsdauer></wirkungsdauer><anmerkung></anmerkung><quelle buch="LCD" seite="62">LCD: 62</quelle><kontrollwert></kontrollwert><mr></mr></zauber><zauber><name>Eisenrost und Patina</name><variante></variante><namemitvariante>Eisenrost und Patina</namemitvariante><nameausfuehrlich>Eisenrost und Patina</nameausfuehrlich><wert>3</wert><spezialisierungen></spezialisierungen><probe>KL/CH/GE</probe><probenwerte>14/12/12</probenwerte><bereich>Zauber</bereich><komplexität>C</komplexität><lernkomplexität>C</lernkomplexität><hauszauber>false</hauszauber><hauszauberformatiert> </hauszauberformatiert><repräsentation>Magier</repräsentation><merkmale>Objk, Temp</merkmale><zauberdauer></zauberdauer><kosten></kosten><reichweite></reichweite><wirkungsdauer></wirkungsdauer><anmerkung></anmerkung><quelle buch="LCD" seite="77">LCD: 77</quelle><kontrollwert></kontrollwert><mr></mr></zauber><zauber><name>Flim Flam Funkel</name><variante></variante><namemitvariante>Flim Flam Funkel</namemitvariante><nameausfuehrlich>Flim Flam Funkel</nameausfuehrlich><wert>3</wert><spezialisierungen></spezialisierungen><probe>KL/KL/FF</probe><probenwerte>14/14/11</probenwerte><bereich>Zauber</bereich><komplexität>A</komplexität><lernkomplexität>A</lernkomplexität><hauszauber>false</hauszauber><hauszauberformatiert> </hauszauberformatiert><repräsentation>Magier</repräsentation><merkmale>Umwt</merkmale><zauberdauer></zauberdauer><kosten></kosten><reichweite></reichweite><wirkungsdauer></wirkungsdauer><anmerkung></anmerkung><quelle buch="LCD" seite="87">LCD: 87</quelle><kontrollwert></kontrollwert><mr></mr></zauber><zauber><name>Fortifex arkane Wand</name><variante></variante><namemitvariante>Fortifex arkane Wand</namemitvariante><nameausfuehrlich>Fortifex arkane Wand</nameausfuehrlich><wert>4</wert><spezialisierungen></spezialisierungen><probe>IN/KO/KK</probe><probenwerte>14/14/11</probenwerte><bereich>Zauber</bereich><komplexität>D</komplexität><lernkomplexität>D</lernkomplexität><hauszauber>false</hauszauber><hauszauberformatiert> </hauszauberformatiert><repräsentation>Magier</repräsentation><merkmale>Elem (Erz), Umwt</merkmale><zauberdauer></zauberdauer><kosten></kosten><reichweite></reichweite><wirkungsdauer></wirkungsdauer><anmerkung></anmerkung><quelle buch="LCD" seite="90">LCD: 90</quelle><kontrollwert></kontrollwert><mr></mr></zauber><zauber><name>Fulminictus Donnerkeil</name><variante></variante><namemitvariante>Fulminictus Donnerkeil</namemitvariante><nameausfuehrlich>Fulminictus Donnerkeil</nameausfuehrlich><wert>7</wert><spezialisierungen></spezialisierungen><probe>IN/GE/KO</probe><probenwerte>14/12/14</probenwerte><bereich>Zauber</bereich><komplexität>C</komplexität><lernkomplexität>A</lernkomplexität><hauszauber>true</hauszauber><hauszauberformatiert>X</hauszauberformatiert><repräsentation>Magier</repräsentation><merkmale>Krft, Scha</merkmale><zauberdauer></zauberdauer><kosten></kosten><reichweite></reichweite><wirkungsdauer></wirkungsdauer><anmerkung></anmerkung><quelle buch="LCD" seite="91">LCD: 91</quelle><kontrollwert></kontrollwert><mr></mr></zauber><zauber><name>Gardianum Zauberschild</name><variante></variante><namemitvariante>Gardianum Zauberschild</namemitvariante><nameausfuehrlich>Gardianum Zauberschild</nameausfuehrlich><wert>5</wert><spezialisierungen></spezialisierungen><probe>KL/IN/KO</probe><probenwerte>14/14/14</probenwerte><bereich>Zauber</bereich><komplexität>D</komplexität><lernkomplexität>D</lernkomplexität><hauszauber>false</hauszauber><hauszauberformatiert> </hauszauberformatiert><repräsentation>Magier</repräsentation><merkmale>Anti, Krft, Meta</merkmale><zauberdauer></zauberdauer><kosten></kosten><reichweite></reichweite><wirkungsdauer></wirkungsdauer><anmerkung></anmerkung><quelle buch="LCD" seite="92">LCD: 92</quelle><kontrollwert></kontrollwert><mr></mr></zauber><zauber><name>Ignifaxius Flammenstrahl</name><variante></variante><namemitvariante>Ignifaxius Flammenstrahl</namemitvariante><nameausfuehrlich>Ignifaxius Flammenstrahl</nameausfuehrlich><wert>7</wert><spezialisierungen></spezialisierungen><probe>KL/FF/KO</probe><probenwerte>14/11/14</probenwerte><bereich>Zauber</bereich><komplexität>C</komplexität><lernkomplexität>A</lernkomplexität><hauszauber>true</hauszauber><hauszauberformatiert>X</hauszauberformatiert><repräsentation>Magier</repräsentation><merkmale>Elem (Feu), Scha</merkmale><zauberdauer></zauberdauer><kosten></kosten><reichweite></reichweite><wirkungsdauer></wirkungsdauer><anmerkung></anmerkung><quelle buch="LCD" seite="122">LCD: 122</quelle><kontrollwert></kontrollwert><mr></mr></zauber><zauber><name>Ignisphaero Feuerball</name><variante></variante><namemitvariante>Ignisphaero Feuerball</namemitvariante><nameausfuehrlich>Ignisphaero Feuerball</nameausfuehrlich><wert>8</wert><spezialisierungen></spezialisierungen><probe>MU/IN/KO</probe><probenwerte>12/14/14</probenwerte><bereich>Zauber</bereich><komplexität>D</komplexität><lernkomplexität>D</lernkomplexität><hauszauber>false</hauszauber><hauszauberformatiert> </hauszauberformatiert><repräsentation>Magier</repräsentation><merkmale>Elem (Feu), Scha, Tele</merkmale><zauberdauer></zauberdauer><kosten></kosten><reichweite></reichweite><wirkungsdauer></wirkungsdauer><anmerkung></anmerkung><quelle buch="LCD" seite="124">LCD: 124</quelle><kontrollwert></kontrollwert><mr></mr></zauber><zauber><name>Invercano Spiegeltrick</name><variante></variante><namemitvariante>Invercano Spiegeltrick</namemitvariante><nameausfuehrlich>Invercano Spiegeltrick</nameausfuehrlich><wert>2</wert><spezialisierungen></spezialisierungen><probe>MU/IN/FF</probe><probenwerte>12/14/11</probenwerte><bereich>Zauber</bereich><komplexität>F</komplexität><lernkomplexität>F</lernkomplexität><hauszauber>false</hauszauber><hauszauberformatiert> </hauszauberformatiert><repräsentation>Magier</repräsentation><merkmale>Anti, Krft, Meta</merkmale><zauberdauer></zauberdauer><kosten></kosten><reichweite></reichweite><wirkungsdauer></wirkungsdauer><anmerkung></anmerkung><quelle buch="LCD" seite="131">LCD: 131</quelle><kontrollwert></kontrollwert><mr></mr></zauber><zauber><name>Odem Arcanum</name><variante></variante><namemitvariante>Odem Arcanum</namemitvariante><nameausfuehrlich>Odem Arcanum</nameausfuehrlich><wert>2</wert><spezialisierungen></spezialisierungen><probe>KL/IN/IN</probe><probenwerte>14/14/14</probenwerte><bereich>Zauber</bereich><komplexität>A</komplexität><lernkomplexität>A</lernkomplexität><hauszauber>false</hauszauber><hauszauberformatiert> </hauszauberformatiert><repräsentation>Magier</repräsentation><merkmale>Hell, Krft</merkmale><zauberdauer></zauberdauer><kosten></kosten><reichweite></reichweite><wirkungsdauer></wirkungsdauer><anmerkung></anmerkung><quelle buch="LCD" seite="197">LCD: 197</quelle><kontrollwert></kontrollwert><mr>+Mod</mr></zauber><zauber><name>Paralysis starr wie Stein</name><variante></variante><namemitvariante>Paralysis starr wie Stein</namemitvariante><nameausfuehrlich>Paralysis starr wie Stein</nameausfuehrlich><wert>3</wert><spezialisierungen></spezialisierungen><probe>IN/CH/KK</probe><probenwerte>14/12/11</probenwerte><bereich>Zauber</bereich><komplexität>C</komplexität><lernkomplexität>C</lernkomplexität><hauszauber>false</hauszauber><hauszauberformatiert> </hauszauberformatiert><repräsentation>Magier</repräsentation><merkmale>Elem (Erz), Form</merkmale><zauberdauer></zauberdauer><kosten></kosten><reichweite></reichweite><wirkungsdauer></wirkungsdauer><anmerkung></anmerkung><quelle buch="LCD" seite="202">LCD: 202</quelle><kontrollwert></kontrollwert><mr>+MR</mr></zauber><zauber><name>Plumbumbarum schwerer Arm</name><variante></variante><namemitvariante>Plumbumbarum schwerer Arm</namemitvariante><nameausfuehrlich>Plumbumbarum schwerer Arm</nameausfuehrlich><wert>5</wert><spezialisierungen></spezialisierungen><probe>CH/GE/KK</probe><probenwerte>12/12/11</probenwerte><bereich>Zauber</bereich><komplexität>B</komplexität><lernkomplexität>B</lernkomplexität><hauszauber>false</hauszauber><hauszauberformatiert> </hauszauberformatiert><repräsentation>Magier</repräsentation><merkmale>Einfl</merkmale><zauberdauer></zauberdauer><kosten></kosten><reichweite></reichweite><wirkungsdauer></wirkungsdauer><anmerkung></anmerkung><quelle buch="LCD" seite="211">LCD: 211</quelle><kontrollwert></kontrollwert><mr>+Mod</mr></zauber><zauber><name>Psychostabilis</name><variante></variante><namemitvariante>Psychostabilis</namemitvariante><nameausfuehrlich>Psychostabilis</nameausfuehrlich><wert>5</wert><spezialisierungen></spezialisierungen><probe>MU/KL/KO</probe><probenwerte>12/14/14</probenwerte><bereich>Zauber</bereich><komplexität>C</komplexität><lernkomplexität>C</lernkomplexität><hauszauber>false</hauszauber><hauszauberformatiert> </hauszauberformatiert><repräsentation>Magier</repräsentation><merkmale>Anti, Eign</merkmale><zauberdauer></zauberdauer><kosten></kosten><reichweite></reichweite><wirkungsdauer></wirkungsdauer><anmerkung></anmerkung><quelle buch="LCD" seite="214">LCD: 214</quelle><kontrollwert></kontrollwert><mr></mr></zauber><zauber><name>Respondami</name><variante></variante><namemitvariante>Respondami</namemitvariante><nameausfuehrlich>Respondami</nameausfuehrlich><wert>3</wert><spezialisierungen></spezialisierungen><probe>MU/IN/CH</probe><probenwerte>12/14/12</probenwerte><bereich>Zauber</bereich><komplexität>B</komplexität><lernkomplexität>B</lernkomplexität><hauszauber>false</hauszauber><hauszauberformatiert> </hauszauberformatiert><repräsentation>Magier</repräsentation><merkmale>Herr</merkmale><zauberdauer></zauberdauer><kosten></kosten><reichweite></reichweite><wirkungsdauer></wirkungsdauer><anmerkung></anmerkung><quelle buch="LCD" seite="218">LCD: 218</quelle><kontrollwert></kontrollwert><mr>+MR</mr></zauber></zauberliste><gegenstaende><gegenstand><name>Dolch</name><anzahl>1</anzahl><grundlage>Dolch</grundlage><gewicht>20.0</gewicht><gesamtgewicht>20.0</gesamtgewicht><angelegt>false</angelegt><angelegt1>false</angelegt1><angelegt2>false</angelegt2><einzelpreis>2000</einzelpreis><gesamtpreis>2000</gesamtpreis><quelle buch="AA" seite="12">AA: 12</quelle><details/><arten>Nahkampfwaffe, Fernkampfwaffe</arten></gegenstand><gegenstand><name>Geldbeutel, Leder</name><anzahl>1</anzahl><grundlage>Geldbeutel, Leder</grundlage><gewicht>1.0</gewicht><gesamtgewicht>1.0</gesamtgewicht><angelegt>false</angelegt><angelegt1>false</angelegt1><angelegt2>false</angelegt2><einzelpreis>10</einzelpreis><gesamtpreis>10</gesamtpreis><quelle buch="MSB" seite="28">MSB: 28</quelle><details/><arten>sonst</arten></gegenstand><gegenstand><name>Hohe Stiefel</name><anzahl>1</anzahl><grundlage>Hohe Stiefel</grundlage><gewicht>80.0</gewicht><gesamtgewicht>80.0</gesamtgewicht><angelegt>false</angelegt><angelegt1>false</angelegt1><angelegt2>false</angelegt2><einzelpreis>0</einzelpreis><gesamtpreis>0</gesamtpreis><quelle buch="AA" seite="100">AA: 100</quelle><details/><arten>Rüstung</arten></gegenstand><gegenstand><name>Kohlestift</name><anzahl>5</anzahl><grundlage>Kohlestift</grundlage><gewicht>4.0</gewicht><gesamtgewicht>20.0</gesamtgewicht><angelegt>false</angelegt><angelegt1>false</angelegt1><angelegt2>false</angelegt2><einzelpreis>10</einzelpreis><gesamtpreis>50</gesamtpreis><quelle buch="MSB" seite="30">MSB: 30</quelle><details/><arten>sonst</arten></gegenstand><gegenstand><name>Magierrobe, Taft</name><anzahl>1</anzahl><grundlage>Magierrobe, Taft</grundlage><gewicht>120.0</gewicht><gesamtgewicht>120.0</gesamtgewicht><angelegt>false</angelegt><angelegt1>false</angelegt1><angelegt2>false</angelegt2><einzelpreis>6000</einzelpreis><gesamtpreis>6000</gesamtpreis><quelle buch="MSB" seite="29">MSB: 29</quelle><details/><arten>sonst</arten></gegenstand><gegenstand><name>Magierstab als Stab</name><anzahl>1</anzahl><grundlage>Magierstab als Stab</grundlage><gewicht>90.0</gewicht><gesamtgewicht>90.0</gesamtgewicht><angelegt>false</angelegt><angelegt1>false</angelegt1><angelegt2>false</angelegt2><einzelpreis>0</einzelpreis><gesamtpreis>0</gesamtpreis><quelle buch="AA" seite="56">AA: 56</quelle><details/><arten>Nahkampfwaffe</arten></gegenstand><gegenstand><name>Ring</name><anzahl>1</anzahl><grundlage>Ring</grundlage><gewicht>1.0</gewicht><gesamtgewicht>1.0</gesamtgewicht><angelegt>false</angelegt><angelegt1>false</angelegt1><angelegt2>false</angelegt2><einzelpreis>300</einzelpreis><gesamtpreis>300</gesamtpreis><quelle buch="MSB" seite="30">MSB: 30</quelle><details/><arten>sonst</arten></gegenstand><gegenstand><name>Tagebuch, Papier</name><anzahl>1</anzahl><grundlage>Tagebuch, Papier</grundlage><gewicht>20.0</gewicht><gesamtgewicht>20.0</gesamtgewicht><angelegt>false</angelegt><angelegt1>false</angelegt1><angelegt2>false</angelegt2><einzelpreis>3500</einzelpreis><gesamtpreis>3500</gesamtpreis><quelle buch="MSB" seite="30">MSB: 30</quelle><details/><arten>sonst</arten></gegenstand><gegenstand><name>Tinte</name><anzahl>1</anzahl><grundlage>Tinte</grundlage><gewicht>4.0</gewicht><gesamtgewicht>4.0</gesamtgewicht><angelegt>false</angelegt><angelegt1>false</angelegt1><angelegt2>false</angelegt2><einzelpreis>200</einzelpreis><gesamtpreis>200</gesamtpreis><quelle buch="MSB" seite="30">MSB: 30</quelle><details/><arten>sonst</arten></gegenstand><gegenstand><name>Unterkleid, Leinen</name><anzahl>1</anzahl><grundlage>Unterkleid, Leinen</grundlage><gewicht>20.0</gewicht><gesamtgewicht>20.0</gesamtgewicht><angelegt>false</angelegt><angelegt1>false</angelegt1><angelegt2>false</angelegt2><einzelpreis>100</einzelpreis><gesamtpreis>100</gesamtpreis><quelle buch="MSB" seite="29">MSB: 29</quelle><details/><arten>sonst</arten></gegenstand><gegenstand><name>Wirselkraut (W)</name><anzahl>1</anzahl><grundlage>Wirselkraut (W)</grundlage><gewicht>100.0</gewicht><gesamtgewicht>100.0</gesamtgewicht><angelegt>false</angelegt><angelegt1>false</angelegt1><angelegt2>false</angelegt2><einzelpreis>5000</einzelpreis><gesamtpreis>5000</gesamtpreis><quelle buch="MSB" seite="31">MSB: 31</quelle><details/><arten>sonst</arten></gegenstand></gegenstaende><verbindungen/><kampfsets><kampfset inbenutzung="false" nr="1" tzm="true" defaultrsmodel="true"><raufen><at>7</at><pa>10</pa><tp>1W+0</tp></raufen><ringen><at>7</at><pa>9</pa><tp>1W+0</tp></ringen><ausweichen>7</ausweichen><ausweichenausweichenmod>0</ausweichenausweichenmod><ausweichenakrobatikmod>0</ausweichenakrobatikmod><ausweichenmod>0</ausweichenmod><geschwindigkeitinklbe>8</geschwindigkeitinklbe><ini>10</ini><ruestungzonen><kopf>0</kopf><brust>0</brust><ruecken>0</ruecken><gesamt>0</gesamt><bauch>0</bauch><linkerarm>0</linkerarm><rechterarm>0</rechterarm><linkesbein>0</linkesbein><rechtesbein>0</rechtesbein><gesamtschutz>0</gesamtschutz><gesamtzonenschutz>0</gesamtzonenschutz><behinderung>0</behinderung></ruestungzonen><nahkampfwaffen inbenutzung="false"/><fernkampfwaffen inbenutzung="false"/><schilder inbenutzung="false"/><ruestungen inbenutzung="false"/></kampfset><kampfset inbenutzung="false" nr="1" tzm="false" defaultrsmodel="false"><raufen><at>7</at><pa>10</pa><tp>1W+0</tp></raufen><ringen><at>7</at><pa>9</pa><tp>1W+0</tp></ringen><ausweichen>7</ausweichen><ausweichenausweichenmod>0</ausweichenausweichenmod><ausweichenakrobatikmod>0</ausweichenakrobatikmod><ausweichenmod>0</ausweichenmod><geschwindigkeitinklbe>8</geschwindigkeitinklbe><ini>10</ini><ruestungeinfach><gesamt>0</gesamt><behinderung>0</behinderung></ruestungeinfach><nahkampfwaffen inbenutzung="false"/><fernkampfwaffen inbenutzung="false"/><schilder inbenutzung="false"/><ruestungen inbenutzung="false"/></kampfset><kampfset inbenutzung="false" nr="2" tzm="true" defaultrsmodel="true"><raufen><at>7</at><pa>10</pa><tp>1W+0</tp></raufen><ringen><at>7</at><pa>9</pa><tp>1W+0</tp></ringen><ausweichen>7</ausweichen><ausweichenausweichenmod>0</ausweichenausweichenmod><ausweichenakrobatikmod>0</ausweichenakrobatikmod><ausweichenmod>0</ausweichenmod><geschwindigkeitinklbe>8</geschwindigkeitinklbe><ini>10</ini><ruestungzonen><kopf>0</kopf><brust>0</brust><ruecken>0</ruecken><gesamt>0</gesamt><bauch>0</bauch><linkerarm>0</linkerarm><rechterarm>0</rechterarm><linkesbein>0</linkesbein><rechtesbein>0</rechtesbein><gesamtschutz>0</gesamtschutz><gesamtzonenschutz>0</gesamtzonenschutz><behinderung>0</behinderung></ruestungzonen><nahkampfwaffen inbenutzung="false"/><fernkampfwaffen inbenutzung="false"/><schilder inbenutzung="false"/><ruestungen inbenutzung="false"/></kampfset><kampfset inbenutzung="false" nr="2" tzm="false" defaultrsmodel="false"><raufen><at>7</at><pa>10</pa><tp>1W+0</tp></raufen><ringen><at>7</at><pa>9</pa><tp>1W+0</tp></ringen><ausweichen>7</ausweichen><ausweichenausweichenmod>0</ausweichenausweichenmod><ausweichenakrobatikmod>0</ausweichenakrobatikmod><ausweichenmod>0</ausweichenmod><geschwindigkeitinklbe>8</geschwindigkeitinklbe><ini>10</ini><ruestungeinfach><gesamt>0</gesamt><behinderung>0</behinderung></ruestungeinfach><nahkampfwaffen inbenutzung="false"/><fernkampfwaffen inbenutzung="false"/><schilder inbenutzung="false"/><ruestungen inbenutzung="false"/></kampfset><kampfset inbenutzung="false" nr="3" tzm="true" defaultrsmodel="true"><raufen><at>7</at><pa>10</pa><tp>1W+0</tp></raufen><ringen><at>7</at><pa>9</pa><tp>1W+0</tp></ringen><ausweichen>7</ausweichen><ausweichenausweichenmod>0</ausweichenausweichenmod><ausweichenakrobatikmod>0</ausweichenakrobatikmod><ausweichenmod>0</ausweichenmod><geschwindigkeitinklbe>8</geschwindigkeitinklbe><ini>10</ini><ruestungzonen><kopf>0</kopf><brust>0</brust><ruecken>0</ruecken><gesamt>0</gesamt><bauch>0</bauch><linkerarm>0</linkerarm><rechterarm>0</rechterarm><linkesbein>0</linkesbein><rechtesbein>0</rechtesbein><gesamtschutz>0</gesamtschutz><gesamtzonenschutz>0</gesamtzonenschutz><behinderung>0</behinderung></ruestungzonen><nahkampfwaffen inbenutzung="false"/><fernkampfwaffen inbenutzung="false"/><schilder inbenutzung="false"/><ruestungen inbenutzung="false"/></kampfset><kampfset inbenutzung="false" nr="3" tzm="false" defaultrsmodel="false"><raufen><at>7</at><pa>10</pa><tp>1W+0</tp></raufen><ringen><at>7</at><pa>9</pa><tp>1W+0</tp></ringen><ausweichen>7</ausweichen><ausweichenausweichenmod>0</ausweichenausweichenmod><ausweichenakrobatikmod>0</ausweichenakrobatikmod><ausweichenmod>0</ausweichenmod><geschwindigkeitinklbe>8</geschwindigkeitinklbe><ini>10</ini><ruestungeinfach><gesamt>0</gesamt><behinderung>0</behinderung></ruestungeinfach><nahkampfwaffen inbenutzung="false"/><fernkampfwaffen inbenutzung="false"/><schilder inbenutzung="false"/><ruestungen inbenutzung="false"/></kampfset></kampfsets><ereignisse><ereignis><aktion>EINSTELLUNG</aktion><alterzustand></alterzustand><ap>0</ap><asp>0</asp><bemerkung></bemerkung><date>09.05.2016 22:31</date><kp>0</kp><kommentar></kommentar><lep>0</lep><neuerzustand></neuerzustand><object>max GP für Helden: 110</object><version>HS 5.5.1</version></ereignis><ereignis><aktion>EINSTELLUNG</aktion><alterzustand></alterzustand><ap>0</ap><asp>0</asp><bemerkung></bemerkung><date>09.05.2016 22:31</date><kp>0</kp><kommentar></kommentar><lep>0</lep><neuerzustand></neuerzustand><object>max Eigenschafts-GP für Helden: 100</object><version>HS 5.5.1</version></ereignis><ereignis><aktion>EINSTELLUNG</aktion><alterzustand></alterzustand><ap>0</ap><asp>0</asp><bemerkung></bemerkung><date>09.05.2016 22:31</date><kp>0</kp><kommentar></kommentar><lep>0</lep><neuerzustand></neuerzustand><object>max Eigenschafts-Wert für Helden: 14</object><version>HS 5.5.1</version></ereignis><ereignis><aktion>Meistergenehmigung notwendig</aktion><alterzustand></alterzustand><ap>0</ap><asp>0</asp><bemerkung></bemerkung><date>09.05.2016 22:31</date><kp>0</kp><kommentar></kommentar><lep>0</lep><neuerzustand></neuerzustand><object>Bei dieser Profession kann es sein, dass der Vorteil Viertelzauberer des Halbelfen nicht mehr genutzt werden darf! (siehe WDH 258)</object><version>HS 5.5.1</version></ereignis><ereignis><aktion>Meistergenehmigung notwendig</aktion><alterzustand></alterzustand><ap>0</ap><asp>0</asp><bemerkung></bemerkung><date>09.05.2016 22:31</date><kp>0</kp><kommentar></kommentar><lep>0</lep><neuerzustand></neuerzustand><object>Wegen doppelter, ersetzter Vor-/Nachteile oder anderen Sonderregeln wurden -2 GP frei. Bitte WDH S.12 bzw. die Anmerkungen bei den jeweiligen RKP beachten.</object><version>HS 5.5.1</version></ereignis><ereignis><aktion>RKP</aktion><alterzustand>0</alterzustand><ap>0</ap><asp>0</asp><bemerkung></bemerkung><date>09.05.2016 22:31</date><kp>0</kp><kommentar>3 GP</kommentar><lep>0</lep><neuerzustand>0</neuerzustand><object>Rasse: Halbelf: Halbelf, in menschlicher Kultur aufgewachsen</object><version>HS 5.5.1</version></ereignis><ereignis><aktion>RKP</aktion><alterzustand>0</alterzustand><ap>0</ap><asp>0</asp><bemerkung></bemerkung><date>09.05.2016 22:31</date><kp>0</kp><kommentar>3 GP</kommentar><lep>0</lep><neuerzustand>0</neuerzustand><object>Kultur: Mittelländische Städte/Hafenstädte und Städte an großen Flüssen</object><version>HS 5.5.1</version></ereignis><ereignis><aktion>RKP</aktion><alterzustand>0</alterzustand><ap>0</ap><asp>0</asp><bemerkung></bemerkung><date>09.05.2016 22:31</date><kp>0</kp><kommentar>29 GP</kommentar><lep>0</lep><neuerzustand>0</neuerzustand><object>Profession: Akademie Schwert und Stab zu Gareth </object><version>HS 5.5.1</version></ereignis><ereignis><aktion>EIGENSCHAFTEN</aktion><alterzustand>0</alterzustand><ap>0</ap><asp>0</asp><bemerkung></bemerkung><date>09.05.2016 22:31</date><kp>0</kp><kommentar>12 GP</kommentar><lep>0</lep><neuerzustand>12</neuerzustand><object>Mut: 12</object><version>HS 5.5.1</version></ereignis><ereignis><aktion>EIGENSCHAFTEN</aktion><alterzustand>0</alterzustand><ap>0</ap><asp>0</asp><bemerkung></bemerkung><date>09.05.2016 22:31</date><kp>0</kp><kommentar>14 GP</kommentar><lep>0</lep><neuerzustand>14</neuerzustand><object>Klugheit: 14</object><version>HS 5.5.1</version></ereignis><ereignis><aktion>EIGENSCHAFTEN</aktion><alterzustand>0</alterzustand><ap>0</ap><asp>0</asp><bemerkung></bemerkung><date>09.05.2016 22:31</date><kp>0</kp><kommentar>14 GP</kommentar><lep>0</lep><neuerzustand>14</neuerzustand><object>Intuition: 14</object><version>HS 5.5.1</version></ereignis><ereignis><aktion>EIGENSCHAFTEN</aktion><alterzustand>0</alterzustand><ap>0</ap><asp>0</asp><bemerkung></bemerkung><date>09.05.2016 22:31</date><kp>0</kp><kommentar>12 GP</kommentar><lep>0</lep><neuerzustand>12</neuerzustand><object>Charisma: 12</object><version>HS 5.5.1</version></ereignis><ereignis><aktion>EIGENSCHAFTEN</aktion><alterzustand>0</alterzustand><ap>0</ap><asp>0</asp><bemerkung></bemerkung><date>09.05.2016 22:31</date><kp>0</kp><kommentar>11 GP</kommentar><lep>0</lep><neuerzustand>11</neuerzustand><object>Fingerfertigkeit: 11</object><version>HS 5.5.1</version></ereignis><ereignis><aktion>EIGENSCHAFTEN</aktion><alterzustand>0</alterzustand><ap>0</ap><asp>0</asp><bemerkung></bemerkung><date>09.05.2016 22:31</date><kp>0</kp><kommentar>11 GP</kommentar><lep>0</lep><neuerzustand>12</neuerzustand><object>Gewandtheit: 12</object><version>HS 5.5.1</version></ereignis><ereignis><aktion>EIGENSCHAFTEN</aktion><alterzustand>0</alterzustand><ap>0</ap><asp>0</asp><bemerkung></bemerkung><date>09.05.2016 22:31</date><kp>0</kp><kommentar>14 GP</kommentar><lep>0</lep><neuerzustand>14</neuerzustand><object>Konstitution: 14</object><version>HS 5.5.1</version></ereignis><ereignis><aktion>EIGENSCHAFTEN</aktion><alterzustand>0</alterzustand><ap>0</ap><asp>0</asp><bemerkung></bemerkung><date>09.05.2016 22:31</date><kp>0</kp><kommentar>12 GP</kommentar><lep>0</lep><neuerzustand>11</neuerzustand><object>Körperkraft: 11</object><version>HS 5.5.1</version></ereignis><ereignis><aktion>EIGENSCHAFTEN</aktion><alterzustand>0</alterzustand><ap>0</ap><asp>0</asp><bemerkung></bemerkung><date>09.05.2016 22:31</date><kp>0</kp><kommentar>0 GP</kommentar><lep>0</lep><neuerzustand>8</neuerzustand><object>Sozialstatus: 8</object><version>HS 5.5.1</version></ereignis><ereignis><aktion>TALENT</aktion><alterzustand>0</alterzustand><ap>0</ap><asp>0</asp><bemerkung></bemerkung><date>09.05.2016 22:31</date><kp>0</kp><kommentar>27 AP</kommentar><lep>0</lep><neuerzustand>6</neuerzustand><object>Stäbe: 6</object><version>HS 5.5.1</version></ereignis><ereignis><aktion>TALENT</aktion><alterzustand>0</alterzustand><ap>0</ap><asp>0</asp><bemerkung></bemerkung><date>09.05.2016 22:31</date><kp>0</kp><kommentar>33 AP</kommentar><lep>0</lep><neuerzustand>7</neuerzustand><object>Stäbe: 7</object><version>HS 5.5.1</version></ereignis><ereignis><aktion>TALENT</aktion><alterzustand>0</alterzustand><ap>0</ap><asp>0</asp><bemerkung></bemerkung><date>09.05.2016 22:31</date><kp>0</kp><kommentar>39 AP</kommentar><lep>0</lep><neuerzustand>8</neuerzustand><object>Stäbe: 8</object><version>HS 5.5.1</version></ereignis><ereignis><aktion>TALENT</aktion><alterzustand>0</alterzustand><ap>0</ap><asp>0</asp><bemerkung></bemerkung><date>09.05.2016 22:31</date><kp>0</kp><kommentar>21 AP</kommentar><lep>0</lep><neuerzustand>4</neuerzustand><object>Ritualkenntnis: Gildenmagie: 4</object><version>HS 5.5.1</version></ereignis><ereignis><aktion>TALENT</aktion><alterzustand>0</alterzustand><ap>0</ap><asp>0</asp><bemerkung></bemerkung><date>09.05.2016 22:31</date><kp>0</kp><kommentar>28 AP</kommentar><lep>0</lep><neuerzustand>5</neuerzustand><object>Ritualkenntnis: Gildenmagie: 5</object><version>HS 5.5.1</version></ereignis><ereignis><aktion>TALENT</aktion><alterzustand>0</alterzustand><ap>0</ap><asp>0</asp><bemerkung></bemerkung><date>09.05.2016 22:31</date><kp>0</kp><kommentar>34 AP</kommentar><lep>0</lep><neuerzustand>6</neuerzustand><object>Ritualkenntnis: Gildenmagie: 6</object><version>HS 5.5.1</version></ereignis><ereignis><aktion>TALENT</aktion><alterzustand>0</alterzustand><ap>0</ap><asp>0</asp><bemerkung></bemerkung><date>09.05.2016 22:31</date><kp>0</kp><kommentar>41 AP</kommentar><lep>0</lep><neuerzustand>7</neuerzustand><object>Ritualkenntnis: Gildenmagie: 7</object><version>HS 5.5.1</version></ereignis><ereignis><aktion>ZAUBER</aktion><alterzustand>0</alterzustand><ap>0</ap><asp>0</asp><bemerkung></bemerkung><date>09.05.2016 22:31</date><kp>0</kp><kommentar>17 AP</kommentar><lep>0</lep><neuerzustand>5</neuerzustand><object>Balsam Salabunde [Magier]: 5</object><version>HS 5.5.1</version></ereignis><ereignis><aktion>SF</aktion><alterzustand>0</alterzustand><ap>0</ap><asp>0</asp><bemerkung></bemerkung><date>09.05.2016 22:31</date><kp>0</kp><kommentar>150 AP</kommentar><lep>0</lep><neuerzustand>0</neuerzustand><object>Apport</object><version>HS 5.5.1</version></ereignis><ereignis><aktion>SF</aktion><alterzustand>0</alterzustand><ap>0</ap><asp>0</asp><bemerkung></bemerkung><date>09.05.2016 22:31</date><kp>0</kp><kommentar>1 GP</kommentar><lep>0</lep><neuerzustand>0</neuerzustand><object>Regeneration I</object><version>HS 5.5.1</version></ereignis><ereignis><aktion>SF</aktion><alterzustand>0</alterzustand><ap>0</ap><asp>0</asp><bemerkung></bemerkung><date>09.05.2016 22:31</date><kp>0</kp><kommentar>56 AP</kommentar><lep>0</lep><neuerzustand>0</neuerzustand><object>Stabzauber: Fackel</object><version>HS 5.5.1</version></ereignis><ereignis><aktion>SF</aktion><alterzustand>0</alterzustand><ap>0</ap><asp>0</asp><bemerkung></bemerkung><date>09.05.2016 22:31</date><kp>0</kp><kommentar>113 AP</kommentar><lep>0</lep><neuerzustand>0</neuerzustand><object>Stabzauber: Hammer des Magus</object><version>HS 5.5.1</version></ereignis><ereignis><aktion>VORTEILE</aktion><alterzustand>0</alterzustand><ap>0</ap><asp>0</asp><bemerkung></bemerkung><date>09.05.2016 22:31</date><kp>0</kp><kommentar>-2 GP</kommentar><lep>0</lep><neuerzustand>0</neuerzustand><object>Doppelter oder ersetzter Vor-/Nachteil: Viertelzauberer</object><version>HS 5.5.1</version></ereignis><ereignis><aktion>VORTEILE</aktion><alterzustand>0</alterzustand><ap>0</ap><asp>0</asp><bemerkung></bemerkung><date>09.05.2016 22:31</date><kp>0</kp><kommentar>0 GP</kommentar><lep>0</lep><neuerzustand>0</neuerzustand><object>Akademische Ausbildung (Magier)</object><version>HS 5.5.1</version></ereignis><ereignis><aktion>VORTEILE</aktion><alterzustand>0</alterzustand><ap>0</ap><asp>0</asp><bemerkung></bemerkung><date>09.05.2016 22:31</date><kp>0</kp><kommentar>-4 GP</kommentar><lep>0</lep><neuerzustand>0</neuerzustand><object>Arroganz: 9</object><version>HS 5.5.1</version></ereignis><ereignis><aktion>VORTEILE</aktion><alterzustand>0</alterzustand><ap>0</ap><asp>0</asp><bemerkung></bemerkung><date>09.05.2016 22:31</date><kp>0</kp><kommentar>8 GP</kommentar><lep>0</lep><neuerzustand>0</neuerzustand><object>Astrale Regeneration: 2</object><version>HS 5.5.1</version></ereignis><ereignis><aktion>VORTEILE</aktion><alterzustand>0</alterzustand><ap>0</ap><asp>0</asp><bemerkung></bemerkung><date>09.05.2016 22:31</date><kp>0</kp><kommentar>-4 GP</kommentar><lep>0</lep><neuerzustand>0</neuerzustand><object>Autoritätsgläubig: 8</object><version>HS 5.5.1</version></ereignis><ereignis><aktion>VORTEILE</aktion><alterzustand>0</alterzustand><ap>0</ap><asp>0</asp><bemerkung></bemerkung><date>09.05.2016 22:31</date><kp>0</kp><kommentar>-10 GP</kommentar><lep>0</lep><neuerzustand>0</neuerzustand><object>Eitelkeit: 10</object><version>HS 5.5.1</version></ereignis><ereignis><aktion>VORTEILE</aktion><alterzustand>0</alterzustand><ap>0</ap><asp>0</asp><bemerkung></bemerkung><date>09.05.2016 22:31</date><kp>0</kp><kommentar>-7 GP</kommentar><lep>0</lep><neuerzustand>0</neuerzustand><object>Goldgier: 7</object><version>HS 5.5.1</version></ereignis><ereignis><aktion>VORTEILE</aktion><alterzustand>0</alterzustand><ap>0</ap><asp>0</asp><bemerkung></bemerkung><date>09.05.2016 22:31</date><kp>0</kp><kommentar>0 GP</kommentar><lep>0</lep><neuerzustand>0</neuerzustand><object>Gutaussehend</object><version>HS 5.5.1</version></ereignis><ereignis><aktion>VORTEILE</aktion><alterzustand>0</alterzustand><ap>0</ap><asp>0</asp><bemerkung></bemerkung><date>09.05.2016 22:31</date><kp>0</kp><kommentar>0 GP</kommentar><lep>0</lep><neuerzustand>0</neuerzustand><object>Neugier: 7</object><version>HS 5.5.1</version></ereignis><ereignis><aktion>VORTEILE</aktion><alterzustand>0</alterzustand><ap>0</ap><asp>0</asp><bemerkung></bemerkung><date>09.05.2016 22:31</date><kp>0</kp><kommentar>-2 GP</kommentar><lep>0</lep><neuerzustand>0</neuerzustand><object>Prinzipientreue: 12</object><version>HS 5.5.1</version></ereignis><ereignis><aktion>VORTEILE</aktion><alterzustand>0</alterzustand><ap>0</ap><asp>0</asp><bemerkung></bemerkung><date>09.05.2016 22:31</date><kp>0</kp><kommentar>-5 GP</kommentar><lep>0</lep><neuerzustand>0</neuerzustand><object>Schulden: 2000</object><version>HS 5.5.1</version></ereignis><ereignis><aktion>VORTEILE</aktion><alterzustand>0</alterzustand><ap>0</ap><asp>0</asp><bemerkung></bemerkung><date>09.05.2016 22:31</date><kp>0</kp><kommentar>-5 GP</kommentar><lep>0</lep><neuerzustand>0</neuerzustand><object>Speisegebote</object><version>HS 5.5.1</version></ereignis><ereignis><aktion>VORTEILE</aktion><alterzustand>0</alterzustand><ap>0</ap><asp>0</asp><bemerkung></bemerkung><date>09.05.2016 22:31</date><kp>0</kp><kommentar>0 GP</kommentar><lep>0</lep><neuerzustand>0</neuerzustand><object>Verpflichtungen</object><version>HS 5.5.1</version></ereignis><ereignis><aktion>VORTEILE</aktion><alterzustand>0</alterzustand><ap>0</ap><asp>0</asp><bemerkung></bemerkung><date>09.05.2016 22:31</date><kp>0</kp><kommentar>-5 GP</kommentar><lep>0</lep><neuerzustand>0</neuerzustand><object>Verwöhnt: 5</object><version>HS 5.5.1</version></ereignis><ereignis><aktion>VORTEILE</aktion><alterzustand>0</alterzustand><ap>0</ap><asp>0</asp><bemerkung></bemerkung><date>09.05.2016 22:31</date><kp>0</kp><kommentar>0 GP</kommentar><lep>0</lep><neuerzustand>0</neuerzustand><object>Vollzauberer</object><version>HS 5.5.1</version></ereignis><ereignis><aktion>VORTEILE</aktion><alterzustand>0</alterzustand><ap>0</ap><asp>0</asp><bemerkung></bemerkung><date>09.05.2016 22:31</date><kp>0</kp><kommentar>10 GP</kommentar><lep>0</lep><neuerzustand>0</neuerzustand><object>Zauberhaar</object><version>HS 5.5.1</version></ereignis><ereignis><aktion>Meisterparade</aktion><alterzustand></alterzustand><ap>0</ap><asp>0</asp><bemerkung></bemerkung><date>09.05.2016 22:31</date><kp>0</kp><kommentar></kommentar><lep>0</lep><neuerzustand></neuerzustand><object>Auswahl</object><version>HS 5.5.1</version></ereignis><ereignis><aktion>Armbrust</aktion><alterzustand></alterzustand><ap>0</ap><asp>0</asp><bemerkung></bemerkung><date>09.05.2016 22:31</date><kp>0</kp><kommentar></kommentar><lep>0</lep><neuerzustand>1</neuerzustand><object>Auswahl</object><version>HS 5.5.1</version></ereignis><ereignis><aktion>Sprachen kennen Thorwalsch</aktion><alterzustand></alterzustand><ap>0</ap><asp>0</asp><bemerkung></bemerkung><date>09.05.2016 22:31</date><kp>0</kp><kommentar></kommentar><lep>0</lep><neuerzustand>3</neuerzustand><object>Auswahl</object><version>HS 5.5.1</version></ereignis><ereignis><aktion>Hauswirtschaft</aktion><alterzustand></alterzustand><ap>0</ap><asp>0</asp><bemerkung></bemerkung><date>09.05.2016 22:31</date><kp>0</kp><kommentar></kommentar><lep>0</lep><neuerzustand>1</neuerzustand><object>Auswahl</object><version>HS 5.5.1</version></ereignis><ereignis><aktion>Custodosigil Diebesbann [Magier] [Magier]</aktion><alterzustand></alterzustand><ap>0</ap><asp>0</asp><bemerkung></bemerkung><date>09.05.2016 22:31</date><kp>0</kp><kommentar></kommentar><lep>0</lep><neuerzustand>2</neuerzustand><object>Auswahl</object><version>HS 5.5.1</version></ereignis><ereignis><aktion>Eisenrost und Patina [Magier] [Magier]</aktion><alterzustand></alterzustand><ap>0</ap><asp>0</asp><bemerkung></bemerkung><date>09.05.2016 22:31</date><kp>0</kp><kommentar></kommentar><lep>0</lep><neuerzustand>3</neuerzustand><object>Auswahl</object><version>HS 5.5.1</version></ereignis><ereignis><aktion>Geld</aktion><alterzustand>D: 0 S: 0 H: 0 K: 0</alterzustand><ap>0</ap><asp>0</asp><bemerkung>Geldbörse</bemerkung><date>09.05.2016 22:42</date><kp>0</kp><kommentar></kommentar><lep>0</lep><neuerzustand>D: 6 S: 4 H: 0 K: 0</neuerzustand><object>Mittelreich</object><version>HS 5.5.1</version></ereignis><ereignis><aktion>Ereignis eingeben</aktion><alterzustand></alterzustand><ap>250</ap><asp>0</asp><bemerkung></bemerkung><date>19.06.2016 21:30</date><kp>0</kp><kommentar>Vronfelden Gesamt AP: 250 Verfügbare AP: 250</kommentar><lep>0</lep><neuerzustand></neuerzustand><object>Abenteuerpunkte (Hinzugewinn)</object><version>HS 5.5.1</version></ereignis><ereignis><aktion>Nahkampftalent steigern</aktion><alterzustand>4;0;4</alterzustand><ap>-22</ap><asp>0</asp><bemerkung>SE, Gegenseitiges Lehren</bemerkung><date>19.06.2016 21:30</date><kp>0</kp><kommentar></kommentar><lep>0</lep><neuerzustand>5;0;4</neuerzustand><object>Schwerter</object><version>HS 5.5.1</version></ereignis><ereignis><aktion>Zauber steigern</aktion><alterzustand>7</alterzustand><ap>-8</ap><asp>0</asp><bemerkung>SE, Gegenseitiges Lehren</bemerkung><date>19.06.2016 21:30</date><kp>0</kp><kommentar></kommentar><lep>0</lep><neuerzustand>8</neuerzustand><object>Blitz dich find [Magier] [Magier]</object><version>HS 5.5.1</version></ereignis><ereignis><aktion>Zauber steigern</aktion><alterzustand>3</alterzustand><ap>-8</ap><asp>0</asp><bemerkung>SE, Gegenseitiges Lehren</bemerkung><date>19.06.2016 21:30</date><kp>0</kp><kommentar></kommentar><lep>0</lep><neuerzustand>4</neuerzustand><object>Ignisphaero Feuerball [Magier] [Magier]</object><version>HS 5.5.1</version></ereignis><ereignis><aktion>Nahkampftalent steigern</aktion><alterzustand>5;0;4</alterzustand><ap>-34</ap><asp>0</asp><bemerkung>Gegenseitiges Lehren</bemerkung><date>19.06.2016 21:31</date><kp>0</kp><kommentar></kommentar><lep>0</lep><neuerzustand>6;0;4</neuerzustand><object>Schwerter</object><version>HS 5.5.1</version></ereignis><ereignis><aktion>Nahkampftalent steigern</aktion><alterzustand>6;0;4</alterzustand><ap>-41</ap><asp>0</asp><bemerkung>Gegenseitiges Lehren</bemerkung><date>19.06.2016 21:31</date><kp>0</kp><kommentar></kommentar><lep>0</lep><neuerzustand>7;0;4</neuerzustand><object>Schwerter</object><version>HS 5.5.1</version></ereignis><ereignis><aktion>Zauber steigern</aktion><alterzustand>4</alterzustand><ap>-22</ap><asp>0</asp><bemerkung>Selbststudium</bemerkung><date>19.06.2016 21:31</date><kp>0</kp><kommentar></kommentar><lep>0</lep><neuerzustand>5</neuerzustand><object>Ignisphaero Feuerball [Magier] [Magier]</object><version>HS 5.5.1</version></ereignis><ereignis><aktion>Zauber steigern</aktion><alterzustand>5</alterzustand><ap>-27</ap><asp>0</asp><bemerkung>Selbststudium</bemerkung><date>19.06.2016 21:31</date><kp>0</kp><kommentar></kommentar><lep>0</lep><neuerzustand>6</neuerzustand><object>Ignisphaero Feuerball [Magier] [Magier]</object><version>HS 5.5.1</version></ereignis><ereignis><aktion>Zauber steigern</aktion><alterzustand>6</alterzustand><ap>-33</ap><asp>0</asp><bemerkung>Selbststudium</bemerkung><date>19.06.2016 21:31</date><kp>0</kp><kommentar></kommentar><lep>0</lep><neuerzustand>7</neuerzustand><object>Ignisphaero Feuerball [Magier] [Magier]</object><version>HS 5.5.1</version></ereignis><ereignis><aktion>Zauber steigern</aktion><alterzustand>7</alterzustand><ap>-39</ap><asp>0</asp><bemerkung>Selbststudium</bemerkung><date>19.06.2016 21:31</date><kp>0</kp><kommentar></kommentar><lep>0</lep><neuerzustand>8</neuerzustand><object>Ignisphaero Feuerball [Magier] [Magier]</object><version>HS 5.5.1</version></ereignis></ereignisse></daten>