<?xml version="1.0" encoding="UTF-8" standalone="no"?>
<?xml-stylesheet type="text/xsl" href="helden.xsl"?><helden Version="5.5.3">
<held key="1443281426955" name="Bruce Smith" stand="1524243457354">
<mods/>
<basis>
<geschlecht name="männlich"/>
<settings name="DSA4.1">
<inc name="Wege der Alchimie"/>
</settings>
<rasse name="helden.model.rasse.Mittellaender" string="Mittelländer">
<groesse gewicht="83" value="183"/>
<aussehen alter="18" augenfarbe="braun" aussehentext0="" aussehentext1="" aussehentext2="" aussehentext3="" familietext0="" familietext1="" familietext2="" familietext3="" familietext4="" familietext5="" gbjahr="1003" gbmonat="2" gbtag="15" gprest="0" gpstart="110" haarfarbe="dunkelblond" kalender="Bosparans Fall" stand="" titel=""/>
</rasse>
<kultur name="helden.model.kultur.Garetien" string="Mittelländische Städte/Hafenstädte und Städte an großen Flüssen">
<variante name="Hafenstädte und Städte an großen Flüssen"/>
</kultur>
<ausbildungen>
<ausbildung art="Hauptprofession" name="helden.model.profession.Handwerker" string="Handwerker, Waffenschmied" tarnidentitaet="">
<variante name="Handwerker"/>
<variante name="Waffenschmied"/>
</ausbildung>
</ausbildungen>
<verify value="17"/>
<notiz notiz0="Notizen" notiz1="" notiz10="" notiz11="" notiz2="" notiz3="" notiz4="" notiz5="" notiz6="" notiz7="" notiz8="" notiz9=""/>
<portraet value=""/>
<abenteuerpunkte value="4977"/>
<freieabenteuerpunkte value="794"/>
</basis>
<eigenschaften>
<eigenschaft mod="0" name="Mut" startwert="14" value="14"/>
<eigenschaft mod="0" name="Klugheit" startwert="8" value="9"/>
<eigenschaft mod="0" name="Intuition" startwert="11" value="11"/>
<eigenschaft mod="0" name="Charisma" startwert="11" value="11"/>
<eigenschaft mod="0" name="Fingerfertigkeit" startwert="14" value="14"/>
<eigenschaft mod="0" name="Gewandtheit" startwert="14" value="14"/>
<eigenschaft mod="0" name="Konstitution" startwert="14" value="14"/>
<eigenschaft mod="0" name="Körperkraft" startwert="14" value="17"/>
<eigenschaft mod="0" name="Sozialstatus" startwert="5" value="5"/>
<eigenschaft mod="10" name="Lebensenergie" value="1"/>
<eigenschaft mod="10" name="Ausdauer" value="1"/>
<eigenschaft grossemeditation="0" mod="0" mrmod="-4" name="Astralenergie" value="0"/>
<eigenschaft karmalqueste="0" mod="0" name="Karmaenergie" value="0"/>
<eigenschaft mod="-4" name="Magieresistenz" value="0"/>
<eigenschaft mod="0" name="ini" value="11"/>
<eigenschaft mod="0" name="at" value="9"/>
<eigenschaft mod="0" name="pa" value="8"/>
<eigenschaft mod="0" name="fk" value="8"/>
</eigenschaften>
<vt>
<vorteil name="Begabung für [Talentgruppe]" value="Nahkampf"/>
<vorteil name="Gerechtigkeitswahn" value="10"/>
<vorteil name="Schlechter Ruf" value="4"/>
<vorteil name="Unangenehme Stimme"/>
</vt>
<sf>
<sonderfertigkeit name="Kulturkunde">
<kultur name="Mittelreich"/>
</sonderfertigkeit>
<sonderfertigkeit name="Linkhand"/>
<sonderfertigkeit name="Meister der Improvisation"/>
<sonderfertigkeit name="Ortskenntnis">
<auswahl name="Jagdrevier"/>
<auswahl name="Stadtteil/Kleinstadt"/>
<auswahl name="Stadtviertel oder Ort"/>
</sonderfertigkeit>
<sonderfertigkeit name="Rüstungsgewöhnung I">
<gegenstand name="Lederharnisch"/>
</sonderfertigkeit>
<sonderfertigkeit name="Schildkampf I"/>
<sonderfertigkeit name="Schildkampf II"/>
<sonderfertigkeit name="Talentspezialisierung Grobschmied (Waffenschmied)">
<talent name="Grobschmied"/>
<spezialisierung name="Waffenschmied"/>
</sonderfertigkeit>
<sonderfertigkeit name="Wuchtschlag"/>
</sf>
<ereignisse>
<ereignis obj="max GP für Helden: 110" text="EINSTELLUNG" time="1443281521459" version="HS 5.5.1"/>
<ereignis obj="max Eigenschafts-GP für Helden: 100" text="EINSTELLUNG" time="1443281521459" version="HS 5.5.1"/>
<ereignis obj="max Eigenschafts-Wert für Helden: 14" text="EINSTELLUNG" time="1443281521459" version="HS 5.5.1"/>
<ereignis Alt="0" Neu="0" kommentar="0 GP" obj="Rasse: Mittelländer" text="RKP" time="1443281521463" version="HS 5.5.1"/>
<ereignis Alt="0" Neu="0" kommentar="3 GP" obj="Kultur: Mittelländische Städte/Hafenstädte und Städte an großen Flüssen" text="RKP" time="1443281521463" version="HS 5.5.1"/>
<ereignis Alt="0" Neu="0" kommentar="1 GP" obj="Profession: Handwerker, Waffenschmied" text="RKP" time="1443281521463" version="HS 5.5.1"/>
<ereignis Alt="0" Neu="14" kommentar="14 GP" obj="Mut: 14" text="EIGENSCHAFTEN" time="1443281521463" version="HS 5.5.1"/>
<ereignis Alt="0" Neu="8" kommentar="8 GP" obj="Klugheit: 8" text="EIGENSCHAFTEN" time="1443281521463" version="HS 5.5.1"/>
<ereignis Alt="0" Neu="11" kommentar="11 GP" obj="Intuition: 11" text="EIGENSCHAFTEN" time="1443281521463" version="HS 5.5.1"/>
<ereignis Alt="0" Neu="11" kommentar="11 GP" obj="Charisma: 11" text="EIGENSCHAFTEN" time="1443281521463" version="HS 5.5.1"/>
<ereignis Alt="0" Neu="14" kommentar="14 GP" obj="Fingerfertigkeit: 14" text="EIGENSCHAFTEN" time="1443281521463" version="HS 5.5.1"/>
<ereignis Alt="0" Neu="14" kommentar="14 GP" obj="Gewandtheit: 14" text="EIGENSCHAFTEN" time="1443281521463" version="HS 5.5.1"/>
<ereignis Alt="0" Neu="14" kommentar="14 GP" obj="Konstitution: 14" text="EIGENSCHAFTEN" time="1443281521463" version="HS 5.5.1"/>
<ereignis Alt="0" Neu="14" kommentar="14 GP" obj="Körperkraft: 14" text="EIGENSCHAFTEN" time="1443281521463" version="HS 5.5.1"/>
<ereignis Alt="0" Neu="5" kommentar="0 GP" obj="Sozialstatus: 5" text="EIGENSCHAFTEN" time="1443281521463" version="HS 5.5.1"/>
<ereignis Alt="0" Neu="4" kommentar="13 AP" obj="Infanteriewaffen: 4" text="TALENT" time="1443281521463" version="HS 5.5.1"/>
<ereignis Alt="0" Neu="5" kommentar="17 AP" obj="Infanteriewaffen: 5" text="TALENT" time="1443281521463" version="HS 5.5.1"/>
<ereignis Alt="0" Neu="6" kommentar="21 AP" obj="Infanteriewaffen: 6" text="TALENT" time="1443281521463" version="HS 5.5.1"/>
<ereignis Alt="0" Neu="7" kommentar="25 AP" obj="Infanteriewaffen: 7" text="TALENT" time="1443281521463" version="HS 5.5.1"/>
<ereignis Alt="0" Neu="8" kommentar="29 AP" obj="Infanteriewaffen: 8" text="TALENT" time="1443281521463" version="HS 5.5.1"/>
<ereignis Alt="0" Neu="9" kommentar="34 AP" obj="Infanteriewaffen: 9" text="TALENT" time="1443281521463" version="HS 5.5.1"/>
<ereignis Alt="0" Neu="10" kommentar="38 AP" obj="Infanteriewaffen: 10" text="TALENT" time="1443281521463" version="HS 5.5.1"/>
<ereignis Alt="0" Neu="4" kommentar="8 AP" obj="Raufen: 4" text="TALENT" time="1443281521463" version="HS 5.5.1"/>
<ereignis Alt="0" Neu="5" kommentar="11 AP" obj="Raufen: 5" text="TALENT" time="1443281521463" version="HS 5.5.1"/>
<ereignis Alt="0" Neu="6" kommentar="14 AP" obj="Raufen: 6" text="TALENT" time="1443281521463" version="HS 5.5.1"/>
<ereignis Alt="0" Neu="1" kommentar="3 AP" obj="Athletik: 1" text="TALENT" time="1443281521463" version="HS 5.5.1"/>
<ereignis Alt="0" Neu="2" kommentar="7 AP" obj="Athletik: 2" text="TALENT" time="1443281521463" version="HS 5.5.1"/>
<ereignis Alt="0" Neu="3" kommentar="12 AP" obj="Athletik: 3" text="TALENT" time="1443281521463" version="HS 5.5.1"/>
<ereignis Alt="0" Neu="4" kommentar="17 AP" obj="Athletik: 4" text="TALENT" time="1443281521463" version="HS 5.5.1"/>
<ereignis Alt="0" Neu="5" kommentar="22 AP" obj="Athletik: 5" text="TALENT" time="1443281521463" version="HS 5.5.1"/>
<ereignis Alt="0" Neu="6" kommentar="27 AP" obj="Athletik: 6" text="TALENT" time="1443281521463" version="HS 5.5.1"/>
<ereignis Alt="0" Neu="7" kommentar="33 AP" obj="Athletik: 7" text="TALENT" time="1443281521463" version="HS 5.5.1"/>
<ereignis Alt="0" Neu="8" kommentar="39 AP" obj="Athletik: 8" text="TALENT" time="1443281521463" version="HS 5.5.1"/>
<ereignis Alt="0" Neu="1" kommentar="3 AP" obj="Klettern: 1" text="TALENT" time="1443281521463" version="HS 5.5.1"/>
<ereignis Alt="0" Neu="2" kommentar="7 AP" obj="Körperbeherrschung: 2" text="TALENT" time="1443281521463" version="HS 5.5.1"/>
<ereignis Alt="0" Neu="0" kommentar="20 GP" obj="Begabung für [Talentgruppe]: Nahkampf" text="VORTEILE" time="1443281521463" version="HS 5.5.1"/>
<ereignis Alt="0" Neu="0" kommentar="-5 GP" obj="Gerechtigkeitswahn: 10" text="VORTEILE" time="1443281521463" version="HS 5.5.1"/>
<ereignis Alt="0" Neu="0" kommentar="-4 GP" obj="Schlechter Ruf: 4" text="VORTEILE" time="1443281521463" version="HS 5.5.1"/>
<ereignis Alt="0" Neu="0" kommentar="-5 GP" obj="Unangenehme Stimme" text="VORTEILE" time="1443281521463" version="HS 5.5.1"/>
<ereignis obj="Auswahl" text="Talentspezialisierung Grobschmied (Waffenschmied)" time="1443281521464" version="HS 5.5.1"/>
<ereignis Neu="1" obj="Auswahl" text="Armbrust" time="1443281521464" version="HS 5.5.1"/>
<ereignis Neu="3" obj="Auswahl" text="Sprachen kennen Rogolan" time="1443281521464" version="HS 5.5.1"/>
<ereignis Neu="1" obj="Auswahl" text="Hauswirtschaft" time="1443281521464" version="HS 5.5.1"/>
<ereignis Neu="2" obj="Auswahl" text="Bogen" time="1443281521464" version="HS 5.5.1"/>
<ereignis Neu="2" obj="Auswahl" text="Infanteriewaffen" time="1443281521464" version="HS 5.5.1"/>
<ereignis Neu="4" obj="Auswahl" text="Bogenbau" time="1443281521464" version="HS 5.5.1"/>
<ereignis Neu="4" obj="Auswahl" text="Grobschmied" time="1443281521464" version="HS 5.5.1"/>
<ereignis Neu="2" obj="Auswahl" text="Heilkunde: Wunden" time="1443281521464" version="HS 5.5.1"/>
<ereignis Neu="2" obj="Auswahl" text="Lederarbeiten" time="1443281521464" version="HS 5.5.1"/>
<ereignis Neu="2" obj="Auswahl" text="Metallguss" time="1443281521464" version="HS 5.5.1"/>
<ereignis Neu="2" obj="Auswahl" text="Kriegskunst" time="1443281521464" version="HS 5.5.1"/>
<ereignis Neu="1" obj="Auswahl" text="Boote fahren" time="1443281521464" version="HS 5.5.1"/>
<ereignis Neu="2" obj="Auswahl" text="Hauswirtschaft" time="1443281521464" version="HS 5.5.1"/>
<ereignis Abenteuerpunkte="170" kommentar="In den Fängen des Eises Gesamt AP: 170 Verfügbare AP: 170" obj="Abenteuerpunkte (Hinzugewinn)" text="Ereignis eingeben" time="1448196260533" version="HS 5.5.1"/>
<ereignis Abenteuerpunkte="-3" Alt="0" Info="SE" Neu="1" obj="Ausdauer" text="Eigenschaft steigern" time="1448196334671" version="HS 5.5.1"/>
<ereignis Abenteuerpunkte="-8" Alt="6;3;3" Info="SE, Gegenseitiges Lehren" Neu="7;3;3" obj="Raufen" text="Nahkampftalent steigern" time="1448196414411" version="HS 5.5.1"/>
<ereignis Abenteuerpunkte="-1" Alt="0" Info="SE, Gegenseitiges Lehren" Neu="1" obj="Wildnisleben" text="Talent steigern" time="1448196432629" version="HS 5.5.1"/>
<ereignis Abenteuerpunkte="-4" Alt="3" Info="SE, Gegenseitiges Lehren" Neu="4" obj="Götter und Kulte" text="Talent steigern" time="1448196437212" version="HS 5.5.1"/>
<ereignis Abenteuerpunkte="-12" Alt="2" Info="Gegenseitiges Lehren" Neu="3" obj="Körperbeherrschung" text="Talent steigern" time="1448196794117" version="HS 5.5.1"/>
<ereignis Abenteuerpunkte="-17" Alt="3" Info="Gegenseitiges Lehren" Neu="4" obj="Körperbeherrschung" text="Talent steigern" time="1448196797944" version="HS 5.5.1"/>
<ereignis Abenteuerpunkte="-22" Alt="4" Info="Gegenseitiges Lehren" Neu="5" obj="Körperbeherrschung" text="Talent steigern" time="1448196805142" version="HS 5.5.1"/>
<ereignis Abenteuerpunkte="-6" Alt="2" Info="Gegenseitiges Lehren" Neu="3" obj="Kriegskunst" text="Talent steigern" time="1448196911418" version="HS 5.5.1"/>
<ereignis Abenteuerpunkte="-8" Alt="3" Info="Gegenseitiges Lehren" Neu="4" obj="Kriegskunst" text="Talent steigern" time="1448196915826" version="HS 5.5.1"/>
<ereignis Abenteuerpunkte="360" kommentar=" Gesamt AP: 360 Verfügbare AP: 360" obj="Abenteuerpunkte (Hinzugewinn)" text="Ereignis eingeben" time="1459514983192" version="HS 5.5.1"/>
<ereignis Abenteuerpunkte="-28" Alt="10;5;5" Info="SE, Gegenseitiges Lehren" Neu="11;5;5" obj="Infanteriewaffen" text="Nahkampftalent steigern" time="1459515209610" version="HS 5.5.1"/>
<ereignis Abenteuerpunkte="-6" Alt="1" Info="SE, Gegenseitiges Lehren" Neu="2" obj="Schwimmen" text="Talent steigern" time="1459515221690" version="HS 5.5.1"/>
<ereignis Abenteuerpunkte="-2" Alt="1" Info="SE, Gegenseitiges Lehren" Neu="2" obj="Fesseln/Entfesseln" text="Talent steigern" time="1459515232283" version="HS 5.5.1"/>
<ereignis Abenteuerpunkte="-4" Alt="3" Info="SE, Gegenseitiges Lehren" Neu="4" obj="Sagen und Legenden" text="Talent steigern" time="1459515237530" version="HS 5.5.1"/>
<ereignis Abenteuerpunkte="-3" Alt="2" Info="SE, Gegenseitiges Lehren" Neu="3" obj="Boote fahren" text="Talent steigern" time="1459515244019" version="HS 5.5.1"/>
<ereignis Abenteuerpunkte="-2" Alt="1" Info="SE, Gegenseitiges Lehren" Neu="2" obj="Seefahrt" text="Talent steigern" time="1459515252915" version="HS 5.5.1"/>
<ereignis Abenteuerpunkte="-7" Alt="1" Info="Gegenseitiges Lehren" Neu="2" obj="Sinnenschärfe" text="Talent steigern" time="1459515266643" version="HS 5.5.1"/>
<ereignis Abenteuerpunkte="-12" Alt="2" Info="Gegenseitiges Lehren" Neu="3" obj="Sinnenschärfe" text="Talent steigern" time="1459515269021" version="HS 5.5.1"/>
<ereignis Abenteuerpunkte="-17" Alt="3" Info="Gegenseitiges Lehren" Neu="4" obj="Sinnenschärfe" text="Talent steigern" time="1459515271419" version="HS 5.5.1"/>
<ereignis Abenteuerpunkte="-22" Alt="4" Info="Gegenseitiges Lehren" Neu="5" obj="Sinnenschärfe" text="Talent steigern" time="1459515273443" version="HS 5.5.1"/>
<ereignis Abenteuerpunkte="-27" Alt="5" Info="Gegenseitiges Lehren" Neu="6" obj="Sinnenschärfe" text="Talent steigern" time="1459515275527" version="HS 5.5.1"/>
<ereignis Abenteuerpunkte="-33" Alt="6" Info="Gegenseitiges Lehren" Neu="7" obj="Sinnenschärfe" text="Talent steigern" time="1459515275955" version="HS 5.5.1"/>
<ereignis Abenteuerpunkte="-2" Alt="0" Info="Gegenseitiges Lehren" Neu="1" obj="Orientierung" text="Talent steigern" time="1459515381229" version="HS 5.5.1"/>
<ereignis Abenteuerpunkte="-4" Alt="1" Info="Gegenseitiges Lehren" Neu="2" obj="Orientierung" text="Talent steigern" time="1459515381788" version="HS 5.5.1"/>
<ereignis Abenteuerpunkte="-6" Alt="2" Info="Gegenseitiges Lehren" Neu="3" obj="Orientierung" text="Talent steigern" time="1459515382348" version="HS 5.5.1"/>
<ereignis Abenteuerpunkte="-8" Alt="3" Info="Gegenseitiges Lehren" Neu="4" obj="Orientierung" text="Talent steigern" time="1459515383245" version="HS 5.5.1"/>
<ereignis Abenteuerpunkte="-11" Alt="4" Info="Gegenseitiges Lehren" Neu="5" obj="Orientierung" text="Talent steigern" time="1459515384621" version="HS 5.5.1"/>
<ereignis Abenteuerpunkte="-14" Alt="5" Info="Gegenseitiges Lehren" Neu="6" obj="Orientierung" text="Talent steigern" time="1459515385125" version="HS 5.5.1"/>
<ereignis Abenteuerpunkte="-17" Alt="6" Info="Gegenseitiges Lehren" Neu="7" obj="Orientierung" text="Talent steigern" time="1459515388670" version="HS 5.5.1"/>
<ereignis Abenteuerpunkte="-11" Alt="4" Info="Gegenseitiges Lehren" Neu="5" obj="Kriegskunst" text="Talent steigern" time="1459515396198" version="HS 5.5.1"/>
<ereignis Abenteuerpunkte="-14" Alt="5" Info="Gegenseitiges Lehren" Neu="6" obj="Kriegskunst" text="Talent steigern" time="1459515396926" version="HS 5.5.1"/>
<ereignis Abenteuerpunkte="-17" Alt="6" Info="Gegenseitiges Lehren" Neu="7" obj="Kriegskunst" text="Talent steigern" time="1459515397798" version="HS 5.5.1"/>
<ereignis Abenteuerpunkte="-6" Alt="2" Info="Gegenseitiges Lehren" Neu="3" obj="Fesseln/Entfesseln" text="Talent steigern" time="1459515599271" version="HS 5.5.1"/>
<ereignis Abenteuerpunkte="-8" Alt="3" Info="Gegenseitiges Lehren" Neu="4" obj="Fesseln/Entfesseln" text="Talent steigern" time="1459515599928" version="HS 5.5.1"/>
<ereignis Abenteuerpunkte="-11" Alt="4" Info="Gegenseitiges Lehren" Neu="5" obj="Fesseln/Entfesseln" text="Talent steigern" time="1459515601856" version="HS 5.5.1"/>
<ereignis Abenteuerpunkte="-9" Alt="2;2;0" Info="Gegenseitiges Lehren" Neu="3;2;0" obj="Hiebwaffen" text="Nahkampftalent steigern" time="1459515649017" version="HS 5.5.1"/>
<ereignis Abenteuerpunkte="-13" Alt="3;2;0" Info="Gegenseitiges Lehren" Neu="4;2;0" obj="Hiebwaffen" text="Nahkampftalent steigern" time="1459515651313" version="HS 5.5.1"/>
<ereignis Abenteuerpunkte="-17" Alt="4;2;0" Info="Gegenseitiges Lehren" Neu="5;2;0" obj="Hiebwaffen" text="Nahkampftalent steigern" time="1459515653945" version="HS 5.5.1"/>
<ereignis Abenteuerpunkte="-27" Alt="5" Info="Gegenseitiges Lehren" Neu="6" obj="Körperbeherrschung" text="Talent steigern" time="1459515691961" version="HS 5.5.1"/>
<ereignis Abenteuerpunkte="-9" Alt="2;1;1" Info="Gegenseitiges Lehren" Neu="3;1;1" obj="Ringen" text="Nahkampftalent steigern" time="1459515718778" version="HS 5.5.1"/>
<ereignis Abenteuerpunkte="-13" Alt="3;1;1" Info="Gegenseitiges Lehren" Neu="4;1;1" obj="Ringen" text="Nahkampftalent steigern" time="1459515721146" version="HS 5.5.1"/>
<ereignis Abenteuerpunkte="-17" Alt="4;1;1" Info="Gegenseitiges Lehren" Neu="5;1;1" obj="Ringen" text="Nahkampftalent steigern" time="1459515722119" version="HS 5.5.1"/>
<ereignis Abenteuerpunkte="-7" Alt="1" Info="Gegenseitiges Lehren" Neu="2" obj="Klettern" text="Talent steigern" time="1459515738190" version="HS 5.5.1"/>
<ereignis Abenteuerpunkte="-12" Alt="2" Info="Gegenseitiges Lehren" Neu="3" obj="Klettern" text="Talent steigern" time="1459515739522" version="HS 5.5.1"/>
<ereignis Abenteuerpunkte="-17" Alt="3" Info="Gegenseitiges Lehren" Neu="4" obj="Klettern" text="Talent steigern" time="1459515744036" version="HS 5.5.1"/>
<ereignis Abenteuerpunkte="-7" Alt="1" Info="Gegenseitiges Lehren" Neu="2" obj="Selbstbeherrschung" text="Talent steigern" time="1459515917111" version="HS 5.5.1"/>
<ereignis Abenteuerpunkte="-2" Alt="0" Info="Gegenseitiges Lehren" Neu="1" obj="Fährtensuchen" text="Talent steigern" time="1459515935591" version="HS 5.5.1"/>
<ereignis Abenteuerpunkte="-6" Alt="2" Info="Gegenseitiges Lehren" Neu="3" obj="Metallguss" text="Talent steigern" time="1459515950988" version="HS 5.5.1"/>
<ereignis Abenteuerpunkte="250" kommentar=" Gesamt AP: 250 Verfügbare AP: 250" obj="Abenteuerpunkte (Hinzugewinn)" text="Ereignis eingeben" time="1463082596078" version="HS 5.5.1"/>
<ereignis Abenteuerpunkte="-210" Alt="14" Info="SE" Neu="15" obj="Körperkraft" text="Eigenschaft steigern" time="1463082625591" version="HS 5.5.1"/>
<ereignis Abenteuerpunkte="-33" Alt="6" Info="Gegenseitiges Lehren" Neu="7" obj="Körperbeherrschung" text="Talent steigern" time="1463082772674" version="HS 5.5.1"/>
<ereignis Abenteuerpunkte="250" kommentar=" Gesamt AP: 250 Verfügbare AP: 250" obj="Abenteuerpunkte (Hinzugewinn)" text="Ereignis eingeben" time="1464886317507" version="HS 5.5.1"/>
<ereignis Abenteuerpunkte="-150" obj="Linkhand" text="Sonderfertigkeit hinzugefügt" time="1464886333350" version="HS 5.5.1"/>
<ereignis Abenteuerpunkte="-100" obj="Schildkampf I" text="Sonderfertigkeit hinzugefügt" time="1464886341215" version="HS 5.5.1"/>
<ereignis Abenteuerpunkte="300" kommentar=" Gesamt AP: 300 Verfügbare AP: 300" obj="Abenteuerpunkte (Hinzugewinn)" text="Ereignis eingeben" time="1469273836726" version="HS 5.5.1"/>
<ereignis Abenteuerpunkte="-16" Alt="11" Info="Lehrmeister" Neu="12" obj="Grobschmied" text="Talent steigern" time="1469273864354" version="HS 5.5.1"/>
<ereignis Abenteuerpunkte="-17" Alt="12" Info="Lehrmeister" Neu="13" obj="Grobschmied" text="Talent steigern" time="1469273868068" version="HS 5.5.1"/>
<ereignis Abenteuerpunkte="-9" Alt="2" Info="SE, Gegenseitiges Lehren" Neu="3" obj="Zechen" text="Talent steigern" time="1469273878173" version="HS 5.5.1"/>
<ereignis Abenteuerpunkte="-200" obj="Schildkampf II" text="Sonderfertigkeit hinzugefügt" time="1469274681491" version="HS 5.5.1"/>
<ereignis kommentar="Editor" obj="Infanteriewaffen" text="Talent entfernt" time="1474647379405" version="HS 5.5.1"/>
<ereignis kommentar="Editor" obj="Schwerter" text="Talent aktivieren" time="1474647379405" version="HS 5.5.1"/>
<ereignis Alt="0" Neu="11" kommentar="Editor" obj="Schwerter" text="Talent steigern" time="1474647379405" version="HS 5.5.1"/>
<ereignis Abenteuerpunkte="220" kommentar=" Gesamt AP: 220 Verfügbare AP: 220" obj="Abenteuerpunkte (Hinzugewinn)" text="Ereignis eingeben" time="1476107442754" version="HS 5.5.1"/>
<ereignis Abenteuerpunkte="-150" obj="Rüstungsgewöhnung I (Lederharnisch)" text="Sonderfertigkeit hinzugefügt" time="1476278486228" version="HS 5.5.1"/>
<ereignis Abenteuerpunkte="120" kommentar=" Gesamt AP: 120 Verfügbare AP: 120" obj="Abenteuerpunkte (Hinzugewinn)" text="Ereignis eingeben" time="1477685896958" version="HS 5.5.1"/>
<ereignis Abenteuerpunkte="-80" Alt="11;6;5" Info="SE, Selbststudium" Neu="12;6;5" obj="Schwerter" text="Nahkampftalent steigern" time="1477685984271" version="HS 5.5.1"/>
<ereignis Abenteuerpunkte="300" kommentar=" Gesamt AP: 300 Verfügbare AP: 300" obj="Abenteuerpunkte (Hinzugewinn)" text="Ereignis eingeben" time="1480875345868" version="HS 5.5.2"/>
<ereignis Abenteuerpunkte="-130" Alt="12;7;5" Info="Selbststudium" Neu="13;7;5" obj="Schwerter" text="Nahkampftalent steigern" time="1480875350136" version="HS 5.5.2"/>
<ereignis Abenteuerpunkte="-220" Alt="8" Neu="9" obj="Klugheit" text="Eigenschaft steigern" time="1480875379670" version="HS 5.5.2"/>
<ereignis Abenteuerpunkte="-20" Neu="0" obj="Reiten" text="Talent aktivieren" time="1480875445345" version="HS 5.5.2"/>
<ereignis Abenteuerpunkte="-3" Alt="0" Info="Gegenseitiges Lehren" Neu="1" obj="Reiten" text="Talent steigern" time="1480875495291" version="HS 5.5.2"/>
<ereignis Abenteuerpunkte="-7" Alt="1" Info="Gegenseitiges Lehren" Neu="2" obj="Reiten" text="Talent steigern" time="1480875496938" version="HS 5.5.2"/>
<ereignis Abenteuerpunkte="-12" Alt="2" Info="Gegenseitiges Lehren" Neu="3" obj="Reiten" text="Talent steigern" time="1480875498906" version="HS 5.5.2"/>
<ereignis Abenteuerpunkte="-17" Alt="3" Info="Gegenseitiges Lehren" Neu="4" obj="Reiten" text="Talent steigern" time="1480875501896" version="HS 5.5.2"/>
<ereignis Abenteuerpunkte="-22" Alt="4" Info="Gegenseitiges Lehren" Neu="5" obj="Reiten" text="Talent steigern" time="1480875508520" version="HS 5.5.2"/>
<ereignis Abenteuerpunkte="-27" Alt="5" Info="Gegenseitiges Lehren" Neu="6" obj="Reiten" text="Talent steigern" time="1480875511362" version="HS 5.5.2"/>
<ereignis Abenteuerpunkte="210" kommentar=" Gesamt AP: 210 Verfügbare AP: 210" obj="Abenteuerpunkte (Hinzugewinn)" text="Ereignis eingeben" time="1489844706619" version="HS 5.5.2"/>
<ereignis Abenteuerpunkte="-140" Alt="13;8;5" Info="Selbststudium" Neu="14;8;5" obj="Schwerter" text="Nahkampftalent steigern" time="1489845014901" version="HS 5.5.2"/>
<ereignis Abenteuerpunkte="150" kommentar=" Gesamt AP: 150 Verfügbare AP: 150" obj="Abenteuerpunkte (Hinzugewinn)" text="Ereignis eingeben" time="1493397444879" version="HS 5.5.2"/>
<ereignis Abenteuerpunkte="90" kommentar=" Gesamt AP: 90 Verfügbare AP: 90" obj="Abenteuerpunkte (Hinzugewinn)" text="Ereignis eingeben" time="1494076183766" version="HS 5.5.2"/>
<ereignis Abenteuerpunkte="100" kommentar=" Gesamt AP: 100 Verfügbare AP: 100" obj="Abenteuerpunkte (Hinzugewinn)" text="Ereignis eingeben" time="1497094741230" version="HS 5.5.2"/>
<ereignis Abenteuerpunkte="100" kommentar=" Gesamt AP: 100 Verfügbare AP: 100" obj="Abenteuerpunkte (Hinzugewinn)" text="Ereignis eingeben" time="1498253303688" version="HS 5.5.2"/>
<ereignis Abenteuerpunkte="-450" Alt="15" Neu="16" obj="Körperkraft" text="Eigenschaft steigern" time="1498253327952" version="HS 5.5.2"/>
<ereignis Abenteuerpunkte="75" kommentar=" Gesamt AP: 75 Verfügbare AP: 75" obj="Abenteuerpunkte (Hinzugewinn)" text="Ereignis eingeben" time="1500071500356" version="HS 5.5.2"/>
<ereignis Abenteuerpunkte="400" kommentar=" Gesamt AP: 400 Verfügbare AP: 400" obj="Abenteuerpunkte (Hinzugewinn)" text="Ereignis eingeben" time="1504910438890" version="HS 5.5.2"/>
<ereignis Abenteuerpunkte="-240" Alt="16" Info="SE" Neu="17" obj="Körperkraft" text="Eigenschaft steigern" time="1504910447202" version="HS 5.5.2"/>
<ereignis Abenteuerpunkte="-200" obj="Wuchtschlag" text="Sonderfertigkeit hinzugefügt" time="1504910537611" version="HS 5.5.2"/>
<ereignis Abenteuerpunkte="-2" Alt="0" Info="SE, Gegenseitiges Lehren" Neu="1" obj="Schleichen" text="Talent steigern" time="1504910606557" version="HS 5.5.2"/>
<ereignis Abenteuerpunkte="-7" Alt="1" Info="Gegenseitiges Lehren" Neu="2" obj="Schleichen" text="Talent steigern" time="1504910615957" version="HS 5.5.2"/>
<ereignis Abenteuerpunkte="-10" Alt="7" Info="SE, Gegenseitiges Lehren" Neu="8" obj="Orientierung" text="Talent steigern" time="1504910636484" version="HS 5.5.2"/>
<ereignis Abenteuerpunkte="-6" Alt="4" Info="SE, Gegenseitiges Lehren" Neu="5" obj="Götter und Kulte" text="Talent steigern" time="1504910642725" version="HS 5.5.2"/>
<ereignis Abenteuerpunkte="102" kommentar=" Gesamt AP: 102 Verfügbare AP: 102" obj="Abenteuerpunkte (Hinzugewinn)" text="Ereignis eingeben" time="1506721092512" version="HS 5.5.2"/>
<ereignis Abenteuerpunkte="-60" Alt="14;9;5" Info="Lehrmeister" Neu="15;9;5" obj="Schwerter" text="Nahkampftalent steigern" time="1506721129096" version="HS 5.5.2"/>
<ereignis Abenteuerpunkte="-65" Alt="15;9;5" Info="Lehrmeister" Neu="16;9;5" obj="Schwerter" text="Nahkampftalent steigern" time="1506721134280" version="HS 5.5.2"/>
<ereignis Abenteuerpunkte="-16" Alt="0" Neu="1" obj="Lebensenergie" text="Eigenschaft steigern" time="1506721147465" version="HS 5.5.2"/>
<ereignis Abenteuerpunkte="890" kommentar="AP Kompensation seit 29.09.17 Gesamt AP: 890 Verfügbare AP: 890" obj="Abenteuerpunkte (Hinzugewinn)" text="Ereignis eingeben" time="1518804397426" version="HS 5.5.3"/>
<ereignis Abenteuerpunkte="-70" Alt="16;10;6" Info="Lehrmeister" Neu="17;10;6" obj="Schwerter" text="Nahkampftalent steigern" time="1518804411791" version="HS 5.5.3"/>
<ereignis Abenteuerpunkte="-75" Alt="17;10;6" Info="Lehrmeister" Neu="18;10;6" obj="Schwerter" text="Nahkampftalent steigern" time="1518804414837" version="HS 5.5.3"/>
<ereignis Abenteuerpunkte="-8" Alt="3" Info="Gegenseitiges Lehren" Neu="4" obj="Lederarbeiten" text="Talent steigern" time="1519769003159" version="HS 5.5.3"/>
<ereignis Abenteuerpunkte="-11" Alt="4" Info="Gegenseitiges Lehren" Neu="5" obj="Lederarbeiten" text="Talent steigern" time="1519769004183" version="HS 5.5.3"/>
<ereignis Abenteuerpunkte="-21" Alt="5;3;2" Info="Gegenseitiges Lehren" Neu="6;3;2" obj="Ringen" text="Nahkampftalent steigern" time="1519769025463" version="HS 5.5.3"/>
<ereignis Abenteuerpunkte="-25" Alt="6;3;2" Info="Gegenseitiges Lehren" Neu="7;3;2" obj="Ringen" text="Nahkampftalent steigern" time="1519769027487" version="HS 5.5.3"/>
<ereignis Abenteuerpunkte="-22" Alt="4" Info="Gegenseitiges Lehren" Neu="5" obj="Klettern" text="Talent steigern" time="1519769089039" version="HS 5.5.3"/>
<ereignis Abenteuerpunkte="-27" Alt="5" Info="Gegenseitiges Lehren" Neu="6" obj="Klettern" text="Talent steigern" time="1519769090411" version="HS 5.5.3"/>
<ereignis Abenteuerpunkte="-33" Alt="6" Info="Gegenseitiges Lehren" Neu="7" obj="Reiten" text="Talent steigern" time="1519769095264" version="HS 5.5.3"/>
<ereignis Abenteuerpunkte="-11" Alt="4" Info="Gegenseitiges Lehren" Neu="5" obj="Menschenkenntnis" text="Talent steigern" time="1519769110584" version="HS 5.5.3"/>
<ereignis Abenteuerpunkte="-14" Alt="5" Info="Gegenseitiges Lehren" Neu="6" obj="Menschenkenntnis" text="Talent steigern" time="1519769111368" version="HS 5.5.3"/>
<ereignis Abenteuerpunkte="-17" Alt="6" Info="Gegenseitiges Lehren" Neu="7" obj="Menschenkenntnis" text="Talent steigern" time="1519769114065" version="HS 5.5.3"/>
<ereignis Abenteuerpunkte="-14" Alt="5" Info="Gegenseitiges Lehren" Neu="6" obj="Fesseln/Entfesseln" text="Talent steigern" time="1519769121931" version="HS 5.5.3"/>
<ereignis Abenteuerpunkte="-17" Alt="6" Info="Gegenseitiges Lehren" Neu="7" obj="Fesseln/Entfesseln" text="Talent steigern" time="1519769122402" version="HS 5.5.3"/>
<ereignis Abenteuerpunkte="-8" Alt="3" Info="Gegenseitiges Lehren" Neu="4" obj="Heilkunde: Wunden" text="Talent steigern" time="1519769141539" version="HS 5.5.3"/>
<ereignis Abenteuerpunkte="-11" Alt="4" Info="Gegenseitiges Lehren" Neu="5" obj="Heilkunde: Wunden" text="Talent steigern" time="1519769142170" version="HS 5.5.3"/>
<ereignis Abenteuerpunkte="-14" Alt="5" Info="Gegenseitiges Lehren" Neu="6" obj="Heilkunde: Wunden" text="Talent steigern" time="1519769143906" version="HS 5.5.3"/>
<ereignis Abenteuerpunkte="-17" Alt="6" Info="Gegenseitiges Lehren" Neu="7" obj="Heilkunde: Wunden" text="Talent steigern" time="1519769146346" version="HS 5.5.3"/>
<ereignis Abenteuerpunkte="-14" Alt="5" Info="Gegenseitiges Lehren" Neu="6" obj="Lederarbeiten" text="Talent steigern" time="1519769151771" version="HS 5.5.3"/>
<ereignis Abenteuerpunkte="-17" Alt="6" Info="Gegenseitiges Lehren" Neu="7" obj="Lederarbeiten" text="Talent steigern" time="1519769152156" version="HS 5.5.3"/>
<ereignis Abenteuerpunkte="250" kommentar=" Gesamt AP: 250 Verfügbare AP: 250" obj="Abenteuerpunkte (Hinzugewinn)" text="Ereignis eingeben" time="1522080970352" version="HS 5.5.3"/>
<ereignis Abenteuerpunkte="-2" Alt="1" Info="SE, Gegenseitiges Lehren" Neu="2" obj="Wildnisleben" text="Talent steigern" time="1522081078368" version="HS 5.5.3"/>
<ereignis Abenteuerpunkte="-6" Alt="4" Info="SE, Gegenseitiges Lehren" Neu="5" obj="Überreden" text="Talent steigern" time="1522081080497" version="HS 5.5.3"/>
<ereignis Abenteuerpunkte="-9" Alt="2" Info="SE, Gegenseitiges Lehren" Neu="3" obj="Selbstbeherrschung" text="Talent steigern" time="1522081082369" version="HS 5.5.3"/>
<ereignis Abenteuerpunkte="-9" Alt="2" Info="SE, Gegenseitiges Lehren" Neu="3" obj="Schwimmen" text="Talent steigern" time="1522081083897" version="HS 5.5.3"/>
<ereignis Abenteuerpunkte="-75" Alt="13" Info="Selbststudium" Neu="14" obj="Grobschmied" text="Talent steigern" time="1522081140495" version="HS 5.5.3"/>
<ereignis Abenteuerpunkte="-29" Alt="7;4;3" Info="Selbststudium" Neu="8;4;3" obj="Raufen" text="Nahkampftalent steigern" time="1522081160570" version="HS 5.5.3"/>
<ereignis Abenteuerpunkte="-34" Alt="8;4;3" Info="Selbststudium" Neu="9;4;3" obj="Raufen" text="Nahkampftalent steigern" time="1522081164578" version="HS 5.5.3"/>
<ereignis Abenteuerpunkte="-38" Alt="9;4;3" Info="Selbststudium" Neu="10;4;3" obj="Raufen" text="Nahkampftalent steigern" time="1522081165730" version="HS 5.5.3"/>
<ereignis Abenteuerpunkte="260" kommentar="Totos Familienfede Gesamt AP: 260 Verfügbare AP: 260" obj="Abenteuerpunkte (Hinzugewinn)" text="Ereignis eingeben" time="1524154148999" version="HS 5.5.3"/>
<ereignis Abenteuerpunkte="-7" Alt="5" Info="SE, Gegenseitiges Lehren" Neu="6" obj="Überreden" text="Talent steigern" time="1524154169170" version="HS 5.5.3"/>
</ereignisse>
<talentliste>
<talent lernmethode="Selbststudium" name="Armbrust" probe=" (GE/FF/KK)" value="1"/>
<talent lernmethode="Gegenseitiges Lehren" name="Bogen" probe=" (GE/FF/KK)" value="2"/>
<talent lernmethode="Gegenseitiges Lehren" name="Dolche" probe=" (GE/GE/KK)" value="2"/>
<talent lernmethode="Gegenseitiges Lehren" name="Hiebwaffen" probe=" (GE/GE/KK)" value="5"/>
<talent lernmethode="Selbststudium" name="Raufen" probe=" (GE/GE/KK)" value="10"/>
<talent lernmethode="Gegenseitiges Lehren" name="Ringen" probe=" (GE/GE/KK)" value="7"/>
<talent lernmethode="Gegenseitiges Lehren" name="Säbel" probe=" (GE/GE/KK)" value="0"/>
<talent lernmethode="Lehrmeister" name="Schwerter" probe=" (GE/GE/KK)" value="18"/>
<talent lernmethode="Gegenseitiges Lehren" name="Wurfmesser" probe=" (GE/FF/KK)" value="0"/>
<talent be="BEx2" lernmethode="Gegenseitiges Lehren" name="Athletik" probe=" (GE/KO/KK)" value="8"/>
<talent be="BEx2" lernmethode="Gegenseitiges Lehren" name="Klettern" probe=" (MU/GE/KK)" value="6"/>
<talent be="BEx2" lernmethode="Gegenseitiges Lehren" name="Körperbeherrschung" probe=" (MU/IN/GE)" value="7"/>
<talent be="BE-2" lernmethode="Gegenseitiges Lehren" name="Reiten" probe=" (CH/GE/KK)" value="7"/>
<talent be="BE" lernmethode="Gegenseitiges Lehren" name="Schleichen" probe=" (MU/IN/GE)" value="2"/>
<talent be="BEx2" lernmethode="Gegenseitiges Lehren" name="Schwimmen" probe=" (GE/KO/KK)" value="3"/>
<talent be="" lernmethode="Gegenseitiges Lehren" name="Selbstbeherrschung" probe=" (MU/KO/KK)" value="3"/>
<talent be="BE-2" lernmethode="Gegenseitiges Lehren" name="Sich verstecken" probe=" (MU/IN/GE)" value="0"/>
<talent be="BE-3" lernmethode="Gegenseitiges Lehren" name="Singen" probe=" (IN/CH/CH)" value="0"/>
<talent be="0-&gt;BE" lernmethode="Gegenseitiges Lehren" name="Sinnenschärfe" probe=" (KL/IN/IN)" value="7"/>
<talent be="BEx2" lernmethode="Gegenseitiges Lehren" name="Tanzen" probe=" (CH/GE/GE)" value="1"/>
<talent be="" lernmethode="Gegenseitiges Lehren" name="Zechen" probe=" (IN/KO/KK)" value="3"/>
<talent lernmethode="Gegenseitiges Lehren" name="Etikette" probe=" (KL/IN/CH)" value="2"/>
<talent lernmethode="Gegenseitiges Lehren" name="Gassenwissen" probe=" (KL/IN/CH)" value="2"/>
<talent lernmethode="Gegenseitiges Lehren" name="Lehren" probe=" (KL/IN/CH)" value="2"/>
<talent lernmethode="Gegenseitiges Lehren" name="Menschenkenntnis" probe=" (KL/IN/CH)" value="7"/>
<talent lernmethode="Gegenseitiges Lehren" name="Überreden" probe=" (MU/IN/CH)" value="6"/>
<talent lernmethode="Gegenseitiges Lehren" name="Fährtensuchen" probe=" (KL/IN/KO)" value="1"/>
<talent lernmethode="Gegenseitiges Lehren" name="Fesseln/Entfesseln" probe=" (FF/GE/KK)" value="7"/>
<talent lernmethode="Gegenseitiges Lehren" name="Fischen/Angeln" probe=" (IN/FF/KK)" value="1"/>
<talent lernmethode="Gegenseitiges Lehren" name="Orientierung" probe=" (KL/IN/IN)" value="8"/>
<talent lernmethode="Gegenseitiges Lehren" name="Wildnisleben" probe=" (IN/GE/KO)" value="2"/>
<talent lernmethode="Gegenseitiges Lehren" name="Geografie" probe=" (KL/KL/IN)" value="1"/>
<talent lernmethode="Gegenseitiges Lehren" name="Götter und Kulte" probe=" (KL/KL/IN)" value="5"/>
<talent lernmethode="Gegenseitiges Lehren" name="Heraldik" probe=" (KL/KL/FF)" value="1"/>
<talent lernmethode="Gegenseitiges Lehren" name="Kriegskunst" probe=" (MU/KL/CH)" value="7"/>
<talent lernmethode="Gegenseitiges Lehren" name="Rechnen" probe=" (KL/KL/IN)" value="4"/>
<talent lernmethode="Gegenseitiges Lehren" name="Rechtskunde" probe=" (KL/KL/IN)" value="2"/>
<talent lernmethode="Gegenseitiges Lehren" name="Sagen und Legenden" probe=" (KL/IN/CH)" value="4"/>
<talent lernmethode="Gegenseitiges Lehren" name="Schätzen" probe=" (KL/IN/IN)" value="2"/>
<talent k="18" lernmethode="Gegenseitiges Lehren" name="Sprachen kennen Garethi" probe=" (KL/IN/CH)" value="6"/>
<talent k="21" lernmethode="Gegenseitiges Lehren" name="Sprachen kennen Rogolan" probe=" (KL/IN/CH)" value="3"/>
<talent k="10" lernmethode="Gegenseitiges Lehren" name="Lesen/Schreiben Kusliker Zeichen" probe=" (KL/KL/FF)" value="3"/>
<talent lernmethode="Gegenseitiges Lehren" name="Bogenbau" probe=" (KL/IN/FF)" value="4"/>
<talent lernmethode="Gegenseitiges Lehren" name="Boote fahren" probe=" (GE/KO/KK)" value="3"/>
<talent lernmethode="Lehrmeister" name="Grobschmied" probe=" (FF/KO/KK)" value="14"/>
<talent lernmethode="Gegenseitiges Lehren" name="Hauswirtschaft" probe=" (IN/CH/FF)" value="3"/>
<talent lernmethode="Gegenseitiges Lehren" name="Heilkunde: Wunden" probe=" (KL/CH/FF)" value="7"/>
<talent lernmethode="Gegenseitiges Lehren" name="Holzbearbeitung" probe=" (KL/FF/KK)" value="1"/>
<talent lernmethode="Gegenseitiges Lehren" name="Kochen" probe=" (KL/IN/FF)" value="0"/>
<talent lernmethode="Gegenseitiges Lehren" name="Lederarbeiten" probe=" (KL/FF/FF)" value="7"/>
<talent lernmethode="Gegenseitiges Lehren" name="Malen/Zeichnen" probe=" (KL/IN/FF)" value="1"/>
<talent lernmethode="Gegenseitiges Lehren" name="Metallguss" probe=" (KL/FF/KK)" value="3"/>
<talent lernmethode="Gegenseitiges Lehren" name="Schneidern" probe=" (KL/FF/FF)" value="0"/>
<talent lernmethode="Gegenseitiges Lehren" name="Seefahrt" probe=" (FF/GE/KK)" value="2"/>
</talentliste>
<zauberliste/>
<kampf>
<kampfwerte name="Dolche">
<attacke value="11"/>
<parade value="8"/>
</kampfwerte>
<kampfwerte name="Hiebwaffen">
<attacke value="13"/>
<parade value="9"/>
</kampfwerte>
<kampfwerte name="Raufen">
<attacke value="15"/>
<parade value="12"/>
</kampfwerte>
<kampfwerte name="Ringen">
<attacke value="14"/>
<parade value="10"/>
</kampfwerte>
<kampfwerte name="Säbel">
<attacke value="9"/>
<parade value="8"/>
</kampfwerte>
<kampfwerte name="Schwerter">
<attacke value="20"/>
<parade value="15"/>
</kampfwerte>
</kampf>
<gegenstände>
<gegenstand anzahl="1" name="(Lang-)Schwert" slot="0"/>
<gegenstand anzahl="1" name="Armschienen (Paar), Stahl" slot="0"/>
<gegenstand anzahl="1" name="Beinschienen (Paar), Stahl" slot="0"/>
<gegenstand anzahl="1" name="Großschild" slot="0"/>
<gegenstand anzahl="1" name="Krötenhaut" slot="0"/>
<gegenstand anzahl="1" name="Lederharnisch" slot="0"/>
<gegenstand anzahl="1" name="Schaller" slot="0"/>
</gegenstände>
<BoniWaffenlos/>
<kommentare/>
<ausrüstungen>
<heldenausruestung bezeichner="" bfakt="1" bfmin="1" hand="rechts" name="nkwaffe1" schild="0" set="0" slot="0" talent="Schwerter" waffenname="(Lang-)Schwert"/>
<heldenausruestung name="schild1" schildname="Großschild" set="0" slot="0" verwendungsArt="Schild"/>
<heldenausruestung name="ruestung1" ruestungsname="Lederharnisch" set="0" slot="0"/>
<heldenausruestung name="ruestung2" ruestungsname="Armschienen (Paar), Stahl" set="0" slot="0"/>
<heldenausruestung name="ruestung3" ruestungsname="Krötenhaut" set="0" slot="0"/>
<heldenausruestung name="ruestung4" ruestungsname="Beinschienen (Paar), Stahl" set="0" slot="0"/>
<heldenausruestung name="ruestung5" ruestungsname="Schaller" set="0" slot="0"/>
<heldenausruestung name="jagtwaffe" nummer="0" set="0"/>
</ausrüstungen>
<verbindungen/>
<extention/>
<geldboerse/>
<plugindata/>
</held>
<Signature xmlns="http://www.w3.org/2000/09/xmldsig#">
<SignedInfo>
<CanonicalizationMethod Algorithm="http://www.w3.org/TR/2001/REC-xml-c14n-20010315#WithComments"/>
<SignatureMethod Algorithm="http://www.w3.org/2000/09/xmldsig#dsa-sha1"/>
<Reference URI="">
<Transforms>
<Transform Algorithm="http://www.w3.org/2000/09/xmldsig#enveloped-signature"/>
</Transforms>
<DigestMethod Algorithm="http://www.w3.org/2000/09/xmldsig#sha1"/>
<DigestValue>J1G6xPRlr91uSk/IRLOMlPTkJcA=</DigestValue>
</Reference>
</SignedInfo>
<SignatureValue>ky+Eb5yAkCd/ljK/d8cmXUEKBFQ4NVz2jh6QNPeKVtvKzXuiey+Rzg==</SignatureValue>
<KeyInfo>
<KeyValue>
<DSAKeyValue>
<P>/KaCzo4Syrom78z3EQ5SbbB4sF7ey80etKII864WF64B81uRpH5t9jQTxeEu0ImbzRMqzVDZkVG9
xD7nN1kuFw==</P>
<Q>li7dzDacuo67Jg7mtqEm2TRuOMU=</Q>
<G>Z4Rxsnqc9E7pGknFFH2xqaryRPBaQ01khpMdLRQnG541Awtx/XPaF5Bpsy4pNWMOHCBiNU0Nogps
QW5QvnlMpA==</G>
<Y>uVrvWkzIbUdL7E80AiD0PJDX3Ck0beY5StXp1wDAA1/ePpemd6rTBNd8YoCzOovNrX016YMcTSiO
iExM4RWtJA==</Y>
</DSAKeyValue>
</KeyValue>
</KeyInfo>
</Signature>
</helden>
