<?xml version="1.0" encoding="UTF-8" standalone="no"?><?xml-stylesheet type="text/xsl" href="helden.xsl"?><helden Version="5.5.2"><held key="1459275765140" name="Ragnar Rökkarson" stand="1497391592828"><mods/><basis><geschlecht name="männlich"/><settings name="DSA4.1"><inc name="Wege der Alchimie"/></settings><rasse name="helden.model.rasse.Thorwaler" string="Thorwaler"><groesse gewicht="113" value="208"/><aussehen alter="20" augenfarbe="grün" aussehentext0="" aussehentext1="" aussehentext2="" aussehentext3="" familietext0="" familietext1="" familietext2="" familietext3="" familietext4="" familietext5="" gbjahr="1003" gbmonat="7" gbtag="24" gprest="0" gpstart="110" haarfarbe="weiß" kalender="Bosparans Fall" stand="" titel=""/><variante name="Thorwaler"/></rasse><kultur name="helden.model.kultur.Thorwal" string="Thorwal"><variante name="Thorwal"/></kultur><ausbildungen><ausbildung art="Hauptprofession" name="helden.model.profession.Soldat" string="Soldat/Seesoldat" tarnidentitaet=""><variante name="Seesoldat"/></ausbildung></ausbildungen><verify value="1"/><notiz notiz0="Notizen" notiz1="" notiz10="" notiz11="" notiz2="" notiz3="" notiz4="" notiz5="" notiz6="" notiz7="" notiz8="" notiz9=""/><portraet value=""/><abenteuerpunkte value="3007"/><freieabenteuerpunkte value="40"/></basis><eigenschaften><eigenschaft mod="1" name="Mut" startwert="13" value="13"/><eigenschaft mod="0" name="Klugheit" startwert="12" value="12"/><eigenschaft mod="0" name="Intuition" startwert="14" value="14"/><eigenschaft mod="0" name="Charisma" startwert="11" value="11"/><eigenschaft mod="0" name="Fingerfertigkeit" startwert="9" value="9"/><eigenschaft mod="0" name="Gewandtheit" startwert="12" value="12"/><eigenschaft mod="1" name="Konstitution" startwert="14" value="14"/><eigenschaft mod="1" name="Körperkraft" startwert="14" value="16"/><eigenschaft mod="0" name="Sozialstatus" startwert="3" value="8"/><eigenschaft mod="11" name="Lebensenergie" value="0"/><eigenschaft mod="14" name="Ausdauer" value="0"/><eigenschaft grossemeditation="0" mod="0" mrmod="-5" name="Astralenergie" value="0"/><eigenschaft karmalqueste="0" mod="0" name="Karmaenergie" value="0"/><eigenschaft mod="-5" name="Magieresistenz" value="0"/><eigenschaft mod="0" name="ini" value="11"/><eigenschaft mod="0" name="at" value="9"/><eigenschaft mod="0" name="pa" value="9"/><eigenschaft mod="0" name="fk" value="8"/></eigenschaften><vt><vorteil name="Begabung für [Talent]" value="Zweihandhiebwaffen"/><vorteil name="Kälteresistenz"/><vorteil name="Aberglaube" value="6"/><vorteil name="Angst vor Spinnen" value="9"/><vorteil name="Impulsiv"/><vorteil name="Jähzorn" value="8"/></vt><sf><sonderfertigkeit name="Auspendeln"/><sonderfertigkeit name="Block"/><sonderfertigkeit name="Doppelschlag"/><sonderfertigkeit name="Eisenarm"/><sonderfertigkeit name="Gerade"/><sonderfertigkeit name="Handkante"/><sonderfertigkeit name="Kreuzblock"/><sonderfertigkeit name="Kulturkunde"><kultur name="Thorwal"/></sonderfertigkeit><sonderfertigkeit name="Meereskundig"/><sonderfertigkeit name="Rüstungsgewöhnung I"><gegenstand name="Dicke Kleidung"/></sonderfertigkeit><sonderfertigkeit name="Schmetterschlag"/><sonderfertigkeit name="Schwinger"/><sonderfertigkeit name="Standfest"/><sonderfertigkeit name="Waffenloser Kampfstil: Hammerfaust"/><sonderfertigkeit name="Wuchtschlag"/></sf><ereignisse><ereignis obj="max GP für Helden: 110" text="EINSTELLUNG" time="1459275767167" version="HS 5.5.1"/><ereignis obj="max Eigenschafts-GP für Helden: 100" text="EINSTELLUNG" time="1459275767167" version="HS 5.5.1"/><ereignis obj="max Eigenschafts-Wert für Helden: 14" text="EINSTELLUNG" time="1459275767167" version="HS 5.5.1"/><ereignis Alt="0" Neu="0" kommentar="5 GP" obj="Rasse: Thorwaler" text="RKP" time="1459275767167" version="HS 5.5.1"/><ereignis Alt="0" Neu="0" kommentar="4 GP" obj="Kultur: Thorwal" text="RKP" time="1459275767167" version="HS 5.5.1"/><ereignis Alt="0" Neu="0" kommentar="8 GP" obj="Profession: Soldat/Seesoldat" text="RKP" time="1459275767167" version="HS 5.5.1"/><ereignis Alt="0" Neu="14" kommentar="13 GP" obj="Mut: 14" text="EIGENSCHAFTEN" time="1459275767167" version="HS 5.5.1"/><ereignis Alt="0" Neu="12" kommentar="12 GP" obj="Klugheit: 12" text="EIGENSCHAFTEN" time="1459275767167" version="HS 5.5.1"/><ereignis Alt="0" Neu="14" kommentar="14 GP" obj="Intuition: 14" text="EIGENSCHAFTEN" time="1459275767167" version="HS 5.5.1"/><ereignis Alt="0" Neu="11" kommentar="11 GP" obj="Charisma: 11" text="EIGENSCHAFTEN" time="1459275767167" version="HS 5.5.1"/><ereignis Alt="0" Neu="9" kommentar="9 GP" obj="Fingerfertigkeit: 9" text="EIGENSCHAFTEN" time="1459275767167" version="HS 5.5.1"/><ereignis Alt="0" Neu="12" kommentar="12 GP" obj="Gewandtheit: 12" text="EIGENSCHAFTEN" time="1459275767167" version="HS 5.5.1"/><ereignis Alt="0" Neu="15" kommentar="14 GP" obj="Konstitution: 15" text="EIGENSCHAFTEN" time="1459275767167" version="HS 5.5.1"/><ereignis Alt="0" Neu="15" kommentar="14 GP" obj="Körperkraft: 15" text="EIGENSCHAFTEN" time="1459275767167" version="HS 5.5.1"/><ereignis Alt="0" Neu="3" kommentar="0 GP" obj="Sozialstatus: 3" text="EIGENSCHAFTEN" time="1459275767167" version="HS 5.5.1"/><ereignis Alt="0" Neu="6" kommentar="21 AP" obj="Raufen: 6" text="TALENT" time="1459275767167" version="HS 5.5.1"/><ereignis Alt="0" Neu="7" kommentar="25 AP" obj="Raufen: 7" text="TALENT" time="1459275767167" version="HS 5.5.1"/><ereignis Alt="0" Neu="8" kommentar="29 AP" obj="Raufen: 8" text="TALENT" time="1459275767167" version="HS 5.5.1"/><ereignis Alt="0" Neu="7" kommentar="33 AP" obj="Wurfbeile: 7" text="TALENT" time="1459275767167" version="HS 5.5.1"/><ereignis Alt="0" Neu="2" kommentar="6 AP" obj="Zweihandhiebwaffen: 2" text="TALENT" time="1459275767167" version="HS 5.5.1"/><ereignis Alt="0" Neu="3" kommentar="9 AP" obj="Zweihandhiebwaffen: 3" text="TALENT" time="1459275767167" version="HS 5.5.1"/><ereignis Alt="0" Neu="4" kommentar="13 AP" obj="Zweihandhiebwaffen: 4" text="TALENT" time="1459275767167" version="HS 5.5.1"/><ereignis Alt="0" Neu="5" kommentar="17 AP" obj="Zweihandhiebwaffen: 5" text="TALENT" time="1459275767167" version="HS 5.5.1"/><ereignis Alt="0" Neu="6" kommentar="21 AP" obj="Zweihandhiebwaffen: 6" text="TALENT" time="1459275767167" version="HS 5.5.1"/><ereignis Alt="0" Neu="7" kommentar="25 AP" obj="Zweihandhiebwaffen: 7" text="TALENT" time="1459275767167" version="HS 5.5.1"/><ereignis Alt="0" Neu="8" kommentar="29 AP" obj="Zweihandhiebwaffen: 8" text="TALENT" time="1459275767167" version="HS 5.5.1"/><ereignis Alt="0" Neu="9" kommentar="34 AP" obj="Zweihandhiebwaffen: 9" text="TALENT" time="1459275767167" version="HS 5.5.1"/><ereignis Alt="0" Neu="10" kommentar="38 AP" obj="Zweihandhiebwaffen: 10" text="TALENT" time="1459275767167" version="HS 5.5.1"/><ereignis Alt="0" Neu="5" kommentar="22 AP" obj="Athletik: 5" text="TALENT" time="1459275767167" version="HS 5.5.1"/><ereignis Alt="0" Neu="2" kommentar="7 AP" obj="Sinnenschärfe: 2" text="TALENT" time="1459275767167" version="HS 5.5.1"/><ereignis Alt="0" Neu="3" kommentar="12 AP" obj="Sinnenschärfe: 3" text="TALENT" time="1459275767167" version="HS 5.5.1"/><ereignis Alt="0" Neu="4" kommentar="17 AP" obj="Sinnenschärfe: 4" text="TALENT" time="1459275767167" version="HS 5.5.1"/><ereignis Alt="0" Neu="5" kommentar="22 AP" obj="Sinnenschärfe: 5" text="TALENT" time="1459275767167" version="HS 5.5.1"/><ereignis Alt="0" Neu="6" kommentar="27 AP" obj="Sinnenschärfe: 6" text="TALENT" time="1459275767167" version="HS 5.5.1"/><ereignis Alt="0" Neu="6" kommentar="14 AP" obj="Boote fahren: 6" text="TALENT" time="1459275767167" version="HS 5.5.1"/><ereignis Alt="0" Neu="3" kommentar="6 AP" obj="Heilkunde: Wunden: 3" text="TALENT" time="1459275767167" version="HS 5.5.1"/><ereignis Alt="0" Neu="5" kommentar="11 AP" obj="Seefahrt: 5" text="TALENT" time="1459275767167" version="HS 5.5.1"/><ereignis Alt="0" Neu="0" kommentar="75 AP" obj="Meereskundig" text="SF" time="1459275767167" version="HS 5.5.1"/><ereignis Alt="0" Neu="0" kommentar="2 GP" obj="Waffenloser Kampfstil: Hammerfaust" text="SF" time="1459275767167" version="HS 5.5.1"/><ereignis Alt="0" Neu="0" kommentar="-1 GP" obj="Aberglaube: 6" text="VORTEILE" time="1459275767167" version="HS 5.5.1"/><ereignis Alt="0" Neu="0" kommentar="-10 GP" obj="Angst vor Spinnen: 10" text="VORTEILE" time="1459275767167" version="HS 5.5.1"/><ereignis Alt="0" Neu="0" kommentar="6 GP" obj="Begabung für [Talent]: Zweihandhiebwaffen" text="VORTEILE" time="1459275767167" version="HS 5.5.1"/><ereignis Alt="0" Neu="0" kommentar="-5 GP" obj="Impulsiv" text="VORTEILE" time="1459275767167" version="HS 5.5.1"/><ereignis Alt="0" Neu="0" kommentar="-3 GP" obj="Jähzorn: 8" text="VORTEILE" time="1459275767167" version="HS 5.5.1"/><ereignis Alt="0" Neu="0" kommentar="5 GP" obj="Kälteresistenz" text="VORTEILE" time="1459275767167" version="HS 5.5.1"/><ereignis obj="Auswahl" text="Rüstungsgewöhnung I (Dicke Kleidung)" time="1459275767167" version="HS 5.5.1"/><ereignis Neu="5" obj="Auswahl" text="Hiebwaffen" time="1459275767167" version="HS 5.5.1"/><ereignis Neu="4" obj="Auswahl" text="Wurfbeile" time="1459275767167" version="HS 5.5.1"/><ereignis Abenteuerpunkte="140" kommentar="Abenteuer: Das Sturmkind Gesamt AP: 140 Verfügbare AP: 140" obj="Abenteuerpunkte (Hinzugewinn)" text="Ereignis eingeben" time="1459275917820" version="HS 5.5.1"/><ereignis Abenteuerpunkte="-70" Alt="10;0;0" Info="Selbststudium" Neu="11;0;0" obj="Zweihandhiebwaffen" text="Nahkampftalent steigern" time="1459275941768" version="HS 5.5.1"/><ereignis Abenteuerpunkte="-14" Alt="5" Info="Gegenseitiges Lehren" Neu="6" obj="Seefahrt" text="Talent steigern" time="1459275993757" version="HS 5.5.1"/><ereignis Abenteuerpunkte="-8" Alt="3" Info="Gegenseitiges Lehren" Neu="4" obj="Kriegskunst" text="Talent steigern" time="1459275999376" version="HS 5.5.1"/><ereignis Abenteuerpunkte="-17" Alt="6" Info="Gegenseitiges Lehren" Neu="7" obj="Boote fahren" text="Talent steigern" time="1459276004001" version="HS 5.5.1"/><ereignis Abenteuerpunkte="-2" Alt="0" Info="Gegenseitiges Lehren" Neu="1" obj="Überreden" text="Talent steigern" time="1459276009601" version="HS 5.5.1"/><ereignis Abenteuerpunkte="-4" Alt="1" Info="Gegenseitiges Lehren" Neu="2" obj="Überreden" text="Talent steigern" time="1459276010139" version="HS 5.5.1"/><ereignis Abenteuerpunkte="-6" Alt="2" Info="Gegenseitiges Lehren" Neu="3" obj="Überreden" text="Talent steigern" time="1459276011394" version="HS 5.5.1"/><ereignis Abenteuerpunkte="-2" Alt="0" Info="Gegenseitiges Lehren" Neu="1" obj="Fährtensuchen" text="Talent steigern" time="1459276013112" version="HS 5.5.1"/><ereignis Abenteuerpunkte="-4" Alt="1" Info="Gegenseitiges Lehren" Neu="2" obj="Fährtensuchen" text="Talent steigern" time="1459276017872" version="HS 5.5.1"/><ereignis Abenteuerpunkte="40" kommentar="Zusatz: Abenteuer: Das Sturmkind Gesamt AP: 40 Verfügbare AP: 40" obj="Sonstiges Ereignis (Hinzugewinn)" text="Ereignis eingeben" time="1459356095589" version="HS 5.5.1"/><ereignis Abenteuerpunkte="-8" Alt="3" Info="Gegenseitiges Lehren" Neu="4" obj="Heilkunde: Wunden" text="Talent steigern" time="1459356162008" version="HS 5.5.1"/><ereignis Abenteuerpunkte="-2" Alt="0" Info="Gegenseitiges Lehren" Neu="1" obj="Wildnisleben" text="Talent steigern" time="1459356251543" version="HS 5.5.1"/><ereignis Abenteuerpunkte="-4" Alt="1" Info="Gegenseitiges Lehren" Neu="2" obj="Wildnisleben" text="Talent steigern" time="1459356251998" version="HS 5.5.1"/><ereignis Abenteuerpunkte="-6" Alt="2" Info="Gegenseitiges Lehren" Neu="3" obj="Wildnisleben" text="Talent steigern" time="1459356252505" version="HS 5.5.1"/><ereignis Abenteuerpunkte="-8" Alt="3" Info="Gegenseitiges Lehren" Neu="4" obj="Wildnisleben" text="Talent steigern" time="1459356252954" version="HS 5.5.1"/><ereignis Abenteuerpunkte="-6" Alt="2" Info="Gegenseitiges Lehren" Neu="3" obj="Menschenkenntnis" text="Talent steigern" time="1459356372557" version="HS 5.5.1"/><ereignis Abenteuerpunkte="-8" Alt="3" Info="Gegenseitiges Lehren" Neu="4" obj="Menschenkenntnis" text="Talent steigern" time="1459356374156" version="HS 5.5.1"/><ereignis Abenteuerpunkte="-8" Alt="3" Info="Gegenseitiges Lehren" Neu="4" obj="Überreden" text="Talent steigern" time="1459356420846" version="HS 5.5.1"/><ereignis Abenteuerpunkte="-6" Alt="2" Info="Gegenseitiges Lehren" Neu="3" obj="Fährtensuchen" text="Talent steigern" time="1459356429289" version="HS 5.5.1"/><ereignis Abenteuerpunkte="200" kommentar="Abenteuer: Hotel Esquirio Gesamt AP: 200 Verfügbare AP: 200" obj="Abenteuerpunkte (Hinzugewinn)" text="Ereignis eingeben" time="1461619140123" version="HS 5.5.1"/><ereignis Alt="D: 0 S: 0 H: 0 K: 0" Info="Geldbörse" Neu="D: 8 S: 1 H: 0 K: 3" obj="Mittelreich" text="Geld" time="1461619215956" version="HS 5.5.1"/><ereignis Abenteuerpunkte="-65" Alt="11;7;4" Info="SE, Selbststudium" Neu="12;7;4" obj="Zweihandhiebwaffen" text="Nahkampftalent steigern" time="1461619815257" version="HS 5.5.1"/><ereignis Abenteuerpunkte="-3" Alt="2" Info="SE, Gegenseitiges Lehren" Neu="3" obj="Götter und Kulte" text="Talent steigern" time="1461619822297" version="HS 5.5.1"/><ereignis Abenteuerpunkte="-22" Alt="4" Info="Gegenseitiges Lehren" Neu="5" obj="Klettern" text="Talent steigern" time="1461619834569" version="HS 5.5.1"/><ereignis Abenteuerpunkte="-50" Alt="10" Neu="9" obj="Angst vor Spinnen: 10" text="Nachteile senken" time="1461619925875" version="HS 5.5.1"/><ereignis Abenteuerpunkte="250" kommentar="Abenteuer: Verführung und Entführung Gesamt AP: 250 Verfügbare AP: 250" obj="Abenteuerpunkte (Hinzugewinn)" text="Ereignis eingeben" time="1464796809183" version="HS 5.5.1"/><ereignis Alt="3" Neu="5" obj="Sozialstatus" text="Eigenschaft steigern" time="1464796838206" version="HS 5.5.1"/><ereignis Abenteuerpunkte="-5" Info="SE" Neu="0" obj="Tierkunde" text="Talent aktivieren" time="1464797473583" version="HS 5.5.1"/><ereignis Abenteuerpunkte="-2" Alt="0" Info="Gegenseitiges Lehren" Neu="1" obj="Tierkunde" text="Talent steigern" time="1464797488763" version="HS 5.5.1"/><ereignis Abenteuerpunkte="-4" Alt="1" Info="Gegenseitiges Lehren" Neu="2" obj="Tierkunde" text="Talent steigern" time="1464797491563" version="HS 5.5.1"/><ereignis Abenteuerpunkte="-6" Alt="2" Info="Gegenseitiges Lehren" Neu="3" obj="Tierkunde" text="Talent steigern" time="1464797492250" version="HS 5.5.1"/><ereignis Abenteuerpunkte="-8" Alt="3" Info="Gegenseitiges Lehren" Neu="4" obj="Tierkunde" text="Talent steigern" time="1464797492786" version="HS 5.5.1"/><ereignis Abenteuerpunkte="-85" Alt="12;8;4" Info="Selbststudium" Neu="13;8;4" obj="Zweihandhiebwaffen" text="Nahkampftalent steigern" time="1464797500691" version="HS 5.5.1"/><ereignis Abenteuerpunkte="-95" Alt="13;9;4" Info="Selbststudium" Neu="14;9;4" obj="Zweihandhiebwaffen" text="Nahkampftalent steigern" time="1464797774949" version="HS 5.5.1"/><ereignis Abenteuerpunkte="-25" Alt="6" Info="SE, Gegenseitiges Lehren" Neu="7" obj="Schwimmen" text="Talent steigern" time="1464798319921" version="HS 5.5.1"/><ereignis Abenteuerpunkte="-45" Alt="8;5;3" Info="Selbststudium" Neu="9;5;3" obj="Raufen" text="Nahkampftalent steigern" time="1464798332819" version="HS 5.5.1"/><ereignis Abenteuerpunkte="-27" Alt="5" Info="Gegenseitiges Lehren" Neu="6" obj="Körperbeherrschung" text="Talent steigern" time="1464798339455" version="HS 5.5.1"/><ereignis Alt="D: 8 S: 1 H: 0 K: 3" Info="Geldbörse" Neu="D: 21 S: 2 H: 0 K: 8" obj="Mittelreich" text="Geld" time="1464799544659" version="HS 5.5.1"/><ereignis Abenteuerpunkte="100" kommentar="Abenteuer: Der Überfall Gesamt AP: 100 Verfügbare AP: 100" obj="Abenteuerpunkte (Hinzugewinn)" text="Ereignis eingeben" time="1467408054649" version="HS 5.5.1"/><ereignis Abenteuerpunkte="250" kommentar="Abenteuer: Heldenstatus Gesamt AP: 250 Verfügbare AP: 250" obj="Abenteuerpunkte (Hinzugewinn)" text="Ereignis eingeben" time="1467408086001" version="HS 5.5.1"/><ereignis Abenteuerpunkte="150" kommentar="Abenteuer: Was das Leben uns aufbürgt Gesamt AP: 150 Verfügbare AP: 150" obj="Abenteuerpunkte (Hinzugewinn)" text="Ereignis eingeben" time="1469476228543" version="HS 5.5.1"/><ereignis Alt="D: 21 S: 2 H: 0 K: 8" Info="Geldbörse" Neu="D: 35 S: 2 H: 0 K: 8" obj="Mittelreich" text="Geld" time="1469476472719" version="HS 5.5.1"/><ereignis Abenteuerpunkte="-21" Alt="14;9;5" Info="SE, Lehrmeister" Neu="15;9;5" obj="Zweihandhiebwaffen" text="Nahkampftalent steigern" time="1469476861088" version="HS 5.5.1"/><ereignis Abenteuerpunkte="-45" Alt="15;9;5" Info="Lehrmeister" Neu="16;9;5" obj="Zweihandhiebwaffen" text="Nahkampftalent steigern" time="1469476862504" version="HS 5.5.1"/><ereignis Abenteuerpunkte="-48" Alt="16;9;5" Info="Lehrmeister" Neu="17;9;5" obj="Zweihandhiebwaffen" text="Nahkampftalent steigern" time="1469476863800" version="HS 5.5.1"/><ereignis Abenteuerpunkte="-51" Alt="17;9;5" Info="Lehrmeister" Neu="18;9;5" obj="Zweihandhiebwaffen" text="Nahkampftalent steigern" time="1469476865161" version="HS 5.5.1"/><ereignis Abenteuerpunkte="-55" Alt="18;9;5" Info="Lehrmeister" Neu="19;9;5" obj="Zweihandhiebwaffen" text="Nahkampftalent steigern" time="1469476865656" version="HS 5.5.1"/><ereignis Alt="D: 35 S: 2 H: 0 K: 8" Info="Geldbörse" Neu="D: 3 S: 2 H: 0 K: 8" obj="Mittelreich" text="Geld" time="1469476881462" version="HS 5.5.1"/><ereignis Abenteuerpunkte="157" kommentar="Abenteuer: Der Auftrag Gesamt AP: 157 Verfügbare AP: 157" obj="Abenteuerpunkte (Hinzugewinn)" text="Ereignis eingeben" time="1473697200212" version="HS 5.5.1"/><ereignis Abenteuerpunkte="100" kommentar="Abenteuer: Weiß nich mehr aber war kurz dabei Gesamt AP: 100 Verfügbare AP: 100" obj="Abenteuerpunkte (Hinzugewinn)" text="Ereignis eingeben" time="1473697237603" version="HS 5.5.1"/><ereignis Abenteuerpunkte="-450" Alt="14" Neu="15" obj="Körperkraft" text="Eigenschaft steigern" time="1473697255868" version="HS 5.5.1"/><ereignis Abenteuerpunkte="-50" Alt="9;6;3" Info="Selbststudium" Neu="10;6;3" obj="Raufen" text="Nahkampftalent steigern" time="1473697272213" version="HS 5.5.1"/><ereignis Abenteuerpunkte="-11" Alt="4" Info="Gegenseitiges Lehren" Neu="5" obj="Kriegskunst" text="Talent steigern" time="1473779578023" version="HS 5.5.1"/><ereignis Abenteuerpunkte="-11" Alt="4" Info="Gegenseitiges Lehren" Neu="5" obj="Tierkunde" text="Talent steigern" time="1473779583391" version="HS 5.5.1"/><ereignis Abenteuerpunkte="-14" Alt="5" Info="Gegenseitiges Lehren" Neu="6" obj="Tierkunde" text="Talent steigern" time="1473779586311" version="HS 5.5.1"/><ereignis Abenteuerpunkte="-8" Alt="3" Info="Gegenseitiges Lehren" Neu="4" obj="Fährtensuchen" text="Talent steigern" time="1473779616552" version="HS 5.5.1"/><ereignis Alt="D: 3 S: 2 H: 0 K: 8" Info="Geldbörse" Neu="D: 6 S: 6 H: 0 K: 8" obj="Mittelreich" text="Geld" time="1473779815693" version="HS 5.5.1"/><ereignis Abenteuerpunkte="100" kommentar="Abenteuer: Gorße Ereignisse werfen ihren Schatten Gesamt AP: 100 Verfügbare AP: 100" obj="Abenteuerpunkte (Hinzugewinn)" text="Ereignis eingeben" time="1474059193940" version="HS 5.5.1"/><ereignis Abenteuerpunkte="-2" Alt="0" Info="SE, Gegenseitiges Lehren" Neu="1" obj="Singen" text="Talent steigern" time="1474059208886" version="HS 5.5.1"/><ereignis Abenteuerpunkte="-9" Alt="2" Info="SE, Gegenseitiges Lehren" Neu="3" obj="Selbstbeherrschung" text="Talent steigern" time="1474059214862" version="HS 5.5.1"/><ereignis Abenteuerpunkte="-8" Alt="6" Info="SE, Gegenseitiges Lehren" Neu="7" obj="Sagen und Legenden" text="Talent steigern" time="1474059225678" version="HS 5.5.1"/><ereignis Abenteuerpunkte="-27" Alt="5" Info="Gegenseitiges Lehren" Neu="6" obj="Athletik" text="Talent steigern" time="1474059276811" version="HS 5.5.1"/><ereignis Abenteuerpunkte="-11" Alt="4" Info="Gegenseitiges Lehren" Neu="5" obj="Fährtensuchen" text="Talent steigern" time="1474059286833" version="HS 5.5.1"/><ereignis Abenteuerpunkte="-14" Alt="5" Info="Gegenseitiges Lehren" Neu="6" obj="Fährtensuchen" text="Talent steigern" time="1474059288281" version="HS 5.5.1"/><ereignis Abenteuerpunkte="-11" Alt="4" Info="Gegenseitiges Lehren" Neu="5" obj="Wildnisleben" text="Talent steigern" time="1474059317248" version="HS 5.5.1"/><ereignis Abenteuerpunkte="120" kommentar="Abenteuer: Sturmgeboren Gesamt AP: 120 Verfügbare AP: 120" obj="Abenteuerpunkte (Hinzugewinn)" text="Ereignis eingeben" time="1476022637702" version="HS 5.5.1"/><ereignis Abenteuerpunkte="-33" Alt="6" Info="Gegenseitiges Lehren" Neu="7" obj="Athletik" text="Talent steigern" time="1476728084557" version="HS 5.5.1"/><ereignis Abenteuerpunkte="120" kommentar="Abenteuer: Traum Gesamt AP: 120 Verfügbare AP: 120" obj="Abenteuerpunkte (Hinzugewinn)" text="Ereignis eingeben" time="1479126735646" version="HS 5.5.1"/><ereignis Abenteuerpunkte="300" kommentar="Abenteuer: Unliebsame Freunde Gesamt AP: 300 Verfügbare AP: 300" obj="Abenteuerpunkte (Hinzugewinn)" text="Ereignis eingeben" time="1481494843659" version="HS 5.5.1"/><ereignis Abenteuerpunkte="-20" Neu="0" obj="Reiten" text="Talent aktivieren" time="1481495773284" version="HS 5.5.1"/><ereignis Abenteuerpunkte="-3" Alt="0" Info="Gegenseitiges Lehren" Neu="1" obj="Reiten" text="Talent steigern" time="1481495791684" version="HS 5.5.1"/><ereignis Abenteuerpunkte="-7" Alt="1" Info="Gegenseitiges Lehren" Neu="2" obj="Reiten" text="Talent steigern" time="1481495792148" version="HS 5.5.1"/><ereignis Abenteuerpunkte="-12" Alt="2" Info="Gegenseitiges Lehren" Neu="3" obj="Reiten" text="Talent steigern" time="1481495792652" version="HS 5.5.1"/><ereignis Abenteuerpunkte="-6" Alt="2" Info="Gegenseitiges Lehren" Neu="3" obj="Etikette" text="Talent steigern" time="1481495843868" version="HS 5.5.1"/><ereignis Abenteuerpunkte="-8" Alt="3" Info="Gegenseitiges Lehren" Neu="4" obj="Etikette" text="Talent steigern" time="1481495844164" version="HS 5.5.1"/><ereignis Abenteuerpunkte="-11" Alt="4" Info="Gegenseitiges Lehren" Neu="5" obj="Etikette" text="Talent steigern" time="1481495844653" version="HS 5.5.1"/><ereignis Abenteuerpunkte="-1" Alt="0" Info="Gegenseitiges Lehren" Neu="1" obj="Lesen/Schreiben Kusliker Zeichen" text="Talent steigern" time="1481495861126" version="HS 5.5.1"/><ereignis Abenteuerpunkte="-2" Alt="1" Info="Gegenseitiges Lehren" Neu="2" obj="Lesen/Schreiben Kusliker Zeichen" text="Talent steigern" time="1481495862269" version="HS 5.5.1"/><ereignis Abenteuerpunkte="-3" Alt="2" Info="Gegenseitiges Lehren" Neu="3" obj="Lesen/Schreiben Kusliker Zeichen" text="Talent steigern" time="1481495862582" version="HS 5.5.1"/><ereignis Abenteuerpunkte="-4" Alt="3" Info="Gegenseitiges Lehren" Neu="4" obj="Lesen/Schreiben Kusliker Zeichen" text="Talent steigern" time="1481495863113" version="HS 5.5.1"/><ereignis Abenteuerpunkte="-6" Alt="4" Info="Gegenseitiges Lehren" Neu="5" obj="Lesen/Schreiben Kusliker Zeichen" text="Talent steigern" time="1481495863887" version="HS 5.5.1"/><ereignis Abenteuerpunkte="-2" Alt="0" Info="Gegenseitiges Lehren" Neu="1" obj="Rechnen" text="Talent steigern" time="1481495873232" version="HS 5.5.1"/><ereignis Abenteuerpunkte="-4" Alt="1" Info="Gegenseitiges Lehren" Neu="2" obj="Rechnen" text="Talent steigern" time="1481495873655" version="HS 5.5.1"/><ereignis Abenteuerpunkte="-6" Alt="2" Info="Gegenseitiges Lehren" Neu="3" obj="Rechnen" text="Talent steigern" time="1481495874095" version="HS 5.5.1"/><ereignis Abenteuerpunkte="-8" Alt="3" Info="Gegenseitiges Lehren" Neu="4" obj="Rechnen" text="Talent steigern" time="1481496004738" version="HS 5.5.1"/><ereignis Abenteuerpunkte="-7" Alt="5" Info="Gegenseitiges Lehren" Neu="6" obj="Lesen/Schreiben Kusliker Zeichen" text="Talent steigern" time="1481820982830" version="HS 5.5.1"/><ereignis Abenteuerpunkte="10" kommentar="Drama mit Goblin Gesamt AP: 10 Verfügbare AP: 10" obj="Abenteuerpunkte (Hinzugewinn)" text="Ereignis eingeben" time="1488040024632" version="HS 5.5.2"/><ereignis Alt="5" Neu="8" obj="Sozialstatus" text="Eigenschaft steigern" time="1488146336986" version="HS 5.5.2"/><ereignis Abenteuerpunkte="200" kommentar="Abenteuer: Todgeweihte Gesamt AP: 200 Verfügbare AP: 200" obj="Abenteuerpunkte (Hinzugewinn)" text="Ereignis eingeben" time="1489258170873" version="HS 5.5.2"/><ereignis Abenteuerpunkte="-480" Alt="15" Neu="16" obj="Körperkraft" text="Eigenschaft steigern" time="1489258288074" version="HS 5.5.2"/><ereignis Abenteuerpunkte="-25" Alt="6" Info="SE, Gegenseitiges Lehren" Neu="7" obj="Körperbeherrschung" text="Talent steigern" time="1489353919137" version="HS 5.5.2"/><ereignis Abenteuerpunkte="-4" Alt="3" Info="SE, Gegenseitiges Lehren" Neu="4" obj="Götter und Kulte" text="Talent steigern" time="1489353927665" version="HS 5.5.2"/><ereignis Abenteuerpunkte="150" kommentar="Abenteuer: Auf den Spuren der Vergangenheit Gesamt AP: 150 Verfügbare AP: 150" obj="Abenteuerpunkte (Hinzugewinn)" text="Ereignis eingeben" time="1492882625117" version="HS 5.5.2"/><ereignis Abenteuerpunkte="-25" Neu="0" obj="Bogen" text="Talent aktivieren" time="1492882691717" version="HS 5.5.2"/><ereignis Abenteuerpunkte="-10" Neu="0" obj="Betören" text="Talent aktivieren" time="1492882707302" version="HS 5.5.2"/><ereignis Abenteuerpunkte="-10" Neu="0" obj="Magiekunde" text="Talent aktivieren" time="1492882710830" version="HS 5.5.2"/><ereignis Abenteuerpunkte="-4" Alt="0" Info="Gegenseitiges Lehren" Neu="1" obj="Bogen" text="Talent steigern" time="1492883414479" version="HS 5.5.2"/><ereignis Abenteuerpunkte="-9" Alt="1" Info="Gegenseitiges Lehren" Neu="2" obj="Bogen" text="Talent steigern" time="1492883414775" version="HS 5.5.2"/><ereignis Abenteuerpunkte="-15" Alt="2" Info="Gegenseitiges Lehren" Neu="3" obj="Bogen" text="Talent steigern" time="1492883415088" version="HS 5.5.2"/><ereignis Abenteuerpunkte="-2" Alt="0" Info="Selbststudium" Neu="1" obj="Betören" text="Talent steigern" time="1492883420528" version="HS 5.5.2"/><ereignis Abenteuerpunkte="-2" Alt="0" Info="Selbststudium" Neu="1" obj="Magiekunde" text="Talent steigern" time="1492883424329" version="HS 5.5.2"/><ereignis Abenteuerpunkte="-6" Alt="1" Info="Selbststudium" Neu="2" obj="Magiekunde" text="Talent steigern" time="1492883424512" version="HS 5.5.2"/><ereignis Abenteuerpunkte="-9" Alt="2" Info="Selbststudium" Neu="3" obj="Magiekunde" text="Talent steigern" time="1492883424833" version="HS 5.5.2"/><ereignis Abenteuerpunkte="-14" Alt="5" Info="SE, Selbststudium" Neu="6" obj="Wildnisleben" text="Talent steigern" time="1492883431592" version="HS 5.5.2"/><ereignis Abenteuerpunkte="-25" Alt="6" Info="SE, Gegenseitiges Lehren" Neu="7" obj="Sinnenschärfe" text="Talent steigern" time="1492883548298" version="HS 5.5.2"/><ereignis Abenteuerpunkte="100" kommentar="Abenteuer: First Time Ragnarök Gesamt AP: 100 Verfügbare AP: 100" obj="Abenteuerpunkte (Hinzugewinn)" text="Ereignis eingeben" time="1497391579563" version="HS 5.5.2"/><ereignis Abenteuerpunkte="-200" obj="Wuchtschlag" text="Sonderfertigkeit hinzugefügt" time="1497391592828" version="HS 5.5.2"/></ereignisse><talentliste><talent lernmethode="Gegenseitiges Lehren" name="Bogen" probe=" (GE/FF/KK)" value="3"/><talent lernmethode="Gegenseitiges Lehren" name="Dolche" probe=" (GE/GE/KK)" value="2"/><talent lernmethode="Gegenseitiges Lehren" name="Hiebwaffen" probe=" (GE/GE/KK)" value="6"/><talent lernmethode="Selbststudium" name="Raufen" probe=" (GE/GE/KK)" value="10"/><talent lernmethode="Gegenseitiges Lehren" name="Ringen" probe=" (GE/GE/KK)" value="2"/><talent lernmethode="Gegenseitiges Lehren" name="Säbel" probe=" (GE/GE/KK)" value="0"/><talent lernmethode="Gegenseitiges Lehren" name="Schleuder" probe=" (GE/FF/KK)" value="2"/><talent lernmethode="Selbststudium" name="Wurfbeile" probe=" (GE/FF/KK)" value="7"/><talent lernmethode="Gegenseitiges Lehren" name="Wurfmesser" probe=" (GE/FF/KK)" value="0"/><talent lernmethode="Lehrmeister" name="Zweihandhiebwaffen" probe=" (GE/GE/KK)" value="19"/><talent be="BEx2" lernmethode="Gegenseitiges Lehren" name="Akrobatik" probe=" (MU/GE/KK)" value="2"/><talent be="BEx2" lernmethode="Gegenseitiges Lehren" name="Athletik" probe=" (GE/KO/KK)" value="7"/><talent be="BEx2" lernmethode="Gegenseitiges Lehren" name="Klettern" probe=" (MU/GE/KK)" value="5"/><talent be="BEx2" lernmethode="Gegenseitiges Lehren" name="Körperbeherrschung" probe=" (MU/IN/GE)" value="7"/><talent be="BE-2" lernmethode="Gegenseitiges Lehren" name="Reiten" probe=" (CH/GE/KK)" value="3"/><talent be="BE" lernmethode="Gegenseitiges Lehren" name="Schleichen" probe=" (MU/IN/GE)" value="0"/><talent be="BEx2" lernmethode="Gegenseitiges Lehren" name="Schwimmen" probe=" (GE/KO/KK)" value="7"/><talent be="" lernmethode="Gegenseitiges Lehren" name="Selbstbeherrschung" probe=" (MU/KO/KK)" value="3"/><talent be="BE-2" lernmethode="Gegenseitiges Lehren" name="Sich verstecken" probe=" (MU/IN/GE)" value="0"/><talent be="BE-3" lernmethode="Gegenseitiges Lehren" name="Singen" probe=" (IN/CH/CH)" value="1"/><talent be="0-&gt;BE" lernmethode="Gegenseitiges Lehren" name="Sinnenschärfe" probe=" (KL/IN/IN)" value="7"/><talent be="BEx2" lernmethode="Gegenseitiges Lehren" name="Tanzen" probe=" (CH/GE/GE)" value="0"/><talent be="" lernmethode="Gegenseitiges Lehren" name="Zechen" probe=" (IN/KO/KK)" value="7"/><talent lernmethode="Selbststudium" name="Betören" probe=" (IN/CH/CH)" value="1"/><talent lernmethode="Gegenseitiges Lehren" name="Etikette" probe=" (KL/IN/CH)" value="5"/><talent lernmethode="Gegenseitiges Lehren" name="Menschenkenntnis" probe=" (KL/IN/CH)" value="4"/><talent lernmethode="Gegenseitiges Lehren" name="Überreden" probe=" (MU/IN/CH)" value="4"/><talent lernmethode="Gegenseitiges Lehren" name="Fährtensuchen" probe=" (KL/IN/KO)" value="6"/><talent lernmethode="Gegenseitiges Lehren" name="Fesseln/Entfesseln" probe=" (FF/GE/KK)" value="3"/><talent lernmethode="Gegenseitiges Lehren" name="Fischen/Angeln" probe=" (IN/FF/KK)" value="4"/><talent lernmethode="Gegenseitiges Lehren" name="Orientierung" probe=" (KL/IN/IN)" value="4"/><talent lernmethode="Gegenseitiges Lehren" name="Wettervorhersage" probe=" (KL/IN/IN)" value="2"/><talent lernmethode="Selbststudium" name="Wildnisleben" probe=" (IN/GE/KO)" value="6"/><talent lernmethode="Gegenseitiges Lehren" name="Geografie" probe=" (KL/KL/IN)" value="2"/><talent lernmethode="Gegenseitiges Lehren" name="Götter und Kulte" probe=" (KL/KL/IN)" value="4"/><talent lernmethode="Gegenseitiges Lehren" name="Heraldik" probe=" (KL/KL/FF)" value="2"/><talent lernmethode="Gegenseitiges Lehren" name="Kriegskunst" probe=" (MU/KL/CH)" value="5"/><talent lernmethode="Selbststudium" name="Magiekunde" probe=" (KL/KL/IN)" value="3"/><talent lernmethode="Gegenseitiges Lehren" name="Rechnen" probe=" (KL/KL/IN)" value="4"/><talent lernmethode="Gegenseitiges Lehren" name="Rechtskunde" probe=" (KL/KL/IN)" value="1"/><talent lernmethode="Gegenseitiges Lehren" name="Sagen und Legenden" probe=" (KL/IN/CH)" value="7"/><talent lernmethode="Gegenseitiges Lehren" name="Sternkunde" probe=" (KL/KL/IN)" value="1"/><talent lernmethode="Gegenseitiges Lehren" name="Tierkunde" probe=" (MU/KL/IN)" value="6"/><talent k="18" lernmethode="Gegenseitiges Lehren" name="Sprachen kennen Garethi" probe=" (KL/IN/CH)" value="8"/><talent k="18" lernmethode="Gegenseitiges Lehren" name="Sprachen kennen Thorwalsch" probe=" (KL/IN/CH)" value="10"/><talent k="10" lernmethode="Gegenseitiges Lehren" name="Lesen/Schreiben Kusliker Zeichen" probe=" (KL/KL/FF)" value="6"/><talent lernmethode="Gegenseitiges Lehren" name="Boote fahren" probe=" (GE/KO/KK)" value="7"/><talent lernmethode="Gegenseitiges Lehren" name="Heilkunde: Wunden" probe=" (KL/CH/FF)" value="4"/><talent lernmethode="Gegenseitiges Lehren" name="Holzbearbeitung" probe=" (KL/FF/KK)" value="2"/><talent lernmethode="Gegenseitiges Lehren" name="Kochen" probe=" (KL/IN/FF)" value="1"/><talent lernmethode="Gegenseitiges Lehren" name="Lederarbeiten" probe=" (KL/FF/FF)" value="2"/><talent lernmethode="Gegenseitiges Lehren" name="Malen/Zeichnen" probe=" (KL/IN/FF)" value="0"/><talent lernmethode="Gegenseitiges Lehren" name="Schneidern" probe=" (KL/FF/FF)" value="2"/><talent lernmethode="Gegenseitiges Lehren" name="Seefahrt" probe=" (FF/GE/KK)" value="6"/></talentliste><zauberliste/><kampf><kampfwerte name="Dolche"><attacke value="11"/><parade value="9"/></kampfwerte><kampfwerte name="Hiebwaffen"><attacke value="13"/><parade value="11"/></kampfwerte><kampfwerte name="Raufen"><attacke value="16"/><parade value="12"/></kampfwerte><kampfwerte name="Ringen"><attacke value="11"/><parade value="9"/></kampfwerte><kampfwerte name="Säbel"><attacke value="9"/><parade value="9"/></kampfwerte><kampfwerte name="Zweihandhiebwaffen"><attacke value="20"/><parade value="17"/></kampfwerte></kampf><gegenstände><gegenstand anzahl="1" name="Armschienen (Paar), Stahl" slot="0"/><gegenstand anzahl="1" name="Barbarenstreitaxt" slot="0"/><gegenstand anzahl="1" name="Dicke Kleidung" slot="0"/><gegenstand anzahl="1" name="Krötenhaut" slot="0"/><gegenstand anzahl="1" name="Wurfbeil" slot="0"><Fernkampfwaffe><talente kampftalent="Wurfbeile"/></Fernkampfwaffe></gegenstand></gegenstände><BoniWaffenlos><boniSF sf="Waffenloser Kampfstil: Hammerfaust" talent="Raufen"/></BoniWaffenlos><kommentare/><ausrüstungen><heldenausruestung bezeichner="" bfakt="3" bfmin="3" hand="rechts" name="nkwaffe1" schild="0" set="0" slot="0" talent="Zweihandhiebwaffen" waffenname="Barbarenstreitaxt"/><heldenausruestung bezeichner="" bfakt="2" bfmin="2" hand="rechts" name="nkwaffe2" schild="0" set="0" slot="0" talent="Hiebwaffen" waffenname="Wurfbeil"/><heldenausruestung name="fkwaffe1" set="0" slot="0" talent="Wurfbeile" waffenname="Wurfbeil"/><heldenausruestung name="ruestung1" ruestungsname="Armschienen (Paar), Stahl" set="0" slot="0"/><heldenausruestung name="ruestung2" ruestungsname="Krötenhaut" set="0" slot="0"/><heldenausruestung name="ruestung3" ruestungsname="Dicke Kleidung" set="0" slot="0"/><heldenausruestung name="jagtwaffe" nummer="0" set="0"/></ausrüstungen><verbindungen/><extention/><geldboerse><muenze anzahl="6" name="Dukat" waehrung="Mittelreich"/><muenze anzahl="8" name="Kreuzer" waehrung="Mittelreich"/><muenze anzahl="6" name="Silbertaler" waehrung="Mittelreich"/></geldboerse><plugindata/></held><Signature xmlns="http://www.w3.org/2000/09/xmldsig#"><SignedInfo><CanonicalizationMethod Algorithm="http://www.w3.org/TR/2001/REC-xml-c14n-20010315#WithComments"/><SignatureMethod Algorithm="http://www.w3.org/2000/09/xmldsig#dsa-sha1"/><Reference URI=""><Transforms><Transform Algorithm="http://www.w3.org/2000/09/xmldsig#enveloped-signature"/></Transforms><DigestMethod Algorithm="http://www.w3.org/2000/09/xmldsig#sha1"/><DigestValue>gggP/MpEE1z91qMsBkQhcTxC308=</DigestValue></Reference></SignedInfo><SignatureValue>Pn/xjFV6fx1TCIu1QNswL5boNaw694kugrW21avmwFWeiFg16DJ06A==</SignatureValue><KeyInfo><KeyValue><DSAKeyValue><P>/KaCzo4Syrom78z3EQ5SbbB4sF7ey80etKII864WF64B81uRpH5t9jQTxeEu0ImbzRMqzVDZkVG9
xD7nN1kuFw==</P><Q>li7dzDacuo67Jg7mtqEm2TRuOMU=</Q><G>Z4Rxsnqc9E7pGknFFH2xqaryRPBaQ01khpMdLRQnG541Awtx/XPaF5Bpsy4pNWMOHCBiNU0Nogps
QW5QvnlMpA==</G><Y>uVrvWkzIbUdL7E80AiD0PJDX3Ck0beY5StXp1wDAA1/ePpemd6rTBNd8YoCzOovNrX016YMcTSiO
iExM4RWtJA==</Y></DSAKeyValue></KeyValue></KeyInfo></Signature></helden>