<?xml version="1.0" encoding="UTF-8" standalone="no"?>
<?xml-stylesheet type="text/xsl" href="helden.xsl"?><helden Version="5.5.3">
<held key="1522620753374" name="Leomar Kürzer" stand="1527102097183">
<mods/>
<basis>
<geschlecht name="männlich"/>
<settings name="DSA4.1"/>
<rasse name="helden.model.rasse.Mittellaender" string="Mittelländer">
<groesse gewicht="85" value="185"/>
<aussehen alter="19" augenfarbe="blau" aussehentext0="" aussehentext1="" aussehentext2="" aussehentext3="" familietext0="" familietext1="" familietext2="" familietext3="" familietext4="" familietext5="" gbjahr="1003" gbmonat="9" gbtag="12" gprest="0" gpstart="110" haarfarbe="schwarz" kalender="Bosparans Fall" stand="" titel=""/>
</rasse>
<kultur name="helden.model.kultur.Almada" string="Almada"/>
<ausbildungen>
<ausbildung art="Hauptprofession" name="helden.model.profession.FaehnrichFusskaemper" string="Fähnrich der Fußkämpfer: Honingen" tarnidentitaet="">
<variante name="Honingen"/>
</ausbildung>
</ausbildungen>
<verify value="1"/>
<notiz notiz0="Notizen" notiz1="" notiz10="" notiz11="" notiz2="" notiz3="" notiz4="" notiz5="" notiz6="" notiz7="" notiz8="" notiz9=""/>
<portraet value=""/>
<abenteuerpunkte value="3220"/>
<freieabenteuerpunkte value="245"/>
</basis>
<eigenschaften>
<eigenschaft mod="0" name="Mut" startwert="14" value="14"/>
<eigenschaft mod="0" name="Klugheit" startwert="11" value="11"/>
<eigenschaft mod="0" name="Intuition" startwert="13" value="13"/>
<eigenschaft mod="0" name="Charisma" startwert="11" value="11"/>
<eigenschaft mod="0" name="Fingerfertigkeit" startwert="11" value="11"/>
<eigenschaft mod="0" name="Gewandtheit" startwert="14" value="15"/>
<eigenschaft mod="0" name="Konstitution" startwert="12" value="12"/>
<eigenschaft mod="0" name="Körperkraft" startwert="14" value="14"/>
<eigenschaft mod="0" name="Sozialstatus" startwert="7" value="7"/>
<eigenschaft mod="11" name="Lebensenergie" value="0"/>
<eigenschaft mod="13" name="Ausdauer" value="0"/>
<eigenschaft grossemeditation="0" mod="0" mrmod="-4" name="Astralenergie" value="0"/>
<eigenschaft karmalqueste="0" mod="0" name="Karmaenergie" value="0"/>
<eigenschaft mod="-4" name="Magieresistenz" value="0"/>
<eigenschaft mod="0" name="ini" value="11"/>
<eigenschaft mod="0" name="at" value="9"/>
<eigenschaft mod="0" name="pa" value="8"/>
<eigenschaft mod="0" name="fk" value="8"/>
</eigenschaften>
<vt>
<vorteil name="Beidhändig"/>
<vorteil name="Eisern"/>
<vorteil name="Arroganz" value="8"/>
<vorteil name="Autoritätsgläubig" value="8"/>
<vorteil name="Goldgier" value="8"/>
<vorteil name="Impulsiv"/>
<vorteil name="Prinzipientreue" value="10"/>
<vorteil name="Schulden" value="1500"/>
</vt>
<sf>
<sonderfertigkeit name="Aufmerksamkeit"/>
<sonderfertigkeit name="Beidhändiger Kampf I"/>
<sonderfertigkeit name="Binden"/>
<sonderfertigkeit name="Formation"/>
<sonderfertigkeit name="Kulturkunde">
<kultur name="Almada"/>
</sonderfertigkeit>
<sonderfertigkeit name="Linkhand"/>
<sonderfertigkeit name="Meisterparade"/>
<sonderfertigkeit name="Rüstungsgewöhnung I">
<gegenstand name="Eisenmantel"/>
</sonderfertigkeit>
<sonderfertigkeit name="Schildkampf I"/>
</sf>
<ereignisse>
<ereignis obj="max GP für Helden: 110" text="EINSTELLUNG" time="1522620758042" version="HS 5.5.3"/>
<ereignis obj="max Eigenschafts-GP für Helden: 100" text="EINSTELLUNG" time="1522620758042" version="HS 5.5.3"/>
<ereignis obj="max Eigenschafts-Wert für Helden: 14" text="EINSTELLUNG" time="1522620758042" version="HS 5.5.3"/>
<ereignis Alt="0" Neu="0" kommentar="0 GP" obj="Rasse: Mittelländer" text="RKP" time="1522620758047" version="HS 5.5.3"/>
<ereignis Alt="0" Neu="0" kommentar="3 GP" obj="Kultur: Almada" text="RKP" time="1522620758047" version="HS 5.5.3"/>
<ereignis Alt="0" Neu="0" kommentar="13 GP" obj="Profession: Fähnrich der Fußkämpfer: Honingen" text="RKP" time="1522620758047" version="HS 5.5.3"/>
<ereignis Alt="0" Neu="14" kommentar="14 GP" obj="Mut: 14" text="EIGENSCHAFTEN" time="1522620758047" version="HS 5.5.3"/>
<ereignis Alt="0" Neu="11" kommentar="11 GP" obj="Klugheit: 11" text="EIGENSCHAFTEN" time="1522620758047" version="HS 5.5.3"/>
<ereignis Alt="0" Neu="13" kommentar="13 GP" obj="Intuition: 13" text="EIGENSCHAFTEN" time="1522620758047" version="HS 5.5.3"/>
<ereignis Alt="0" Neu="11" kommentar="11 GP" obj="Charisma: 11" text="EIGENSCHAFTEN" time="1522620758047" version="HS 5.5.3"/>
<ereignis Alt="0" Neu="11" kommentar="11 GP" obj="Fingerfertigkeit: 11" text="EIGENSCHAFTEN" time="1522620758047" version="HS 5.5.3"/>
<ereignis Alt="0" Neu="14" kommentar="14 GP" obj="Gewandtheit: 14" text="EIGENSCHAFTEN" time="1522620758047" version="HS 5.5.3"/>
<ereignis Alt="0" Neu="12" kommentar="12 GP" obj="Konstitution: 12" text="EIGENSCHAFTEN" time="1522620758047" version="HS 5.5.3"/>
<ereignis Alt="0" Neu="14" kommentar="14 GP" obj="Körperkraft: 14" text="EIGENSCHAFTEN" time="1522620758047" version="HS 5.5.3"/>
<ereignis Alt="0" Neu="7" kommentar="0 GP" obj="Sozialstatus: 7" text="EIGENSCHAFTEN" time="1522620758047" version="HS 5.5.3"/>
<ereignis Alt="0" Neu="7" kommentar="33 AP" obj="Säbel: 7" text="TALENT" time="1522620758047" version="HS 5.5.3"/>
<ereignis Alt="0" Neu="8" kommentar="39 AP" obj="Säbel: 8" text="TALENT" time="1522620758047" version="HS 5.5.3"/>
<ereignis Alt="0" Neu="9" kommentar="45 AP" obj="Säbel: 9" text="TALENT" time="1522620758047" version="HS 5.5.3"/>
<ereignis Alt="0" Neu="10" kommentar="50 AP" obj="Säbel: 10" text="TALENT" time="1522620758047" version="HS 5.5.3"/>
<ereignis Alt="0" Neu="4" kommentar="17 AP" obj="Sinnenschärfe: 4" text="TALENT" time="1522620758047" version="HS 5.5.3"/>
<ereignis Alt="0" Neu="5" kommentar="22 AP" obj="Sinnenschärfe: 5" text="TALENT" time="1522620758047" version="HS 5.5.3"/>
<ereignis Alt="0" Neu="6" kommentar="27 AP" obj="Sinnenschärfe: 6" text="TALENT" time="1522620758047" version="HS 5.5.3"/>
<ereignis Alt="0" Neu="7" kommentar="33 AP" obj="Sinnenschärfe: 7" text="TALENT" time="1522620758047" version="HS 5.5.3"/>
<ereignis Alt="0" Neu="2" kommentar="4 AP" obj="Wildnisleben: 2" text="TALENT" time="1522620758047" version="HS 5.5.3"/>
<ereignis Alt="0" Neu="4" kommentar="8 AP" obj="Rechtskunde: 4" text="TALENT" time="1522620758047" version="HS 5.5.3"/>
<ereignis Alt="0" Neu="5" kommentar="11 AP" obj="Rechtskunde: 5" text="TALENT" time="1522620758047" version="HS 5.5.3"/>
<ereignis Alt="0" Neu="6" kommentar="14 AP" obj="Rechtskunde: 6" text="TALENT" time="1522620758047" version="HS 5.5.3"/>
<ereignis Alt="0" Neu="7" kommentar="17 AP" obj="Rechtskunde: 7" text="TALENT" time="1522620758047" version="HS 5.5.3"/>
<ereignis Alt="0" Neu="2" kommentar="4 AP" obj="Winzer: 2" text="TALENT" time="1522620758047" version="HS 5.5.3"/>
<ereignis Alt="0" Neu="3" kommentar="6 AP" obj="Winzer: 3" text="TALENT" time="1522620758047" version="HS 5.5.3"/>
<ereignis Alt="0" Neu="4" kommentar="8 AP" obj="Winzer: 4" text="TALENT" time="1522620758047" version="HS 5.5.3"/>
<ereignis Alt="0" Neu="5" kommentar="11 AP" obj="Winzer: 5" text="TALENT" time="1522620758047" version="HS 5.5.3"/>
<ereignis Alt="0" Neu="6" kommentar="14 AP" obj="Winzer: 6" text="TALENT" time="1522620758047" version="HS 5.5.3"/>
<ereignis Alt="0" Neu="7" kommentar="17 AP" obj="Winzer: 7" text="TALENT" time="1522620758047" version="HS 5.5.3"/>
<ereignis Alt="0" Neu="0" kommentar="100 AP" obj="Aufmerksamkeit" text="SF" time="1522620758047" version="HS 5.5.3"/>
<ereignis Alt="0" Neu="0" kommentar="-8 GP" obj="Arroganz: 8" text="VORTEILE" time="1522620758047" version="HS 5.5.3"/>
<ereignis Alt="0" Neu="0" kommentar="-4 GP" obj="Autoritätsgläubig: 8" text="VORTEILE" time="1522620758047" version="HS 5.5.3"/>
<ereignis Alt="0" Neu="0" kommentar="12 GP" obj="Beidhändig" text="VORTEILE" time="1522620758047" version="HS 5.5.3"/>
<ereignis Alt="0" Neu="0" kommentar="7 GP" obj="Eisern" text="VORTEILE" time="1522620758047" version="HS 5.5.3"/>
<ereignis Alt="0" Neu="0" kommentar="-8 GP" obj="Goldgier: 8" text="VORTEILE" time="1522620758047" version="HS 5.5.3"/>
<ereignis Alt="0" Neu="0" kommentar="-5 GP" obj="Impulsiv" text="VORTEILE" time="1522620758047" version="HS 5.5.3"/>
<ereignis Alt="0" Neu="0" kommentar="0 GP" obj="Prinzipientreue: 10" text="VORTEILE" time="1522620758047" version="HS 5.5.3"/>
<ereignis Alt="0" Neu="0" kommentar="0 GP" obj="Schulden: 1500" text="VORTEILE" time="1522620758047" version="HS 5.5.3"/>
<ereignis obj="Auswahl" text="Rüstungsgewöhnung I (Eisenmantel)" time="1522620758047" version="HS 5.5.3"/>
<ereignis Neu="5" obj="Auswahl" text="Sprachen kennen Tulamidya" time="1522620758047" version="HS 5.5.3"/>
<ereignis Neu="1" obj="Auswahl" text="Winzer" time="1522620758047" version="HS 5.5.3"/>
<ereignis Neu="5" obj="Auswahl" text="Fechtwaffen" time="1522620758047" version="HS 5.5.3"/>
<ereignis Neu="5" obj="Auswahl" text="Säbel" time="1522620758047" version="HS 5.5.3"/>
<ereignis Neu="3" obj="Auswahl" text="Infanteriewaffen" time="1522620758048" version="HS 5.5.3"/>
<ereignis obj="Abenteuerpunkte (Hinzugewinn)" text="Ereignis eingeben" time="1522659567817" version="HS 5.5.3"/>
<ereignis Abenteuerpunkte="2320" kommentar="StartAP Gesamt AP: 2320 Verfügbare AP: 2320" obj="Abenteuerpunkte (Hinzugewinn)" text="Ereignis eingeben" time="1522659582120" version="HS 5.5.3"/>
<ereignis Abenteuerpunkte="-50" obj="Beidhändiger Kampf I" text="Sonderfertigkeit hinzugefügt" time="1522659593565" version="HS 5.5.3"/>
<ereignis Abenteuerpunkte="-200" obj="Meisterparade" text="Sonderfertigkeit hinzugefügt" time="1522659675591" version="HS 5.5.3"/>
<ereignis Abenteuerpunkte="-200" obj="Binden" text="Sonderfertigkeit hinzugefügt" time="1522659678316" version="HS 5.5.3"/>
<ereignis Abenteuerpunkte="-105" Alt="10;3;7" Info="Selbststudium" Neu="11;3;7" obj="Säbel" text="Nahkampftalent steigern" time="1522659944694" version="HS 5.5.3"/>
<ereignis Abenteuerpunkte="-120" Alt="11;3;7" Info="Selbststudium" Neu="12;3;7" obj="Säbel" text="Nahkampftalent steigern" time="1522659945020" version="HS 5.5.3"/>
<ereignis Abenteuerpunkte="-130" Alt="12;3;7" Info="Selbststudium" Neu="13;3;7" obj="Säbel" text="Nahkampftalent steigern" time="1522659945412" version="HS 5.5.3"/>
<ereignis Abenteuerpunkte="-140" Alt="13;3;7" Info="Selbststudium" Neu="14;3;7" obj="Säbel" text="Nahkampftalent steigern" time="1522659945982" version="HS 5.5.3"/>
<ereignis Abenteuerpunkte="-22" Alt="4" Info="Gegenseitiges Lehren" Neu="5" obj="Athletik" text="Talent steigern" time="1522659960671" version="HS 5.5.3"/>
<ereignis Abenteuerpunkte="-27" Alt="5" Info="Gegenseitiges Lehren" Neu="6" obj="Athletik" text="Talent steigern" time="1522659961280" version="HS 5.5.3"/>
<ereignis Abenteuerpunkte="-33" Alt="6" Info="Gegenseitiges Lehren" Neu="7" obj="Athletik" text="Talent steigern" time="1522659961759" version="HS 5.5.3"/>
<ereignis Abenteuerpunkte="-27" Alt="5" Info="Gegenseitiges Lehren" Neu="6" obj="Reiten" text="Talent steigern" time="1522659966714" version="HS 5.5.3"/>
<ereignis Abenteuerpunkte="-33" Alt="6" Info="Gegenseitiges Lehren" Neu="7" obj="Reiten" text="Talent steigern" time="1522659966938" version="HS 5.5.3"/>
<ereignis Abenteuerpunkte="-17" Alt="6" Info="Gegenseitiges Lehren" Neu="7" obj="Menschenkenntnis" text="Talent steigern" time="1522660058795" version="HS 5.5.3"/>
<ereignis Abenteuerpunkte="-22" Alt="4" Info="Gegenseitiges Lehren" Neu="5" obj="Selbstbeherrschung" text="Talent steigern" time="1522660133219" version="HS 5.5.3"/>
<ereignis Abenteuerpunkte="-27" Alt="5" Info="Gegenseitiges Lehren" Neu="6" obj="Selbstbeherrschung" text="Talent steigern" time="1522660133472" version="HS 5.5.3"/>
<ereignis Abenteuerpunkte="-33" Alt="6" Info="Gegenseitiges Lehren" Neu="7" obj="Selbstbeherrschung" text="Talent steigern" time="1522660133712" version="HS 5.5.3"/>
<ereignis Abenteuerpunkte="-410" Alt="14" Neu="15" obj="Gewandtheit" text="Eigenschaft steigern" time="1522660669329" version="HS 5.5.3"/>
<ereignis Abenteuerpunkte="-14" Alt="5" Info="Gegenseitiges Lehren" Neu="6" obj="Etikette" text="Talent steigern" time="1522662213849" version="HS 5.5.3"/>
<ereignis Abenteuerpunkte="-17" Alt="6" Info="Gegenseitiges Lehren" Neu="7" obj="Etikette" text="Talent steigern" time="1522662214135" version="HS 5.5.3"/>
<ereignis Abenteuerpunkte="-11" Alt="4" Info="Gegenseitiges Lehren" Neu="5" obj="Überreden" text="Talent steigern" time="1522662230667" version="HS 5.5.3"/>
<ereignis Abenteuerpunkte="-14" Alt="5" Info="Gegenseitiges Lehren" Neu="6" obj="Überreden" text="Talent steigern" time="1522662230964" version="HS 5.5.3"/>
<ereignis Abenteuerpunkte="-17" Alt="6" Info="Gegenseitiges Lehren" Neu="7" obj="Überreden" text="Talent steigern" time="1522662231212" version="HS 5.5.3"/>
<ereignis Abenteuerpunkte="-17" Alt="6" Info="Gegenseitiges Lehren" Neu="7" obj="Kriegskunst" text="Talent steigern" time="1522662253235" version="HS 5.5.3"/>
<ereignis Abenteuerpunkte="-4" Alt="1" Info="Gegenseitiges Lehren" Neu="2" obj="Orientierung" text="Talent steigern" time="1522662262107" version="HS 5.5.3"/>
<ereignis Abenteuerpunkte="-6" Alt="2" Info="Gegenseitiges Lehren" Neu="3" obj="Orientierung" text="Talent steigern" time="1522662262369" version="HS 5.5.3"/>
<ereignis Abenteuerpunkte="-8" Alt="3" Info="Gegenseitiges Lehren" Neu="4" obj="Orientierung" text="Talent steigern" time="1522662262714" version="HS 5.5.3"/>
<ereignis Abenteuerpunkte="-11" Alt="4" Info="Gegenseitiges Lehren" Neu="5" obj="Orientierung" text="Talent steigern" time="1522662263017" version="HS 5.5.3"/>
<ereignis Abenteuerpunkte="-48" Alt="7" Info="Selbststudium" Neu="8" obj="Reiten" text="Talent steigern" time="1523453050957" version="HS 5.5.3"/>
<ereignis Abenteuerpunkte="-55" Alt="8" Info="Selbststudium" Neu="9" obj="Reiten" text="Talent steigern" time="1523453051532" version="HS 5.5.3"/>
<ereignis Abenteuerpunkte="-65" Alt="9" Info="Selbststudium" Neu="10" obj="Reiten" text="Talent steigern" time="1523453052019" version="HS 5.5.3"/>
<ereignis Abenteuerpunkte="-22" Alt="4" Info="Gegenseitiges Lehren" Neu="5" obj="Körperbeherrschung" text="Talent steigern" time="1523453054238" version="HS 5.5.3"/>
<ereignis Abenteuerpunkte="-27" Alt="5" Info="Gegenseitiges Lehren" Neu="6" obj="Körperbeherrschung" text="Talent steigern" time="1523453054697" version="HS 5.5.3"/>
<ereignis Abenteuerpunkte="-33" Alt="6" Info="Gegenseitiges Lehren" Neu="7" obj="Körperbeherrschung" text="Talent steigern" time="1523453055133" version="HS 5.5.3"/>
<ereignis Abenteuerpunkte="-12" Alt="2" Info="Gegenseitiges Lehren" Neu="3" obj="Klettern" text="Talent steigern" time="1523453151143" version="HS 5.5.3"/>
<ereignis Abenteuerpunkte="-17" Alt="3" Info="Gegenseitiges Lehren" Neu="4" obj="Klettern" text="Talent steigern" time="1523453151676" version="HS 5.5.3"/>
<ereignis Abenteuerpunkte="-22" Alt="4" Info="Gegenseitiges Lehren" Neu="5" obj="Klettern" text="Talent steigern" time="1523453152286" version="HS 5.5.3"/>
<ereignis Abenteuerpunkte="-2" Alt="0" Info="Gegenseitiges Lehren" Neu="1" obj="Fährtensuchen" text="Talent steigern" time="1523453198183" version="HS 5.5.3"/>
<ereignis Abenteuerpunkte="-4" Alt="1" Info="Gegenseitiges Lehren" Neu="2" obj="Fährtensuchen" text="Talent steigern" time="1523453198745" version="HS 5.5.3"/>
<ereignis Abenteuerpunkte="-6" Alt="2" Info="Gegenseitiges Lehren" Neu="3" obj="Fährtensuchen" text="Talent steigern" time="1523453199306" version="HS 5.5.3"/>
<ereignis Abenteuerpunkte="-8" Alt="3" Info="Gegenseitiges Lehren" Neu="4" obj="Fährtensuchen" text="Talent steigern" time="1523453201147" version="HS 5.5.3"/>
<ereignis Abenteuerpunkte="-11" Alt="4" Info="Gegenseitiges Lehren" Neu="5" obj="Fährtensuchen" text="Talent steigern" time="1523453201340" version="HS 5.5.3"/>
<ereignis Abenteuerpunkte="-10" Neu="0" obj="Tierkunde" text="Talent aktivieren" time="1523454139443" version="HS 5.5.3"/>
<ereignis Abenteuerpunkte="-2" Alt="0" Info="Gegenseitiges Lehren" Neu="1" obj="Tierkunde" text="Talent steigern" time="1523454147431" version="HS 5.5.3"/>
<ereignis Abenteuerpunkte="-4" Alt="1" Info="Gegenseitiges Lehren" Neu="2" obj="Tierkunde" text="Talent steigern" time="1523454148009" version="HS 5.5.3"/>
<ereignis Abenteuerpunkte="-6" Alt="2" Info="Gegenseitiges Lehren" Neu="3" obj="Tierkunde" text="Talent steigern" time="1523454148519" version="HS 5.5.3"/>
<ereignis Abenteuerpunkte="-8" Alt="3" Info="Gegenseitiges Lehren" Neu="4" obj="Tierkunde" text="Talent steigern" time="1523454149010" version="HS 5.5.3"/>
<ereignis Abenteuerpunkte="-11" Alt="4" Info="Gegenseitiges Lehren" Neu="5" obj="Tierkunde" text="Talent steigern" time="1523454149492" version="HS 5.5.3"/>
<ereignis Abenteuerpunkte="-14" Alt="5" Info="Gegenseitiges Lehren" Neu="6" obj="Tierkunde" text="Talent steigern" time="1523454151857" version="HS 5.5.3"/>
<ereignis Abenteuerpunkte="-17" Alt="6" Info="Gegenseitiges Lehren" Neu="7" obj="Tierkunde" text="Talent steigern" time="1523454152093" version="HS 5.5.3"/>
<ereignis Abenteuerpunkte="-4" Alt="1" Info="Gegenseitiges Lehren" Neu="2" obj="Abrichten" text="Talent steigern" time="1523454157647" version="HS 5.5.3"/>
<ereignis Abenteuerpunkte="-6" Alt="2" Info="Gegenseitiges Lehren" Neu="3" obj="Abrichten" text="Talent steigern" time="1523454158409" version="HS 5.5.3"/>
<ereignis Abenteuerpunkte="-8" Alt="3" Info="Gegenseitiges Lehren" Neu="4" obj="Abrichten" text="Talent steigern" time="1523454158965" version="HS 5.5.3"/>
<ereignis Abenteuerpunkte="-11" Alt="4" Info="Gegenseitiges Lehren" Neu="5" obj="Abrichten" text="Talent steigern" time="1523454159479" version="HS 5.5.3"/>
<ereignis Abenteuerpunkte="-14" Alt="5" Info="Gegenseitiges Lehren" Neu="6" obj="Abrichten" text="Talent steigern" time="1523454160511" version="HS 5.5.3"/>
<ereignis Abenteuerpunkte="-17" Alt="6" Info="Gegenseitiges Lehren" Neu="7" obj="Abrichten" text="Talent steigern" time="1523454161245" version="HS 5.5.3"/>
<ereignis Abenteuerpunkte="-6" Alt="2" Info="Gegenseitiges Lehren" Neu="3" obj="Wildnisleben" text="Talent steigern" time="1523467885548" version="HS 5.5.3"/>
<ereignis Abenteuerpunkte="-8" Alt="3" Info="Gegenseitiges Lehren" Neu="4" obj="Wildnisleben" text="Talent steigern" time="1523467885932" version="HS 5.5.3"/>
<ereignis Abenteuerpunkte="-11" Alt="4" Info="Gegenseitiges Lehren" Neu="5" obj="Wildnisleben" text="Talent steigern" time="1523467886382" version="HS 5.5.3"/>
<ereignis Abenteuerpunkte="-7" Alt="1" Info="Gegenseitiges Lehren" Neu="2" obj="Schwimmen" text="Talent steigern" time="1523470959344" version="HS 5.5.3"/>
<ereignis Abenteuerpunkte="-12" Alt="2" Info="Gegenseitiges Lehren" Neu="3" obj="Schwimmen" text="Talent steigern" time="1523470959928" version="HS 5.5.3"/>
<ereignis Abenteuerpunkte="-17" Alt="3" Info="Gegenseitiges Lehren" Neu="4" obj="Schwimmen" text="Talent steigern" time="1523470960300" version="HS 5.5.3"/>
<ereignis Abenteuerpunkte="-22" Alt="4" Info="Gegenseitiges Lehren" Neu="5" obj="Schwimmen" text="Talent steigern" time="1523470960705" version="HS 5.5.3"/>
<ereignis Abenteuerpunkte="260" kommentar="Upvalhjal Gesamt AP: 260 Verfügbare AP: 260" obj="Abenteuerpunkte (Hinzugewinn)" text="Ereignis eingeben" time="1524122552916" version="HS 5.5.3"/>
<ereignis Abenteuerpunkte="-27" Alt="5" Info="Gegenseitiges Lehren" Neu="6" obj="Klettern" text="Talent steigern" time="1524213058310" version="HS 5.5.3"/>
<ereignis Abenteuerpunkte="-33" Alt="6" Info="Gegenseitiges Lehren" Neu="7" obj="Klettern" text="Talent steigern" time="1524213058514" version="HS 5.5.3"/>
<ereignis Abenteuerpunkte="-27" Alt="5" Info="Gegenseitiges Lehren" Neu="6" obj="Schwimmen" text="Talent steigern" time="1524213063853" version="HS 5.5.3"/>
<ereignis Abenteuerpunkte="-33" Alt="6" Info="Gegenseitiges Lehren" Neu="7" obj="Schwimmen" text="Talent steigern" time="1524213064056" version="HS 5.5.3"/>
<ereignis Abenteuerpunkte="10" kommentar=" Gesamt AP: 10 Verfügbare AP: 10" obj="Abenteuerpunkte (Hinzugewinn)" text="Ereignis eingeben" time="1524298805007" version="HS 5.5.3"/>
<ereignis Abenteuerpunkte="150" kommentar="Kapitel 2 Tjalda Gesamt AP: 150 Verfügbare AP: 150" obj="Abenteuerpunkte (Hinzugewinn)" text="Ereignis eingeben" time="1526153554372" version="HS 5.5.3"/>
<ereignis Abenteuerpunkte="-19" Alt="7" Info="SE, Selbststudium" Neu="8" obj="Menschenkenntnis" text="Talent steigern" time="1526153648308" version="HS 5.5.3"/>
<ereignis Abenteuerpunkte="-2" Alt="1" Info="SE, Gegenseitiges Lehren" Neu="2" obj="Magiekunde" text="Talent steigern" time="1526153660216" version="HS 5.5.3"/>
<ereignis Abenteuerpunkte="-2" Alt="0" Info="SE, Gegenseitiges Lehren" Neu="1" obj="Singen" text="Talent steigern" time="1526153668499" version="HS 5.5.3"/>
<ereignis Abenteuerpunkte="-19" Alt="7" Info="SE, Selbststudium" Neu="8" obj="Abrichten" text="Talent steigern" time="1526153676684" version="HS 5.5.3"/>
<ereignis Abenteuerpunkte="-41" Alt="6;2;4" Info="Gegenseitiges Lehren" Neu="7;2;4" obj="Fechtwaffen" text="Nahkampftalent steigern" time="1526153719751" version="HS 5.5.3"/>
<ereignis Abenteuerpunkte="-10" Neu="0" obj="Fesseln/Entfesseln" text="Talent aktivieren" time="1527102079616" version="HS 5.5.3"/>
<ereignis Abenteuerpunkte="-2" Alt="0" Info="Gegenseitiges Lehren" Neu="1" obj="Fesseln/Entfesseln" text="Talent steigern" time="1527102092956" version="HS 5.5.3"/>
<ereignis Abenteuerpunkte="-4" Alt="1" Info="Gegenseitiges Lehren" Neu="2" obj="Fesseln/Entfesseln" text="Talent steigern" time="1527102094066" version="HS 5.5.3"/>
<ereignis Abenteuerpunkte="-6" Alt="2" Info="Gegenseitiges Lehren" Neu="3" obj="Fesseln/Entfesseln" text="Talent steigern" time="1527102094931" version="HS 5.5.3"/>
<ereignis Abenteuerpunkte="-8" Alt="3" Info="Gegenseitiges Lehren" Neu="4" obj="Fesseln/Entfesseln" text="Talent steigern" time="1527102097183" version="HS 5.5.3"/>
</ereignisse>
<talentliste>
<talent lernmethode="Gegenseitiges Lehren" name="Armbrust" probe=" (GE/FF/KK)" value="3"/>
<talent lernmethode="Gegenseitiges Lehren" name="Dolche" probe=" (GE/GE/KK)" value="2"/>
<talent lernmethode="Selbststudium" name="Fechtwaffen" probe=" (GE/GE/KK)" value="7"/>
<talent lernmethode="Gegenseitiges Lehren" name="Hiebwaffen" probe=" (GE/GE/KK)" value="0"/>
<talent lernmethode="Gegenseitiges Lehren" name="Infanteriewaffen" probe=" (GE/GE/KK)" value="4"/>
<talent lernmethode="Gegenseitiges Lehren" name="Raufen" probe=" (GE/GE/KK)" value="3"/>
<talent lernmethode="Gegenseitiges Lehren" name="Ringen" probe=" (GE/GE/KK)" value="2"/>
<talent lernmethode="Lehrmeister" name="Säbel" probe=" (GE/GE/KK)" value="14"/>
<talent lernmethode="Gegenseitiges Lehren" name="Wurfmesser" probe=" (GE/FF/KK)" value="0"/>
<talent be="BEx2" lernmethode="Selbststudium" name="Athletik" probe=" (GE/KO/KK)" value="7"/>
<talent be="BEx2" lernmethode="Selbststudium" name="Klettern" probe=" (MU/GE/KK)" value="7"/>
<talent be="BEx2" lernmethode="Selbststudium" name="Körperbeherrschung" probe=" (MU/IN/GE)" value="7"/>
<talent be="BE-2" lernmethode="Selbststudium" name="Reiten" probe=" (CH/GE/KK)" value="10"/>
<talent be="BE" lernmethode="Gegenseitiges Lehren" name="Schleichen" probe=" (MU/IN/GE)" value="0"/>
<talent be="BEx2" lernmethode="Selbststudium" name="Schwimmen" probe=" (GE/KO/KK)" value="7"/>
<talent be="" lernmethode="Selbststudium" name="Selbstbeherrschung" probe=" (MU/KO/KK)" value="7"/>
<talent be="BE-2" lernmethode="Gegenseitiges Lehren" name="Sich verstecken" probe=" (MU/IN/GE)" value="0"/>
<talent be="BE-3" lernmethode="Gegenseitiges Lehren" name="Singen" probe=" (IN/CH/CH)" value="1"/>
<talent be="0-&gt;BE" lernmethode="Selbststudium" name="Sinnenschärfe" probe=" (KL/IN/IN)" value="7"/>
<talent be="BEx2" lernmethode="Gegenseitiges Lehren" name="Tanzen" probe=" (CH/GE/GE)" value="1"/>
<talent be="" lernmethode="Gegenseitiges Lehren" name="Zechen" probe=" (IN/KO/KK)" value="2"/>
<talent lernmethode="Selbststudium" name="Etikette" probe=" (KL/IN/CH)" value="7"/>
<talent lernmethode="Gegenseitiges Lehren" name="Gassenwissen" probe=" (KL/IN/CH)" value="1"/>
<talent lernmethode="Gegenseitiges Lehren" name="Lehren" probe=" (KL/IN/CH)" value="4"/>
<talent lernmethode="Selbststudium" name="Menschenkenntnis" probe=" (KL/IN/CH)" value="8"/>
<talent lernmethode="Selbststudium" name="Überreden" probe=" (MU/IN/CH)" value="7"/>
<talent lernmethode="Gegenseitiges Lehren" name="Überzeugen" probe=" (KL/IN/CH)" value="4"/>
<talent lernmethode="Gegenseitiges Lehren" name="Fährtensuchen" probe=" (KL/IN/KO)" value="5"/>
<talent lernmethode="Gegenseitiges Lehren" name="Fesseln/Entfesseln" probe=" (FF/GE/KK)" value="4"/>
<talent lernmethode="Gegenseitiges Lehren" name="Orientierung" probe=" (KL/IN/IN)" value="5"/>
<talent lernmethode="Gegenseitiges Lehren" name="Wildnisleben" probe=" (IN/GE/KO)" value="5"/>
<talent lernmethode="Gegenseitiges Lehren" name="Geografie" probe=" (KL/KL/IN)" value="2"/>
<talent lernmethode="Gegenseitiges Lehren" name="Geschichtswissen" probe=" (KL/KL/IN)" value="3"/>
<talent lernmethode="Gegenseitiges Lehren" name="Götter und Kulte" probe=" (KL/KL/IN)" value="3"/>
<talent lernmethode="Gegenseitiges Lehren" name="Heraldik" probe=" (KL/KL/FF)" value="3"/>
<talent lernmethode="Selbststudium" name="Kriegskunst" probe=" (MU/KL/CH)" value="7"/>
<talent lernmethode="Gegenseitiges Lehren" name="Magiekunde" probe=" (KL/KL/IN)" value="2"/>
<talent lernmethode="Gegenseitiges Lehren" name="Rechnen" probe=" (KL/KL/IN)" value="3"/>
<talent lernmethode="Selbststudium" name="Rechtskunde" probe=" (KL/KL/IN)" value="7"/>
<talent lernmethode="Gegenseitiges Lehren" name="Sagen und Legenden" probe=" (KL/IN/CH)" value="3"/>
<talent lernmethode="Gegenseitiges Lehren" name="Staatskunst" probe=" (KL/IN/CH)" value="2"/>
<talent lernmethode="Selbststudium" name="Tierkunde" probe=" (MU/KL/IN)" value="7"/>
<talent k="18" lernmethode="Selbststudium" name="Sprachen kennen Garethi" probe=" (KL/IN/CH)" value="9"/>
<talent k="18" lernmethode="Gegenseitiges Lehren" name="Sprachen kennen Tulamidya" probe=" (KL/IN/CH)" value="5"/>
<talent k="10" lernmethode="Gegenseitiges Lehren" name="Lesen/Schreiben Kusliker Zeichen" probe=" (KL/KL/FF)" value="4"/>
<talent lernmethode="Selbststudium" name="Abrichten" probe=" (MU/IN/CH)" value="8"/>
<talent lernmethode="Gegenseitiges Lehren" name="Heilkunde: Wunden" probe=" (KL/CH/FF)" value="2"/>
<talent lernmethode="Gegenseitiges Lehren" name="Holzbearbeitung" probe=" (KL/FF/KK)" value="0"/>
<talent lernmethode="Gegenseitiges Lehren" name="Kochen" probe=" (KL/IN/FF)" value="0"/>
<talent lernmethode="Gegenseitiges Lehren" name="Lederarbeiten" probe=" (KL/FF/FF)" value="0"/>
<talent lernmethode="Gegenseitiges Lehren" name="Malen/Zeichnen" probe=" (KL/IN/FF)" value="0"/>
<talent lernmethode="Gegenseitiges Lehren" name="Musizieren" probe=" (IN/CH/FF)" value="1"/>
<talent lernmethode="Gegenseitiges Lehren" name="Schneidern" probe=" (KL/FF/FF)" value="0"/>
<talent lernmethode="Gegenseitiges Lehren" name="Viehzucht" probe=" (KL/IN/KK)" value="1"/>
<talent lernmethode="Selbststudium" name="Winzer" probe=" (KL/FF/KK)" value="7"/>
</talentliste>
<zauberliste/>
<kampf>
<kampfwerte name="Dolche">
<attacke value="10"/>
<parade value="9"/>
</kampfwerte>
<kampfwerte name="Fechtwaffen">
<attacke value="12"/>
<parade value="12"/>
</kampfwerte>
<kampfwerte name="Hiebwaffen">
<attacke value="9"/>
<parade value="8"/>
</kampfwerte>
<kampfwerte name="Infanteriewaffen">
<attacke value="11"/>
<parade value="10"/>
</kampfwerte>
<kampfwerte name="Raufen">
<attacke value="10"/>
<parade value="10"/>
</kampfwerte>
<kampfwerte name="Ringen">
<attacke value="10"/>
<parade value="9"/>
</kampfwerte>
<kampfwerte name="Säbel">
<attacke value="14"/>
<parade value="17"/>
</kampfwerte>
</kampf>
<gegenstände>
<gegenstand anzahl="1" name="Armschienen (Paar), Bronze" slot="0"/>
<gegenstand anzahl="1" name="Beinschienen (Paar), Bronze" slot="0"/>
<gegenstand anzahl="1" name="Eisenmantel" slot="0"/>
<gegenstand anzahl="1" name="Hose" slot="0"/>
<gegenstand anzahl="1" name="Kürass" slot="0"/>
<gegenstand anzahl="1" name="Morion" slot="0"/>
<gegenstand anzahl="1" name="Säbel" slot="0"/>
<gegenstand anzahl="1" name="Unterkleidung" slot="0"/>
<gegenstand anzahl="1" name="Wolfsmesser (elf.Rapier)" slot="0">
<modallgemein>
<gewicht value="50.0"/>
<preis value="25000"/>
<name value="Wolfsmesser"/>
</modallgemein>
</gegenstand>
</gegenstände>
<BoniWaffenlos/>
<kommentare/>
<ausrüstungen>
<heldenausruestung bezeichner="" bfakt="2" bfmin="2" hand="rechts" name="nkwaffe1" schild="0" set="0" slot="0" talent="Säbel" waffenname="Säbel"/>
<heldenausruestung bezeichner="" bfakt="1" bfmin="1" hand="links" name="nkwaffe2" schild="0" set="0" slot="0" talent="Säbel" waffenname="Wolfsmesser (elf.Rapier)"/>
<heldenausruestung bezeichner="" bfakt="1" bfmin="1" hand="links" name="nkwaffe3" schild="0" set="0" slot="0" talent="Fechtwaffen" waffenname="Wolfsmesser (elf.Rapier)"/>
<heldenausruestung name="ruestung1" ruestungsname="Armschienen (Paar), Bronze" set="0" slot="0"/>
<heldenausruestung name="ruestung2" ruestungsname="Beinschienen (Paar), Bronze" set="0" slot="0"/>
<heldenausruestung name="ruestung3" ruestungsname="Eisenmantel" set="0" slot="0"/>
<heldenausruestung name="ruestung4" ruestungsname="Morion" set="0" slot="0"/>
<heldenausruestung name="jagtwaffe" nummer="0" set="0"/>
</ausrüstungen>
<verbindungen/>
<extention/>
<geldboerse/>
<plugindata/>
</held>
<Signature xmlns="http://www.w3.org/2000/09/xmldsig#">
<SignedInfo>
<CanonicalizationMethod Algorithm="http://www.w3.org/TR/2001/REC-xml-c14n-20010315#WithComments"/>
<SignatureMethod Algorithm="http://www.w3.org/2000/09/xmldsig#dsa-sha1"/>
<Reference URI="">
<Transforms>
<Transform Algorithm="http://www.w3.org/2000/09/xmldsig#enveloped-signature"/>
</Transforms>
<DigestMethod Algorithm="http://www.w3.org/2000/09/xmldsig#sha1"/>
<DigestValue>C1bTkIVcQj0dbP1eVmsMKZ6y9FQ=</DigestValue>
</Reference>
</SignedInfo>
<SignatureValue>SI8iMXHurvnzFvQ5S7nAokyXertP13XkN0ajZtmtsCyzksnrLrAwig==</SignatureValue>
<KeyInfo>
<KeyValue>
<DSAKeyValue>
<P>/KaCzo4Syrom78z3EQ5SbbB4sF7ey80etKII864WF64B81uRpH5t9jQTxeEu0ImbzRMqzVDZkVG9
xD7nN1kuFw==</P>
<Q>li7dzDacuo67Jg7mtqEm2TRuOMU=</Q>
<G>Z4Rxsnqc9E7pGknFFH2xqaryRPBaQ01khpMdLRQnG541Awtx/XPaF5Bpsy4pNWMOHCBiNU0Nogps
QW5QvnlMpA==</G>
<Y>uVrvWkzIbUdL7E80AiD0PJDX3Ck0beY5StXp1wDAA1/ePpemd6rTBNd8YoCzOovNrX016YMcTSiO
iExM4RWtJA==</Y>
</DSAKeyValue>
</KeyValue>
</KeyInfo>
</Signature>
</helden>
