<?xml version="1.0" encoding="UTF-8" standalone="no"?>
<?xml-stylesheet type="text/xsl" href="helden.xsl"?><helden Version="5.5.3">
<held key="1468954057596" name="Ismirda Valisnera" stand="1468954060871">
<mods/>
<basis>
<geschlecht name="weiblich"/>
<settings name="DSA4.1"/>
<rasse name="helden.model.rasse.Auelf" string="Auelfe">
<groesse gewicht="76" value="196"/>
<aussehen alter="42" augenfarbe="saphirblau" aussehentext0="" aussehentext1="" aussehentext2="" aussehentext3="" familietext0="" familietext1="" familietext2="" familietext3="" familietext4="" familietext5="" gbjahr="1003" gbmonat="9" gbtag="12" gprest="0" gpstart="110" haarfarbe="hellblond" kalender="Bosparans Fall" stand="" titel=""/>
</rasse>
<kultur name="helden.model.kultur.ElfischeSiedlung" schrift="Lesen/Schreiben Isdira/Asdharia" string="Elfische Siedlung: Elfische Siedlung" zweitsprache="Sprachen kennen Garethi">
<variante name="Elfische Siedlung"/>
</kultur>
<ausbildungen>
<ausbildung art="Hauptprofession" name="helden.model.profession.Wildnislaeufer" string="Wildnisläuferin, Auenläuferin" tarnidentitaet="">
<variante name="Auenläuferin"/>
<variante name="Wanderer"/>
</ausbildung>
</ausbildungen>
<verify value="1"/>
<notiz notiz0="Notizen" notiz1="" notiz10="" notiz11="" notiz2="" notiz3="" notiz4="" notiz5="" notiz6="" notiz7="" notiz8="" notiz9=""/>
<portraet value=""/>
<abenteuerpunkte value="500"/>
<freieabenteuerpunkte value="7"/>
</basis>
<eigenschaften>
<eigenschaft mod="0" name="Mut" startwert="12" value="12"/>
<eigenschaft mod="-1" name="Klugheit" startwert="11" value="11"/>
<eigenschaft mod="1" name="Intuition" startwert="14" value="14"/>
<eigenschaft mod="0" name="Charisma" startwert="8" value="8"/>
<eigenschaft mod="0" name="Fingerfertigkeit" startwert="13" value="13"/>
<eigenschaft mod="2" name="Gewandtheit" startwert="14" value="14"/>
<eigenschaft mod="0" name="Konstitution" startwert="14" value="14"/>
<eigenschaft mod="-1" name="Körperkraft" startwert="14" value="14"/>
<eigenschaft mod="0" name="Sozialstatus" startwert="3" value="3"/>
<eigenschaft mod="6" name="Lebensenergie" value="0"/>
<eigenschaft mod="12" name="Ausdauer" value="0"/>
<eigenschaft grossemeditation="0" mod="12" mrmod="-2" name="Astralenergie" value="0"/>
<eigenschaft karmalqueste="0" mod="0" name="Karmaenergie" value="0"/>
<eigenschaft mod="-2" name="Magieresistenz" value="0"/>
<eigenschaft mod="0" name="ini" value="11"/>
<eigenschaft mod="0" name="at" value="8"/>
<eigenschaft mod="0" name="pa" value="9"/>
<eigenschaft mod="0" name="fk" value="8"/>
</eigenschaften>
<vt>
<vorteil name="Altersresistenz"/>
<vorteil name="Dämmerungssicht"/>
<vorteil name="Gutaussehend"/>
<vorteil name="Herausragender Sinn" value="Sicht"/>
<vorteil name="Resistenz gegen Krankheiten"/>
<vorteil name="Vollzauberer"/>
<vorteil name="Wohlklang"/>
<vorteil name="Zweistimmiger Gesang"/>
<vorteil name="Arroganz" value="5"/>
<vorteil name="Elfische Weltsicht"/>
<vorteil name="Neugier" value="10"/>
<vorteil name="Raumangst" value="6"/>
<vorteil name="Selbstgespräche"/>
<vorteil name="Sensibler Geruchssinn" value="6"/>
<vorteil name="Sippenlosigkeit"/>
<vorteil name="Speisegebote"/>
<vorteil name="Spruchhemmung"/>
<vorteil name="Unfähigkeit für [Talent]" value="Zechen"/>
<vorteil name="Weltfremd bzgl.">
<auswahl position="0" value="12"/>
<auswahl position="1" value="Götter/Religion"/>
</vorteil>
</vt>
<sf>
<sonderfertigkeit name="Ausweichen I"/>
<sonderfertigkeit name="Ausweichen II"/>
<sonderfertigkeit name="Elfenlied: Freundschaftslied"/>
<sonderfertigkeit name="Große Meditation"/>
<sonderfertigkeit name="Kulturkunde">
<kultur name="Auelfen"/>
</sonderfertigkeit>
<sonderfertigkeit name="Regeneration I"/>
<sonderfertigkeit name="Regeneration II"/>
<sonderfertigkeit name="Repräsentation: Elf"/>
<sonderfertigkeit name="Scharfschütze">
<talent name="Bogen"/>
</sonderfertigkeit>
<sonderfertigkeit name="Schnellladen">
<talent name="Bogen"/>
</sonderfertigkeit>
<sonderfertigkeit name="Waldkundig"/>
</sf>
<ereignisse>
<ereignis obj="max GP für Helden: 110" text="EINSTELLUNG" time="1468954060870" version="HS 5.5.2"/>
<ereignis obj="max Eigenschafts-GP für Helden: 100" text="EINSTELLUNG" time="1468954060870" version="HS 5.5.2"/>
<ereignis obj="max Eigenschafts-Wert für Helden: 14" text="EINSTELLUNG" time="1468954060870" version="HS 5.5.2"/>
<ereignis Alt="0" Neu="0" kommentar="20 GP" obj="Rasse: Auelfe" text="RKP" time="1468954060871" version="HS 5.5.2"/>
<ereignis Alt="0" Neu="0" kommentar="3 GP" obj="Kultur: Elfische Siedlung: Elfische Siedlung" text="RKP" time="1468954060871" version="HS 5.5.2"/>
<ereignis Alt="0" Neu="0" kommentar="7 GP" obj="Profession: Wildnisläuferin, Auenläuferin" text="RKP" time="1468954060871" version="HS 5.5.2"/>
<ereignis Alt="0" Neu="12" kommentar="12 GP" obj="Mut: 12" text="EIGENSCHAFTEN" time="1468954060871" version="HS 5.5.2"/>
<ereignis Alt="0" Neu="10" kommentar="11 GP" obj="Klugheit: 10" text="EIGENSCHAFTEN" time="1468954060871" version="HS 5.5.2"/>
<ereignis Alt="0" Neu="15" kommentar="14 GP" obj="Intuition: 15" text="EIGENSCHAFTEN" time="1468954060871" version="HS 5.5.2"/>
<ereignis Alt="0" Neu="8" kommentar="8 GP" obj="Charisma: 8" text="EIGENSCHAFTEN" time="1468954060871" version="HS 5.5.2"/>
<ereignis Alt="0" Neu="13" kommentar="13 GP" obj="Fingerfertigkeit: 13" text="EIGENSCHAFTEN" time="1468954060871" version="HS 5.5.2"/>
<ereignis Alt="0" Neu="16" kommentar="14 GP" obj="Gewandtheit: 16" text="EIGENSCHAFTEN" time="1468954060871" version="HS 5.5.2"/>
<ereignis Alt="0" Neu="14" kommentar="14 GP" obj="Konstitution: 14" text="EIGENSCHAFTEN" time="1468954060871" version="HS 5.5.2"/>
<ereignis Alt="0" Neu="13" kommentar="14 GP" obj="Körperkraft: 13" text="EIGENSCHAFTEN" time="1468954060871" version="HS 5.5.2"/>
<ereignis Alt="0" Neu="3" kommentar="0 GP" obj="Sozialstatus: 3" text="EIGENSCHAFTEN" time="1468954060871" version="HS 5.5.2"/>
<ereignis Alt="0" Neu="6" kommentar="34 AP" obj="Bogen: 6" text="TALENT" time="1468954060871" version="HS 5.5.2"/>
<ereignis Alt="0" Neu="7" kommentar="41 AP" obj="Bogen: 7" text="TALENT" time="1468954060871" version="HS 5.5.2"/>
<ereignis Alt="0" Neu="8" kommentar="48 AP" obj="Bogen: 8" text="TALENT" time="1468954060871" version="HS 5.5.2"/>
<ereignis Alt="0" Neu="9" kommentar="55 AP" obj="Bogen: 9" text="TALENT" time="1468954060871" version="HS 5.5.2"/>
<ereignis Alt="0" Neu="10" kommentar="65 AP" obj="Bogen: 10" text="TALENT" time="1468954060871" version="HS 5.5.2"/>
<ereignis Alt="0" Neu="6" kommentar="50 AP" obj="Schwerter: 6" text="TALENT" time="1468954060871" version="HS 5.5.2"/>
<ereignis Alt="0" Neu="7" kommentar="60 AP" obj="Schwerter: 7" text="TALENT" time="1468954060871" version="HS 5.5.2"/>
<ereignis Alt="0" Neu="4" kommentar="13 AP" obj="Fallen stellen: 4" text="TALENT" time="1468954060871" version="HS 5.5.2"/>
<ereignis Alt="0" Neu="4" kommentar="8 AP" obj="Wettervorhersage: 4" text="TALENT" time="1468954060871" version="HS 5.5.2"/>
<ereignis Alt="0" Neu="5" kommentar="11 AP" obj="Wettervorhersage: 5" text="TALENT" time="1468954060871" version="HS 5.5.2"/>
<ereignis Alt="0" Neu="6" kommentar="14 AP" obj="Wettervorhersage: 6" text="TALENT" time="1468954060871" version="HS 5.5.2"/>
<ereignis Alt="0" Neu="7" kommentar="17 AP" obj="Wildnisleben: 7" text="TALENT" time="1468954060871" version="HS 5.5.2"/>
<ereignis Alt="0" Neu="8" kommentar="19 AP" obj="Wildnisleben: 8" text="TALENT" time="1468954060871" version="HS 5.5.2"/>
<ereignis Alt="0" Neu="4" kommentar="13 AP" obj="Magiekunde: 4" text="TALENT" time="1468954060871" version="HS 5.5.2"/>
<ereignis Alt="0" Neu="6" kommentar="14 AP" obj="Pflanzenkunde: 6" text="TALENT" time="1468954060871" version="HS 5.5.2"/>
<ereignis Alt="0" Neu="7" kommentar="17 AP" obj="Pflanzenkunde: 7" text="TALENT" time="1468954060871" version="HS 5.5.2"/>
<ereignis Alt="0" Neu="3" kommentar="6 AP" obj="Heilkunde: Wunden: 3" text="TALENT" time="1468954060871" version="HS 5.5.2"/>
<ereignis Alt="0" Neu="4" kommentar="8 AP" obj="Heilkunde: Wunden: 4" text="TALENT" time="1468954060871" version="HS 5.5.2"/>
<ereignis Alt="0" Neu="0" kommentar="1 VR" obj="Odem Arcanum [Elf] (HZ) (LZ): 0" text="ZAUBER" time="1468954060871" version="HS 5.5.2"/>
<ereignis Alt="0" Neu="1" kommentar="1 VR" obj="Odem Arcanum [Elf] (HZ) (LZ): 1" text="ZAUBER" time="1468954060871" version="HS 5.5.2"/>
<ereignis Alt="0" Neu="2" kommentar="1 VR" obj="Odem Arcanum [Elf] (HZ) (LZ): 2" text="ZAUBER" time="1468954060871" version="HS 5.5.2"/>
<ereignis Alt="0" Neu="3" kommentar="1 VR" obj="Odem Arcanum [Elf] (HZ) (LZ): 3" text="ZAUBER" time="1468954060871" version="HS 5.5.2"/>
<ereignis Alt="0" Neu="4" kommentar="1 VR" obj="Odem Arcanum [Elf] (HZ) (LZ): 4" text="ZAUBER" time="1468954060871" version="HS 5.5.2"/>
<ereignis Alt="0" Neu="5" kommentar="1 VR" obj="Odem Arcanum [Elf] (HZ) (LZ): 5" text="ZAUBER" time="1468954060871" version="HS 5.5.2"/>
<ereignis Alt="0" Neu="6" kommentar="1 VR" obj="Odem Arcanum [Elf] (HZ) (LZ): 6" text="ZAUBER" time="1468954060871" version="HS 5.5.2"/>
<ereignis Alt="0" Neu="7" kommentar="1 VR" obj="Odem Arcanum [Elf] (HZ) (LZ): 7" text="ZAUBER" time="1468954060871" version="HS 5.5.2"/>
<ereignis Alt="0" Neu="0" kommentar="1 VR" obj="Adlerauge Luchsenohr [Elf] (HZ) (LZ): 0" text="ZAUBER" time="1468954060871" version="HS 5.5.2"/>
<ereignis Alt="0" Neu="1" kommentar="1 VR" obj="Adlerauge Luchsenohr [Elf] (HZ) (LZ): 1" text="ZAUBER" time="1468954060871" version="HS 5.5.2"/>
<ereignis Alt="0" Neu="2" kommentar="1 VR" obj="Adlerauge Luchsenohr [Elf] (HZ) (LZ): 2" text="ZAUBER" time="1468954060871" version="HS 5.5.2"/>
<ereignis Alt="0" Neu="3" kommentar="1 VR" obj="Adlerauge Luchsenohr [Elf] (HZ) (LZ): 3" text="ZAUBER" time="1468954060871" version="HS 5.5.2"/>
<ereignis Alt="0" Neu="4" kommentar="1 VR" obj="Adlerauge Luchsenohr [Elf] (HZ) (LZ): 4" text="ZAUBER" time="1468954060871" version="HS 5.5.2"/>
<ereignis Alt="0" Neu="5" kommentar="1 VR" obj="Adlerauge Luchsenohr [Elf] (HZ) (LZ): 5" text="ZAUBER" time="1468954060871" version="HS 5.5.2"/>
<ereignis Alt="0" Neu="6" kommentar="1 VR" obj="Adlerauge Luchsenohr [Elf] (HZ) (LZ): 6" text="ZAUBER" time="1468954060871" version="HS 5.5.2"/>
<ereignis Alt="0" Neu="7" kommentar="1 VR" obj="Adlerauge Luchsenohr [Elf] (HZ) (LZ): 7" text="ZAUBER" time="1468954060871" version="HS 5.5.2"/>
<ereignis Alt="0" Neu="8" kommentar="1 VR" obj="Adlerauge Luchsenohr [Elf] (HZ) (LZ): 8" text="ZAUBER" time="1468954060871" version="HS 5.5.2"/>
<ereignis Alt="0" Neu="9" kommentar="1 VR" obj="Adlerauge Luchsenohr [Elf] (HZ) (LZ): 9" text="ZAUBER" time="1468954060871" version="HS 5.5.2"/>
<ereignis Alt="0" Neu="0" kommentar="1 VR" obj="Armatrutz [Elf] (HZ) (LZ): 0" text="ZAUBER" time="1468954060871" version="HS 5.5.2"/>
<ereignis Alt="0" Neu="1" kommentar="1 VR" obj="Armatrutz [Elf] (HZ) (LZ): 1" text="ZAUBER" time="1468954060871" version="HS 5.5.2"/>
<ereignis Alt="0" Neu="2" kommentar="1 VR" obj="Armatrutz [Elf] (HZ) (LZ): 2" text="ZAUBER" time="1468954060871" version="HS 5.5.2"/>
<ereignis Alt="0" Neu="3" kommentar="1 VR" obj="Armatrutz [Elf] (HZ) (LZ): 3" text="ZAUBER" time="1468954060871" version="HS 5.5.2"/>
<ereignis Alt="0" Neu="4" kommentar="1 VR" obj="Armatrutz [Elf] (HZ) (LZ): 4" text="ZAUBER" time="1468954060871" version="HS 5.5.2"/>
<ereignis Alt="0" Neu="5" kommentar="1 VR" obj="Armatrutz [Elf] (HZ) (LZ): 5" text="ZAUBER" time="1468954060871" version="HS 5.5.2"/>
<ereignis Alt="0" Neu="6" kommentar="1 VR" obj="Armatrutz [Elf] (HZ) (LZ): 6" text="ZAUBER" time="1468954060871" version="HS 5.5.2"/>
<ereignis Alt="0" Neu="7" kommentar="1 VR" obj="Armatrutz [Elf] (HZ) (LZ): 7" text="ZAUBER" time="1468954060871" version="HS 5.5.2"/>
<ereignis Alt="0" Neu="8" kommentar="1 VR" obj="Armatrutz [Elf] (HZ) (LZ): 8" text="ZAUBER" time="1468954060871" version="HS 5.5.2"/>
<ereignis Alt="0" Neu="9" kommentar="1 VR" obj="Armatrutz [Elf] (HZ) (LZ): 9" text="ZAUBER" time="1468954060871" version="HS 5.5.2"/>
<ereignis Alt="0" Neu="10" kommentar="1 VR" obj="Armatrutz [Elf] (HZ) (LZ): 10" text="ZAUBER" time="1468954060871" version="HS 5.5.2"/>
<ereignis Alt="0" Neu="11" kommentar="1 VR" obj="Armatrutz [Elf] (HZ) (LZ): 11" text="ZAUBER" time="1468954060871" version="HS 5.5.2"/>
<ereignis Alt="0" Neu="12" kommentar="1 VR" obj="Armatrutz [Elf] (HZ) (LZ): 12" text="ZAUBER" time="1468954060871" version="HS 5.5.2"/>
<ereignis Alt="0" Neu="13" kommentar="1 VR" obj="Armatrutz [Elf] (HZ) (LZ): 13" text="ZAUBER" time="1468954060871" version="HS 5.5.2"/>
<ereignis Alt="0" Neu="14" kommentar="1 VR" obj="Armatrutz [Elf] (HZ) (LZ): 14" text="ZAUBER" time="1468954060871" version="HS 5.5.2"/>
<ereignis Alt="0" Neu="0" kommentar="1 VR" obj="Blitz dich find [Elf] (HZ) (LZ): 0" text="ZAUBER" time="1468954060871" version="HS 5.5.2"/>
<ereignis Alt="0" Neu="1" kommentar="1 VR" obj="Blitz dich find [Elf] (HZ) (LZ): 1" text="ZAUBER" time="1468954060871" version="HS 5.5.2"/>
<ereignis Alt="0" Neu="2" kommentar="1 VR" obj="Blitz dich find [Elf] (HZ) (LZ): 2" text="ZAUBER" time="1468954060871" version="HS 5.5.2"/>
<ereignis Alt="0" Neu="3" kommentar="1 VR" obj="Blitz dich find [Elf] (HZ) (LZ): 3" text="ZAUBER" time="1468954060871" version="HS 5.5.2"/>
<ereignis Alt="0" Neu="4" kommentar="1 VR" obj="Blitz dich find [Elf] (HZ) (LZ): 4" text="ZAUBER" time="1468954060871" version="HS 5.5.2"/>
<ereignis Alt="0" Neu="5" kommentar="1 VR" obj="Blitz dich find [Elf] (HZ) (LZ): 5" text="ZAUBER" time="1468954060871" version="HS 5.5.2"/>
<ereignis Alt="0" Neu="6" kommentar="1 VR" obj="Blitz dich find [Elf] (HZ) (LZ): 6" text="ZAUBER" time="1468954060871" version="HS 5.5.2"/>
<ereignis Alt="0" Neu="7" kommentar="1 VR" obj="Blitz dich find [Elf] (HZ) (LZ): 7" text="ZAUBER" time="1468954060871" version="HS 5.5.2"/>
<ereignis Alt="0" Neu="8" kommentar="1 VR" obj="Blitz dich find [Elf] (HZ) (LZ): 8" text="ZAUBER" time="1468954060871" version="HS 5.5.2"/>
<ereignis Alt="0" Neu="9" kommentar="1 VR" obj="Blitz dich find [Elf] (HZ) (LZ): 9" text="ZAUBER" time="1468954060871" version="HS 5.5.2"/>
<ereignis Alt="0" Neu="10" kommentar="1 VR" obj="Blitz dich find [Elf] (HZ) (LZ): 10" text="ZAUBER" time="1468954060871" version="HS 5.5.2"/>
<ereignis Alt="0" Neu="11" kommentar="1 VR" obj="Blitz dich find [Elf] (HZ) (LZ): 11" text="ZAUBER" time="1468954060871" version="HS 5.5.2"/>
<ereignis Alt="0" Neu="12" kommentar="1 VR" obj="Blitz dich find [Elf] (HZ) (LZ): 12" text="ZAUBER" time="1468954060871" version="HS 5.5.2"/>
<ereignis Alt="0" Neu="13" kommentar="1 VR" obj="Blitz dich find [Elf] (HZ) (LZ): 13" text="ZAUBER" time="1468954060871" version="HS 5.5.2"/>
<ereignis Alt="0" Neu="14" kommentar="1 VR" obj="Blitz dich find [Elf] (HZ) (LZ): 14" text="ZAUBER" time="1468954060871" version="HS 5.5.2"/>
<ereignis Alt="0" Neu="0" kommentar="2 VR" obj="Axxeleratus Blitzgeschwind [Elf] (HZ) (LZ): 0" text="ZAUBER" time="1468954060871" version="HS 5.5.2"/>
<ereignis Alt="0" Neu="1" kommentar="2 VR" obj="Axxeleratus Blitzgeschwind [Elf] (HZ) (LZ): 1" text="ZAUBER" time="1468954060871" version="HS 5.5.2"/>
<ereignis Alt="0" Neu="2" kommentar="2 VR" obj="Axxeleratus Blitzgeschwind [Elf] (HZ) (LZ): 2" text="ZAUBER" time="1468954060871" version="HS 5.5.2"/>
<ereignis Alt="0" Neu="3" kommentar="2 VR" obj="Axxeleratus Blitzgeschwind [Elf] (HZ) (LZ): 3" text="ZAUBER" time="1468954060871" version="HS 5.5.2"/>
<ereignis Alt="0" Neu="4" kommentar="2 VR" obj="Axxeleratus Blitzgeschwind [Elf] (HZ) (LZ): 4" text="ZAUBER" time="1468954060871" version="HS 5.5.2"/>
<ereignis Alt="0" Neu="5" kommentar="2 VR" obj="Axxeleratus Blitzgeschwind [Elf] (HZ) (LZ): 5" text="ZAUBER" time="1468954060871" version="HS 5.5.2"/>
<ereignis Alt="0" Neu="6" kommentar="2 VR" obj="Axxeleratus Blitzgeschwind [Elf] (HZ) (LZ): 6" text="ZAUBER" time="1468954060871" version="HS 5.5.2"/>
<ereignis Alt="0" Neu="7" kommentar="2 VR" obj="Axxeleratus Blitzgeschwind [Elf] (HZ) (LZ): 7" text="ZAUBER" time="1468954060871" version="HS 5.5.2"/>
<ereignis Alt="0" Neu="0" kommentar="2 VR" obj="Balsam Salabunde [Elf] (HZ) (LZ): 0" text="ZAUBER" time="1468954060871" version="HS 5.5.2"/>
<ereignis Alt="0" Neu="1" kommentar="2 VR" obj="Balsam Salabunde [Elf] (HZ) (LZ): 1" text="ZAUBER" time="1468954060871" version="HS 5.5.2"/>
<ereignis Alt="0" Neu="2" kommentar="2 VR" obj="Balsam Salabunde [Elf] (HZ) (LZ): 2" text="ZAUBER" time="1468954060871" version="HS 5.5.2"/>
<ereignis Alt="0" Neu="3" kommentar="2 VR" obj="Balsam Salabunde [Elf] (HZ) (LZ): 3" text="ZAUBER" time="1468954060871" version="HS 5.5.2"/>
<ereignis Alt="0" Neu="4" kommentar="2 VR" obj="Balsam Salabunde [Elf] (HZ) (LZ): 4" text="ZAUBER" time="1468954060871" version="HS 5.5.2"/>
<ereignis Alt="0" Neu="5" kommentar="2 VR" obj="Balsam Salabunde [Elf] (HZ) (LZ): 5" text="ZAUBER" time="1468954060871" version="HS 5.5.2"/>
<ereignis Alt="0" Neu="6" kommentar="2 VR" obj="Balsam Salabunde [Elf] (HZ) (LZ): 6" text="ZAUBER" time="1468954060871" version="HS 5.5.2"/>
<ereignis Alt="0" Neu="7" kommentar="2 VR" obj="Balsam Salabunde [Elf] (HZ) (LZ): 7" text="ZAUBER" time="1468954060871" version="HS 5.5.2"/>
<ereignis Alt="0" Neu="8" kommentar="2 VR" obj="Balsam Salabunde [Elf] (HZ) (LZ): 8" text="ZAUBER" time="1468954060871" version="HS 5.5.2"/>
<ereignis Alt="0" Neu="9" kommentar="2 VR" obj="Balsam Salabunde [Elf] (HZ) (LZ): 9" text="ZAUBER" time="1468954060871" version="HS 5.5.2"/>
<ereignis Alt="0" Neu="10" kommentar="2 VR" obj="Balsam Salabunde [Elf] (HZ) (LZ): 10" text="ZAUBER" time="1468954060871" version="HS 5.5.2"/>
<ereignis Alt="0" Neu="11" kommentar="2 VR" obj="Balsam Salabunde [Elf] (HZ) (LZ): 11" text="ZAUBER" time="1468954060871" version="HS 5.5.2"/>
<ereignis Alt="0" Neu="12" kommentar="2 VR" obj="Balsam Salabunde [Elf] (HZ) (LZ): 12" text="ZAUBER" time="1468954060871" version="HS 5.5.2"/>
<ereignis Alt="0" Neu="13" kommentar="2 VR" obj="Balsam Salabunde [Elf] (HZ) (LZ): 13" text="ZAUBER" time="1468954060871" version="HS 5.5.2"/>
<ereignis Alt="0" Neu="14" kommentar="2 VR" obj="Balsam Salabunde [Elf] (HZ) (LZ): 14" text="ZAUBER" time="1468954060871" version="HS 5.5.2"/>
<ereignis Alt="0" Neu="0" kommentar="2 VR" obj="Chamaelioni Mimikry [Elf] (HZ) (LZ): 0" text="ZAUBER" time="1468954060871" version="HS 5.5.2"/>
<ereignis Alt="0" Neu="1" kommentar="2 VR" obj="Chamaelioni Mimikry [Elf] (HZ) (LZ): 1" text="ZAUBER" time="1468954060871" version="HS 5.5.2"/>
<ereignis Alt="0" Neu="2" kommentar="2 VR" obj="Chamaelioni Mimikry [Elf] (HZ) (LZ): 2" text="ZAUBER" time="1468954060871" version="HS 5.5.2"/>
<ereignis Alt="0" Neu="3" kommentar="2 VR" obj="Chamaelioni Mimikry [Elf] (HZ) (LZ): 3" text="ZAUBER" time="1468954060871" version="HS 5.5.2"/>
<ereignis Alt="0" Neu="4" kommentar="2 VR" obj="Chamaelioni Mimikry [Elf] (HZ) (LZ): 4" text="ZAUBER" time="1468954060871" version="HS 5.5.2"/>
<ereignis Alt="0" Neu="5" kommentar="2 VR" obj="Chamaelioni Mimikry [Elf] (HZ) (LZ): 5" text="ZAUBER" time="1468954060871" version="HS 5.5.2"/>
<ereignis Alt="0" Neu="6" kommentar="2 VR" obj="Chamaelioni Mimikry [Elf] (HZ) (LZ): 6" text="ZAUBER" time="1468954060871" version="HS 5.5.2"/>
<ereignis Alt="0" Neu="7" kommentar="2 VR" obj="Chamaelioni Mimikry [Elf] (HZ) (LZ): 7" text="ZAUBER" time="1468954060871" version="HS 5.5.2"/>
<ereignis Alt="0" Neu="8" kommentar="2 VR" obj="Chamaelioni Mimikry [Elf] (HZ) (LZ): 8" text="ZAUBER" time="1468954060871" version="HS 5.5.2"/>
<ereignis Alt="0" Neu="0" kommentar="3 VR" obj="Objectovoco [Elf]: 0" text="ZAUBER" time="1468954060871" version="HS 5.5.2"/>
<ereignis Alt="0" Neu="1" kommentar="3 VR" obj="Objectovoco [Elf]: 1" text="ZAUBER" time="1468954060871" version="HS 5.5.2"/>
<ereignis Alt="0" Neu="2" kommentar="3 VR" obj="Objectovoco [Elf]: 2" text="ZAUBER" time="1468954060871" version="HS 5.5.2"/>
<ereignis Alt="0" Neu="3" kommentar="3 VR" obj="Objectovoco [Elf]: 3" text="ZAUBER" time="1468954060871" version="HS 5.5.2"/>
<ereignis Alt="0" Neu="4" kommentar="3 VR" obj="Objectovoco [Elf]: 4" text="ZAUBER" time="1468954060871" version="HS 5.5.2"/>
<ereignis Alt="0" Neu="5" kommentar="3 VR" obj="Objectovoco [Elf]: 5" text="ZAUBER" time="1468954060871" version="HS 5.5.2"/>
<ereignis Alt="0" Neu="6" kommentar="3 VR" obj="Objectovoco [Elf]: 6" text="ZAUBER" time="1468954060871" version="HS 5.5.2"/>
<ereignis Alt="0" Neu="7" kommentar="3 VR" obj="Objectovoco [Elf]: 7" text="ZAUBER" time="1468954060871" version="HS 5.5.2"/>
<ereignis Alt="0" Neu="0" kommentar="4 VR" obj="Weiße Mähn und goldener Huf [Elf] (LZ): 0" text="ZAUBER" time="1468954060871" version="HS 5.5.2"/>
<ereignis Alt="0" Neu="1" kommentar="4 VR" obj="Weiße Mähn und goldener Huf [Elf] (LZ): 1" text="ZAUBER" time="1468954060871" version="HS 5.5.2"/>
<ereignis Alt="0" Neu="2" kommentar="4 VR" obj="Weiße Mähn und goldener Huf [Elf] (LZ): 2" text="ZAUBER" time="1468954060871" version="HS 5.5.2"/>
<ereignis Alt="0" Neu="3" kommentar="4 VR" obj="Weiße Mähn und goldener Huf [Elf] (LZ): 3" text="ZAUBER" time="1468954060871" version="HS 5.5.2"/>
<ereignis Alt="0" Neu="4" kommentar="4 VR" obj="Weiße Mähn und goldener Huf [Elf] (LZ): 4" text="ZAUBER" time="1468954060871" version="HS 5.5.2"/>
<ereignis Alt="0" Neu="5" kommentar="4 VR" obj="Weiße Mähn und goldener Huf [Elf] (LZ): 5" text="ZAUBER" time="1468954060871" version="HS 5.5.2"/>
<ereignis Alt="0" Neu="6" kommentar="4 VR" obj="Weiße Mähn und goldener Huf [Elf] (LZ): 6" text="ZAUBER" time="1468954060871" version="HS 5.5.2"/>
<ereignis Alt="0" Neu="0" kommentar="4 VR" obj="Klarum Purum [Elf]: 0" text="ZAUBER" time="1468954060871" version="HS 5.5.2"/>
<ereignis Alt="0" Neu="1" kommentar="4 VR" obj="Klarum Purum [Elf]: 1" text="ZAUBER" time="1468954060871" version="HS 5.5.2"/>
<ereignis Alt="0" Neu="2" kommentar="4 VR" obj="Klarum Purum [Elf]: 2" text="ZAUBER" time="1468954060871" version="HS 5.5.2"/>
<ereignis Alt="0" Neu="3" kommentar="4 VR" obj="Klarum Purum [Elf]: 3" text="ZAUBER" time="1468954060871" version="HS 5.5.2"/>
<ereignis Alt="0" Neu="4" kommentar="4 VR" obj="Klarum Purum [Elf]: 4" text="ZAUBER" time="1468954060871" version="HS 5.5.2"/>
<ereignis Alt="0" Neu="5" kommentar="4 VR" obj="Klarum Purum [Elf]: 5" text="ZAUBER" time="1468954060871" version="HS 5.5.2"/>
<ereignis Alt="0" Neu="6" kommentar="4 VR" obj="Klarum Purum [Elf]: 6" text="ZAUBER" time="1468954060871" version="HS 5.5.2"/>
<ereignis Alt="0" Neu="7" kommentar="4 VR" obj="Klarum Purum [Elf]: 7" text="ZAUBER" time="1468954060871" version="HS 5.5.2"/>
<ereignis Alt="0" Neu="8" kommentar="4 VR" obj="Klarum Purum [Elf]: 8" text="ZAUBER" time="1468954060871" version="HS 5.5.2"/>
<ereignis Alt="0" Neu="0" kommentar="3 GP" obj="Ausweichen I" text="SF" time="1468954060871" version="HS 5.5.2"/>
<ereignis Alt="0" Neu="0" kommentar="2 GP" obj="Ausweichen II" text="SF" time="1468954060871" version="HS 5.5.2"/>
<ereignis Alt="0" Neu="0" kommentar="1 GP" obj="Regeneration I" text="SF" time="1468954060871" version="HS 5.5.2"/>
<ereignis Alt="0" Neu="0" kommentar="2 GP" obj="Regeneration II" text="SF" time="1468954060871" version="HS 5.5.2"/>
<ereignis Alt="0" Neu="0" kommentar="9 GP" obj="Scharfschütze (Bogen)" text="SF" time="1468954060871" version="HS 5.5.2"/>
<ereignis Alt="0" Neu="0" kommentar="6 GP" obj="Schnellladen (Bogen)" text="SF" time="1468954060871" version="HS 5.5.2"/>
<ereignis Alt="0" Neu="0" kommentar="0 GP" obj="Altersresistenz" text="VORTEILE" time="1468954060871" version="HS 5.5.2"/>
<ereignis Alt="0" Neu="0" kommentar="-5 GP" obj="Arroganz: 5" text="VORTEILE" time="1468954060871" version="HS 5.5.2"/>
<ereignis Alt="0" Neu="0" kommentar="0 GP" obj="Dämmerungssicht" text="VORTEILE" time="1468954060871" version="HS 5.5.2"/>
<ereignis Alt="0" Neu="0" kommentar="0 GP" obj="Elfische Weltsicht" text="VORTEILE" time="1468954060871" version="HS 5.5.2"/>
<ereignis Alt="0" Neu="0" kommentar="0 GP" obj="Gutaussehend" text="VORTEILE" time="1468954060871" version="HS 5.5.2"/>
<ereignis Alt="0" Neu="0" kommentar="0 GP" obj="Herausragender Sinn: Sicht" text="VORTEILE" time="1468954060871" version="HS 5.5.2"/>
<ereignis Alt="0" Neu="0" kommentar="-5 GP" obj="Neugier: 10" text="VORTEILE" time="1468954060871" version="HS 5.5.2"/>
<ereignis Alt="0" Neu="0" kommentar="-9 GP" obj="Raumangst: 6" text="VORTEILE" time="1468954060871" version="HS 5.5.2"/>
<ereignis Alt="0" Neu="0" kommentar="0 GP" obj="Resistenz gegen Krankheiten" text="VORTEILE" time="1468954060871" version="HS 5.5.2"/>
<ereignis Alt="0" Neu="0" kommentar="-3 GP" obj="Selbstgespräche" text="VORTEILE" time="1468954060871" version="HS 5.5.2"/>
<ereignis Alt="0" Neu="0" kommentar="0 GP" obj="Sensibler Geruchssinn: 6" text="VORTEILE" time="1468954060871" version="HS 5.5.2"/>
<ereignis Alt="0" Neu="0" kommentar="0 GP" obj="Sippenlosigkeit" text="VORTEILE" time="1468954060871" version="HS 5.5.2"/>
<ereignis Alt="0" Neu="0" kommentar="-5 GP" obj="Speisegebote" text="VORTEILE" time="1468954060871" version="HS 5.5.2"/>
<ereignis Alt="0" Neu="0" kommentar="-10 GP" obj="Spruchhemmung" text="VORTEILE" time="1468954060871" version="HS 5.5.2"/>
<ereignis Alt="0" Neu="0" kommentar="0 GP" obj="Unfähigkeit für [Talent]: Zechen" text="VORTEILE" time="1468954060871" version="HS 5.5.2"/>
<ereignis Alt="0" Neu="0" kommentar="0 GP" obj="Vollzauberer" text="VORTEILE" time="1468954060871" version="HS 5.5.2"/>
<ereignis Alt="0" Neu="0" kommentar="-6 GP" obj="Weltfremd bzgl.: Götter/Religion 12" text="VORTEILE" time="1468954060871" version="HS 5.5.2"/>
<ereignis Alt="0" Neu="0" kommentar="0 GP" obj="Wohlklang" text="VORTEILE" time="1468954060871" version="HS 5.5.2"/>
<ereignis Alt="0" Neu="0" kommentar="0 GP" obj="Zweistimmiger Gesang" text="VORTEILE" time="1468954060871" version="HS 5.5.2"/>
<ereignis obj="Auswahl" text="Herausragender Sinn 3" time="1468954060871" version="HS 5.5.2"/>
<ereignis obj="Auswahl" text="Weltfremd bzgl." time="1468954060871" version="HS 5.5.2"/>
<ereignis obj="Auswahl" text="Waldkundig" time="1468954060871" version="HS 5.5.2"/>
<ereignis obj="Auswahl" text="Sprachen kennen Garethi" time="1468954060871" version="HS 5.5.2"/>
<ereignis obj="Auswahl" text="Sprachen kennen Garethi (L) 6" time="1468954060871" version="HS 5.5.2"/>
<ereignis Neu="2" obj="Auswahl" text="Schwerter" time="1468954060871" version="HS 5.5.2"/>
<ereignis Neu="3" obj="Auswahl" text="Sprachen kennen Garethi" time="1468954060871" version="HS 5.5.2"/>
<ereignis Neu="2" obj="Auswahl" text="Bogen" time="1468954060871" version="HS 5.5.2"/>
<ereignis Neu="3" obj="Auswahl" text="Fallen stellen" time="1468954060871" version="HS 5.5.2"/>
<ereignis Neu="3" obj="Auswahl" text="Schwerter" time="1468954060871" version="HS 5.5.2"/>
<ereignis Neu="3" obj="Auswahl" text="Lesen/Schreiben Kusliker Zeichen" time="1468954060871" version="HS 5.5.2"/>
<ereignis Neu="5" obj="Auswahl" text="Bogenbau" time="1468954060871" version="HS 5.5.2"/>
<ereignis Neu="1" obj="Auswahl" text="Heilkunde: Wunden" time="1468954060871" version="HS 5.5.2"/>
</ereignisse>
<talentliste>
<talent leittalent="true" lernmethode="Gegenseitiges Lehren" name="Bogen" probe=" (GE/FF/KK)" value="10"/>
<talent lernmethode="Gegenseitiges Lehren" name="Dolche" probe=" (GE/GE/KK)" value="4"/>
<talent lernmethode="Gegenseitiges Lehren" name="Hiebwaffen" probe=" (GE/GE/KK)" value="0"/>
<talent lernmethode="Gegenseitiges Lehren" name="Raufen" probe=" (GE/GE/KK)" value="1"/>
<talent lernmethode="Gegenseitiges Lehren" name="Ringen" probe=" (GE/GE/KK)" value="0"/>
<talent lernmethode="Gegenseitiges Lehren" name="Säbel" probe=" (GE/GE/KK)" value="0"/>
<talent lernmethode="Gegenseitiges Lehren" name="Schwerter" probe=" (GE/GE/KK)" value="7"/>
<talent lernmethode="Gegenseitiges Lehren" name="Wurfmesser" probe=" (GE/FF/KK)" value="0"/>
<talent be="BEx2" leittalent="true" lernmethode="Gegenseitiges Lehren" name="Athletik" probe=" (GE/KO/KK)" value="4"/>
<talent be="BEx2" lernmethode="Gegenseitiges Lehren" name="Klettern" probe=" (MU/GE/KK)" value="3"/>
<talent be="BEx2" leittalent="true" lernmethode="Gegenseitiges Lehren" name="Körperbeherrschung" probe=" (MU/IN/GE)" value="7"/>
<talent be="BE" leittalent="true" lernmethode="Gegenseitiges Lehren" name="Schleichen" probe=" (MU/IN/GE)" value="6"/>
<talent be="BEx2" leittalent="true" lernmethode="Gegenseitiges Lehren" name="Schwimmen" probe=" (GE/KO/KK)" value="4"/>
<talent be="" lernmethode="Gegenseitiges Lehren" name="Selbstbeherrschung" probe=" (MU/KO/KK)" value="0"/>
<talent be="BE-2" lernmethode="Gegenseitiges Lehren" name="Sich verstecken" probe=" (MU/IN/GE)" value="5"/>
<talent be="BE-3" leittalent="true" lernmethode="Gegenseitiges Lehren" name="Singen" probe=" (IN/CH/CH)" value="4"/>
<talent be="0-&gt;BE" leittalent="true" lernmethode="Gegenseitiges Lehren" name="Sinnenschärfe" probe=" (KL/IN/IN)" value="9"/>
<talent be="BE-4" leittalent="true" lernmethode="Gegenseitiges Lehren" name="Stimmen imitieren" probe=" (KL/IN/CH)" value="2"/>
<talent be="BEx2" leittalent="true" lernmethode="Gegenseitiges Lehren" name="Tanzen" probe=" (CH/GE/GE)" value="3"/>
<talent be="" lernmethode="Gegenseitiges Lehren" name="Zechen" probe=" (IN/KO/KK)" value="-2"/>
<talent lernmethode="Gegenseitiges Lehren" name="Betören" probe=" (IN/CH/CH)" value="3"/>
<talent lernmethode="Gegenseitiges Lehren" name="Menschenkenntnis" probe=" (KL/IN/CH)" value="3"/>
<talent leittalent="true" lernmethode="Gegenseitiges Lehren" name="Überreden" probe=" (MU/IN/CH)" value="3"/>
<talent lernmethode="Gegenseitiges Lehren" name="Fährtensuchen" probe=" (KL/IN/KO)" value="7"/>
<talent lernmethode="Gegenseitiges Lehren" name="Fallen stellen" probe=" (KL/FF/KK)" value="4"/>
<talent lernmethode="Gegenseitiges Lehren" name="Fesseln/Entfesseln" probe=" (FF/GE/KK)" value="3"/>
<talent leittalent="true" lernmethode="Gegenseitiges Lehren" name="Fischen/Angeln" probe=" (IN/FF/KK)" value="1"/>
<talent leittalent="true" lernmethode="Gegenseitiges Lehren" name="Orientierung" probe=" (KL/IN/IN)" value="4"/>
<talent leittalent="true" lernmethode="Gegenseitiges Lehren" name="Wettervorhersage" probe=" (KL/IN/IN)" value="6"/>
<talent leittalent="true" lernmethode="Gegenseitiges Lehren" name="Wildnisleben" probe=" (IN/GE/KO)" value="8"/>
<talent leittalent="true" lernmethode="Gegenseitiges Lehren" name="Geografie" probe=" (KL/KL/IN)" value="2"/>
<talent lernmethode="Gegenseitiges Lehren" name="Götter und Kulte" probe=" (KL/KL/IN)" value="2"/>
<talent lernmethode="Gegenseitiges Lehren" name="Magiekunde" probe=" (KL/KL/IN)" value="4"/>
<talent leittalent="true" lernmethode="Gegenseitiges Lehren" name="Pflanzenkunde" probe=" (KL/IN/FF)" value="7"/>
<talent lernmethode="Gegenseitiges Lehren" name="Rechnen" probe=" (KL/KL/IN)" value="2"/>
<talent lernmethode="Gegenseitiges Lehren" name="Rechtskunde" probe=" (KL/KL/IN)" value="-1"/>
<talent lernmethode="Gegenseitiges Lehren" name="Sagen und Legenden" probe=" (KL/IN/CH)" value="3"/>
<talent lernmethode="Gegenseitiges Lehren" name="Sternkunde" probe=" (KL/KL/IN)" value="1"/>
<talent leittalent="true" lernmethode="Gegenseitiges Lehren" name="Tierkunde" probe=" (MU/KL/IN)" value="7"/>
<talent k="18" leittalent="true" lernmethode="Gegenseitiges Lehren" name="Sprachen kennen Garethi" probe=" (KL/IN/CH)" value="15"/>
<talent k="21" leittalent="true" lernmethode="Gegenseitiges Lehren" name="Sprachen kennen Isdira" probe=" (KL/IN/CH)" value="8"/>
<talent k="18" leittalent="true" lernmethode="Gegenseitiges Lehren" name="Lesen/Schreiben Isdira/Asdharia" probe=" (KL/KL/FF)" value="0"/>
<talent k="10" lernmethode="Gegenseitiges Lehren" name="Lesen/Schreiben Kusliker Zeichen" probe=" (KL/KL/FF)" value="3"/>
<talent leittalent="true" lernmethode="Gegenseitiges Lehren" name="Bogenbau" probe=" (KL/IN/FF)" value="8"/>
<talent lernmethode="Gegenseitiges Lehren" name="Boote fahren" probe=" (GE/KO/KK)" value="2"/>
<talent leittalent="true" lernmethode="Gegenseitiges Lehren" name="Heilkunde: Wunden" probe=" (KL/CH/FF)" value="4"/>
<talent leittalent="true" lernmethode="Gegenseitiges Lehren" name="Holzbearbeitung" probe=" (KL/FF/KK)" value="2"/>
<talent lernmethode="Gegenseitiges Lehren" name="Kochen" probe=" (KL/IN/FF)" value="0"/>
<talent lernmethode="Gegenseitiges Lehren" name="Lederarbeiten" probe=" (KL/FF/FF)" value="2"/>
<talent leittalent="true" lernmethode="Gegenseitiges Lehren" name="Malen/Zeichnen" probe=" (KL/IN/FF)" value="0"/>
<talent leittalent="true" lernmethode="Gegenseitiges Lehren" name="Musizieren" probe=" (IN/CH/FF)" value="3"/>
<talent lernmethode="Gegenseitiges Lehren" name="Schneidern" probe=" (KL/FF/FF)" value="2"/>
</talentliste>
<zauberliste>
<zauber anmerkungen="" hauszauber="true" k="B" kosten="" leittalent="true" lernmethode="Gegenseitiges Lehren" name="Adlerauge Luchsenohr" probe=" (KL/IN/FF)" reichweite="" repraesentation="Elf" value="9" variante="" wirkungsdauer="" zauberdauer="" zauberkommentar=""/>
<zauber anmerkungen="" hauszauber="true" k="B" kosten="" leittalent="true" lernmethode="Gegenseitiges Lehren" name="Armatrutz" probe=" (IN/GE/KO)" reichweite="" repraesentation="Elf" value="14" variante="" wirkungsdauer="" zauberdauer="" zauberkommentar=""/>
<zauber anmerkungen="" hauszauber="true" k="C" kosten="" leittalent="true" lernmethode="Gegenseitiges Lehren" name="Axxeleratus Blitzgeschwind" probe=" (KL/GE/KO)" reichweite="" repraesentation="Elf" value="7" variante="" wirkungsdauer="" zauberdauer="" zauberkommentar=""/>
<zauber anmerkungen="" hauszauber="true" k="C" kosten="" leittalent="true" lernmethode="Gegenseitiges Lehren" name="Balsam Salabunde" probe=" (KL/IN/CH)" reichweite="" repraesentation="Elf" value="14" variante="" wirkungsdauer="" zauberdauer="" zauberkommentar=""/>
<zauber anmerkungen="" hauszauber="true" k="B" kosten="" leittalent="true" lernmethode="Gegenseitiges Lehren" name="Blitz dich find" probe=" (KL/IN/GE)" reichweite="" repraesentation="Elf" value="14" variante="" wirkungsdauer="" zauberdauer="" zauberkommentar=""/>
<zauber anmerkungen="" hauszauber="true" k="C" kosten="" leittalent="true" lernmethode="Gegenseitiges Lehren" name="Chamaelioni Mimikry" probe=" (IN/CH/GE)" reichweite="" repraesentation="Elf" value="8" variante="" wirkungsdauer="" zauberdauer="" zauberkommentar=""/>
<zauber anmerkungen="" hauszauber="false" k="D" kosten="" lernmethode="Gegenseitiges Lehren" name="Klarum Purum" probe=" (KL/KL/CH)" reichweite="" repraesentation="Elf" value="8" variante="" wirkungsdauer="" zauberdauer="" zauberkommentar=""/>
<zauber anmerkungen="" hauszauber="false" k="C" kosten="" lernmethode="Gegenseitiges Lehren" name="Objectovoco" probe=" (KL/IN/CH)" reichweite="" repraesentation="Elf" value="7" variante="" wirkungsdauer="" zauberdauer="" zauberkommentar=""/>
<zauber anmerkungen="" hauszauber="true" k="A" kosten="" leittalent="true" lernmethode="Gegenseitiges Lehren" name="Odem Arcanum" probe=" (KL/IN/IN)" reichweite="" repraesentation="Elf" value="7" variante="" wirkungsdauer="" zauberdauer="" zauberkommentar=""/>
<zauber anmerkungen="" hauszauber="false" k="D" kosten="" leittalent="true" lernmethode="Gegenseitiges Lehren" name="Weiße Mähn und goldener Huf" probe=" (KL/IN/CH)" reichweite="" repraesentation="Elf" value="6" variante="" wirkungsdauer="" zauberdauer="" zauberkommentar=""/>
</zauberliste>
<kampf>
<kampfwerte name="Dolche">
<attacke value="8"/>
<parade value="9"/>
</kampfwerte>
<kampfwerte name="Hiebwaffen">
<attacke value="8"/>
<parade value="9"/>
</kampfwerte>
<kampfwerte name="Raufen">
<attacke value="8"/>
<parade value="9"/>
</kampfwerte>
<kampfwerte name="Ringen">
<attacke value="8"/>
<parade value="9"/>
</kampfwerte>
<kampfwerte name="Säbel">
<attacke value="8"/>
<parade value="9"/>
</kampfwerte>
<kampfwerte name="Schwerter">
<attacke value="13"/>
<parade value="11"/>
</kampfwerte>
</kampf>
<gegenstände/>
<BoniWaffenlos/>
<kommentare>
<sfInfos dauer="" kosten="" probe="" sf="" sfname="Elfenlied: Freundschaftslied" wirkung=""/>
</kommentare>
<ausrüstungen>
<heldenausruestung name="jagtwaffe" nummer="0" set="0"/>
</ausrüstungen>
<verbindungen/>
<extention/>
<geldboerse/>
<plugindata/>
</held>
<Signature xmlns="http://www.w3.org/2000/09/xmldsig#">
<SignedInfo>
<CanonicalizationMethod Algorithm="http://www.w3.org/TR/2001/REC-xml-c14n-20010315#WithComments"/>
<SignatureMethod Algorithm="http://www.w3.org/2000/09/xmldsig#dsa-sha1"/>
<Reference URI="">
<Transforms>
<Transform Algorithm="http://www.w3.org/2000/09/xmldsig#enveloped-signature"/>
</Transforms>
<DigestMethod Algorithm="http://www.w3.org/2000/09/xmldsig#sha1"/>
<DigestValue>dCSuc+DWcPb91+xIR6OWSu1MKHU=</DigestValue>
</Reference>
</SignedInfo>
<SignatureValue>bvhTLsaLu0Aww4DHW4Lg4HN48kl1+zl9/aUBmhFXRiTf+J0/jTr0ng==</SignatureValue>
<KeyInfo>
<KeyValue>
<DSAKeyValue>
<P>/KaCzo4Syrom78z3EQ5SbbB4sF7ey80etKII864WF64B81uRpH5t9jQTxeEu0ImbzRMqzVDZkVG9
xD7nN1kuFw==</P>
<Q>li7dzDacuo67Jg7mtqEm2TRuOMU=</Q>
<G>Z4Rxsnqc9E7pGknFFH2xqaryRPBaQ01khpMdLRQnG541Awtx/XPaF5Bpsy4pNWMOHCBiNU0Nogps
QW5QvnlMpA==</G>
<Y>uVrvWkzIbUdL7E80AiD0PJDX3Ck0beY5StXp1wDAA1/ePpemd6rTBNd8YoCzOovNrX016YMcTSiO
iExM4RWtJA==</Y>
</DSAKeyValue>
</KeyValue>
</KeyInfo>
</Signature>
</helden>
