<?xml version="1.0" encoding="UTF-8" standalone="no"?>
<?xml-stylesheet type="text/xsl" href="helden.xsl"?><helden Version="5.5.3">
<held key="1527380431174" name="Harkhash" stand="1527380617107">
<mods/>
<basis>
<geschlecht name="männlich"/>
<settings name="DSA4.1"/>
<rasse name="helden.model.rasse.Ork" string="Ork/Truanzhai">
<groesse gewicht="72" value="167"/>
<aussehen alter="14" augenfarbe="rot" aussehentext0="" aussehentext1="" aussehentext2="" aussehentext3="" familietext0="" familietext1="" familietext2="" familietext3="" familietext4="" familietext5="" gbjahr="1003" gbmonat="2" gbtag="17" gprest="0" gpstart="110" haarfarbe="dunkelbraun" kalender="Bosparans Fall" stand="" titel=""/>
<variante name="Truanzhai"/>
</rasse>
<kultur name="helden.model.kultur.Orkland" string="Orkland: Truanzhai, Drasdech (Handwerker)">
<variante name="Truanzhai"/>
<variante name="Drasdech (Handwerker)"/>
</kultur>
<ausbildungen>
<ausbildung art="Hauptprofession" name="helden.model.profession.Handwerker" string="Handwerker, Grobschmied" tarnidentitaet="">
<variante name="Handwerker"/>
<variante name="Grobschmied"/>
</ausbildung>
</ausbildungen>
<verify value="1"/>
<notiz notiz0="Notizen" notiz1="" notiz10="" notiz11="" notiz2="" notiz3="" notiz4="" notiz5="" notiz6="" notiz7="" notiz8="" notiz9=""/>
<portraet value=""/>
<abenteuerpunkte value="440"/>
<freieabenteuerpunkte value="0"/>
</basis>
<eigenschaften>
<eigenschaft mod="2" name="Mut" startwert="14" value="14"/>
<eigenschaft mod="-2" name="Klugheit" startwert="10" value="10"/>
<eigenschaft mod="0" name="Intuition" startwert="14" value="14"/>
<eigenschaft mod="-2" name="Charisma" startwert="8" value="8"/>
<eigenschaft mod="0" name="Fingerfertigkeit" startwert="12" value="12"/>
<eigenschaft mod="0" name="Gewandtheit" startwert="14" value="14"/>
<eigenschaft mod="2" name="Konstitution" startwert="14" value="14"/>
<eigenschaft mod="2" name="Körperkraft" startwert="14" value="14"/>
<eigenschaft mod="0" name="Sozialstatus" startwert="5" value="5"/>
<eigenschaft mod="13" name="Lebensenergie" value="0"/>
<eigenschaft mod="20" name="Ausdauer" value="0"/>
<eigenschaft grossemeditation="0" mod="0" mrmod="-7" name="Astralenergie" value="0"/>
<eigenschaft karmalqueste="0" mod="0" name="Karmaenergie" value="0"/>
<eigenschaft mod="-7" name="Magieresistenz" value="0"/>
<eigenschaft mod="0" name="ini" value="12"/>
<eigenschaft mod="0" name="at" value="9"/>
<eigenschaft mod="0" name="pa" value="9"/>
<eigenschaft mod="0" name="fk" value="8"/>
</eigenschaften>
<vt>
<vorteil name="Dämmerungssicht"/>
<vorteil name="Kälteresistenz"/>
<vorteil name="Natürlicher Rüstungsschutz" value="1"/>
<vorteil name="Natürliche Waffen" value="Biss (1W6+1)"/>
<vorteil name="Richtungssinn"/>
<vorteil name="Zäher Hund"/>
<vorteil name="Aberglaube" value="5"/>
<vorteil name="Impulsiv"/>
<vorteil name="Jähzorn" value="6"/>
<vorteil name="Rachsucht" value="6"/>
<vorteil name="Randgruppe"/>
<vorteil name="Raubtiergeruch"/>
</vt>
<sf>
<sonderfertigkeit name="Biss"/>
<sonderfertigkeit name="Gebirgskundig"/>
<sonderfertigkeit name="Kulturkunde">
<kultur name="Orks"/>
</sonderfertigkeit>
<sonderfertigkeit name="Meister der Improvisation"/>
<sonderfertigkeit name="Ortskenntnis">
<auswahl name="Stadtviertel oder Ort"/>
</sonderfertigkeit>
<sonderfertigkeit name="Steppenkundig"/>
<sonderfertigkeit name="Talentspezialisierung Grobschmied (Waffenschmied)">
<talent name="Grobschmied"/>
<spezialisierung name="Waffenschmied"/>
</sonderfertigkeit>
</sf>
<ereignisse>
<ereignis obj="max GP für Helden: 110" text="EINSTELLUNG" time="1527380434984" version="HS 5.5.3"/>
<ereignis obj="max Eigenschafts-GP für Helden: 100" text="EINSTELLUNG" time="1527380434984" version="HS 5.5.3"/>
<ereignis obj="max Eigenschafts-Wert für Helden: 14" text="EINSTELLUNG" time="1527380434984" version="HS 5.5.3"/>
<ereignis Alt="0" Neu="0" kommentar="12 GP" obj="Rasse: Ork/Truanzhai" text="RKP" time="1527380434984" version="HS 5.5.3"/>
<ereignis Alt="0" Neu="0" kommentar="8 GP" obj="Kultur: Orkland: Truanzhai, Drasdech (Handwerker)" text="RKP" time="1527380434984" version="HS 5.5.3"/>
<ereignis Alt="0" Neu="0" kommentar="1 GP" obj="Profession: Handwerker, Grobschmied" text="RKP" time="1527380434984" version="HS 5.5.3"/>
<ereignis Alt="0" Neu="16" kommentar="14 GP" obj="Mut: 16" text="EIGENSCHAFTEN" time="1527380434984" version="HS 5.5.3"/>
<ereignis Alt="0" Neu="8" kommentar="10 GP" obj="Klugheit: 8" text="EIGENSCHAFTEN" time="1527380434984" version="HS 5.5.3"/>
<ereignis Alt="0" Neu="14" kommentar="14 GP" obj="Intuition: 14" text="EIGENSCHAFTEN" time="1527380434984" version="HS 5.5.3"/>
<ereignis Alt="0" Neu="6" kommentar="8 GP" obj="Charisma: 6" text="EIGENSCHAFTEN" time="1527380434984" version="HS 5.5.3"/>
<ereignis Alt="0" Neu="12" kommentar="12 GP" obj="Fingerfertigkeit: 12" text="EIGENSCHAFTEN" time="1527380434984" version="HS 5.5.3"/>
<ereignis Alt="0" Neu="14" kommentar="14 GP" obj="Gewandtheit: 14" text="EIGENSCHAFTEN" time="1527380434984" version="HS 5.5.3"/>
<ereignis Alt="0" Neu="16" kommentar="14 GP" obj="Konstitution: 16" text="EIGENSCHAFTEN" time="1527380434984" version="HS 5.5.3"/>
<ereignis Alt="0" Neu="16" kommentar="14 GP" obj="Körperkraft: 16" text="EIGENSCHAFTEN" time="1527380434984" version="HS 5.5.3"/>
<ereignis Alt="0" Neu="5" kommentar="0 GP" obj="Sozialstatus: 5" text="EIGENSCHAFTEN" time="1527380434984" version="HS 5.5.3"/>
<ereignis Alt="0" Neu="3" kommentar="9 AP" obj="Armbrust: 3" text="TALENT" time="1527380434984" version="HS 5.5.3"/>
<ereignis Alt="0" Neu="4" kommentar="13 AP" obj="Armbrust: 4" text="TALENT" time="1527380434984" version="HS 5.5.3"/>
<ereignis Alt="0" Neu="5" kommentar="17 AP" obj="Armbrust: 5" text="TALENT" time="1527380434984" version="HS 5.5.3"/>
<ereignis Alt="0" Neu="6" kommentar="21 AP" obj="Armbrust: 6" text="TALENT" time="1527380434984" version="HS 5.5.3"/>
<ereignis Alt="0" Neu="3" kommentar="12 AP" obj="Zweihandhiebwaffen: 3" text="TALENT" time="1527380434984" version="HS 5.5.3"/>
<ereignis Alt="0" Neu="4" kommentar="17 AP" obj="Zweihandhiebwaffen: 4" text="TALENT" time="1527380434984" version="HS 5.5.3"/>
<ereignis Alt="0" Neu="5" kommentar="22 AP" obj="Zweihandhiebwaffen: 5" text="TALENT" time="1527380434984" version="HS 5.5.3"/>
<ereignis Alt="0" Neu="6" kommentar="27 AP" obj="Zweihandhiebwaffen: 6" text="TALENT" time="1527380434984" version="HS 5.5.3"/>
<ereignis Alt="0" Neu="7" kommentar="33 AP" obj="Zweihandhiebwaffen: 7" text="TALENT" time="1527380434984" version="HS 5.5.3"/>
<ereignis Alt="0" Neu="8" kommentar="39 AP" obj="Zweihandhiebwaffen: 8" text="TALENT" time="1527380434984" version="HS 5.5.3"/>
<ereignis Alt="0" Neu="2" kommentar="7 AP" obj="Athletik: 2" text="TALENT" time="1527380434984" version="HS 5.5.3"/>
<ereignis Alt="0" Neu="3" kommentar="12 AP" obj="Athletik: 3" text="TALENT" time="1527380434984" version="HS 5.5.3"/>
<ereignis Alt="0" Neu="2" kommentar="7 AP" obj="Klettern: 2" text="TALENT" time="1527380434984" version="HS 5.5.3"/>
<ereignis Alt="0" Neu="3" kommentar="12 AP" obj="Klettern: 3" text="TALENT" time="1527380434984" version="HS 5.5.3"/>
<ereignis Alt="0" Neu="0" kommentar="2 AP" obj="Fesseln/Entfesseln: 0" text="TALENT" time="1527380434984" version="HS 5.5.3"/>
<ereignis Alt="0" Neu="1" kommentar="2 AP" obj="Fesseln/Entfesseln: 1" text="TALENT" time="1527380434984" version="HS 5.5.3"/>
<ereignis Alt="0" Neu="2" kommentar="4 AP" obj="Fesseln/Entfesseln: 2" text="TALENT" time="1527380434984" version="HS 5.5.3"/>
<ereignis Alt="0" Neu="3" kommentar="6 AP" obj="Fesseln/Entfesseln: 3" text="TALENT" time="1527380434984" version="HS 5.5.3"/>
<ereignis Alt="0" Neu="4" kommentar="8 AP" obj="Fesseln/Entfesseln: 4" text="TALENT" time="1527380434984" version="HS 5.5.3"/>
<ereignis Alt="0" Neu="0" kommentar="2 AP" obj="Mechanik: 0" text="TALENT" time="1527380434984" version="HS 5.5.3"/>
<ereignis Alt="0" Neu="1" kommentar="2 AP" obj="Mechanik: 1" text="TALENT" time="1527380434984" version="HS 5.5.3"/>
<ereignis Alt="0" Neu="2" kommentar="4 AP" obj="Mechanik: 2" text="TALENT" time="1527380434984" version="HS 5.5.3"/>
<ereignis Alt="0" Neu="3" kommentar="6 AP" obj="Mechanik: 3" text="TALENT" time="1527380434984" version="HS 5.5.3"/>
<ereignis Alt="0" Neu="4" kommentar="8 AP" obj="Mechanik: 4" text="TALENT" time="1527380434984" version="HS 5.5.3"/>
<ereignis Alt="0" Neu="3" kommentar="6 AP" obj="Rechnen: 3" text="TALENT" time="1527380434984" version="HS 5.5.3"/>
<ereignis Alt="0" Neu="4" kommentar="8 AP" obj="Rechnen: 4" text="TALENT" time="1527380434984" version="HS 5.5.3"/>
<ereignis Alt="0" Neu="0" kommentar="1 AP" obj="Sprachen kennen Garethi: 0" text="TALENT" time="1527380434984" version="HS 5.5.3"/>
<ereignis Alt="0" Neu="1" kommentar="1 AP" obj="Sprachen kennen Garethi: 1" text="TALENT" time="1527380434984" version="HS 5.5.3"/>
<ereignis Alt="0" Neu="2" kommentar="2 AP" obj="Sprachen kennen Garethi: 2" text="TALENT" time="1527380434984" version="HS 5.5.3"/>
<ereignis Alt="0" Neu="3" kommentar="3 AP" obj="Sprachen kennen Garethi: 3" text="TALENT" time="1527380434984" version="HS 5.5.3"/>
<ereignis Alt="0" Neu="4" kommentar="4 AP" obj="Sprachen kennen Garethi: 4" text="TALENT" time="1527380434984" version="HS 5.5.3"/>
<ereignis Alt="0" Neu="3" kommentar="3 AP" obj="Sprachen kennen Thorwalsch: 3" text="TALENT" time="1527380434984" version="HS 5.5.3"/>
<ereignis Alt="0" Neu="4" kommentar="4 AP" obj="Sprachen kennen Thorwalsch: 4" text="TALENT" time="1527380434984" version="HS 5.5.3"/>
<ereignis Alt="0" Neu="5" kommentar="6 AP" obj="Sprachen kennen Thorwalsch: 5" text="TALENT" time="1527380434984" version="HS 5.5.3"/>
<ereignis Alt="0" Neu="6" kommentar="7 AP" obj="Sprachen kennen Thorwalsch: 6" text="TALENT" time="1527380434984" version="HS 5.5.3"/>
<ereignis Alt="0" Neu="7" kommentar="8 AP" obj="Sprachen kennen Thorwalsch: 7" text="TALENT" time="1527380434984" version="HS 5.5.3"/>
<ereignis Alt="0" Neu="8" kommentar="10 AP" obj="Sprachen kennen Thorwalsch: 8" text="TALENT" time="1527380434984" version="HS 5.5.3"/>
<ereignis Alt="0" Neu="2" kommentar="4 AP" obj="Fahrzeug lenken: 2" text="TALENT" time="1527380434984" version="HS 5.5.3"/>
<ereignis Alt="0" Neu="3" kommentar="6 AP" obj="Fahrzeug lenken: 3" text="TALENT" time="1527380434984" version="HS 5.5.3"/>
<ereignis Alt="0" Neu="4" kommentar="8 AP" obj="Fahrzeug lenken: 4" text="TALENT" time="1527380434984" version="HS 5.5.3"/>
<ereignis Alt="0" Neu="3" kommentar="6 AP" obj="Fleischer: 3" text="TALENT" time="1527380434984" version="HS 5.5.3"/>
<ereignis Alt="0" Neu="4" kommentar="8 AP" obj="Fleischer: 4" text="TALENT" time="1527380434984" version="HS 5.5.3"/>
<ereignis Alt="0" Neu="3" kommentar="6 AP" obj="Gerber/Kürschner: 3" text="TALENT" time="1527380434984" version="HS 5.5.3"/>
<ereignis Alt="0" Neu="4" kommentar="8 AP" obj="Gerber/Kürschner: 4" text="TALENT" time="1527380434984" version="HS 5.5.3"/>
<ereignis Alt="0" Neu="3" kommentar="6 AP" obj="Heilkunde: Wunden: 3" text="TALENT" time="1527380434984" version="HS 5.5.3"/>
<ereignis Alt="0" Neu="4" kommentar="8 AP" obj="Heilkunde: Wunden: 4" text="TALENT" time="1527380434984" version="HS 5.5.3"/>
<ereignis Alt="0" Neu="5" kommentar="11 AP" obj="Heilkunde: Wunden: 5" text="TALENT" time="1527380434984" version="HS 5.5.3"/>
<ereignis Alt="0" Neu="6" kommentar="14 AP" obj="Heilkunde: Wunden: 6" text="TALENT" time="1527380434984" version="HS 5.5.3"/>
<ereignis Alt="0" Neu="0" kommentar="0 GP" obj="Aberglaube: 5" text="VORTEILE" time="1527380434984" version="HS 5.5.3"/>
<ereignis Alt="0" Neu="0" kommentar="0 GP" obj="Dämmerungssicht" text="VORTEILE" time="1527380434984" version="HS 5.5.3"/>
<ereignis Alt="0" Neu="0" kommentar="-5 GP" obj="Impulsiv" text="VORTEILE" time="1527380434984" version="HS 5.5.3"/>
<ereignis Alt="0" Neu="0" kommentar="0 GP" obj="Jähzorn: 6" text="VORTEILE" time="1527380434984" version="HS 5.5.3"/>
<ereignis Alt="0" Neu="0" kommentar="0 GP" obj="Kälteresistenz" text="VORTEILE" time="1527380434984" version="HS 5.5.3"/>
<ereignis Alt="0" Neu="0" kommentar="0 GP" obj="Natürlicher Rüstungsschutz: 1" text="VORTEILE" time="1527380434984" version="HS 5.5.3"/>
<ereignis Alt="0" Neu="0" kommentar="0 GP" obj="Natürliche Waffen: Biss (1W6+1)" text="VORTEILE" time="1527380434984" version="HS 5.5.3"/>
<ereignis Alt="0" Neu="0" kommentar="-6 GP" obj="Rachsucht: 6" text="VORTEILE" time="1527380434984" version="HS 5.5.3"/>
<ereignis Alt="0" Neu="0" kommentar="0 GP" obj="Randgruppe" text="VORTEILE" time="1527380434984" version="HS 5.5.3"/>
<ereignis Alt="0" Neu="0" kommentar="0 GP" obj="Raubtiergeruch" text="VORTEILE" time="1527380434984" version="HS 5.5.3"/>
<ereignis Alt="0" Neu="0" kommentar="0 GP" obj="Richtungssinn" text="VORTEILE" time="1527380434984" version="HS 5.5.3"/>
<ereignis Alt="0" Neu="0" kommentar="0 GP" obj="Zäher Hund" text="VORTEILE" time="1527380434984" version="HS 5.5.3"/>
<ereignis obj="Auswahl" text="Talentspezialisierung Grobschmied (Waffenschmied)" time="1527380434984" version="HS 5.5.3"/>
<ereignis Neu="2" obj="Auswahl" text="Hiebwaffen" time="1527380434984" version="HS 5.5.3"/>
<ereignis Neu="1" obj="Auswahl" text="Säbel" time="1527380434984" version="HS 5.5.3"/>
<ereignis Neu="2" obj="Auswahl" text="Sprachen kennen Thorwalsch" time="1527380434984" version="HS 5.5.3"/>
<ereignis Neu="2" obj="Auswahl" text="Grobschmied" time="1527380434984" version="HS 5.5.3"/>
<ereignis Neu="2" obj="Auswahl" text="Armbrust" time="1527380434984" version="HS 5.5.3"/>
<ereignis Neu="2" obj="Auswahl" text="Zweihandhiebwaffen" time="1527380434984" version="HS 5.5.3"/>
<ereignis Neu="2" obj="Auswahl" text="Bogenbau" time="1527380434984" version="HS 5.5.3"/>
<ereignis Neu="2" obj="Auswahl" text="Boote fahren" time="1527380434984" version="HS 5.5.3"/>
<ereignis Neu="2" obj="Auswahl" text="Fleischer" time="1527380434984" version="HS 5.5.3"/>
<ereignis Neu="2" obj="Auswahl" text="Gerber/Kürschner" time="1527380434984" version="HS 5.5.3"/>
<ereignis Neu="4" obj="Auswahl" text="Holzbearbeitung" time="1527380434984" version="HS 5.5.3"/>
<ereignis Neu="4" obj="Auswahl" text="Lederarbeiten" time="1527380434984" version="HS 5.5.3"/>
<ereignis Neu="1" obj="Auswahl" text="Fahrzeug lenken" time="1527380434984" version="HS 5.5.3"/>
<ereignis Neu="2" obj="Auswahl" text="Handel" time="1527380434984" version="HS 5.5.3"/>
</ereignisse>
<talentliste>
<talent lernmethode="Gegenseitiges Lehren" name="Armbrust" probe=" (GE/FF/KK)" value="6"/>
<talent lernmethode="Gegenseitiges Lehren" name="Bogen" probe=" (GE/FF/KK)" value="1"/>
<talent lernmethode="Gegenseitiges Lehren" name="Dolche" probe=" (GE/GE/KK)" value="1"/>
<talent lernmethode="Gegenseitiges Lehren" name="Hiebwaffen" probe=" (GE/GE/KK)" value="4"/>
<talent lernmethode="Gegenseitiges Lehren" name="Raufen" probe=" (GE/GE/KK)" value="5"/>
<talent lernmethode="Gegenseitiges Lehren" name="Ringen" probe=" (GE/GE/KK)" value="5"/>
<talent lernmethode="Gegenseitiges Lehren" name="Säbel" probe=" (GE/GE/KK)" value="1"/>
<talent lernmethode="Gegenseitiges Lehren" name="Wurfmesser" probe=" (GE/FF/KK)" value="0"/>
<talent lernmethode="Gegenseitiges Lehren" name="Zweihandhiebwaffen" probe=" (GE/GE/KK)" value="8"/>
<talent be="BEx2" lernmethode="Gegenseitiges Lehren" name="Athletik" probe=" (GE/KO/KK)" value="3"/>
<talent be="BEx2" lernmethode="Gegenseitiges Lehren" name="Klettern" probe=" (MU/GE/KK)" value="3"/>
<talent be="BEx2" lernmethode="Gegenseitiges Lehren" name="Körperbeherrschung" probe=" (MU/IN/GE)" value="4"/>
<talent be="BE" lernmethode="Gegenseitiges Lehren" name="Schleichen" probe=" (MU/IN/GE)" value="2"/>
<talent be="BEx2" lernmethode="Gegenseitiges Lehren" name="Schwimmen" probe=" (GE/KO/KK)" value="0"/>
<talent be="" lernmethode="Gegenseitiges Lehren" name="Selbstbeherrschung" probe=" (MU/KO/KK)" value="3"/>
<talent be="BE-2" lernmethode="Gegenseitiges Lehren" name="Sich verstecken" probe=" (MU/IN/GE)" value="0"/>
<talent be="BE-3" lernmethode="Gegenseitiges Lehren" name="Singen" probe=" (IN/CH/CH)" value="-2"/>
<talent be="0-&gt;BE" lernmethode="Gegenseitiges Lehren" name="Sinnenschärfe" probe=" (KL/IN/IN)" value="4"/>
<talent be="BEx2" lernmethode="Gegenseitiges Lehren" name="Tanzen" probe=" (CH/GE/GE)" value="1"/>
<talent be="" lernmethode="Gegenseitiges Lehren" name="Zechen" probe=" (IN/KO/KK)" value="1"/>
<talent lernmethode="Gegenseitiges Lehren" name="Etikette" probe=" (KL/IN/CH)" value="1"/>
<talent lernmethode="Gegenseitiges Lehren" name="Gassenwissen" probe=" (KL/IN/CH)" value="1"/>
<talent lernmethode="Gegenseitiges Lehren" name="Lehren" probe=" (KL/IN/CH)" value="2"/>
<talent lernmethode="Gegenseitiges Lehren" name="Menschenkenntnis" probe=" (KL/IN/CH)" value="3"/>
<talent lernmethode="Gegenseitiges Lehren" name="Überreden" probe=" (MU/IN/CH)" value="4"/>
<talent lernmethode="Gegenseitiges Lehren" name="Fährtensuchen" probe=" (KL/IN/KO)" value="1"/>
<talent lernmethode="Gegenseitiges Lehren" name="Fesseln/Entfesseln" probe=" (FF/GE/KK)" value="4"/>
<talent lernmethode="Gegenseitiges Lehren" name="Orientierung" probe=" (KL/IN/IN)" value="5"/>
<talent lernmethode="Gegenseitiges Lehren" name="Wildnisleben" probe=" (IN/GE/KO)" value="3"/>
<talent lernmethode="Gegenseitiges Lehren" name="Götter und Kulte" probe=" (KL/KL/IN)" value="2"/>
<talent lernmethode="Gegenseitiges Lehren" name="Mechanik" probe=" (KL/KL/FF)" value="4"/>
<talent lernmethode="Gegenseitiges Lehren" name="Pflanzenkunde" probe=" (KL/IN/FF)" value="1"/>
<talent lernmethode="Gegenseitiges Lehren" name="Rechnen" probe=" (KL/KL/IN)" value="4"/>
<talent lernmethode="Gegenseitiges Lehren" name="Rechtskunde" probe=" (KL/KL/IN)" value="1"/>
<talent lernmethode="Gegenseitiges Lehren" name="Sagen und Legenden" probe=" (KL/IN/CH)" value="2"/>
<talent lernmethode="Gegenseitiges Lehren" name="Schätzen" probe=" (KL/IN/IN)" value="2"/>
<talent lernmethode="Gegenseitiges Lehren" name="Tierkunde" probe=" (MU/KL/IN)" value="2"/>
<talent k="18" lernmethode="Gegenseitiges Lehren" name="Sprachen kennen Garethi" probe=" (KL/IN/CH)" value="4"/>
<talent k="15" lernmethode="Gegenseitiges Lehren" name="Sprachen kennen Ologhaijan" probe=" (KL/IN/CH)" value="6"/>
<talent k="18" lernmethode="Gegenseitiges Lehren" name="Sprachen kennen Thorwalsch" probe=" (KL/IN/CH)" value="8"/>
<talent lernmethode="Gegenseitiges Lehren" name="Bogenbau" probe=" (KL/IN/FF)" value="2"/>
<talent lernmethode="Gegenseitiges Lehren" name="Boote fahren" probe=" (GE/KO/KK)" value="2"/>
<talent lernmethode="Gegenseitiges Lehren" name="Fahrzeug lenken" probe=" (IN/CH/FF)" value="4"/>
<talent lernmethode="Gegenseitiges Lehren" name="Feuersteinbearbeitung" probe=" (KL/FF/FF)" value="1"/>
<talent lernmethode="Gegenseitiges Lehren" name="Fleischer" probe=" (KL/FF/KK)" value="4"/>
<talent lernmethode="Gegenseitiges Lehren" name="Gerber/Kürschner" probe=" (KL/FF/KO)" value="4"/>
<talent lernmethode="Gegenseitiges Lehren" name="Grobschmied" probe=" (FF/KO/KK)" value="9"/>
<talent lernmethode="Gegenseitiges Lehren" name="Handel" probe=" (KL/IN/CH)" value="2"/>
<talent lernmethode="Gegenseitiges Lehren" name="Heilkunde: Wunden" probe=" (KL/CH/FF)" value="6"/>
<talent lernmethode="Gegenseitiges Lehren" name="Holzbearbeitung" probe=" (KL/FF/KK)" value="5"/>
<talent lernmethode="Gegenseitiges Lehren" name="Kochen" probe=" (KL/IN/FF)" value="0"/>
<talent lernmethode="Gegenseitiges Lehren" name="Lederarbeiten" probe=" (KL/FF/FF)" value="7"/>
<talent lernmethode="Gegenseitiges Lehren" name="Malen/Zeichnen" probe=" (KL/IN/FF)" value="1"/>
<talent lernmethode="Gegenseitiges Lehren" name="Schneidern" probe=" (KL/FF/FF)" value="0"/>
<talent lernmethode="Gegenseitiges Lehren" name="Viehzucht" probe=" (KL/IN/KK)" value="1"/>
</talentliste>
<zauberliste/>
<kampf>
<kampfwerte name="Dolche">
<attacke value="10"/>
<parade value="9"/>
</kampfwerte>
<kampfwerte name="Hiebwaffen">
<attacke value="13"/>
<parade value="9"/>
</kampfwerte>
<kampfwerte name="Raufen">
<attacke value="14"/>
<parade value="9"/>
</kampfwerte>
<kampfwerte name="Ringen">
<attacke value="14"/>
<parade value="9"/>
</kampfwerte>
<kampfwerte name="Säbel">
<attacke value="10"/>
<parade value="9"/>
</kampfwerte>
<kampfwerte name="Zweihandhiebwaffen">
<attacke value="14"/>
<parade value="12"/>
</kampfwerte>
</kampf>
<gegenstände>
<gegenstand anzahl="1" name="Vorschlaghammer" slot="0">
<modallgemein>
<gewicht value="250.0"/>
<preis value="300"/>
<name value="Vorschlaghammer"/>
</modallgemein>
<Nahkampfwaffe variante="0">
<trefferpunkte mul="1" sum="5" w="6"/>
<laenge laenge="90"/>
</Nahkampfwaffe>
</gegenstand>
</gegenstände>
<BoniWaffenlos/>
<kommentare/>
<ausrüstungen>
<heldenausruestung bezeichner="" bfakt="5" bfmin="5" hand="rechts" name="nkwaffe1" schild="0" set="0" slot="0" talent="Zweihandhiebwaffen" waffenname="Vorschlaghammer"/>
<heldenausruestung name="jagtwaffe" nummer="0" set="0"/>
</ausrüstungen>
<verbindungen/>
<extention/>
<geldboerse/>
<plugindata/>
</held>
<Signature xmlns="http://www.w3.org/2000/09/xmldsig#">
<SignedInfo>
<CanonicalizationMethod Algorithm="http://www.w3.org/TR/2001/REC-xml-c14n-20010315#WithComments"/>
<SignatureMethod Algorithm="http://www.w3.org/2000/09/xmldsig#dsa-sha1"/>
<Reference URI="">
<Transforms>
<Transform Algorithm="http://www.w3.org/2000/09/xmldsig#enveloped-signature"/>
</Transforms>
<DigestMethod Algorithm="http://www.w3.org/2000/09/xmldsig#sha1"/>
<DigestValue>/hJTe82XcDV8zo/ni0yA8BXc4+g=</DigestValue>
</Reference>
</SignedInfo>
<SignatureValue>ZR7NVqR1cI7oVaNDJBJ0dvmPX9hhPYh0BYI0gScFEN+VLqnGlT6tDg==</SignatureValue>
<KeyInfo>
<KeyValue>
<DSAKeyValue>
<P>/KaCzo4Syrom78z3EQ5SbbB4sF7ey80etKII864WF64B81uRpH5t9jQTxeEu0ImbzRMqzVDZkVG9
xD7nN1kuFw==</P>
<Q>li7dzDacuo67Jg7mtqEm2TRuOMU=</Q>
<G>Z4Rxsnqc9E7pGknFFH2xqaryRPBaQ01khpMdLRQnG541Awtx/XPaF5Bpsy4pNWMOHCBiNU0Nogps
QW5QvnlMpA==</G>
<Y>uVrvWkzIbUdL7E80AiD0PJDX3Ck0beY5StXp1wDAA1/ePpemd6rTBNd8YoCzOovNrX016YMcTSiO
iExM4RWtJA==</Y>
</DSAKeyValue>
</KeyValue>
</KeyInfo>
</Signature>
</helden>
