<?xml version="1.0" encoding="UTF-8" standalone="yes"?><daten><config><rsmodell>zone</rsmodell><datum>13.06.2018</datum><uhrzeit>20:17</uhrzeit><geldkreise>false</geldkreise><metatalente>false</metatalente><zauberquellen>true</zauberquellen><namenaufseiten>false</namenaufseiten></config><angaben><augenfarbe>dunkelbraun</augenfarbe><geburtstag>24. Firun 1003 BF</geburtstag><alter>20</alter><geschlecht>männlich</geschlecht><groesse>208</groesse><gewicht>113</gewicht><haarfarbe>dunkelblond</haarfarbe><stand></stand><titel></titel><name>Ragnar Rökkarson</name><bildPfad></bildPfad><aussehen><a0></a0><a1></a1><a2></a2><a3></a3><text></text></aussehen><familie><f0></f0><f1></f1><f2></f2><f3></f3><f4></f4><f5></f5><text></text></familie><notizen><n0>Notizen</n0><n1></n1><n2></n2><n3></n3><n4></n4><n5></n5><n6></n6><n7></n7><n8></n8><n9></n9><n10></n10><n11></n11><text>Notizen</text></notizen><profession><text>Soldat/Seesoldat</text><textkurz>Soldat/Seesoldat</textkurz></profession><ap><gesamt>2547</gesamt><frei>427</frei><genutzt>2120</genutzt></ap><gp><start>110</start><rest>0</rest></gp><stufe40><akt>7</akt><max>7</max><lang>7 [7]</lang></stufe40><stufe41><akt>2</akt><max>2</max><lang>2 [2]</lang></stufe41><gilde></gilde><magisch>false</magisch><geweiht>false</geweiht><rasse>Thorwaler</rasse><kultur>Thorwal</kultur><aspregeneration></aspregeneration><leregeneration>1W6</leregeneration><heldenversion>50504</heldenversion><wundschwelle>8</wundschwelle></angaben><eigenschaften><geschwindigkeit><akt>8</akt><start>8</start><modi>0</modi><name>Geschwindigkeit</name><bereich>sonst</bereich></geschwindigkeit><mut><akt>14</akt><start>13</start><modi>1</modi><name>Mut</name><bereich>guteeigenschaft</bereich></mut><klugheit><akt>12</akt><start>12</start><modi>0</modi><name>Klugheit</name><bereich>guteeigenschaft</bereich></klugheit><intuition><akt>14</akt><start>14</start><modi>0</modi><name>Intuition</name><bereich>guteeigenschaft</bereich></intuition><charisma><akt>11</akt><start>11</start><modi>0</modi><name>Charisma</name><bereich>guteeigenschaft</bereich></charisma><fingerfertigkeit><akt>9</akt><start>9</start><modi>0</modi><name>Fingerfertigkeit</name><bereich>guteeigenschaft</bereich></fingerfertigkeit><gewandtheit><akt>12</akt><start>12</start><modi>0</modi><name>Gewandtheit</name><bereich>guteeigenschaft</bereich></gewandtheit><konstitution><akt>15</akt><start>14</start><modi>1</modi><name>Konstitution</name><bereich>guteeigenschaft</bereich></konstitution><koerperkraft><akt>16</akt><start>14</start><modi>1</modi><name>Körperkraft</name><bereich>guteeigenschaft</bereich></koerperkraft><sozialstatus><akt>5</akt><start>3</start><modi>0</modi><name>Sozialstatus</name><bereich>guteeigenschaft</bereich></sozialstatus><astralenergie><akt>0</akt><start>0</start><modi>0</modi><name>Astralenergie</name><bereich>sonst</bereich><kaufbar>0</kaufbar><gekauft>0</gekauft></astralenergie><attacke><akt>8</akt><start>8</start><modi>0</modi><name>Attacke</name><bereich>sonst</bereich></attacke><ausdauer><akt>35</akt><start>20</start><modi>14</modi><name>Ausdauer</name><bereich>sonst</bereich><kaufbar>15</kaufbar><gekauft>0</gekauft><akt50>18</akt50><akt33>12</akt33><akt25>9</akt25></ausdauer><fernkampf-basis><akt>8</akt><start>7</start><modi>0</modi><name>Fernkampf-Basis</name><bereich>sonst</bereich></fernkampf-basis><initiative><akt>11</akt><start>10</start><modi>0</modi><name>Initiative</name><bereich>sonst</bereich></initiative><karmaenergie><akt>0</akt><start>0</start><modi>0</modi><name>Karmaenergie</name><bereich>sonst</bereich><kaufbar>14</kaufbar><gekauft>0</gekauft></karmaenergie><lebensenergie><akt>34</akt><start>21</start><modi>11</modi><name>Lebensenergie</name><bereich>sonst</bereich><kaufbar>8</kaufbar><gekauft>0</gekauft><akt50>17</akt50><akt33>11</akt33><akt25>9</akt25></lebensenergie><magieresistenz><akt>3</akt><start>8</start><modi>-5</modi><name>Magieresistenz</name><bereich>sonst</bereich><kaufbar>7</kaufbar><gekauft>0</gekauft></magieresistenz><parade><akt>8</akt><start>8</start><modi>0</modi><name>Parade</name><bereich>sonst</bereich></parade></eigenschaften><münzen><münze><name>Dukat</name><anzahl>6</anzahl><namekurz>D</namekurz><waehrung>Mittelreich</waehrung><gewicht>25.0</gewicht><wertinsilberstuecken>10.0</wertinsilberstuecken><gesamtwertinsilberstuecken>60.0</gesamtwertinsilberstuecken></münze><münze><name>Kreuzer</name><anzahl>8</anzahl><namekurz>K</namekurz><waehrung>Mittelreich</waehrung><gewicht>5.0</gewicht><wertinsilberstuecken>0.01</wertinsilberstuecken><gesamtwertinsilberstuecken>0.08</gesamtwertinsilberstuecken></münze><münze><name>Silbertaler</name><anzahl>6</anzahl><namekurz>S</namekurz><waehrung>Mittelreich</waehrung><gewicht>5.0</gewicht><wertinsilberstuecken>1.0</wertinsilberstuecken><gesamtwertinsilberstuecken>6.0</gesamtwertinsilberstuecken></münze></münzen><vorteile><vorteil><bezeichner>Begabung für [Talent]</bezeichner><name>Begabung für [Talent] Zweihandhiebwaffen</name><kommentar></kommentar><namemitkommentar>Begabung für [Talent] Zweihandhiebwaffen</namemitkommentar><istvorteil>true</istvorteil><istnachteil>false</istnachteil><bereich>Sonst</bereich><bereich>BEGABUNGTALENT</bereich><auswahlen><auswahl>
</auswahl></auswahlen></vorteil><vorteil><bezeichner>Kälteresistenz</bezeichner><name>Kälteresistenz</name><kommentar></kommentar><namemitkommentar>Kälteresistenz</namemitkommentar><istvorteil>true</istvorteil><istnachteil>false</istnachteil><bereich>Sonst</bereich></vorteil><vorteil><bezeichner>Aberglaube</bezeichner><name>Aberglaube: 6</name><kommentar></kommentar><namemitkommentar>Aberglaube: 6</namemitkommentar><istvorteil>false</istvorteil><istnachteil>true</istnachteil><istschlechteeigenschaft>true</istschlechteeigenschaft><wert>6</wert><bereich>Sonst</bereich></vorteil><vorteil><bezeichner>Angst vor Spinnen</bezeichner><name>Angst vor Spinnen: 9</name><kommentar></kommentar><namemitkommentar>Angst vor Spinnen: 9</namemitkommentar><istvorteil>false</istvorteil><istnachteil>true</istnachteil><istschlechteeigenschaft>true</istschlechteeigenschaft><wert>9</wert><bereich>Sonst</bereich></vorteil><vorteil><bezeichner>Impulsiv</bezeichner><name>Impulsiv</name><kommentar></kommentar><namemitkommentar>Impulsiv</namemitkommentar><istvorteil>false</istvorteil><istnachteil>true</istnachteil><bereich>Sonst</bereich></vorteil><vorteil><bezeichner>Jähzorn</bezeichner><name>Jähzorn: 8</name><kommentar></kommentar><namemitkommentar>Jähzorn: 8</namemitkommentar><istvorteil>false</istvorteil><istnachteil>true</istnachteil><istschlechteeigenschaft>true</istschlechteeigenschaft><wert>8</wert><bereich>Sonst</bereich></vorteil></vorteile><sonderfertigkeiten><sonderfertigkeit><nameausfuehrlich>Auspendeln</nameausfuehrlich><name>Auspendeln</name><bezeichner>Auspendeln</bezeichner><wirkung></wirkung><dauer></dauer><kosten></kosten><probe></probe><kommentar></kommentar><namemitkommentar>Auspendeln</namemitkommentar><bereich>Manöver</bereich><bereich>Kampf</bereich></sonderfertigkeit><sonderfertigkeit><nameausfuehrlich>Block</nameausfuehrlich><name>Block</name><bezeichner>Block</bezeichner><wirkung></wirkung><dauer></dauer><kosten></kosten><probe></probe><kommentar></kommentar><namemitkommentar>Block</namemitkommentar><bereich>Manöver</bereich><bereich>Kampf</bereich></sonderfertigkeit><sonderfertigkeit><nameausfuehrlich>Doppelschlag</nameausfuehrlich><name>Doppelschlag</name><bezeichner>Doppelschlag</bezeichner><wirkung></wirkung><dauer></dauer><kosten></kosten><probe></probe><kommentar></kommentar><namemitkommentar>Doppelschlag</namemitkommentar><bereich>Manöver</bereich><bereich>Kampf</bereich></sonderfertigkeit><sonderfertigkeit><nameausfuehrlich>Eisenarm</nameausfuehrlich><name>Eisenarm</name><bezeichner>Eisenarm</bezeichner><wirkung></wirkung><dauer></dauer><kosten></kosten><probe></probe><kommentar></kommentar><namemitkommentar>Eisenarm</namemitkommentar><bereich>Manöver</bereich><bereich>Kampf</bereich></sonderfertigkeit><sonderfertigkeit><nameausfuehrlich>Gerade</nameausfuehrlich><name>Gerade</name><bezeichner>Gerade</bezeichner><wirkung></wirkung><dauer></dauer><kosten></kosten><probe></probe><kommentar></kommentar><namemitkommentar>Gerade</namemitkommentar><bereich>Manöver</bereich><bereich>Kampf</bereich></sonderfertigkeit><sonderfertigkeit><nameausfuehrlich>Handkante</nameausfuehrlich><name>Handkante</name><bezeichner>Handkante</bezeichner><wirkung></wirkung><dauer></dauer><kosten></kosten><probe></probe><kommentar></kommentar><namemitkommentar>Handkante</namemitkommentar><bereich>Manöver</bereich><bereich>Kampf</bereich></sonderfertigkeit><sonderfertigkeit><nameausfuehrlich>Kreuzblock</nameausfuehrlich><name>Kreuzblock</name><bezeichner>Kreuzblock</bezeichner><wirkung></wirkung><dauer></dauer><kosten></kosten><probe></probe><kommentar></kommentar><namemitkommentar>Kreuzblock</namemitkommentar><bereich>Manöver</bereich><bereich>Kampf</bereich></sonderfertigkeit><sonderfertigkeit><nameausfuehrlich>Kulturkunde (Thorwal)</nameausfuehrlich><name>Kulturkunde (Thorwal)</name><bezeichner>Kulturkunde</bezeichner><auswahlen><auswahl><name>Thorwal</name><feld feldname="1" nr="1">Thorwal</feld></auswahl></auswahlen><namemitkommentar>Kulturkunde (Thorwal)</namemitkommentar><bereich>Sonst</bereich></sonderfertigkeit><sonderfertigkeit><nameausfuehrlich>Meereskundig</nameausfuehrlich><name>Meereskundig</name><bezeichner>Meereskundig</bezeichner><wirkung></wirkung><dauer></dauer><kosten></kosten><probe></probe><kommentar></kommentar><namemitkommentar>Meereskundig</namemitkommentar><bereich>Geländekunde</bereich><bereich>Sonst</bereich></sonderfertigkeit><sonderfertigkeit><nameausfuehrlich>Rüstungsgewöhnung I (Dicke Kleidung)</nameausfuehrlich><name>Rüstungsgewöhnung I (Dicke Kleidung)</name><bezeichner>Rüstungsgewöhnung I</bezeichner><auswahlen><auswahl><name>Dicke Kleidung</name><feld feldname="1" nr="1">Dicke Kleidung</feld></auswahl></auswahlen><namemitkommentar>Rüstungsgewöhnung I (Dicke Kleidung)</namemitkommentar><bereich>Nahkampf</bereich><bereich>Kampf</bereich></sonderfertigkeit><sonderfertigkeit><nameausfuehrlich>Schmetterschlag</nameausfuehrlich><name>Schmetterschlag</name><bezeichner>Schmetterschlag</bezeichner><wirkung></wirkung><dauer></dauer><kosten></kosten><probe></probe><kommentar></kommentar><namemitkommentar>Schmetterschlag</namemitkommentar><bereich>Manöver</bereich><bereich>Kampf</bereich></sonderfertigkeit><sonderfertigkeit><nameausfuehrlich>Schwinger</nameausfuehrlich><name>Schwinger</name><bezeichner>Schwinger</bezeichner><wirkung></wirkung><dauer></dauer><kosten></kosten><probe></probe><kommentar></kommentar><namemitkommentar>Schwinger</namemitkommentar><bereich>Manöver</bereich><bereich>Kampf</bereich></sonderfertigkeit><sonderfertigkeit><nameausfuehrlich>Standfest</nameausfuehrlich><name>Standfest</name><bezeichner>Standfest</bezeichner><wirkung></wirkung><dauer></dauer><kosten></kosten><probe></probe><kommentar></kommentar><namemitkommentar>Standfest</namemitkommentar><bereich>Sonst</bereich></sonderfertigkeit><sonderfertigkeit><nameausfuehrlich>Waffenloser Kampfstil: Hammerfaust</nameausfuehrlich><name>Waffenloser Kampfstil: Hammerfaust</name><bezeichner>Waffenloser Kampfstil: Hammerfaust</bezeichner><wirkung></wirkung><dauer></dauer><kosten></kosten><probe></probe><kommentar></kommentar><namemitkommentar>Waffenloser Kampfstil: Hammerfaust</namemitkommentar><bereich>Nahkampf</bereich><bereich>Kampf</bereich></sonderfertigkeit></sonderfertigkeiten><verbilligtesonderfertigkeiten><verbilligtesonderfertigkeit><nameausfuehrlich>Meereskundig</nameausfuehrlich></verbilligtesonderfertigkeit><verbilligtesonderfertigkeit><nameausfuehrlich>Waffenloser Kampfstil: Hammerfaust</nameausfuehrlich></verbilligtesonderfertigkeit><verbilligtesonderfertigkeit><nameausfuehrlich>Aufmerksamkeit</nameausfuehrlich></verbilligtesonderfertigkeit><verbilligtesonderfertigkeit><nameausfuehrlich>Rüstungsgewöhnung II</nameausfuehrlich></verbilligtesonderfertigkeit><verbilligtesonderfertigkeit><nameausfuehrlich>Kampf im Wasser</nameausfuehrlich></verbilligtesonderfertigkeit></verbilligtesonderfertigkeiten><talentliste><talent><name>Dolche</name><meisterhandwerk>false</meisterhandwerk><leittalent>false</leittalent><basis>true</basis><nameausfuehrlich>Dolche  (B)</nameausfuehrlich><wert>2</wert><probe>GE/GE/KK</probe><probenwerte>12/12/16</probenwerte><nameausfuehrlichmitprobe>Dolche  (B)(GE/GE/KK)</nameausfuehrlichmitprobe><at>10</at><pa>8</pa><behinderung>BE-1</behinderung><mirakelplus>false</mirakelplus><mirakelminus>false</mirakelminus><metatalent>false</metatalent><bereich>Kampf</bereich><komplexität>D</komplexität><lernkomplexität>D</lernkomplexität><spezialisierungen></spezialisierungen></talent><talent><name>Hiebwaffen</name><meisterhandwerk>false</meisterhandwerk><leittalent>false</leittalent><basis>true</basis><nameausfuehrlich>Hiebwaffen  (B)</nameausfuehrlich><wert>6</wert><probe>GE/GE/KK</probe><probenwerte>12/12/16</probenwerte><nameausfuehrlichmitprobe>Hiebwaffen  (B)(GE/GE/KK)</nameausfuehrlichmitprobe><at>12</at><pa>10</pa><behinderung>BE-4</behinderung><mirakelplus>false</mirakelplus><mirakelminus>false</mirakelminus><metatalent>false</metatalent><bereich>Kampf</bereich><komplexität>D</komplexität><lernkomplexität>D</lernkomplexität><spezialisierungen></spezialisierungen></talent><talent><name>Raufen</name><meisterhandwerk>false</meisterhandwerk><leittalent>false</leittalent><basis>true</basis><nameausfuehrlich>Raufen  (B)</nameausfuehrlich><wert>10</wert><probe>GE/GE/KK</probe><probenwerte>12/12/16</probenwerte><nameausfuehrlichmitprobe>Raufen  (B)(GE/GE/KK)</nameausfuehrlichmitprobe><at>15</at><pa>11</pa><behinderung>BE</behinderung><mirakelplus>false</mirakelplus><mirakelminus>false</mirakelminus><metatalent>false</metatalent><bereich>Kampf</bereich><komplexität>C</komplexität><lernkomplexität>E</lernkomplexität><spezialisierungen></spezialisierungen></talent><talent><name>Ringen</name><meisterhandwerk>false</meisterhandwerk><leittalent>false</leittalent><basis>true</basis><nameausfuehrlich>Ringen  (B)</nameausfuehrlich><wert>2</wert><probe>GE/GE/KK</probe><probenwerte>12/12/16</probenwerte><nameausfuehrlichmitprobe>Ringen  (B)(GE/GE/KK)</nameausfuehrlichmitprobe><at>10</at><pa>8</pa><behinderung>BE</behinderung><mirakelplus>false</mirakelplus><mirakelminus>false</mirakelminus><metatalent>false</metatalent><bereich>Kampf</bereich><komplexität>D</komplexität><lernkomplexität>D</lernkomplexität><spezialisierungen></spezialisierungen></talent><talent><name>Säbel</name><meisterhandwerk>false</meisterhandwerk><leittalent>false</leittalent><basis>true</basis><nameausfuehrlich>Säbel  (B)</nameausfuehrlich><wert>0</wert><probe>GE/GE/KK</probe><probenwerte>12/12/16</probenwerte><nameausfuehrlichmitprobe>Säbel  (B)(GE/GE/KK)</nameausfuehrlichmitprobe><at>8</at><pa>8</pa><behinderung>BE-2</behinderung><mirakelplus>false</mirakelplus><mirakelminus>false</mirakelminus><metatalent>false</metatalent><bereich>Kampf</bereich><komplexität>D</komplexität><lernkomplexität>D</lernkomplexität><spezialisierungen></spezialisierungen></talent><talent><name>Schleuder</name><meisterhandwerk>false</meisterhandwerk><leittalent>false</leittalent><basis>false</basis><nameausfuehrlich>Schleuder</nameausfuehrlich><wert>2</wert><probe>GE/FF/KK</probe><probenwerte>12/9/16</probenwerte><nameausfuehrlichmitprobe>Schleuder (GE/FF/KK)</nameausfuehrlichmitprobe><at>10</at><pa></pa><behinderung>BE-2</behinderung><mirakelplus>false</mirakelplus><mirakelminus>false</mirakelminus><metatalent>false</metatalent><bereich>Kampf</bereich><komplexität>E</komplexität><lernkomplexität>E</lernkomplexität><spezialisierungen></spezialisierungen></talent><talent><name>Wurfbeile</name><meisterhandwerk>false</meisterhandwerk><leittalent>false</leittalent><basis>false</basis><nameausfuehrlich>Wurfbeile</nameausfuehrlich><wert>7</wert><probe>GE/FF/KK</probe><probenwerte>12/9/16</probenwerte><nameausfuehrlichmitprobe>Wurfbeile (GE/FF/KK)</nameausfuehrlichmitprobe><at>15</at><pa></pa><behinderung>BE-2</behinderung><mirakelplus>false</mirakelplus><mirakelminus>false</mirakelminus><metatalent>false</metatalent><bereich>Kampf</bereich><komplexität>D</komplexität><lernkomplexität>E</lernkomplexität><spezialisierungen></spezialisierungen></talent><talent><name>Wurfmesser</name><meisterhandwerk>false</meisterhandwerk><leittalent>false</leittalent><basis>true</basis><nameausfuehrlich>Wurfmesser  (B)</nameausfuehrlich><wert>0</wert><probe>GE/FF/KK</probe><probenwerte>12/9/16</probenwerte><nameausfuehrlichmitprobe>Wurfmesser  (B)(GE/FF/KK)</nameausfuehrlichmitprobe><at>8</at><pa></pa><behinderung>BE-3</behinderung><mirakelplus>false</mirakelplus><mirakelminus>false</mirakelminus><metatalent>false</metatalent><bereich>Kampf</bereich><komplexität>C</komplexität><lernkomplexität>C</lernkomplexität><spezialisierungen></spezialisierungen></talent><talent><name>Zweihandhiebwaffen</name><meisterhandwerk>false</meisterhandwerk><leittalent>false</leittalent><basis>false</basis><nameausfuehrlich>Zweihandhiebwaffen</nameausfuehrlich><wert>19</wert><probe>GE/GE/KK</probe><probenwerte>12/12/16</probenwerte><nameausfuehrlichmitprobe>Zweihandhiebwaffen (GE/GE/KK)</nameausfuehrlichmitprobe><at>19</at><pa>16</pa><behinderung>BE-3</behinderung><mirakelplus>false</mirakelplus><mirakelminus>false</mirakelminus><metatalent>false</metatalent><bereich>Kampf</bereich><komplexität>D</komplexität><lernkomplexität>B</lernkomplexität><spezialisierungen></spezialisierungen></talent><talent><name>Akrobatik</name><meisterhandwerk>false</meisterhandwerk><leittalent>false</leittalent><basis>false</basis><nameausfuehrlich>Akrobatik</nameausfuehrlich><wert>2</wert><probe>MU/GE/KK</probe><probenwerte>14/12/16</probenwerte><nameausfuehrlichmitprobe>Akrobatik (MU/GE/KK)</nameausfuehrlichmitprobe><behinderung>BEx2</behinderung><mirakelplus>false</mirakelplus><mirakelminus>false</mirakelminus><metatalent>false</metatalent><bereich>Körperlich</bereich><komplexität>D</komplexität><lernkomplexität>D</lernkomplexität><spezialisierungen></spezialisierungen></talent><talent><name>Athletik</name><meisterhandwerk>false</meisterhandwerk><leittalent>false</leittalent><basis>true</basis><nameausfuehrlich>Athletik  (B)</nameausfuehrlich><wert>7</wert><probe>GE/KO/KK</probe><probenwerte>12/15/16</probenwerte><nameausfuehrlichmitprobe>Athletik  (B)(GE/KO/KK)</nameausfuehrlichmitprobe><behinderung>BEx2</behinderung><mirakelplus>false</mirakelplus><mirakelminus>false</mirakelminus><metatalent>false</metatalent><bereich>Körperlich</bereich><komplexität>D</komplexität><lernkomplexität>D</lernkomplexität><spezialisierungen></spezialisierungen></talent><talent><name>Klettern</name><meisterhandwerk>false</meisterhandwerk><leittalent>false</leittalent><basis>true</basis><nameausfuehrlich>Klettern  (B)</nameausfuehrlich><wert>5</wert><probe>MU/GE/KK</probe><probenwerte>14/12/16</probenwerte><nameausfuehrlichmitprobe>Klettern  (B)(MU/GE/KK)</nameausfuehrlichmitprobe><behinderung>BEx2</behinderung><mirakelplus>false</mirakelplus><mirakelminus>false</mirakelminus><metatalent>false</metatalent><bereich>Körperlich</bereich><komplexität>D</komplexität><lernkomplexität>D</lernkomplexität><spezialisierungen></spezialisierungen></talent><talent><name>Körperbeherrschung</name><meisterhandwerk>false</meisterhandwerk><leittalent>false</leittalent><basis>true</basis><nameausfuehrlich>Körperbeherrschung  (B)</nameausfuehrlich><wert>6</wert><probe>MU/IN/GE</probe><probenwerte>14/14/12</probenwerte><nameausfuehrlichmitprobe>Körperbeherrschung  (B)(MU/IN/GE)</nameausfuehrlichmitprobe><behinderung>BEx2</behinderung><mirakelplus>false</mirakelplus><mirakelminus>false</mirakelminus><metatalent>false</metatalent><bereich>Körperlich</bereich><komplexität>D</komplexität><lernkomplexität>D</lernkomplexität><spezialisierungen></spezialisierungen></talent><talent><name>Reiten</name><meisterhandwerk>false</meisterhandwerk><leittalent>false</leittalent><basis>false</basis><nameausfuehrlich>Reiten</nameausfuehrlich><wert>3</wert><probe>CH/GE/KK</probe><probenwerte>11/12/16</probenwerte><nameausfuehrlichmitprobe>Reiten (CH/GE/KK)</nameausfuehrlichmitprobe><behinderung>BE-2</behinderung><mirakelplus>false</mirakelplus><mirakelminus>false</mirakelminus><metatalent>false</metatalent><bereich>Körperlich</bereich><komplexität>D</komplexität><lernkomplexität>D</lernkomplexität><spezialisierungen></spezialisierungen></talent><talent><name>Schleichen</name><meisterhandwerk>false</meisterhandwerk><leittalent>false</leittalent><basis>true</basis><nameausfuehrlich>Schleichen  (B)</nameausfuehrlich><wert>0</wert><probe>MU/IN/GE</probe><probenwerte>14/14/12</probenwerte><nameausfuehrlichmitprobe>Schleichen  (B)(MU/IN/GE)</nameausfuehrlichmitprobe><behinderung>BE</behinderung><mirakelplus>false</mirakelplus><mirakelminus>false</mirakelminus><metatalent>false</metatalent><bereich>Körperlich</bereich><komplexität>D</komplexität><lernkomplexität>D</lernkomplexität><spezialisierungen></spezialisierungen></talent><talent><name>Schwimmen</name><meisterhandwerk>false</meisterhandwerk><leittalent>false</leittalent><basis>true</basis><nameausfuehrlich>Schwimmen  (B)</nameausfuehrlich><wert>7</wert><probe>GE/KO/KK</probe><probenwerte>12/15/16</probenwerte><nameausfuehrlichmitprobe>Schwimmen  (B)(GE/KO/KK)</nameausfuehrlichmitprobe><behinderung>BEx2</behinderung><mirakelplus>false</mirakelplus><mirakelminus>false</mirakelminus><metatalent>false</metatalent><bereich>Körperlich</bereich><komplexität>D</komplexität><lernkomplexität>D</lernkomplexität><spezialisierungen></spezialisierungen></talent><talent><name>Selbstbeherrschung</name><meisterhandwerk>false</meisterhandwerk><leittalent>false</leittalent><basis>true</basis><nameausfuehrlich>Selbstbeherrschung  (B)</nameausfuehrlich><wert>3</wert><probe>MU/KO/KK</probe><probenwerte>14/15/16</probenwerte><nameausfuehrlichmitprobe>Selbstbeherrschung  (B)(MU/KO/KK)</nameausfuehrlichmitprobe><behinderung></behinderung><mirakelplus>false</mirakelplus><mirakelminus>false</mirakelminus><metatalent>false</metatalent><bereich>Körperlich</bereich><komplexität>D</komplexität><lernkomplexität>D</lernkomplexität><spezialisierungen></spezialisierungen></talent><talent><name>Sich verstecken</name><meisterhandwerk>false</meisterhandwerk><leittalent>false</leittalent><basis>true</basis><nameausfuehrlich>Sich verstecken  (B)</nameausfuehrlich><wert>0</wert><probe>MU/IN/GE</probe><probenwerte>14/14/12</probenwerte><nameausfuehrlichmitprobe>Sich verstecken  (B)(MU/IN/GE)</nameausfuehrlichmitprobe><behinderung>BE-2</behinderung><mirakelplus>false</mirakelplus><mirakelminus>false</mirakelminus><metatalent>false</metatalent><bereich>Körperlich</bereich><komplexität>D</komplexität><lernkomplexität>D</lernkomplexität><spezialisierungen></spezialisierungen></talent><talent><name>Singen</name><meisterhandwerk>false</meisterhandwerk><leittalent>false</leittalent><basis>true</basis><nameausfuehrlich>Singen  (B)</nameausfuehrlich><wert>1</wert><probe>IN/CH/CH</probe><probenwerte>14/11/11</probenwerte><nameausfuehrlichmitprobe>Singen  (B)(IN/CH/CH)</nameausfuehrlichmitprobe><behinderung>BE-3</behinderung><mirakelplus>false</mirakelplus><mirakelminus>false</mirakelminus><metatalent>false</metatalent><bereich>Körperlich</bereich><komplexität>D</komplexität><lernkomplexität>D</lernkomplexität><spezialisierungen></spezialisierungen></talent><talent><name>Sinnenschärfe</name><meisterhandwerk>false</meisterhandwerk><leittalent>false</leittalent><basis>true</basis><nameausfuehrlich>Sinnenschärfe  (B)</nameausfuehrlich><wert>6</wert><probe>KL/IN/IN</probe><probenwerte>12/14/14</probenwerte><nameausfuehrlichmitprobe>Sinnenschärfe  (B)(KL/IN/IN)</nameausfuehrlichmitprobe><behinderung>0-&gt;BE</behinderung><mirakelplus>false</mirakelplus><mirakelminus>false</mirakelminus><metatalent>false</metatalent><bereich>Körperlich</bereich><komplexität>D</komplexität><lernkomplexität>D</lernkomplexität><spezialisierungen></spezialisierungen></talent><talent><name>Tanzen</name><meisterhandwerk>false</meisterhandwerk><leittalent>false</leittalent><basis>true</basis><nameausfuehrlich>Tanzen  (B)</nameausfuehrlich><wert>0</wert><probe>CH/GE/GE</probe><probenwerte>11/12/12</probenwerte><nameausfuehrlichmitprobe>Tanzen  (B)(CH/GE/GE)</nameausfuehrlichmitprobe><behinderung>BEx2</behinderung><mirakelplus>false</mirakelplus><mirakelminus>false</mirakelminus><metatalent>false</metatalent><bereich>Körperlich</bereich><komplexität>D</komplexität><lernkomplexität>D</lernkomplexität><spezialisierungen></spezialisierungen></talent><talent><name>Zechen</name><meisterhandwerk>false</meisterhandwerk><leittalent>false</leittalent><basis>true</basis><nameausfuehrlich>Zechen  (B)</nameausfuehrlich><wert>7</wert><probe>IN/KO/KK</probe><probenwerte>14/15/16</probenwerte><nameausfuehrlichmitprobe>Zechen  (B)(IN/KO/KK)</nameausfuehrlichmitprobe><behinderung></behinderung><mirakelplus>false</mirakelplus><mirakelminus>false</mirakelminus><metatalent>false</metatalent><bereich>Körperlich</bereich><komplexität>D</komplexität><lernkomplexität>D</lernkomplexität><spezialisierungen></spezialisierungen></talent><talent><name>Etikette</name><meisterhandwerk>false</meisterhandwerk><leittalent>false</leittalent><basis>false</basis><nameausfuehrlich>Etikette</nameausfuehrlich><wert>5</wert><probe>KL/IN/CH</probe><probenwerte>12/14/11</probenwerte><nameausfuehrlichmitprobe>Etikette (KL/IN/CH)</nameausfuehrlichmitprobe><behinderung></behinderung><mirakelplus>false</mirakelplus><mirakelminus>false</mirakelminus><metatalent>false</metatalent><bereich>Gesellschaft</bereich><komplexität>B</komplexität><lernkomplexität>B</lernkomplexität><spezialisierungen></spezialisierungen></talent><talent><name>Menschenkenntnis</name><meisterhandwerk>false</meisterhandwerk><leittalent>false</leittalent><basis>true</basis><nameausfuehrlich>Menschenkenntnis  (B)</nameausfuehrlich><wert>4</wert><probe>KL/IN/CH</probe><probenwerte>12/14/11</probenwerte><nameausfuehrlichmitprobe>Menschenkenntnis  (B)(KL/IN/CH)</nameausfuehrlichmitprobe><behinderung></behinderung><mirakelplus>false</mirakelplus><mirakelminus>false</mirakelminus><metatalent>false</metatalent><bereich>Gesellschaft</bereich><komplexität>B</komplexität><lernkomplexität>B</lernkomplexität><spezialisierungen></spezialisierungen></talent><talent><name>Überreden</name><meisterhandwerk>false</meisterhandwerk><leittalent>false</leittalent><basis>true</basis><nameausfuehrlich>Überreden  (B)</nameausfuehrlich><wert>4</wert><probe>MU/IN/CH</probe><probenwerte>14/14/11</probenwerte><nameausfuehrlichmitprobe>Überreden  (B)(MU/IN/CH)</nameausfuehrlichmitprobe><behinderung></behinderung><mirakelplus>false</mirakelplus><mirakelminus>false</mirakelminus><metatalent>false</metatalent><bereich>Gesellschaft</bereich><komplexität>B</komplexität><lernkomplexität>B</lernkomplexität><spezialisierungen></spezialisierungen></talent><talent><name>Ansitzjagd incl Waffe</name><meisterhandwerk>false</meisterhandwerk><leittalent>false</leittalent><basis>false</basis><nameausfuehrlich>Ansitzjagd incl Waffe</nameausfuehrlich><wert>0</wert><probe>MU/IN/GE</probe><probenwerte>14/14/12</probenwerte><nameausfuehrlichmitprobe>Ansitzjagd incl Waffe (MU/IN/GE)</nameausfuehrlichmitprobe><behinderung></behinderung><mirakelplus>false</mirakelplus><mirakelminus>false</mirakelminus><metatalent>true</metatalent><bereich>Natur</bereich><komplexität>B</komplexität><lernkomplexität>B</lernkomplexität><spezialisierungen></spezialisierungen></talent><talent><name>Fährtensuchen</name><meisterhandwerk>false</meisterhandwerk><leittalent>false</leittalent><basis>true</basis><nameausfuehrlich>Fährtensuchen  (B)</nameausfuehrlich><wert>6</wert><probe>KL/IN/KO</probe><probenwerte>12/14/15</probenwerte><nameausfuehrlichmitprobe>Fährtensuchen  (B)(KL/IN/KO)</nameausfuehrlichmitprobe><behinderung></behinderung><mirakelplus>false</mirakelplus><mirakelminus>false</mirakelminus><metatalent>false</metatalent><bereich>Natur</bereich><komplexität>B</komplexität><lernkomplexität>B</lernkomplexität><spezialisierungen></spezialisierungen></talent><talent><name>Fesseln/Entfesseln</name><meisterhandwerk>false</meisterhandwerk><leittalent>false</leittalent><basis>false</basis><nameausfuehrlich>Fesseln/Entfesseln</nameausfuehrlich><wert>3</wert><probe>FF/GE/KK</probe><probenwerte>9/12/16</probenwerte><nameausfuehrlichmitprobe>Fesseln/Entfesseln (FF/GE/KK)</nameausfuehrlichmitprobe><behinderung>-/BE</behinderung><mirakelplus>false</mirakelplus><mirakelminus>false</mirakelminus><metatalent>false</metatalent><bereich>Natur</bereich><komplexität>B</komplexität><lernkomplexität>B</lernkomplexität><spezialisierungen></spezialisierungen></talent><talent><name>Fischen/Angeln</name><meisterhandwerk>false</meisterhandwerk><leittalent>false</leittalent><basis>false</basis><nameausfuehrlich>Fischen/Angeln</nameausfuehrlich><wert>4</wert><probe>IN/FF/KK</probe><probenwerte>14/9/16</probenwerte><nameausfuehrlichmitprobe>Fischen/Angeln (IN/FF/KK)</nameausfuehrlichmitprobe><behinderung></behinderung><mirakelplus>false</mirakelplus><mirakelminus>false</mirakelminus><metatalent>false</metatalent><bereich>Natur</bereich><komplexität>B</komplexität><lernkomplexität>B</lernkomplexität><spezialisierungen></spezialisierungen></talent><talent><name>Orientierung</name><meisterhandwerk>false</meisterhandwerk><leittalent>false</leittalent><basis>true</basis><nameausfuehrlich>Orientierung  (B)</nameausfuehrlich><wert>4</wert><probe>KL/IN/IN</probe><probenwerte>12/14/14</probenwerte><nameausfuehrlichmitprobe>Orientierung  (B)(KL/IN/IN)</nameausfuehrlichmitprobe><behinderung></behinderung><mirakelplus>false</mirakelplus><mirakelminus>false</mirakelminus><metatalent>false</metatalent><bereich>Natur</bereich><komplexität>B</komplexität><lernkomplexität>B</lernkomplexität><spezialisierungen></spezialisierungen></talent><talent><name>Pirschjagd incl Waffe</name><meisterhandwerk>false</meisterhandwerk><leittalent>false</leittalent><basis>false</basis><nameausfuehrlich>Pirschjagd incl Waffe</nameausfuehrlich><wert>0</wert><probe>MU/IN/GE</probe><probenwerte>14/14/12</probenwerte><nameausfuehrlichmitprobe>Pirschjagd incl Waffe (MU/IN/GE)</nameausfuehrlichmitprobe><behinderung></behinderung><mirakelplus>false</mirakelplus><mirakelminus>false</mirakelminus><metatalent>true</metatalent><bereich>Natur</bereich><komplexität>B</komplexität><lernkomplexität>B</lernkomplexität><spezialisierungen></spezialisierungen></talent><talent><name>Wettervorhersage</name><meisterhandwerk>false</meisterhandwerk><leittalent>false</leittalent><basis>false</basis><nameausfuehrlich>Wettervorhersage</nameausfuehrlich><wert>2</wert><probe>KL/IN/IN</probe><probenwerte>12/14/14</probenwerte><nameausfuehrlichmitprobe>Wettervorhersage (KL/IN/IN)</nameausfuehrlichmitprobe><behinderung></behinderung><mirakelplus>false</mirakelplus><mirakelminus>false</mirakelminus><metatalent>false</metatalent><bereich>Natur</bereich><komplexität>B</komplexität><lernkomplexität>B</lernkomplexität><spezialisierungen></spezialisierungen></talent><talent><name>Wildnisleben</name><meisterhandwerk>false</meisterhandwerk><leittalent>false</leittalent><basis>true</basis><nameausfuehrlich>Wildnisleben  (B)</nameausfuehrlich><wert>5</wert><probe>IN/GE/KO</probe><probenwerte>14/12/15</probenwerte><nameausfuehrlichmitprobe>Wildnisleben  (B)(IN/GE/KO)</nameausfuehrlichmitprobe><behinderung></behinderung><mirakelplus>false</mirakelplus><mirakelminus>false</mirakelminus><metatalent>false</metatalent><bereich>Natur</bereich><komplexität>B</komplexität><lernkomplexität>B</lernkomplexität><spezialisierungen></spezialisierungen></talent><talent><name>Geografie</name><meisterhandwerk>false</meisterhandwerk><leittalent>false</leittalent><basis>false</basis><nameausfuehrlich>Geografie</nameausfuehrlich><wert>2</wert><probe>KL/KL/IN</probe><probenwerte>12/12/14</probenwerte><nameausfuehrlichmitprobe>Geografie (KL/KL/IN)</nameausfuehrlichmitprobe><behinderung></behinderung><mirakelplus>false</mirakelplus><mirakelminus>false</mirakelminus><metatalent>false</metatalent><bereich>Wissen</bereich><komplexität>B</komplexität><lernkomplexität>B</lernkomplexität><spezialisierungen></spezialisierungen></talent><talent><name>Götter und Kulte</name><meisterhandwerk>false</meisterhandwerk><leittalent>false</leittalent><basis>true</basis><nameausfuehrlich>Götter und Kulte  (B)</nameausfuehrlich><wert>3</wert><probe>KL/KL/IN</probe><probenwerte>12/12/14</probenwerte><nameausfuehrlichmitprobe>Götter und Kulte  (B)(KL/KL/IN)</nameausfuehrlichmitprobe><behinderung></behinderung><mirakelplus>false</mirakelplus><mirakelminus>false</mirakelminus><metatalent>false</metatalent><bereich>Wissen</bereich><komplexität>B</komplexität><lernkomplexität>B</lernkomplexität><spezialisierungen></spezialisierungen></talent><talent><name>Heraldik</name><meisterhandwerk>false</meisterhandwerk><leittalent>false</leittalent><basis>false</basis><nameausfuehrlich>Heraldik</nameausfuehrlich><wert>2</wert><probe>KL/KL/FF</probe><probenwerte>12/12/9</probenwerte><nameausfuehrlichmitprobe>Heraldik (KL/KL/FF)</nameausfuehrlichmitprobe><behinderung></behinderung><mirakelplus>false</mirakelplus><mirakelminus>false</mirakelminus><metatalent>false</metatalent><bereich>Wissen</bereich><komplexität>B</komplexität><lernkomplexität>B</lernkomplexität><spezialisierungen></spezialisierungen></talent><talent><name>Kriegskunst</name><meisterhandwerk>false</meisterhandwerk><leittalent>false</leittalent><basis>false</basis><nameausfuehrlich>Kriegskunst</nameausfuehrlich><wert>5</wert><probe>MU/KL/CH</probe><probenwerte>14/12/11</probenwerte><nameausfuehrlichmitprobe>Kriegskunst (MU/KL/CH)</nameausfuehrlichmitprobe><behinderung></behinderung><mirakelplus>false</mirakelplus><mirakelminus>false</mirakelminus><metatalent>false</metatalent><bereich>Wissen</bereich><komplexität>B</komplexität><lernkomplexität>B</lernkomplexität><spezialisierungen></spezialisierungen></talent><talent><name>Rechnen</name><meisterhandwerk>false</meisterhandwerk><leittalent>false</leittalent><basis>true</basis><nameausfuehrlich>Rechnen  (B)</nameausfuehrlich><wert>4</wert><probe>KL/KL/IN</probe><probenwerte>12/12/14</probenwerte><nameausfuehrlichmitprobe>Rechnen  (B)(KL/KL/IN)</nameausfuehrlichmitprobe><behinderung></behinderung><mirakelplus>false</mirakelplus><mirakelminus>false</mirakelminus><metatalent>false</metatalent><bereich>Wissen</bereich><komplexität>B</komplexität><lernkomplexität>B</lernkomplexität><spezialisierungen></spezialisierungen></talent><talent><name>Rechtskunde</name><meisterhandwerk>false</meisterhandwerk><leittalent>false</leittalent><basis>false</basis><nameausfuehrlich>Rechtskunde</nameausfuehrlich><wert>1</wert><probe>KL/KL/IN</probe><probenwerte>12/12/14</probenwerte><nameausfuehrlichmitprobe>Rechtskunde (KL/KL/IN)</nameausfuehrlichmitprobe><behinderung></behinderung><mirakelplus>false</mirakelplus><mirakelminus>false</mirakelminus><metatalent>false</metatalent><bereich>Wissen</bereich><komplexität>B</komplexität><lernkomplexität>B</lernkomplexität><spezialisierungen></spezialisierungen></talent><talent><name>Sagen und Legenden</name><meisterhandwerk>false</meisterhandwerk><leittalent>false</leittalent><basis>true</basis><nameausfuehrlich>Sagen und Legenden  (B)</nameausfuehrlich><wert>7</wert><probe>KL/IN/CH</probe><probenwerte>12/14/11</probenwerte><nameausfuehrlichmitprobe>Sagen und Legenden  (B)(KL/IN/CH)</nameausfuehrlichmitprobe><behinderung></behinderung><mirakelplus>false</mirakelplus><mirakelminus>false</mirakelminus><metatalent>false</metatalent><bereich>Wissen</bereich><komplexität>B</komplexität><lernkomplexität>B</lernkomplexität><spezialisierungen></spezialisierungen></talent><talent><name>Sternkunde</name><meisterhandwerk>false</meisterhandwerk><leittalent>false</leittalent><basis>false</basis><nameausfuehrlich>Sternkunde</nameausfuehrlich><wert>1</wert><probe>KL/KL/IN</probe><probenwerte>12/12/14</probenwerte><nameausfuehrlichmitprobe>Sternkunde (KL/KL/IN)</nameausfuehrlichmitprobe><behinderung></behinderung><mirakelplus>false</mirakelplus><mirakelminus>false</mirakelminus><metatalent>false</metatalent><bereich>Wissen</bereich><komplexität>B</komplexität><lernkomplexität>B</lernkomplexität><spezialisierungen></spezialisierungen></talent><talent><name>Tierkunde</name><meisterhandwerk>false</meisterhandwerk><leittalent>false</leittalent><basis>false</basis><nameausfuehrlich>Tierkunde</nameausfuehrlich><wert>6</wert><probe>MU/KL/IN</probe><probenwerte>14/12/14</probenwerte><nameausfuehrlichmitprobe>Tierkunde (MU/KL/IN)</nameausfuehrlichmitprobe><behinderung></behinderung><mirakelplus>false</mirakelplus><mirakelminus>false</mirakelminus><metatalent>false</metatalent><bereich>Wissen</bereich><komplexität>B</komplexität><lernkomplexität>B</lernkomplexität><spezialisierungen></spezialisierungen></talent><talent><name>Garethi</name><meisterhandwerk>false</meisterhandwerk><leittalent>false</leittalent><basis>false</basis><nameausfuehrlich>Garethi</nameausfuehrlich><wert>8</wert><probe>KL/IN/CH</probe><probenwerte>12/14/11</probenwerte><nameausfuehrlichmitprobe>Garethi (KL/IN/CH)</nameausfuehrlichmitprobe><sprachkomplexität>18</sprachkomplexität><zweitlehrsprache>true</zweitlehrsprache><behinderung></behinderung><mirakelplus>false</mirakelplus><mirakelminus>false</mirakelminus><metatalent>false</metatalent><bereich>Sprachen</bereich><komplexität>A</komplexität><lernkomplexität>A+</lernkomplexität><spezialisierungen></spezialisierungen></talent><talent><name>Thorwalsch</name><meisterhandwerk>false</meisterhandwerk><leittalent>false</leittalent><basis>false</basis><nameausfuehrlich>Thorwalsch</nameausfuehrlich><wert>10</wert><probe>KL/IN/CH</probe><probenwerte>12/14/11</probenwerte><nameausfuehrlichmitprobe>Thorwalsch (KL/IN/CH)</nameausfuehrlichmitprobe><sprachkomplexität>18</sprachkomplexität><muttersprache>true</muttersprache><behinderung></behinderung><mirakelplus>false</mirakelplus><mirakelminus>false</mirakelminus><metatalent>false</metatalent><bereich>Sprachen</bereich><komplexität>A</komplexität><lernkomplexität>A</lernkomplexität><spezialisierungen></spezialisierungen></talent><talent><name>L/S Kusliker Zeichen</name><meisterhandwerk>false</meisterhandwerk><leittalent>false</leittalent><basis>false</basis><nameausfuehrlich>L/S Kusliker Zeichen</nameausfuehrlich><wert>5</wert><probe>KL/KL/FF</probe><probenwerte>12/12/9</probenwerte><nameausfuehrlichmitprobe>L/S Kusliker Zeichen (KL/KL/FF)</nameausfuehrlichmitprobe><sprachkomplexität>10</sprachkomplexität><schriftmuttersprache>true</schriftmuttersprache><behinderung></behinderung><mirakelplus>false</mirakelplus><mirakelminus>false</mirakelminus><metatalent>false</metatalent><bereich>Schriften</bereich><komplexität>A</komplexität><lernkomplexität>A</lernkomplexität><spezialisierungen></spezialisierungen></talent><talent><name>Boote fahren</name><meisterhandwerk>false</meisterhandwerk><leittalent>false</leittalent><basis>false</basis><nameausfuehrlich>Boote fahren</nameausfuehrlich><wert>7</wert><probe>GE/KO/KK</probe><probenwerte>12/15/16</probenwerte><nameausfuehrlichmitprobe>Boote fahren (GE/KO/KK)</nameausfuehrlichmitprobe><behinderung></behinderung><mirakelplus>false</mirakelplus><mirakelminus>false</mirakelminus><metatalent>false</metatalent><bereich>Handwerk</bereich><komplexität>B</komplexität><lernkomplexität>B</lernkomplexität><spezialisierungen></spezialisierungen></talent><talent><name>Heilkunde: Wunden</name><meisterhandwerk>false</meisterhandwerk><leittalent>false</leittalent><basis>true</basis><nameausfuehrlich>Heilkunde: Wunden  (B)</nameausfuehrlich><wert>4</wert><probe>KL/CH/FF</probe><probenwerte>12/11/9</probenwerte><nameausfuehrlichmitprobe>Heilkunde: Wunden  (B)(KL/CH/FF)</nameausfuehrlichmitprobe><behinderung></behinderung><mirakelplus>false</mirakelplus><mirakelminus>false</mirakelminus><metatalent>false</metatalent><bereich>Handwerk</bereich><komplexität>B</komplexität><lernkomplexität>B</lernkomplexität><spezialisierungen></spezialisierungen></talent><talent><name>Holzbearbeitung</name><meisterhandwerk>false</meisterhandwerk><leittalent>false</leittalent><basis>true</basis><nameausfuehrlich>Holzbearbeitung  (B)</nameausfuehrlich><wert>2</wert><probe>KL/FF/KK</probe><probenwerte>12/9/16</probenwerte><nameausfuehrlichmitprobe>Holzbearbeitung  (B)(KL/FF/KK)</nameausfuehrlichmitprobe><behinderung></behinderung><mirakelplus>false</mirakelplus><mirakelminus>false</mirakelminus><metatalent>false</metatalent><bereich>Handwerk</bereich><komplexität>B</komplexität><lernkomplexität>B</lernkomplexität><spezialisierungen></spezialisierungen></talent><talent><name>Kochen</name><meisterhandwerk>false</meisterhandwerk><leittalent>false</leittalent><basis>true</basis><nameausfuehrlich>Kochen  (B)</nameausfuehrlich><wert>1</wert><probe>KL/IN/FF</probe><probenwerte>12/14/9</probenwerte><nameausfuehrlichmitprobe>Kochen  (B)(KL/IN/FF)</nameausfuehrlichmitprobe><behinderung></behinderung><mirakelplus>false</mirakelplus><mirakelminus>false</mirakelminus><metatalent>false</metatalent><bereich>Handwerk</bereich><komplexität>B</komplexität><lernkomplexität>B</lernkomplexität><spezialisierungen></spezialisierungen></talent><talent><name>Lederarbeiten</name><meisterhandwerk>false</meisterhandwerk><leittalent>false</leittalent><basis>true</basis><nameausfuehrlich>Lederarbeiten  (B)</nameausfuehrlich><wert>2</wert><probe>KL/FF/FF</probe><probenwerte>12/9/9</probenwerte><nameausfuehrlichmitprobe>Lederarbeiten  (B)(KL/FF/FF)</nameausfuehrlichmitprobe><behinderung></behinderung><mirakelplus>false</mirakelplus><mirakelminus>false</mirakelminus><metatalent>false</metatalent><bereich>Handwerk</bereich><komplexität>B</komplexität><lernkomplexität>B</lernkomplexität><spezialisierungen></spezialisierungen></talent><talent><name>Malen/Zeichnen</name><meisterhandwerk>false</meisterhandwerk><leittalent>false</leittalent><basis>true</basis><nameausfuehrlich>Malen/Zeichnen  (B)</nameausfuehrlich><wert>0</wert><probe>KL/IN/FF</probe><probenwerte>12/14/9</probenwerte><nameausfuehrlichmitprobe>Malen/Zeichnen  (B)(KL/IN/FF)</nameausfuehrlichmitprobe><behinderung></behinderung><mirakelplus>false</mirakelplus><mirakelminus>false</mirakelminus><metatalent>false</metatalent><bereich>Handwerk</bereich><komplexität>B</komplexität><lernkomplexität>B</lernkomplexität><spezialisierungen></spezialisierungen></talent><talent><name>Schneidern</name><meisterhandwerk>false</meisterhandwerk><leittalent>false</leittalent><basis>true</basis><nameausfuehrlich>Schneidern  (B)</nameausfuehrlich><wert>2</wert><probe>KL/FF/FF</probe><probenwerte>12/9/9</probenwerte><nameausfuehrlichmitprobe>Schneidern  (B)(KL/FF/FF)</nameausfuehrlichmitprobe><behinderung></behinderung><mirakelplus>false</mirakelplus><mirakelminus>false</mirakelminus><metatalent>false</metatalent><bereich>Handwerk</bereich><komplexität>B</komplexität><lernkomplexität>B</lernkomplexität><spezialisierungen></spezialisierungen></talent><talent><name>Seefahrt</name><meisterhandwerk>false</meisterhandwerk><leittalent>false</leittalent><basis>false</basis><nameausfuehrlich>Seefahrt</nameausfuehrlich><wert>6</wert><probe>FF/GE/KK</probe><probenwerte>9/12/16</probenwerte><nameausfuehrlichmitprobe>Seefahrt (FF/GE/KK)</nameausfuehrlichmitprobe><behinderung></behinderung><mirakelplus>false</mirakelplus><mirakelminus>false</mirakelminus><metatalent>false</metatalent><bereich>Handwerk</bereich><komplexität>B</komplexität><lernkomplexität>B</lernkomplexität><spezialisierungen></spezialisierungen></talent></talentliste><zauberliste/><gegenstaende><gegenstand><name>Armschienen (Paar), Stahl</name><anzahl>1</anzahl><grundlage>Armschienen (Paar), Stahl</grundlage><gewicht>60.0</gewicht><gesamtgewicht>60.0</gesamtgewicht><angelegt>true</angelegt><angelegt1>false</angelegt1><angelegt2>false</angelegt2><einzelpreis>3500</einzelpreis><gesamtpreis>3500</gesamtpreis><quelle buch="AA" seite="108">AA: 108</quelle><details/><arten>Rüstung</arten></gegenstand><gegenstand><name>Barbarenstreitaxt</name><anzahl>1</anzahl><grundlage>Barbarenstreitaxt</grundlage><gewicht>250.0</gewicht><gesamtgewicht>250.0</gesamtgewicht><angelegt>true</angelegt><angelegt1>false</angelegt1><angelegt2>false</angelegt2><einzelpreis>15000</einzelpreis><gesamtpreis>15000</gesamtpreis><quelle buch="AA" seite="75">AA: 75</quelle><details/><arten>Nahkampfwaffe</arten></gegenstand><gegenstand><name>Dicke Kleidung</name><anzahl>1</anzahl><grundlage>Dicke Kleidung</grundlage><gewicht>120.0</gewicht><gesamtgewicht>120.0</gesamtgewicht><angelegt>true</angelegt><angelegt1>false</angelegt1><angelegt2>false</angelegt2><einzelpreis>0</einzelpreis><gesamtpreis>0</gesamtpreis><quelle buch="AA" seite="100">AA: 100</quelle><details/><arten>Rüstung</arten></gegenstand><gegenstand><name>Großer Sklaventod</name><anzahl>1</anzahl><grundlage>Großer Sklaventod</grundlage><gewicht>160.0</gewicht><gesamtgewicht>160.0</gesamtgewicht><angelegt>false</angelegt><angelegt1>false</angelegt1><angelegt2>false</angelegt2><einzelpreis>35000</einzelpreis><gesamtpreis>35000</gesamtpreis><quelle buch="AA" seite="84">AA: 84</quelle><details/><arten>Nahkampfwaffe</arten></gegenstand><gegenstand><name>Krötenhaut</name><anzahl>1</anzahl><grundlage>Krötenhaut</grundlage><gewicht>160.0</gewicht><gesamtgewicht>160.0</gesamtgewicht><angelegt>true</angelegt><angelegt1>false</angelegt1><angelegt2>false</angelegt2><einzelpreis>6000</einzelpreis><gesamtpreis>6000</gesamtpreis><quelle buch="AA" seite="102">AA: 102</quelle><details/><arten>Rüstung</arten></gegenstand><gegenstand><name>Wurfbeil</name><anzahl>6</anzahl><grundlage>Wurfbeil</grundlage><gewicht>60.0</gewicht><gesamtgewicht>360.0</gesamtgewicht><angelegt>true</angelegt><angelegt1>false</angelegt1><angelegt2>false</angelegt2><einzelpreis>3500</einzelpreis><gesamtpreis>21000</gesamtpreis><quelle buch="AA" seite="77">AA: 77</quelle><details/><arten>Nahkampfwaffe, Fernkampfwaffe</arten></gegenstand></gegenstaende><verbindungen/><kampfsets><kampfset inbenutzung="true" nr="1" tzm="true" defaultrsmodel="true"><raufen><at>16</at><pa>11</pa><tp>1W+2</tp></raufen><ringen><at>10</at><pa>7</pa><tp>1W+2</tp></ringen><ausweichen>7</ausweichen><ausweichenausweichenmod>0</ausweichenausweichenmod><ausweichenakrobatikmod>0</ausweichenakrobatikmod><ausweichenmod>0</ausweichenmod><geschwindigkeitinklbe>7</geschwindigkeitinklbe><ini>11</ini><ruestungzonen><kopf>0</kopf><brust>4</brust><ruecken>3</ruecken><gesamt>3</gesamt><bauch>3</bauch><linkerarm>5</linkerarm><rechterarm>5</rechterarm><linkesbein>1</linkesbein><rechtesbein>1</rechtesbein><gesamtschutz>3</gesamtschutz><gesamtzonenschutz>3</gesamtzonenschutz><behinderung>1</behinderung></ruestungzonen><nahkampfwaffen inbenutzung="true"><nahkampfwaffe><nummer>1</nummer><möglich>true</möglich><name>Barbarenstreitaxt</name><spalte2>2H/BE-3</spalte2><dk>N </dk><tp>3W+2</tp><tpkk schrittweite="1" schwelle="15">15 / 1</tpkk><ini>-2</ini><wm>-1/-4</wm><at>18</at><pa>12</pa><tpinkl>3W+3</tpinkl><bereich>nahkampf</bereich><bfmin>3</bfmin><bfakt>3</bfakt><waffentalentkurz>2H</waffentalentkurz><waffentalent>Zweihandhiebwaffen</waffentalent><be>BE-3</be></nahkampfwaffe></nahkampfwaffen><fernkampfwaffen inbenutzung="true"><fernkampfwaffe><nummer>1</nummer><name>Wurfbeil</name><spalte2>Wb/BE-2</spalte2><reichweite>0 / 5 / 10 / 15 / 25</reichweite><tp>1W+3</tp><tpmod>0 / 1 / 1 / 0 / -1</tpmod><at>15</at><ladezeit>-1</ladezeit><kampftalent>Wurfbeile</kampftalent></fernkampfwaffe></fernkampfwaffen><schilder inbenutzung="false"/><ruestungen inbenutzung="true"><ruestung><nummer>1</nummer><name>Armschienen (Paar), Stahl</name><grundlage>Armschienen (Paar), Stahl</grundlage><be>*</be><rs>*</rs><kopf>0</kopf><brust>0</brust><ruecken>0</ruecken><bauch>0</bauch><linkerarm>3</linkerarm><rechterarm>3</rechterarm><linkesbein>0</linkesbein><rechtesbein>0</rechtesbein><gesamt>2</gesamt><gesamtzonenschutz>0</gesamtzonenschutz><behinderung>2</behinderung></ruestung><ruestung><nummer>2</nummer><name>Krötenhaut</name><grundlage>Krötenhaut</grundlage><be>2</be><rs>3</rs><kopf>0</kopf><brust>3</brust><ruecken>2</ruecken><bauch>2</bauch><linkerarm>1</linkerarm><rechterarm>1</rechterarm><linkesbein>0</linkesbein><rechtesbein>0</rechtesbein><gesamt>3</gesamt><gesamtzonenschutz>2</gesamtzonenschutz><behinderung>2</behinderung></ruestung><ruestung><nummer>3</nummer><name>Dicke Kleidung</name><grundlage>Dicke Kleidung</grundlage><be>1</be><rs>1</rs><kopf>0</kopf><brust>1</brust><ruecken>1</ruecken><bauch>1</bauch><linkerarm>1</linkerarm><rechterarm>1</rechterarm><linkesbein>1</linkesbein><rechtesbein>1</rechtesbein><gesamt>1</gesamt><gesamtzonenschutz>1</gesamtzonenschutz><behinderung>1</behinderung></ruestung></ruestungen></kampfset><kampfset inbenutzung="true" nr="1" tzm="false" defaultrsmodel="false"><raufen><at>15</at><pa>11</pa><tp>1W+2</tp></raufen><ringen><at>9</at><pa>7</pa><tp>1W+2</tp></ringen><ausweichen>6</ausweichen><ausweichenausweichenmod>0</ausweichenausweichenmod><ausweichenakrobatikmod>0</ausweichenakrobatikmod><ausweichenmod>0</ausweichenmod><geschwindigkeitinklbe>6</geschwindigkeitinklbe><ini>11</ini><ruestungeinfach><gesamt>4</gesamt><behinderung>2</behinderung></ruestungeinfach><nahkampfwaffen inbenutzung="true"><nahkampfwaffe><nummer>1</nummer><möglich>true</möglich><name>Barbarenstreitaxt</name><spalte2>2H/BE-3</spalte2><dk>N </dk><tp>3W+2</tp><tpkk schrittweite="1" schwelle="15">15 / 1</tpkk><ini>-2</ini><wm>-1/-4</wm><at>18</at><pa>12</pa><tpinkl>3W+3</tpinkl><bereich>nahkampf</bereich><bfmin>3</bfmin><bfakt>3</bfakt><waffentalentkurz>2H</waffentalentkurz><waffentalent>Zweihandhiebwaffen</waffentalent><be>BE-3</be></nahkampfwaffe></nahkampfwaffen><fernkampfwaffen inbenutzung="true"><fernkampfwaffe><nummer>1</nummer><name>Wurfbeil</name><spalte2>Wb/BE-2</spalte2><reichweite>0 / 5 / 10 / 15 / 25</reichweite><tp>1W+3</tp><tpmod>0 / 1 / 1 / 0 / -1</tpmod><at>15</at><ladezeit>-1</ladezeit><kampftalent>Wurfbeile</kampftalent></fernkampfwaffe></fernkampfwaffen><schilder inbenutzung="false"/><ruestungen inbenutzung="true"><ruestung><nummer>1</nummer><name>Armschienen (Paar), Stahl</name><grundlage>Armschienen (Paar), Stahl</grundlage><be>*</be><rs>*</rs><kopf>0</kopf><brust>0</brust><ruecken>0</ruecken><bauch>0</bauch><linkerarm>3</linkerarm><rechterarm>3</rechterarm><linkesbein>0</linkesbein><rechtesbein>0</rechtesbein><gesamt>2</gesamt><gesamtzonenschutz>0</gesamtzonenschutz><behinderung>2</behinderung></ruestung><ruestung><nummer>2</nummer><name>Krötenhaut</name><grundlage>Krötenhaut</grundlage><be>2</be><rs>3</rs><kopf>0</kopf><brust>3</brust><ruecken>2</ruecken><bauch>2</bauch><linkerarm>1</linkerarm><rechterarm>1</rechterarm><linkesbein>0</linkesbein><rechtesbein>0</rechtesbein><gesamt>3</gesamt><gesamtzonenschutz>2</gesamtzonenschutz><behinderung>2</behinderung></ruestung><ruestung><nummer>3</nummer><name>Dicke Kleidung</name><grundlage>Dicke Kleidung</grundlage><be>1</be><rs>1</rs><kopf>0</kopf><brust>1</brust><ruecken>1</ruecken><bauch>1</bauch><linkerarm>1</linkerarm><rechterarm>1</rechterarm><linkesbein>1</linkesbein><rechtesbein>1</rechtesbein><gesamt>1</gesamt><gesamtzonenschutz>1</gesamtzonenschutz><behinderung>1</behinderung></ruestung></ruestungen></kampfset><kampfset inbenutzung="false" nr="2" tzm="true" defaultrsmodel="true"><raufen><at>16</at><pa>12</pa><tp>1W+2</tp></raufen><ringen><at>10</at><pa>8</pa><tp>1W+2</tp></ringen><ausweichen>8</ausweichen><ausweichenausweichenmod>0</ausweichenausweichenmod><ausweichenakrobatikmod>0</ausweichenakrobatikmod><ausweichenmod>0</ausweichenmod><geschwindigkeitinklbe>8</geschwindigkeitinklbe><ini>11</ini><ruestungzonen><kopf>0</kopf><brust>0</brust><ruecken>0</ruecken><gesamt>0</gesamt><bauch>0</bauch><linkerarm>0</linkerarm><rechterarm>0</rechterarm><linkesbein>0</linkesbein><rechtesbein>0</rechtesbein><gesamtschutz>0</gesamtschutz><gesamtzonenschutz>0</gesamtzonenschutz><behinderung>0</behinderung></ruestungzonen><nahkampfwaffen inbenutzung="false"/><fernkampfwaffen inbenutzung="false"/><schilder inbenutzung="false"/><ruestungen inbenutzung="false"/></kampfset><kampfset inbenutzung="false" nr="2" tzm="false" defaultrsmodel="false"><raufen><at>16</at><pa>12</pa><tp>1W+2</tp></raufen><ringen><at>10</at><pa>8</pa><tp>1W+2</tp></ringen><ausweichen>8</ausweichen><ausweichenausweichenmod>0</ausweichenausweichenmod><ausweichenakrobatikmod>0</ausweichenakrobatikmod><ausweichenmod>0</ausweichenmod><geschwindigkeitinklbe>8</geschwindigkeitinklbe><ini>11</ini><ruestungeinfach><gesamt>0</gesamt><behinderung>0</behinderung></ruestungeinfach><nahkampfwaffen inbenutzung="false"/><fernkampfwaffen inbenutzung="false"/><schilder inbenutzung="false"/><ruestungen inbenutzung="false"/></kampfset><kampfset inbenutzung="false" nr="3" tzm="true" defaultrsmodel="true"><raufen><at>16</at><pa>12</pa><tp>1W+2</tp></raufen><ringen><at>10</at><pa>8</pa><tp>1W+2</tp></ringen><ausweichen>8</ausweichen><ausweichenausweichenmod>0</ausweichenausweichenmod><ausweichenakrobatikmod>0</ausweichenakrobatikmod><ausweichenmod>0</ausweichenmod><geschwindigkeitinklbe>8</geschwindigkeitinklbe><ini>11</ini><ruestungzonen><kopf>0</kopf><brust>0</brust><ruecken>0</ruecken><gesamt>0</gesamt><bauch>0</bauch><linkerarm>0</linkerarm><rechterarm>0</rechterarm><linkesbein>0</linkesbein><rechtesbein>0</rechtesbein><gesamtschutz>0</gesamtschutz><gesamtzonenschutz>0</gesamtzonenschutz><behinderung>0</behinderung></ruestungzonen><nahkampfwaffen inbenutzung="false"/><fernkampfwaffen inbenutzung="false"/><schilder inbenutzung="false"/><ruestungen inbenutzung="false"/></kampfset><kampfset inbenutzung="false" nr="3" tzm="false" defaultrsmodel="false"><raufen><at>16</at><pa>12</pa><tp>1W+2</tp></raufen><ringen><at>10</at><pa>8</pa><tp>1W+2</tp></ringen><ausweichen>8</ausweichen><ausweichenausweichenmod>0</ausweichenausweichenmod><ausweichenakrobatikmod>0</ausweichenakrobatikmod><ausweichenmod>0</ausweichenmod><geschwindigkeitinklbe>8</geschwindigkeitinklbe><ini>11</ini><ruestungeinfach><gesamt>0</gesamt><behinderung>0</behinderung></ruestungeinfach><nahkampfwaffen inbenutzung="false"/><fernkampfwaffen inbenutzung="false"/><schilder inbenutzung="false"/><ruestungen inbenutzung="false"/></kampfset></kampfsets><ereignisse><ereignis><aktion>EINSTELLUNG</aktion><alterzustand></alterzustand><ap>0</ap><asp>0</asp><bemerkung></bemerkung><date>29.03.2016 20:22</date><kp>0</kp><kommentar></kommentar><lep>0</lep><neuerzustand></neuerzustand><object>max GP für Helden: 110</object><version>HS 5.5.1</version></ereignis><ereignis><aktion>EINSTELLUNG</aktion><alterzustand></alterzustand><ap>0</ap><asp>0</asp><bemerkung></bemerkung><date>29.03.2016 20:22</date><kp>0</kp><kommentar></kommentar><lep>0</lep><neuerzustand></neuerzustand><object>max Eigenschafts-GP für Helden: 100</object><version>HS 5.5.1</version></ereignis><ereignis><aktion>EINSTELLUNG</aktion><alterzustand></alterzustand><ap>0</ap><asp>0</asp><bemerkung></bemerkung><date>29.03.2016 20:22</date><kp>0</kp><kommentar></kommentar><lep>0</lep><neuerzustand></neuerzustand><object>max Eigenschafts-Wert für Helden: 14</object><version>HS 5.5.1</version></ereignis><ereignis><aktion>RKP</aktion><alterzustand>0</alterzustand><ap>0</ap><asp>0</asp><bemerkung></bemerkung><date>29.03.2016 20:22</date><kp>0</kp><kommentar>5 GP</kommentar><lep>0</lep><neuerzustand>0</neuerzustand><object>Rasse: Thorwaler</object><version>HS 5.5.1</version></ereignis><ereignis><aktion>RKP</aktion><alterzustand>0</alterzustand><ap>0</ap><asp>0</asp><bemerkung></bemerkung><date>29.03.2016 20:22</date><kp>0</kp><kommentar>4 GP</kommentar><lep>0</lep><neuerzustand>0</neuerzustand><object>Kultur: Thorwal</object><version>HS 5.5.1</version></ereignis><ereignis><aktion>RKP</aktion><alterzustand>0</alterzustand><ap>0</ap><asp>0</asp><bemerkung></bemerkung><date>29.03.2016 20:22</date><kp>0</kp><kommentar>8 GP</kommentar><lep>0</lep><neuerzustand>0</neuerzustand><object>Profession: Soldat/Seesoldat</object><version>HS 5.5.1</version></ereignis><ereignis><aktion>EIGENSCHAFTEN</aktion><alterzustand>0</alterzustand><ap>0</ap><asp>0</asp><bemerkung></bemerkung><date>29.03.2016 20:22</date><kp>0</kp><kommentar>13 GP</kommentar><lep>0</lep><neuerzustand>14</neuerzustand><object>Mut: 14</object><version>HS 5.5.1</version></ereignis><ereignis><aktion>EIGENSCHAFTEN</aktion><alterzustand>0</alterzustand><ap>0</ap><asp>0</asp><bemerkung></bemerkung><date>29.03.2016 20:22</date><kp>0</kp><kommentar>12 GP</kommentar><lep>0</lep><neuerzustand>12</neuerzustand><object>Klugheit: 12</object><version>HS 5.5.1</version></ereignis><ereignis><aktion>EIGENSCHAFTEN</aktion><alterzustand>0</alterzustand><ap>0</ap><asp>0</asp><bemerkung></bemerkung><date>29.03.2016 20:22</date><kp>0</kp><kommentar>14 GP</kommentar><lep>0</lep><neuerzustand>14</neuerzustand><object>Intuition: 14</object><version>HS 5.5.1</version></ereignis><ereignis><aktion>EIGENSCHAFTEN</aktion><alterzustand>0</alterzustand><ap>0</ap><asp>0</asp><bemerkung></bemerkung><date>29.03.2016 20:22</date><kp>0</kp><kommentar>11 GP</kommentar><lep>0</lep><neuerzustand>11</neuerzustand><object>Charisma: 11</object><version>HS 5.5.1</version></ereignis><ereignis><aktion>EIGENSCHAFTEN</aktion><alterzustand>0</alterzustand><ap>0</ap><asp>0</asp><bemerkung></bemerkung><date>29.03.2016 20:22</date><kp>0</kp><kommentar>9 GP</kommentar><lep>0</lep><neuerzustand>9</neuerzustand><object>Fingerfertigkeit: 9</object><version>HS 5.5.1</version></ereignis><ereignis><aktion>EIGENSCHAFTEN</aktion><alterzustand>0</alterzustand><ap>0</ap><asp>0</asp><bemerkung></bemerkung><date>29.03.2016 20:22</date><kp>0</kp><kommentar>12 GP</kommentar><lep>0</lep><neuerzustand>12</neuerzustand><object>Gewandtheit: 12</object><version>HS 5.5.1</version></ereignis><ereignis><aktion>EIGENSCHAFTEN</aktion><alterzustand>0</alterzustand><ap>0</ap><asp>0</asp><bemerkung></bemerkung><date>29.03.2016 20:22</date><kp>0</kp><kommentar>14 GP</kommentar><lep>0</lep><neuerzustand>15</neuerzustand><object>Konstitution: 15</object><version>HS 5.5.1</version></ereignis><ereignis><aktion>EIGENSCHAFTEN</aktion><alterzustand>0</alterzustand><ap>0</ap><asp>0</asp><bemerkung></bemerkung><date>29.03.2016 20:22</date><kp>0</kp><kommentar>14 GP</kommentar><lep>0</lep><neuerzustand>15</neuerzustand><object>Körperkraft: 15</object><version>HS 5.5.1</version></ereignis><ereignis><aktion>EIGENSCHAFTEN</aktion><alterzustand>0</alterzustand><ap>0</ap><asp>0</asp><bemerkung></bemerkung><date>29.03.2016 20:22</date><kp>0</kp><kommentar>0 GP</kommentar><lep>0</lep><neuerzustand>3</neuerzustand><object>Sozialstatus: 3</object><version>HS 5.5.1</version></ereignis><ereignis><aktion>TALENT</aktion><alterzustand>0</alterzustand><ap>0</ap><asp>0</asp><bemerkung></bemerkung><date>29.03.2016 20:22</date><kp>0</kp><kommentar>21 AP</kommentar><lep>0</lep><neuerzustand>6</neuerzustand><object>Raufen: 6</object><version>HS 5.5.1</version></ereignis><ereignis><aktion>TALENT</aktion><alterzustand>0</alterzustand><ap>0</ap><asp>0</asp><bemerkung></bemerkung><date>29.03.2016 20:22</date><kp>0</kp><kommentar>25 AP</kommentar><lep>0</lep><neuerzustand>7</neuerzustand><object>Raufen: 7</object><version>HS 5.5.1</version></ereignis><ereignis><aktion>TALENT</aktion><alterzustand>0</alterzustand><ap>0</ap><asp>0</asp><bemerkung></bemerkung><date>29.03.2016 20:22</date><kp>0</kp><kommentar>29 AP</kommentar><lep>0</lep><neuerzustand>8</neuerzustand><object>Raufen: 8</object><version>HS 5.5.1</version></ereignis><ereignis><aktion>TALENT</aktion><alterzustand>0</alterzustand><ap>0</ap><asp>0</asp><bemerkung></bemerkung><date>29.03.2016 20:22</date><kp>0</kp><kommentar>33 AP</kommentar><lep>0</lep><neuerzustand>7</neuerzustand><object>Wurfbeile: 7</object><version>HS 5.5.1</version></ereignis><ereignis><aktion>TALENT</aktion><alterzustand>0</alterzustand><ap>0</ap><asp>0</asp><bemerkung></bemerkung><date>29.03.2016 20:22</date><kp>0</kp><kommentar>6 AP</kommentar><lep>0</lep><neuerzustand>2</neuerzustand><object>Zweihandhiebwaffen: 2</object><version>HS 5.5.1</version></ereignis><ereignis><aktion>TALENT</aktion><alterzustand>0</alterzustand><ap>0</ap><asp>0</asp><bemerkung></bemerkung><date>29.03.2016 20:22</date><kp>0</kp><kommentar>9 AP</kommentar><lep>0</lep><neuerzustand>3</neuerzustand><object>Zweihandhiebwaffen: 3</object><version>HS 5.5.1</version></ereignis><ereignis><aktion>TALENT</aktion><alterzustand>0</alterzustand><ap>0</ap><asp>0</asp><bemerkung></bemerkung><date>29.03.2016 20:22</date><kp>0</kp><kommentar>13 AP</kommentar><lep>0</lep><neuerzustand>4</neuerzustand><object>Zweihandhiebwaffen: 4</object><version>HS 5.5.1</version></ereignis><ereignis><aktion>TALENT</aktion><alterzustand>0</alterzustand><ap>0</ap><asp>0</asp><bemerkung></bemerkung><date>29.03.2016 20:22</date><kp>0</kp><kommentar>17 AP</kommentar><lep>0</lep><neuerzustand>5</neuerzustand><object>Zweihandhiebwaffen: 5</object><version>HS 5.5.1</version></ereignis><ereignis><aktion>TALENT</aktion><alterzustand>0</alterzustand><ap>0</ap><asp>0</asp><bemerkung></bemerkung><date>29.03.2016 20:22</date><kp>0</kp><kommentar>21 AP</kommentar><lep>0</lep><neuerzustand>6</neuerzustand><object>Zweihandhiebwaffen: 6</object><version>HS 5.5.1</version></ereignis><ereignis><aktion>TALENT</aktion><alterzustand>0</alterzustand><ap>0</ap><asp>0</asp><bemerkung></bemerkung><date>29.03.2016 20:22</date><kp>0</kp><kommentar>25 AP</kommentar><lep>0</lep><neuerzustand>7</neuerzustand><object>Zweihandhiebwaffen: 7</object><version>HS 5.5.1</version></ereignis><ereignis><aktion>TALENT</aktion><alterzustand>0</alterzustand><ap>0</ap><asp>0</asp><bemerkung></bemerkung><date>29.03.2016 20:22</date><kp>0</kp><kommentar>29 AP</kommentar><lep>0</lep><neuerzustand>8</neuerzustand><object>Zweihandhiebwaffen: 8</object><version>HS 5.5.1</version></ereignis><ereignis><aktion>TALENT</aktion><alterzustand>0</alterzustand><ap>0</ap><asp>0</asp><bemerkung></bemerkung><date>29.03.2016 20:22</date><kp>0</kp><kommentar>34 AP</kommentar><lep>0</lep><neuerzustand>9</neuerzustand><object>Zweihandhiebwaffen: 9</object><version>HS 5.5.1</version></ereignis><ereignis><aktion>TALENT</aktion><alterzustand>0</alterzustand><ap>0</ap><asp>0</asp><bemerkung></bemerkung><date>29.03.2016 20:22</date><kp>0</kp><kommentar>38 AP</kommentar><lep>0</lep><neuerzustand>10</neuerzustand><object>Zweihandhiebwaffen: 10</object><version>HS 5.5.1</version></ereignis><ereignis><aktion>TALENT</aktion><alterzustand>0</alterzustand><ap>0</ap><asp>0</asp><bemerkung></bemerkung><date>29.03.2016 20:22</date><kp>0</kp><kommentar>22 AP</kommentar><lep>0</lep><neuerzustand>5</neuerzustand><object>Athletik: 5</object><version>HS 5.5.1</version></ereignis><ereignis><aktion>TALENT</aktion><alterzustand>0</alterzustand><ap>0</ap><asp>0</asp><bemerkung></bemerkung><date>29.03.2016 20:22</date><kp>0</kp><kommentar>7 AP</kommentar><lep>0</lep><neuerzustand>2</neuerzustand><object>Sinnenschärfe: 2</object><version>HS 5.5.1</version></ereignis><ereignis><aktion>TALENT</aktion><alterzustand>0</alterzustand><ap>0</ap><asp>0</asp><bemerkung></bemerkung><date>29.03.2016 20:22</date><kp>0</kp><kommentar>12 AP</kommentar><lep>0</lep><neuerzustand>3</neuerzustand><object>Sinnenschärfe: 3</object><version>HS 5.5.1</version></ereignis><ereignis><aktion>TALENT</aktion><alterzustand>0</alterzustand><ap>0</ap><asp>0</asp><bemerkung></bemerkung><date>29.03.2016 20:22</date><kp>0</kp><kommentar>17 AP</kommentar><lep>0</lep><neuerzustand>4</neuerzustand><object>Sinnenschärfe: 4</object><version>HS 5.5.1</version></ereignis><ereignis><aktion>TALENT</aktion><alterzustand>0</alterzustand><ap>0</ap><asp>0</asp><bemerkung></bemerkung><date>29.03.2016 20:22</date><kp>0</kp><kommentar>22 AP</kommentar><lep>0</lep><neuerzustand>5</neuerzustand><object>Sinnenschärfe: 5</object><version>HS 5.5.1</version></ereignis><ereignis><aktion>TALENT</aktion><alterzustand>0</alterzustand><ap>0</ap><asp>0</asp><bemerkung></bemerkung><date>29.03.2016 20:22</date><kp>0</kp><kommentar>27 AP</kommentar><lep>0</lep><neuerzustand>6</neuerzustand><object>Sinnenschärfe: 6</object><version>HS 5.5.1</version></ereignis><ereignis><aktion>TALENT</aktion><alterzustand>0</alterzustand><ap>0</ap><asp>0</asp><bemerkung></bemerkung><date>29.03.2016 20:22</date><kp>0</kp><kommentar>14 AP</kommentar><lep>0</lep><neuerzustand>6</neuerzustand><object>Boote fahren: 6</object><version>HS 5.5.1</version></ereignis><ereignis><aktion>TALENT</aktion><alterzustand>0</alterzustand><ap>0</ap><asp>0</asp><bemerkung></bemerkung><date>29.03.2016 20:22</date><kp>0</kp><kommentar>6 AP</kommentar><lep>0</lep><neuerzustand>3</neuerzustand><object>Heilkunde: Wunden: 3</object><version>HS 5.5.1</version></ereignis><ereignis><aktion>TALENT</aktion><alterzustand>0</alterzustand><ap>0</ap><asp>0</asp><bemerkung></bemerkung><date>29.03.2016 20:22</date><kp>0</kp><kommentar>11 AP</kommentar><lep>0</lep><neuerzustand>5</neuerzustand><object>Seefahrt: 5</object><version>HS 5.5.1</version></ereignis><ereignis><aktion>SF</aktion><alterzustand>0</alterzustand><ap>0</ap><asp>0</asp><bemerkung></bemerkung><date>29.03.2016 20:22</date><kp>0</kp><kommentar>75 AP</kommentar><lep>0</lep><neuerzustand>0</neuerzustand><object>Meereskundig</object><version>HS 5.5.1</version></ereignis><ereignis><aktion>SF</aktion><alterzustand>0</alterzustand><ap>0</ap><asp>0</asp><bemerkung></bemerkung><date>29.03.2016 20:22</date><kp>0</kp><kommentar>2 GP</kommentar><lep>0</lep><neuerzustand>0</neuerzustand><object>Waffenloser Kampfstil: Hammerfaust</object><version>HS 5.5.1</version></ereignis><ereignis><aktion>VORTEILE</aktion><alterzustand>0</alterzustand><ap>0</ap><asp>0</asp><bemerkung></bemerkung><date>29.03.2016 20:22</date><kp>0</kp><kommentar>-1 GP</kommentar><lep>0</lep><neuerzustand>0</neuerzustand><object>Aberglaube: 6</object><version>HS 5.5.1</version></ereignis><ereignis><aktion>VORTEILE</aktion><alterzustand>0</alterzustand><ap>0</ap><asp>0</asp><bemerkung></bemerkung><date>29.03.2016 20:22</date><kp>0</kp><kommentar>-10 GP</kommentar><lep>0</lep><neuerzustand>0</neuerzustand><object>Angst vor Spinnen: 10</object><version>HS 5.5.1</version></ereignis><ereignis><aktion>VORTEILE</aktion><alterzustand>0</alterzustand><ap>0</ap><asp>0</asp><bemerkung></bemerkung><date>29.03.2016 20:22</date><kp>0</kp><kommentar>6 GP</kommentar><lep>0</lep><neuerzustand>0</neuerzustand><object>Begabung für [Talent]: Zweihandhiebwaffen</object><version>HS 5.5.1</version></ereignis><ereignis><aktion>VORTEILE</aktion><alterzustand>0</alterzustand><ap>0</ap><asp>0</asp><bemerkung></bemerkung><date>29.03.2016 20:22</date><kp>0</kp><kommentar>-5 GP</kommentar><lep>0</lep><neuerzustand>0</neuerzustand><object>Impulsiv</object><version>HS 5.5.1</version></ereignis><ereignis><aktion>VORTEILE</aktion><alterzustand>0</alterzustand><ap>0</ap><asp>0</asp><bemerkung></bemerkung><date>29.03.2016 20:22</date><kp>0</kp><kommentar>-3 GP</kommentar><lep>0</lep><neuerzustand>0</neuerzustand><object>Jähzorn: 8</object><version>HS 5.5.1</version></ereignis><ereignis><aktion>VORTEILE</aktion><alterzustand>0</alterzustand><ap>0</ap><asp>0</asp><bemerkung></bemerkung><date>29.03.2016 20:22</date><kp>0</kp><kommentar>5 GP</kommentar><lep>0</lep><neuerzustand>0</neuerzustand><object>Kälteresistenz</object><version>HS 5.5.1</version></ereignis><ereignis><aktion>Rüstungsgewöhnung I (Dicke Kleidung)</aktion><alterzustand></alterzustand><ap>0</ap><asp>0</asp><bemerkung></bemerkung><date>29.03.2016 20:22</date><kp>0</kp><kommentar></kommentar><lep>0</lep><neuerzustand></neuerzustand><object>Auswahl</object><version>HS 5.5.1</version></ereignis><ereignis><aktion>Hiebwaffen</aktion><alterzustand></alterzustand><ap>0</ap><asp>0</asp><bemerkung></bemerkung><date>29.03.2016 20:22</date><kp>0</kp><kommentar></kommentar><lep>0</lep><neuerzustand>5</neuerzustand><object>Auswahl</object><version>HS 5.5.1</version></ereignis><ereignis><aktion>Wurfbeile</aktion><alterzustand></alterzustand><ap>0</ap><asp>0</asp><bemerkung></bemerkung><date>29.03.2016 20:22</date><kp>0</kp><kommentar></kommentar><lep>0</lep><neuerzustand>4</neuerzustand><object>Auswahl</object><version>HS 5.5.1</version></ereignis><ereignis><aktion>Ereignis eingeben</aktion><alterzustand></alterzustand><ap>140</ap><asp>0</asp><bemerkung></bemerkung><date>29.03.2016 20:25</date><kp>0</kp><kommentar>Abenteuer: Das Sturmkind Gesamt AP: 140 Verfügbare AP: 140</kommentar><lep>0</lep><neuerzustand></neuerzustand><object>Abenteuerpunkte (Hinzugewinn)</object><version>HS 5.5.1</version></ereignis><ereignis><aktion>Nahkampftalent steigern</aktion><alterzustand>10;0;0</alterzustand><ap>-70</ap><asp>0</asp><bemerkung>Selbststudium</bemerkung><date>29.03.2016 20:25</date><kp>0</kp><kommentar></kommentar><lep>0</lep><neuerzustand>11;0;0</neuerzustand><object>Zweihandhiebwaffen</object><version>HS 5.5.1</version></ereignis><ereignis><aktion>Talent steigern</aktion><alterzustand>5</alterzustand><ap>-14</ap><asp>0</asp><bemerkung>Gegenseitiges Lehren</bemerkung><date>29.03.2016 20:26</date><kp>0</kp><kommentar></kommentar><lep>0</lep><neuerzustand>6</neuerzustand><object>Seefahrt</object><version>HS 5.5.1</version></ereignis><ereignis><aktion>Talent steigern</aktion><alterzustand>3</alterzustand><ap>-8</ap><asp>0</asp><bemerkung>Gegenseitiges Lehren</bemerkung><date>29.03.2016 20:26</date><kp>0</kp><kommentar></kommentar><lep>0</lep><neuerzustand>4</neuerzustand><object>Kriegskunst</object><version>HS 5.5.1</version></ereignis><ereignis><aktion>Talent steigern</aktion><alterzustand>6</alterzustand><ap>-17</ap><asp>0</asp><bemerkung>Gegenseitiges Lehren</bemerkung><date>29.03.2016 20:26</date><kp>0</kp><kommentar></kommentar><lep>0</lep><neuerzustand>7</neuerzustand><object>Boote fahren</object><version>HS 5.5.1</version></ereignis><ereignis><aktion>Talent steigern</aktion><alterzustand>0</alterzustand><ap>-2</ap><asp>0</asp><bemerkung>Gegenseitiges Lehren</bemerkung><date>29.03.2016 20:26</date><kp>0</kp><kommentar></kommentar><lep>0</lep><neuerzustand>1</neuerzustand><object>Überreden</object><version>HS 5.5.1</version></ereignis><ereignis><aktion>Talent steigern</aktion><alterzustand>1</alterzustand><ap>-4</ap><asp>0</asp><bemerkung>Gegenseitiges Lehren</bemerkung><date>29.03.2016 20:26</date><kp>0</kp><kommentar></kommentar><lep>0</lep><neuerzustand>2</neuerzustand><object>Überreden</object><version>HS 5.5.1</version></ereignis><ereignis><aktion>Talent steigern</aktion><alterzustand>2</alterzustand><ap>-6</ap><asp>0</asp><bemerkung>Gegenseitiges Lehren</bemerkung><date>29.03.2016 20:26</date><kp>0</kp><kommentar></kommentar><lep>0</lep><neuerzustand>3</neuerzustand><object>Überreden</object><version>HS 5.5.1</version></ereignis><ereignis><aktion>Talent steigern</aktion><alterzustand>0</alterzustand><ap>-2</ap><asp>0</asp><bemerkung>Gegenseitiges Lehren</bemerkung><date>29.03.2016 20:26</date><kp>0</kp><kommentar></kommentar><lep>0</lep><neuerzustand>1</neuerzustand><object>Fährtensuchen</object><version>HS 5.5.1</version></ereignis><ereignis><aktion>Talent steigern</aktion><alterzustand>1</alterzustand><ap>-4</ap><asp>0</asp><bemerkung>Gegenseitiges Lehren</bemerkung><date>29.03.2016 20:26</date><kp>0</kp><kommentar></kommentar><lep>0</lep><neuerzustand>2</neuerzustand><object>Fährtensuchen</object><version>HS 5.5.1</version></ereignis><ereignis><aktion>Ereignis eingeben</aktion><alterzustand></alterzustand><ap>40</ap><asp>0</asp><bemerkung></bemerkung><date>30.03.2016 18:41</date><kp>0</kp><kommentar>Zusatz: Abenteuer: Das Sturmkind Gesamt AP: 40 Verfügbare AP: 40</kommentar><lep>0</lep><neuerzustand></neuerzustand><object>Sonstiges Ereignis (Hinzugewinn)</object><version>HS 5.5.1</version></ereignis><ereignis><aktion>Talent steigern</aktion><alterzustand>3</alterzustand><ap>-8</ap><asp>0</asp><bemerkung>Gegenseitiges Lehren</bemerkung><date>30.03.2016 18:42</date><kp>0</kp><kommentar></kommentar><lep>0</lep><neuerzustand>4</neuerzustand><object>Heilkunde: Wunden</object><version>HS 5.5.1</version></ereignis><ereignis><aktion>Talent steigern</aktion><alterzustand>0</alterzustand><ap>-2</ap><asp>0</asp><bemerkung>Gegenseitiges Lehren</bemerkung><date>30.03.2016 18:44</date><kp>0</kp><kommentar></kommentar><lep>0</lep><neuerzustand>1</neuerzustand><object>Wildnisleben</object><version>HS 5.5.1</version></ereignis><ereignis><aktion>Talent steigern</aktion><alterzustand>1</alterzustand><ap>-4</ap><asp>0</asp><bemerkung>Gegenseitiges Lehren</bemerkung><date>30.03.2016 18:44</date><kp>0</kp><kommentar></kommentar><lep>0</lep><neuerzustand>2</neuerzustand><object>Wildnisleben</object><version>HS 5.5.1</version></ereignis><ereignis><aktion>Talent steigern</aktion><alterzustand>2</alterzustand><ap>-6</ap><asp>0</asp><bemerkung>Gegenseitiges Lehren</bemerkung><date>30.03.2016 18:44</date><kp>0</kp><kommentar></kommentar><lep>0</lep><neuerzustand>3</neuerzustand><object>Wildnisleben</object><version>HS 5.5.1</version></ereignis><ereignis><aktion>Talent steigern</aktion><alterzustand>3</alterzustand><ap>-8</ap><asp>0</asp><bemerkung>Gegenseitiges Lehren</bemerkung><date>30.03.2016 18:44</date><kp>0</kp><kommentar></kommentar><lep>0</lep><neuerzustand>4</neuerzustand><object>Wildnisleben</object><version>HS 5.5.1</version></ereignis><ereignis><aktion>Talent steigern</aktion><alterzustand>2</alterzustand><ap>-6</ap><asp>0</asp><bemerkung>Gegenseitiges Lehren</bemerkung><date>30.03.2016 18:46</date><kp>0</kp><kommentar></kommentar><lep>0</lep><neuerzustand>3</neuerzustand><object>Menschenkenntnis</object><version>HS 5.5.1</version></ereignis><ereignis><aktion>Talent steigern</aktion><alterzustand>3</alterzustand><ap>-8</ap><asp>0</asp><bemerkung>Gegenseitiges Lehren</bemerkung><date>30.03.2016 18:46</date><kp>0</kp><kommentar></kommentar><lep>0</lep><neuerzustand>4</neuerzustand><object>Menschenkenntnis</object><version>HS 5.5.1</version></ereignis><ereignis><aktion>Talent steigern</aktion><alterzustand>3</alterzustand><ap>-8</ap><asp>0</asp><bemerkung>Gegenseitiges Lehren</bemerkung><date>30.03.2016 18:47</date><kp>0</kp><kommentar></kommentar><lep>0</lep><neuerzustand>4</neuerzustand><object>Überreden</object><version>HS 5.5.1</version></ereignis><ereignis><aktion>Talent steigern</aktion><alterzustand>2</alterzustand><ap>-6</ap><asp>0</asp><bemerkung>Gegenseitiges Lehren</bemerkung><date>30.03.2016 18:47</date><kp>0</kp><kommentar></kommentar><lep>0</lep><neuerzustand>3</neuerzustand><object>Fährtensuchen</object><version>HS 5.5.1</version></ereignis><ereignis><aktion>Ereignis eingeben</aktion><alterzustand></alterzustand><ap>200</ap><asp>0</asp><bemerkung></bemerkung><date>25.04.2016 23:19</date><kp>0</kp><kommentar>Abenteuer: Hotel Esquirio Gesamt AP: 200 Verfügbare AP: 200</kommentar><lep>0</lep><neuerzustand></neuerzustand><object>Abenteuerpunkte (Hinzugewinn)</object><version>HS 5.5.1</version></ereignis><ereignis><aktion>Geld</aktion><alterzustand>D: 0 S: 0 H: 0 K: 0</alterzustand><ap>0</ap><asp>0</asp><bemerkung>Geldbörse</bemerkung><date>25.04.2016 23:20</date><kp>0</kp><kommentar></kommentar><lep>0</lep><neuerzustand>D: 8 S: 1 H: 0 K: 3</neuerzustand><object>Mittelreich</object><version>HS 5.5.1</version></ereignis><ereignis><aktion>Nahkampftalent steigern</aktion><alterzustand>11;7;4</alterzustand><ap>-65</ap><asp>0</asp><bemerkung>SE, Selbststudium</bemerkung><date>25.04.2016 23:30</date><kp>0</kp><kommentar></kommentar><lep>0</lep><neuerzustand>12;7;4</neuerzustand><object>Zweihandhiebwaffen</object><version>HS 5.5.1</version></ereignis><ereignis><aktion>Talent steigern</aktion><alterzustand>2</alterzustand><ap>-3</ap><asp>0</asp><bemerkung>SE, Gegenseitiges Lehren</bemerkung><date>25.04.2016 23:30</date><kp>0</kp><kommentar></kommentar><lep>0</lep><neuerzustand>3</neuerzustand><object>Götter und Kulte</object><version>HS 5.5.1</version></ereignis><ereignis><aktion>Talent steigern</aktion><alterzustand>4</alterzustand><ap>-22</ap><asp>0</asp><bemerkung>Gegenseitiges Lehren</bemerkung><date>25.04.2016 23:30</date><kp>0</kp><kommentar></kommentar><lep>0</lep><neuerzustand>5</neuerzustand><object>Klettern</object><version>HS 5.5.1</version></ereignis><ereignis><aktion>Nachteile senken</aktion><alterzustand>10</alterzustand><ap>-50</ap><asp>0</asp><bemerkung></bemerkung><date>25.04.2016 23:32</date><kp>0</kp><kommentar></kommentar><lep>0</lep><neuerzustand>9</neuerzustand><object>Angst vor Spinnen: 10</object><version>HS 5.5.1</version></ereignis><ereignis><aktion>Ereignis eingeben</aktion><alterzustand></alterzustand><ap>250</ap><asp>0</asp><bemerkung></bemerkung><date>01.06.2016 18:00</date><kp>0</kp><kommentar>Abenteuer: Verführung und Entführung Gesamt AP: 250 Verfügbare AP: 250</kommentar><lep>0</lep><neuerzustand></neuerzustand><object>Abenteuerpunkte (Hinzugewinn)</object><version>HS 5.5.1</version></ereignis><ereignis><aktion>Eigenschaft steigern</aktion><alterzustand>3</alterzustand><ap>0</ap><asp>0</asp><bemerkung></bemerkung><date>01.06.2016 18:00</date><kp>0</kp><kommentar></kommentar><lep>0</lep><neuerzustand>5</neuerzustand><object>Sozialstatus</object><version>HS 5.5.1</version></ereignis><ereignis><aktion>Talent aktivieren</aktion><alterzustand></alterzustand><ap>-5</ap><asp>0</asp><bemerkung>SE</bemerkung><date>01.06.2016 18:11</date><kp>0</kp><kommentar></kommentar><lep>0</lep><neuerzustand>0</neuerzustand><object>Tierkunde</object><version>HS 5.5.1</version></ereignis><ereignis><aktion>Talent steigern</aktion><alterzustand>0</alterzustand><ap>-2</ap><asp>0</asp><bemerkung>Gegenseitiges Lehren</bemerkung><date>01.06.2016 18:11</date><kp>0</kp><kommentar></kommentar><lep>0</lep><neuerzustand>1</neuerzustand><object>Tierkunde</object><version>HS 5.5.1</version></ereignis><ereignis><aktion>Talent steigern</aktion><alterzustand>1</alterzustand><ap>-4</ap><asp>0</asp><bemerkung>Gegenseitiges Lehren</bemerkung><date>01.06.2016 18:11</date><kp>0</kp><kommentar></kommentar><lep>0</lep><neuerzustand>2</neuerzustand><object>Tierkunde</object><version>HS 5.5.1</version></ereignis><ereignis><aktion>Talent steigern</aktion><alterzustand>2</alterzustand><ap>-6</ap><asp>0</asp><bemerkung>Gegenseitiges Lehren</bemerkung><date>01.06.2016 18:11</date><kp>0</kp><kommentar></kommentar><lep>0</lep><neuerzustand>3</neuerzustand><object>Tierkunde</object><version>HS 5.5.1</version></ereignis><ereignis><aktion>Talent steigern</aktion><alterzustand>3</alterzustand><ap>-8</ap><asp>0</asp><bemerkung>Gegenseitiges Lehren</bemerkung><date>01.06.2016 18:11</date><kp>0</kp><kommentar></kommentar><lep>0</lep><neuerzustand>4</neuerzustand><object>Tierkunde</object><version>HS 5.5.1</version></ereignis><ereignis><aktion>Nahkampftalent steigern</aktion><alterzustand>12;8;4</alterzustand><ap>-85</ap><asp>0</asp><bemerkung>Selbststudium</bemerkung><date>01.06.2016 18:11</date><kp>0</kp><kommentar></kommentar><lep>0</lep><neuerzustand>13;8;4</neuerzustand><object>Zweihandhiebwaffen</object><version>HS 5.5.1</version></ereignis><ereignis><aktion>Nahkampftalent steigern</aktion><alterzustand>13;9;4</alterzustand><ap>-95</ap><asp>0</asp><bemerkung>Selbststudium</bemerkung><date>01.06.2016 18:16</date><kp>0</kp><kommentar></kommentar><lep>0</lep><neuerzustand>14;9;4</neuerzustand><object>Zweihandhiebwaffen</object><version>HS 5.5.1</version></ereignis><ereignis><aktion>Talent steigern</aktion><alterzustand>6</alterzustand><ap>-25</ap><asp>0</asp><bemerkung>SE, Gegenseitiges Lehren</bemerkung><date>01.06.2016 18:25</date><kp>0</kp><kommentar></kommentar><lep>0</lep><neuerzustand>7</neuerzustand><object>Schwimmen</object><version>HS 5.5.1</version></ereignis><ereignis><aktion>Nahkampftalent steigern</aktion><alterzustand>8;5;3</alterzustand><ap>-45</ap><asp>0</asp><bemerkung>Selbststudium</bemerkung><date>01.06.2016 18:25</date><kp>0</kp><kommentar></kommentar><lep>0</lep><neuerzustand>9;5;3</neuerzustand><object>Raufen</object><version>HS 5.5.1</version></ereignis><ereignis><aktion>Talent steigern</aktion><alterzustand>5</alterzustand><ap>-27</ap><asp>0</asp><bemerkung>Gegenseitiges Lehren</bemerkung><date>01.06.2016 18:25</date><kp>0</kp><kommentar></kommentar><lep>0</lep><neuerzustand>6</neuerzustand><object>Körperbeherrschung</object><version>HS 5.5.1</version></ereignis><ereignis><aktion>Geld</aktion><alterzustand>D: 8 S: 1 H: 0 K: 3</alterzustand><ap>0</ap><asp>0</asp><bemerkung>Geldbörse</bemerkung><date>01.06.2016 18:45</date><kp>0</kp><kommentar></kommentar><lep>0</lep><neuerzustand>D: 21 S: 2 H: 0 K: 8</neuerzustand><object>Mittelreich</object><version>HS 5.5.1</version></ereignis><ereignis><aktion>Ereignis eingeben</aktion><alterzustand></alterzustand><ap>100</ap><asp>0</asp><bemerkung></bemerkung><date>01.07.2016 23:20</date><kp>0</kp><kommentar>Abenteuer: Der Überfall Gesamt AP: 100 Verfügbare AP: 100</kommentar><lep>0</lep><neuerzustand></neuerzustand><object>Abenteuerpunkte (Hinzugewinn)</object><version>HS 5.5.1</version></ereignis><ereignis><aktion>Ereignis eingeben</aktion><alterzustand></alterzustand><ap>250</ap><asp>0</asp><bemerkung></bemerkung><date>01.07.2016 23:21</date><kp>0</kp><kommentar>Abenteuer: Heldenstatus Gesamt AP: 250 Verfügbare AP: 250</kommentar><lep>0</lep><neuerzustand></neuerzustand><object>Abenteuerpunkte (Hinzugewinn)</object><version>HS 5.5.1</version></ereignis><ereignis><aktion>Ereignis eingeben</aktion><alterzustand></alterzustand><ap>150</ap><asp>0</asp><bemerkung></bemerkung><date>25.07.2016 21:50</date><kp>0</kp><kommentar>Abenteuer: Was das Leben uns aufbürgt Gesamt AP: 150 Verfügbare AP: 150</kommentar><lep>0</lep><neuerzustand></neuerzustand><object>Abenteuerpunkte (Hinzugewinn)</object><version>HS 5.5.1</version></ereignis><ereignis><aktion>Geld</aktion><alterzustand>D: 21 S: 2 H: 0 K: 8</alterzustand><ap>0</ap><asp>0</asp><bemerkung>Geldbörse</bemerkung><date>25.07.2016 21:54</date><kp>0</kp><kommentar></kommentar><lep>0</lep><neuerzustand>D: 35 S: 2 H: 0 K: 8</neuerzustand><object>Mittelreich</object><version>HS 5.5.1</version></ereignis><ereignis><aktion>Nahkampftalent steigern</aktion><alterzustand>14;9;5</alterzustand><ap>-21</ap><asp>0</asp><bemerkung>SE, Lehrmeister</bemerkung><date>25.07.2016 22:01</date><kp>0</kp><kommentar></kommentar><lep>0</lep><neuerzustand>15;9;5</neuerzustand><object>Zweihandhiebwaffen</object><version>HS 5.5.1</version></ereignis><ereignis><aktion>Nahkampftalent steigern</aktion><alterzustand>15;9;5</alterzustand><ap>-45</ap><asp>0</asp><bemerkung>Lehrmeister</bemerkung><date>25.07.2016 22:01</date><kp>0</kp><kommentar></kommentar><lep>0</lep><neuerzustand>16;9;5</neuerzustand><object>Zweihandhiebwaffen</object><version>HS 5.5.1</version></ereignis><ereignis><aktion>Nahkampftalent steigern</aktion><alterzustand>16;9;5</alterzustand><ap>-48</ap><asp>0</asp><bemerkung>Lehrmeister</bemerkung><date>25.07.2016 22:01</date><kp>0</kp><kommentar></kommentar><lep>0</lep><neuerzustand>17;9;5</neuerzustand><object>Zweihandhiebwaffen</object><version>HS 5.5.1</version></ereignis><ereignis><aktion>Nahkampftalent steigern</aktion><alterzustand>17;9;5</alterzustand><ap>-51</ap><asp>0</asp><bemerkung>Lehrmeister</bemerkung><date>25.07.2016 22:01</date><kp>0</kp><kommentar></kommentar><lep>0</lep><neuerzustand>18;9;5</neuerzustand><object>Zweihandhiebwaffen</object><version>HS 5.5.1</version></ereignis><ereignis><aktion>Nahkampftalent steigern</aktion><alterzustand>18;9;5</alterzustand><ap>-55</ap><asp>0</asp><bemerkung>Lehrmeister</bemerkung><date>25.07.2016 22:01</date><kp>0</kp><kommentar></kommentar><lep>0</lep><neuerzustand>19;9;5</neuerzustand><object>Zweihandhiebwaffen</object><version>HS 5.5.1</version></ereignis><ereignis><aktion>Geld</aktion><alterzustand>D: 35 S: 2 H: 0 K: 8</alterzustand><ap>0</ap><asp>0</asp><bemerkung>Geldbörse</bemerkung><date>25.07.2016 22:01</date><kp>0</kp><kommentar></kommentar><lep>0</lep><neuerzustand>D: 3 S: 2 H: 0 K: 8</neuerzustand><object>Mittelreich</object><version>HS 5.5.1</version></ereignis><ereignis><aktion>Ereignis eingeben</aktion><alterzustand></alterzustand><ap>157</ap><asp>0</asp><bemerkung></bemerkung><date>12.09.2016 18:20</date><kp>0</kp><kommentar>Abenteuer: Der Auftrag Gesamt AP: 157 Verfügbare AP: 157</kommentar><lep>0</lep><neuerzustand></neuerzustand><object>Abenteuerpunkte (Hinzugewinn)</object><version>HS 5.5.1</version></ereignis><ereignis><aktion>Ereignis eingeben</aktion><alterzustand></alterzustand><ap>100</ap><asp>0</asp><bemerkung></bemerkung><date>12.09.2016 18:20</date><kp>0</kp><kommentar>Abenteuer: Weiß nich mehr aber war kurz dabei Gesamt AP: 100 Verfügbare AP: 100</kommentar><lep>0</lep><neuerzustand></neuerzustand><object>Abenteuerpunkte (Hinzugewinn)</object><version>HS 5.5.1</version></ereignis><ereignis><aktion>Eigenschaft steigern</aktion><alterzustand>14</alterzustand><ap>-450</ap><asp>0</asp><bemerkung></bemerkung><date>12.09.2016 18:20</date><kp>0</kp><kommentar></kommentar><lep>0</lep><neuerzustand>15</neuerzustand><object>Körperkraft</object><version>HS 5.5.1</version></ereignis><ereignis><aktion>Nahkampftalent steigern</aktion><alterzustand>9;6;3</alterzustand><ap>-50</ap><asp>0</asp><bemerkung>Selbststudium</bemerkung><date>12.09.2016 18:21</date><kp>0</kp><kommentar></kommentar><lep>0</lep><neuerzustand>10;6;3</neuerzustand><object>Raufen</object><version>HS 5.5.1</version></ereignis><ereignis><aktion>Talent steigern</aktion><alterzustand>4</alterzustand><ap>-11</ap><asp>0</asp><bemerkung>Gegenseitiges Lehren</bemerkung><date>13.09.2016 17:12</date><kp>0</kp><kommentar></kommentar><lep>0</lep><neuerzustand>5</neuerzustand><object>Kriegskunst</object><version>HS 5.5.1</version></ereignis><ereignis><aktion>Talent steigern</aktion><alterzustand>4</alterzustand><ap>-11</ap><asp>0</asp><bemerkung>Gegenseitiges Lehren</bemerkung><date>13.09.2016 17:13</date><kp>0</kp><kommentar></kommentar><lep>0</lep><neuerzustand>5</neuerzustand><object>Tierkunde</object><version>HS 5.5.1</version></ereignis><ereignis><aktion>Talent steigern</aktion><alterzustand>5</alterzustand><ap>-14</ap><asp>0</asp><bemerkung>Gegenseitiges Lehren</bemerkung><date>13.09.2016 17:13</date><kp>0</kp><kommentar></kommentar><lep>0</lep><neuerzustand>6</neuerzustand><object>Tierkunde</object><version>HS 5.5.1</version></ereignis><ereignis><aktion>Talent steigern</aktion><alterzustand>3</alterzustand><ap>-8</ap><asp>0</asp><bemerkung>Gegenseitiges Lehren</bemerkung><date>13.09.2016 17:13</date><kp>0</kp><kommentar></kommentar><lep>0</lep><neuerzustand>4</neuerzustand><object>Fährtensuchen</object><version>HS 5.5.1</version></ereignis><ereignis><aktion>Geld</aktion><alterzustand>D: 3 S: 2 H: 0 K: 8</alterzustand><ap>0</ap><asp>0</asp><bemerkung>Geldbörse</bemerkung><date>13.09.2016 17:16</date><kp>0</kp><kommentar></kommentar><lep>0</lep><neuerzustand>D: 6 S: 6 H: 0 K: 8</neuerzustand><object>Mittelreich</object><version>HS 5.5.1</version></ereignis><ereignis><aktion>Ereignis eingeben</aktion><alterzustand></alterzustand><ap>100</ap><asp>0</asp><bemerkung></bemerkung><date>16.09.2016 22:53</date><kp>0</kp><kommentar>Abenteuer: Gorße Ereignisse werfen ihren Schatten Gesamt AP: 100 Verfügbare AP: 100</kommentar><lep>0</lep><neuerzustand></neuerzustand><object>Abenteuerpunkte (Hinzugewinn)</object><version>HS 5.5.1</version></ereignis><ereignis><aktion>Talent steigern</aktion><alterzustand>0</alterzustand><ap>-2</ap><asp>0</asp><bemerkung>SE, Gegenseitiges Lehren</bemerkung><date>16.09.2016 22:53</date><kp>0</kp><kommentar></kommentar><lep>0</lep><neuerzustand>1</neuerzustand><object>Singen</object><version>HS 5.5.1</version></ereignis><ereignis><aktion>Talent steigern</aktion><alterzustand>2</alterzustand><ap>-9</ap><asp>0</asp><bemerkung>SE, Gegenseitiges Lehren</bemerkung><date>16.09.2016 22:53</date><kp>0</kp><kommentar></kommentar><lep>0</lep><neuerzustand>3</neuerzustand><object>Selbstbeherrschung</object><version>HS 5.5.1</version></ereignis><ereignis><aktion>Talent steigern</aktion><alterzustand>6</alterzustand><ap>-8</ap><asp>0</asp><bemerkung>SE, Gegenseitiges Lehren</bemerkung><date>16.09.2016 22:53</date><kp>0</kp><kommentar></kommentar><lep>0</lep><neuerzustand>7</neuerzustand><object>Sagen und Legenden</object><version>HS 5.5.1</version></ereignis><ereignis><aktion>Talent steigern</aktion><alterzustand>5</alterzustand><ap>-27</ap><asp>0</asp><bemerkung>Gegenseitiges Lehren</bemerkung><date>16.09.2016 22:54</date><kp>0</kp><kommentar></kommentar><lep>0</lep><neuerzustand>6</neuerzustand><object>Athletik</object><version>HS 5.5.1</version></ereignis><ereignis><aktion>Talent steigern</aktion><alterzustand>4</alterzustand><ap>-11</ap><asp>0</asp><bemerkung>Gegenseitiges Lehren</bemerkung><date>16.09.2016 22:54</date><kp>0</kp><kommentar></kommentar><lep>0</lep><neuerzustand>5</neuerzustand><object>Fährtensuchen</object><version>HS 5.5.1</version></ereignis><ereignis><aktion>Talent steigern</aktion><alterzustand>5</alterzustand><ap>-14</ap><asp>0</asp><bemerkung>Gegenseitiges Lehren</bemerkung><date>16.09.2016 22:54</date><kp>0</kp><kommentar></kommentar><lep>0</lep><neuerzustand>6</neuerzustand><object>Fährtensuchen</object><version>HS 5.5.1</version></ereignis><ereignis><aktion>Talent steigern</aktion><alterzustand>4</alterzustand><ap>-11</ap><asp>0</asp><bemerkung>Gegenseitiges Lehren</bemerkung><date>16.09.2016 22:55</date><kp>0</kp><kommentar></kommentar><lep>0</lep><neuerzustand>5</neuerzustand><object>Wildnisleben</object><version>HS 5.5.1</version></ereignis><ereignis><aktion>Ereignis eingeben</aktion><alterzustand></alterzustand><ap>120</ap><asp>0</asp><bemerkung></bemerkung><date>09.10.2016 16:17</date><kp>0</kp><kommentar>Abenteuer: Sturmgeboren Gesamt AP: 120 Verfügbare AP: 120</kommentar><lep>0</lep><neuerzustand></neuerzustand><object>Abenteuerpunkte (Hinzugewinn)</object><version>HS 5.5.1</version></ereignis><ereignis><aktion>Talent steigern</aktion><alterzustand>6</alterzustand><ap>-33</ap><asp>0</asp><bemerkung>Gegenseitiges Lehren</bemerkung><date>17.10.2016 20:14</date><kp>0</kp><kommentar></kommentar><lep>0</lep><neuerzustand>7</neuerzustand><object>Athletik</object><version>HS 5.5.1</version></ereignis><ereignis><aktion>Ereignis eingeben</aktion><alterzustand></alterzustand><ap>120</ap><asp>0</asp><bemerkung></bemerkung><date>14.11.2016 13:32</date><kp>0</kp><kommentar>Abenteuer: Traum Gesamt AP: 120 Verfügbare AP: 120</kommentar><lep>0</lep><neuerzustand></neuerzustand><object>Abenteuerpunkte (Hinzugewinn)</object><version>HS 5.5.1</version></ereignis><ereignis><aktion>Ereignis eingeben</aktion><alterzustand></alterzustand><ap>300</ap><asp>0</asp><bemerkung></bemerkung><date>11.12.2016 23:20</date><kp>0</kp><kommentar>Abenteuer: Unliebsame Freunde Gesamt AP: 300 Verfügbare AP: 300</kommentar><lep>0</lep><neuerzustand></neuerzustand><object>Abenteuerpunkte (Hinzugewinn)</object><version>HS 5.5.1</version></ereignis><ereignis><aktion>Talent aktivieren</aktion><alterzustand></alterzustand><ap>-20</ap><asp>0</asp><bemerkung></bemerkung><date>11.12.2016 23:36</date><kp>0</kp><kommentar></kommentar><lep>0</lep><neuerzustand>0</neuerzustand><object>Reiten</object><version>HS 5.5.1</version></ereignis><ereignis><aktion>Talent steigern</aktion><alterzustand>0</alterzustand><ap>-3</ap><asp>0</asp><bemerkung>Gegenseitiges Lehren</bemerkung><date>11.12.2016 23:36</date><kp>0</kp><kommentar></kommentar><lep>0</lep><neuerzustand>1</neuerzustand><object>Reiten</object><version>HS 5.5.1</version></ereignis><ereignis><aktion>Talent steigern</aktion><alterzustand>1</alterzustand><ap>-7</ap><asp>0</asp><bemerkung>Gegenseitiges Lehren</bemerkung><date>11.12.2016 23:36</date><kp>0</kp><kommentar></kommentar><lep>0</lep><neuerzustand>2</neuerzustand><object>Reiten</object><version>HS 5.5.1</version></ereignis><ereignis><aktion>Talent steigern</aktion><alterzustand>2</alterzustand><ap>-12</ap><asp>0</asp><bemerkung>Gegenseitiges Lehren</bemerkung><date>11.12.2016 23:36</date><kp>0</kp><kommentar></kommentar><lep>0</lep><neuerzustand>3</neuerzustand><object>Reiten</object><version>HS 5.5.1</version></ereignis><ereignis><aktion>Talent steigern</aktion><alterzustand>2</alterzustand><ap>-6</ap><asp>0</asp><bemerkung>Gegenseitiges Lehren</bemerkung><date>11.12.2016 23:37</date><kp>0</kp><kommentar></kommentar><lep>0</lep><neuerzustand>3</neuerzustand><object>Etikette</object><version>HS 5.5.1</version></ereignis><ereignis><aktion>Talent steigern</aktion><alterzustand>3</alterzustand><ap>-8</ap><asp>0</asp><bemerkung>Gegenseitiges Lehren</bemerkung><date>11.12.2016 23:37</date><kp>0</kp><kommentar></kommentar><lep>0</lep><neuerzustand>4</neuerzustand><object>Etikette</object><version>HS 5.5.1</version></ereignis><ereignis><aktion>Talent steigern</aktion><alterzustand>4</alterzustand><ap>-11</ap><asp>0</asp><bemerkung>Gegenseitiges Lehren</bemerkung><date>11.12.2016 23:37</date><kp>0</kp><kommentar></kommentar><lep>0</lep><neuerzustand>5</neuerzustand><object>Etikette</object><version>HS 5.5.1</version></ereignis><ereignis><aktion>Talent steigern</aktion><alterzustand>0</alterzustand><ap>-1</ap><asp>0</asp><bemerkung>Gegenseitiges Lehren</bemerkung><date>11.12.2016 23:37</date><kp>0</kp><kommentar></kommentar><lep>0</lep><neuerzustand>1</neuerzustand><object>Lesen/Schreiben Kusliker Zeichen</object><version>HS 5.5.1</version></ereignis><ereignis><aktion>Talent steigern</aktion><alterzustand>1</alterzustand><ap>-2</ap><asp>0</asp><bemerkung>Gegenseitiges Lehren</bemerkung><date>11.12.2016 23:37</date><kp>0</kp><kommentar></kommentar><lep>0</lep><neuerzustand>2</neuerzustand><object>Lesen/Schreiben Kusliker Zeichen</object><version>HS 5.5.1</version></ereignis><ereignis><aktion>Talent steigern</aktion><alterzustand>2</alterzustand><ap>-3</ap><asp>0</asp><bemerkung>Gegenseitiges Lehren</bemerkung><date>11.12.2016 23:37</date><kp>0</kp><kommentar></kommentar><lep>0</lep><neuerzustand>3</neuerzustand><object>Lesen/Schreiben Kusliker Zeichen</object><version>HS 5.5.1</version></ereignis><ereignis><aktion>Talent steigern</aktion><alterzustand>3</alterzustand><ap>-4</ap><asp>0</asp><bemerkung>Gegenseitiges Lehren</bemerkung><date>11.12.2016 23:37</date><kp>0</kp><kommentar></kommentar><lep>0</lep><neuerzustand>4</neuerzustand><object>Lesen/Schreiben Kusliker Zeichen</object><version>HS 5.5.1</version></ereignis><ereignis><aktion>Talent steigern</aktion><alterzustand>4</alterzustand><ap>-6</ap><asp>0</asp><bemerkung>Gegenseitiges Lehren</bemerkung><date>11.12.2016 23:37</date><kp>0</kp><kommentar></kommentar><lep>0</lep><neuerzustand>5</neuerzustand><object>Lesen/Schreiben Kusliker Zeichen</object><version>HS 5.5.1</version></ereignis><ereignis><aktion>Talent steigern</aktion><alterzustand>0</alterzustand><ap>-2</ap><asp>0</asp><bemerkung>Gegenseitiges Lehren</bemerkung><date>11.12.2016 23:37</date><kp>0</kp><kommentar></kommentar><lep>0</lep><neuerzustand>1</neuerzustand><object>Rechnen</object><version>HS 5.5.1</version></ereignis><ereignis><aktion>Talent steigern</aktion><alterzustand>1</alterzustand><ap>-4</ap><asp>0</asp><bemerkung>Gegenseitiges Lehren</bemerkung><date>11.12.2016 23:37</date><kp>0</kp><kommentar></kommentar><lep>0</lep><neuerzustand>2</neuerzustand><object>Rechnen</object><version>HS 5.5.1</version></ereignis><ereignis><aktion>Talent steigern</aktion><alterzustand>2</alterzustand><ap>-6</ap><asp>0</asp><bemerkung>Gegenseitiges Lehren</bemerkung><date>11.12.2016 23:37</date><kp>0</kp><kommentar></kommentar><lep>0</lep><neuerzustand>3</neuerzustand><object>Rechnen</object><version>HS 5.5.1</version></ereignis><ereignis><aktion>Talent steigern</aktion><alterzustand>3</alterzustand><ap>-8</ap><asp>0</asp><bemerkung>Gegenseitiges Lehren</bemerkung><date>11.12.2016 23:40</date><kp>0</kp><kommentar></kommentar><lep>0</lep><neuerzustand>4</neuerzustand><object>Rechnen</object><version>HS 5.5.1</version></ereignis></ereignisse></daten>