<?xml version="1.0" encoding="UTF-8" standalone="yes"?><daten><config><rsmodell>zone</rsmodell><datum>02.07.2018</datum><uhrzeit>19:55</uhrzeit><geldkreise>false</geldkreise><metatalente>false</metatalente><zauberquellen>true</zauberquellen><namenaufseiten>false</namenaufseiten></config><angaben><augenfarbe>dunkelbraun</augenfarbe><geburtstag>28. Firun 1003 BF</geburtstag><alter>21</alter><geschlecht>männlich</geschlecht><groesse>170</groesse><gewicht>70</gewicht><haarfarbe>dunkelblond</haarfarbe><stand></stand><titel></titel><name>Therald Taal</name><bildPfad></bildPfad><aussehen><a0></a0><a1></a1><a2></a2><a3></a3><text></text></aussehen><familie><f0></f0><f1></f1><f2></f2><f3></f3><f4></f4><f5></f5><text></text></familie><notizen><n0>Notizen</n0><n1></n1><n2></n2><n3></n3><n4></n4><n5></n5><n6></n6><n7></n7><n8></n8><n9></n9><n10></n10><n11></n11><text>Notizen</text></notizen><profession><text>Entdecker/Kartograph</text><textkurz>Entdecker/Kartograph</textkurz></profession><ap><gesamt>560</gesamt><frei>0</frei><genutzt>560</genutzt></ap><gp><start>110</start><rest>0</rest></gp><stufe40><akt>3</akt><max>3</max><lang>3 [3]</lang></stufe40><stufe41><akt>0</akt><max>0</max><lang>0 [0]</lang></stufe41><gilde></gilde><magisch>false</magisch><geweiht>false</geweiht><rasse>Mittelländer</rasse><kultur>Mittelländische Städte</kultur><aspregeneration></aspregeneration><leregeneration>1W6</leregeneration><heldenversion>50504</heldenversion><wundschwelle>7</wundschwelle></angaben><eigenschaften><geschwindigkeit><akt>8</akt><start>8</start><modi>0</modi><name>Geschwindigkeit</name><bereich>sonst</bereich></geschwindigkeit><mut><akt>12</akt><start>12</start><modi>0</modi><name>Mut</name><bereich>guteeigenschaft</bereich></mut><klugheit><akt>14</akt><start>14</start><modi>0</modi><name>Klugheit</name><bereich>guteeigenschaft</bereich></klugheit><intuition><akt>14</akt><start>14</start><modi>0</modi><name>Intuition</name><bereich>guteeigenschaft</bereich></intuition><charisma><akt>11</akt><start>11</start><modi>0</modi><name>Charisma</name><bereich>guteeigenschaft</bereich></charisma><fingerfertigkeit><akt>14</akt><start>14</start><modi>0</modi><name>Fingerfertigkeit</name><bereich>guteeigenschaft</bereich></fingerfertigkeit><gewandtheit><akt>12</akt><start>12</start><modi>0</modi><name>Gewandtheit</name><bereich>guteeigenschaft</bereich></gewandtheit><konstitution><akt>13</akt><start>13</start><modi>0</modi><name>Konstitution</name><bereich>guteeigenschaft</bereich></konstitution><koerperkraft><akt>10</akt><start>10</start><modi>0</modi><name>Körperkraft</name><bereich>guteeigenschaft</bereich></koerperkraft><sozialstatus><akt>6</akt><start>6</start><modi>0</modi><name>Sozialstatus</name><bereich>guteeigenschaft</bereich></sozialstatus><astralenergie><akt>0</akt><start>0</start><modi>0</modi><name>Astralenergie</name><bereich>sonst</bereich><kaufbar>0</kaufbar><gekauft>0</gekauft></astralenergie><attacke><akt>7</akt><start>7</start><modi>0</modi><name>Attacke</name><bereich>sonst</bereich></attacke><ausdauer><akt>29</akt><start>19</start><modi>10</modi><name>Ausdauer</name><bereich>sonst</bereich><kaufbar>13</kaufbar><gekauft>0</gekauft><akt50>15</akt50><akt33>10</akt33><akt25>7</akt25></ausdauer><fernkampf-basis><akt>8</akt><start>8</start><modi>0</modi><name>Fernkampf-Basis</name><bereich>sonst</bereich></fernkampf-basis><initiative><akt>10</akt><start>10</start><modi>0</modi><name>Initiative</name><bereich>sonst</bereich></initiative><karmaenergie><akt>0</akt><start>0</start><modi>0</modi><name>Karmaenergie</name><bereich>sonst</bereich><kaufbar>14</kaufbar><gekauft>0</gekauft></karmaenergie><lebensenergie><akt>28</akt><start>18</start><modi>10</modi><name>Lebensenergie</name><bereich>sonst</bereich><kaufbar>7</kaufbar><gekauft>0</gekauft><akt50>14</akt50><akt33>9</akt33><akt25>7</akt25></lebensenergie><magieresistenz><akt>4</akt><start>8</start><modi>-4</modi><name>Magieresistenz</name><bereich>sonst</bereich><kaufbar>6</kaufbar><gekauft>0</gekauft></magieresistenz><parade><akt>7</akt><start>7</start><modi>0</modi><name>Parade</name><bereich>sonst</bereich></parade></eigenschaften><münzen/><vorteile><vorteil><bezeichner>Akademische Ausbildung (Gelehrter)</bezeichner><name>Akademische Ausbildung (Gelehrter)</name><kommentar></kommentar><namemitkommentar>Akademische Ausbildung (Gelehrter)</namemitkommentar><istvorteil>true</istvorteil><istnachteil>false</istnachteil><bereich>Sonst</bereich></vorteil><vorteil><bezeichner>Innerer Kompass</bezeichner><name>Innerer Kompass</name><kommentar></kommentar><namemitkommentar>Innerer Kompass</namemitkommentar><istvorteil>true</istvorteil><istnachteil>false</istnachteil><bereich>Sonst</bereich></vorteil><vorteil><bezeichner>Neugier</bezeichner><name>Neugier: 7</name><kommentar></kommentar><namemitkommentar>Neugier: 7</namemitkommentar><istvorteil>false</istvorteil><istnachteil>true</istnachteil><istschlechteeigenschaft>true</istschlechteeigenschaft><wert>7</wert><bereich>Sonst</bereich></vorteil></vorteile><sonderfertigkeiten><sonderfertigkeit><nameausfuehrlich>Kulturkunde (Mittelreich)</nameausfuehrlich><name>Kulturkunde (Mittelreich)</name><bezeichner>Kulturkunde</bezeichner><auswahlen><auswahl><name>Mittelreich</name><feld feldname="1" nr="1">Mittelreich</feld></auswahl></auswahlen><namemitkommentar>Kulturkunde (Mittelreich)</namemitkommentar><bereich>Sonst</bereich></sonderfertigkeit><sonderfertigkeit><nameausfuehrlich>Meereskundig</nameausfuehrlich><name>Meereskundig</name><bezeichner>Meereskundig</bezeichner><wirkung></wirkung><dauer></dauer><kosten></kosten><probe></probe><kommentar></kommentar><namemitkommentar>Meereskundig</namemitkommentar><bereich>Geländekunde</bereich><bereich>Sonst</bereich></sonderfertigkeit><sonderfertigkeit><nameausfuehrlich>Nandusgefälliges Wissen</nameausfuehrlich><name>Nandusgefälliges Wissen</name><bezeichner>Nandusgefälliges Wissen</bezeichner><wirkung></wirkung><dauer></dauer><kosten></kosten><probe></probe><kommentar></kommentar><namemitkommentar>Nandusgefälliges Wissen</namemitkommentar><bereich>Sonst</bereich></sonderfertigkeit><sonderfertigkeit><nameausfuehrlich>Ortskenntnis (Stadtteil/Kleinstadt)</nameausfuehrlich><name>Ortskenntnis (Stadtteil/Kleinstadt)</name><bezeichner>Ortskenntnis</bezeichner><auswahlen><auswahl><name>Stadtteil/Kleinstadt</name><feld feldname="1" nr="1">Stadtteil/Kleinstadt</feld></auswahl></auswahlen><namemitkommentar>Ortskenntnis (Stadtteil/Kleinstadt)</namemitkommentar><bereich>Sonst</bereich></sonderfertigkeit></sonderfertigkeiten><verbilligtesonderfertigkeiten/><talentliste><talent><name>Armbrust</name><meisterhandwerk>false</meisterhandwerk><leittalent>false</leittalent><basis>false</basis><nameausfuehrlich>Armbrust</nameausfuehrlich><wert>2</wert><probe>GE/FF/KK</probe><probenwerte>12/14/10</probenwerte><nameausfuehrlichmitprobe>Armbrust (GE/FF/KK)</nameausfuehrlichmitprobe><at>10</at><pa></pa><behinderung>BE-5</behinderung><mirakelplus>false</mirakelplus><mirakelminus>false</mirakelminus><metatalent>false</metatalent><bereich>Kampf</bereich><komplexität>C</komplexität><lernkomplexität>C</lernkomplexität><spezialisierungen></spezialisierungen></talent><talent><name>Bogen</name><meisterhandwerk>false</meisterhandwerk><leittalent>false</leittalent><basis>false</basis><nameausfuehrlich>Bogen</nameausfuehrlich><wert>1</wert><probe>GE/FF/KK</probe><probenwerte>12/14/10</probenwerte><nameausfuehrlichmitprobe>Bogen (GE/FF/KK)</nameausfuehrlichmitprobe><at>9</at><pa></pa><behinderung>BE-3</behinderung><mirakelplus>false</mirakelplus><mirakelminus>false</mirakelminus><metatalent>false</metatalent><bereich>Kampf</bereich><komplexität>E</komplexität><lernkomplexität>E</lernkomplexität><spezialisierungen></spezialisierungen></talent><talent><name>Dolche</name><meisterhandwerk>false</meisterhandwerk><leittalent>false</leittalent><basis>true</basis><nameausfuehrlich>Dolche  (B)</nameausfuehrlich><wert>1</wert><probe>GE/GE/KK</probe><probenwerte>12/12/10</probenwerte><nameausfuehrlichmitprobe>Dolche  (B)(GE/GE/KK)</nameausfuehrlichmitprobe><at>8</at><pa>7</pa><behinderung>BE-1</behinderung><mirakelplus>false</mirakelplus><mirakelminus>false</mirakelminus><metatalent>false</metatalent><bereich>Kampf</bereich><komplexität>D</komplexität><lernkomplexität>D</lernkomplexität><spezialisierungen></spezialisierungen></talent><talent><name>Hiebwaffen</name><meisterhandwerk>false</meisterhandwerk><leittalent>false</leittalent><basis>true</basis><nameausfuehrlich>Hiebwaffen  (B)</nameausfuehrlich><wert>0</wert><probe>GE/GE/KK</probe><probenwerte>12/12/10</probenwerte><nameausfuehrlichmitprobe>Hiebwaffen  (B)(GE/GE/KK)</nameausfuehrlichmitprobe><at>7</at><pa>7</pa><behinderung>BE-4</behinderung><mirakelplus>false</mirakelplus><mirakelminus>false</mirakelminus><metatalent>false</metatalent><bereich>Kampf</bereich><komplexität>D</komplexität><lernkomplexität>D</lernkomplexität><spezialisierungen></spezialisierungen></talent><talent><name>Infanteriewaffen</name><meisterhandwerk>false</meisterhandwerk><leittalent>false</leittalent><basis>false</basis><nameausfuehrlich>Infanteriewaffen</nameausfuehrlich><wert>1</wert><probe>GE/GE/KK</probe><probenwerte>12/12/10</probenwerte><nameausfuehrlichmitprobe>Infanteriewaffen (GE/GE/KK)</nameausfuehrlichmitprobe><at>8</at><pa>7</pa><behinderung>BE-3</behinderung><mirakelplus>false</mirakelplus><mirakelminus>false</mirakelminus><metatalent>false</metatalent><bereich>Kampf</bereich><komplexität>D</komplexität><lernkomplexität>D</lernkomplexität><spezialisierungen></spezialisierungen></talent><talent><name>Raufen</name><meisterhandwerk>false</meisterhandwerk><leittalent>false</leittalent><basis>true</basis><nameausfuehrlich>Raufen  (B)</nameausfuehrlich><wert>1</wert><probe>GE/GE/KK</probe><probenwerte>12/12/10</probenwerte><nameausfuehrlichmitprobe>Raufen  (B)(GE/GE/KK)</nameausfuehrlichmitprobe><at>8</at><pa>7</pa><behinderung>BE</behinderung><mirakelplus>false</mirakelplus><mirakelminus>false</mirakelminus><metatalent>false</metatalent><bereich>Kampf</bereich><komplexität>C</komplexität><lernkomplexität>C</lernkomplexität><spezialisierungen></spezialisierungen></talent><talent><name>Ringen</name><meisterhandwerk>false</meisterhandwerk><leittalent>false</leittalent><basis>true</basis><nameausfuehrlich>Ringen  (B)</nameausfuehrlich><wert>0</wert><probe>GE/GE/KK</probe><probenwerte>12/12/10</probenwerte><nameausfuehrlichmitprobe>Ringen  (B)(GE/GE/KK)</nameausfuehrlichmitprobe><at>7</at><pa>7</pa><behinderung>BE</behinderung><mirakelplus>false</mirakelplus><mirakelminus>false</mirakelminus><metatalent>false</metatalent><bereich>Kampf</bereich><komplexität>D</komplexität><lernkomplexität>D</lernkomplexität><spezialisierungen></spezialisierungen></talent><talent><name>Säbel</name><meisterhandwerk>false</meisterhandwerk><leittalent>false</leittalent><basis>true</basis><nameausfuehrlich>Säbel  (B)</nameausfuehrlich><wert>2</wert><probe>GE/GE/KK</probe><probenwerte>12/12/10</probenwerte><nameausfuehrlichmitprobe>Säbel  (B)(GE/GE/KK)</nameausfuehrlichmitprobe><at>9</at><pa>7</pa><behinderung>BE-2</behinderung><mirakelplus>false</mirakelplus><mirakelminus>false</mirakelminus><metatalent>false</metatalent><bereich>Kampf</bereich><komplexität>D</komplexität><lernkomplexität>D</lernkomplexität><spezialisierungen></spezialisierungen></talent><talent><name>Wurfmesser</name><meisterhandwerk>false</meisterhandwerk><leittalent>false</leittalent><basis>true</basis><nameausfuehrlich>Wurfmesser  (B)</nameausfuehrlich><wert>0</wert><probe>GE/FF/KK</probe><probenwerte>12/14/10</probenwerte><nameausfuehrlichmitprobe>Wurfmesser  (B)(GE/FF/KK)</nameausfuehrlichmitprobe><at>8</at><pa></pa><behinderung>BE-3</behinderung><mirakelplus>false</mirakelplus><mirakelminus>false</mirakelminus><metatalent>false</metatalent><bereich>Kampf</bereich><komplexität>C</komplexität><lernkomplexität>C</lernkomplexität><spezialisierungen></spezialisierungen></talent><talent><name>Athletik</name><meisterhandwerk>false</meisterhandwerk><leittalent>false</leittalent><basis>true</basis><nameausfuehrlich>Athletik  (B)</nameausfuehrlich><wert>3</wert><probe>GE/KO/KK</probe><probenwerte>12/13/10</probenwerte><nameausfuehrlichmitprobe>Athletik  (B)(GE/KO/KK)</nameausfuehrlichmitprobe><behinderung>BEx2</behinderung><mirakelplus>false</mirakelplus><mirakelminus>false</mirakelminus><metatalent>false</metatalent><bereich>Körperlich</bereich><komplexität>D</komplexität><lernkomplexität>D</lernkomplexität><spezialisierungen></spezialisierungen></talent><talent><name>Klettern</name><meisterhandwerk>false</meisterhandwerk><leittalent>false</leittalent><basis>true</basis><nameausfuehrlich>Klettern  (B)</nameausfuehrlich><wert>5</wert><probe>MU/GE/KK</probe><probenwerte>12/12/10</probenwerte><nameausfuehrlichmitprobe>Klettern  (B)(MU/GE/KK)</nameausfuehrlichmitprobe><behinderung>BEx2</behinderung><mirakelplus>false</mirakelplus><mirakelminus>false</mirakelminus><metatalent>false</metatalent><bereich>Körperlich</bereich><komplexität>D</komplexität><lernkomplexität>D</lernkomplexität><spezialisierungen></spezialisierungen></talent><talent><name>Körperbeherrschung</name><meisterhandwerk>false</meisterhandwerk><leittalent>false</leittalent><basis>true</basis><nameausfuehrlich>Körperbeherrschung  (B)</nameausfuehrlich><wert>4</wert><probe>MU/IN/GE</probe><probenwerte>12/14/12</probenwerte><nameausfuehrlichmitprobe>Körperbeherrschung  (B)(MU/IN/GE)</nameausfuehrlichmitprobe><behinderung>BEx2</behinderung><mirakelplus>false</mirakelplus><mirakelminus>false</mirakelminus><metatalent>false</metatalent><bereich>Körperlich</bereich><komplexität>D</komplexität><lernkomplexität>D</lernkomplexität><spezialisierungen></spezialisierungen></talent><talent><name>Reiten</name><meisterhandwerk>false</meisterhandwerk><leittalent>false</leittalent><basis>false</basis><nameausfuehrlich>Reiten</nameausfuehrlich><wert>2</wert><probe>CH/GE/KK</probe><probenwerte>11/12/10</probenwerte><nameausfuehrlichmitprobe>Reiten (CH/GE/KK)</nameausfuehrlichmitprobe><behinderung>BE-2</behinderung><mirakelplus>false</mirakelplus><mirakelminus>false</mirakelminus><metatalent>false</metatalent><bereich>Körperlich</bereich><komplexität>D</komplexität><lernkomplexität>D</lernkomplexität><spezialisierungen></spezialisierungen></talent><talent><name>Schleichen</name><meisterhandwerk>false</meisterhandwerk><leittalent>false</leittalent><basis>true</basis><nameausfuehrlich>Schleichen  (B)</nameausfuehrlich><wert>2</wert><probe>MU/IN/GE</probe><probenwerte>12/14/12</probenwerte><nameausfuehrlichmitprobe>Schleichen  (B)(MU/IN/GE)</nameausfuehrlichmitprobe><behinderung>BE</behinderung><mirakelplus>false</mirakelplus><mirakelminus>false</mirakelminus><metatalent>false</metatalent><bereich>Körperlich</bereich><komplexität>D</komplexität><lernkomplexität>D</lernkomplexität><spezialisierungen></spezialisierungen></talent><talent><name>Schwimmen</name><meisterhandwerk>false</meisterhandwerk><leittalent>false</leittalent><basis>true</basis><nameausfuehrlich>Schwimmen  (B)</nameausfuehrlich><wert>2</wert><probe>GE/KO/KK</probe><probenwerte>12/13/10</probenwerte><nameausfuehrlichmitprobe>Schwimmen  (B)(GE/KO/KK)</nameausfuehrlichmitprobe><behinderung>BEx2</behinderung><mirakelplus>false</mirakelplus><mirakelminus>false</mirakelminus><metatalent>false</metatalent><bereich>Körperlich</bereich><komplexität>D</komplexität><lernkomplexität>D</lernkomplexität><spezialisierungen></spezialisierungen></talent><talent><name>Selbstbeherrschung</name><meisterhandwerk>false</meisterhandwerk><leittalent>false</leittalent><basis>true</basis><nameausfuehrlich>Selbstbeherrschung  (B)</nameausfuehrlich><wert>0</wert><probe>MU/KO/KK</probe><probenwerte>12/13/10</probenwerte><nameausfuehrlichmitprobe>Selbstbeherrschung  (B)(MU/KO/KK)</nameausfuehrlichmitprobe><behinderung></behinderung><mirakelplus>false</mirakelplus><mirakelminus>false</mirakelminus><metatalent>false</metatalent><bereich>Körperlich</bereich><komplexität>D</komplexität><lernkomplexität>D</lernkomplexität><spezialisierungen></spezialisierungen></talent><talent><name>Sich verstecken</name><meisterhandwerk>false</meisterhandwerk><leittalent>false</leittalent><basis>true</basis><nameausfuehrlich>Sich verstecken  (B)</nameausfuehrlich><wert>2</wert><probe>MU/IN/GE</probe><probenwerte>12/14/12</probenwerte><nameausfuehrlichmitprobe>Sich verstecken  (B)(MU/IN/GE)</nameausfuehrlichmitprobe><behinderung>BE-2</behinderung><mirakelplus>false</mirakelplus><mirakelminus>false</mirakelminus><metatalent>false</metatalent><bereich>Körperlich</bereich><komplexität>D</komplexität><lernkomplexität>D</lernkomplexität><spezialisierungen></spezialisierungen></talent><talent><name>Singen</name><meisterhandwerk>false</meisterhandwerk><leittalent>false</leittalent><basis>true</basis><nameausfuehrlich>Singen  (B)</nameausfuehrlich><wert>0</wert><probe>IN/CH/CH</probe><probenwerte>14/11/11</probenwerte><nameausfuehrlichmitprobe>Singen  (B)(IN/CH/CH)</nameausfuehrlichmitprobe><behinderung>BE-3</behinderung><mirakelplus>false</mirakelplus><mirakelminus>false</mirakelminus><metatalent>false</metatalent><bereich>Körperlich</bereich><komplexität>D</komplexität><lernkomplexität>D</lernkomplexität><spezialisierungen></spezialisierungen></talent><talent><name>Sinnenschärfe</name><meisterhandwerk>false</meisterhandwerk><leittalent>false</leittalent><basis>true</basis><nameausfuehrlich>Sinnenschärfe  (B)</nameausfuehrlich><wert>4</wert><probe>KL/IN/IN</probe><probenwerte>14/14/14</probenwerte><nameausfuehrlichmitprobe>Sinnenschärfe  (B)(KL/IN/IN)</nameausfuehrlichmitprobe><behinderung>0-&gt;BE</behinderung><mirakelplus>false</mirakelplus><mirakelminus>false</mirakelminus><metatalent>false</metatalent><bereich>Körperlich</bereich><komplexität>D</komplexität><lernkomplexität>D</lernkomplexität><spezialisierungen></spezialisierungen></talent><talent><name>Tanzen</name><meisterhandwerk>false</meisterhandwerk><leittalent>false</leittalent><basis>true</basis><nameausfuehrlich>Tanzen  (B)</nameausfuehrlich><wert>0</wert><probe>CH/GE/GE</probe><probenwerte>11/12/12</probenwerte><nameausfuehrlichmitprobe>Tanzen  (B)(CH/GE/GE)</nameausfuehrlichmitprobe><behinderung>BEx2</behinderung><mirakelplus>false</mirakelplus><mirakelminus>false</mirakelminus><metatalent>false</metatalent><bereich>Körperlich</bereich><komplexität>D</komplexität><lernkomplexität>D</lernkomplexität><spezialisierungen></spezialisierungen></talent><talent><name>Zechen</name><meisterhandwerk>false</meisterhandwerk><leittalent>false</leittalent><basis>true</basis><nameausfuehrlich>Zechen  (B)</nameausfuehrlich><wert>1</wert><probe>IN/KO/KK</probe><probenwerte>14/13/10</probenwerte><nameausfuehrlichmitprobe>Zechen  (B)(IN/KO/KK)</nameausfuehrlichmitprobe><behinderung></behinderung><mirakelplus>false</mirakelplus><mirakelminus>false</mirakelminus><metatalent>false</metatalent><bereich>Körperlich</bereich><komplexität>D</komplexität><lernkomplexität>D</lernkomplexität><spezialisierungen></spezialisierungen></talent><talent><name>Etikette</name><meisterhandwerk>false</meisterhandwerk><leittalent>false</leittalent><basis>false</basis><nameausfuehrlich>Etikette</nameausfuehrlich><wert>2</wert><probe>KL/IN/CH</probe><probenwerte>14/14/11</probenwerte><nameausfuehrlichmitprobe>Etikette (KL/IN/CH)</nameausfuehrlichmitprobe><behinderung></behinderung><mirakelplus>false</mirakelplus><mirakelminus>false</mirakelminus><metatalent>false</metatalent><bereich>Gesellschaft</bereich><komplexität>B</komplexität><lernkomplexität>B</lernkomplexität><spezialisierungen></spezialisierungen></talent><talent><name>Gassenwissen</name><meisterhandwerk>false</meisterhandwerk><leittalent>false</leittalent><basis>false</basis><nameausfuehrlich>Gassenwissen</nameausfuehrlich><wert>1</wert><probe>KL/IN/CH</probe><probenwerte>14/14/11</probenwerte><nameausfuehrlichmitprobe>Gassenwissen (KL/IN/CH)</nameausfuehrlichmitprobe><behinderung></behinderung><mirakelplus>false</mirakelplus><mirakelminus>false</mirakelminus><metatalent>false</metatalent><bereich>Gesellschaft</bereich><komplexität>B</komplexität><lernkomplexität>B</lernkomplexität><spezialisierungen></spezialisierungen></talent><talent><name>Menschenkenntnis</name><meisterhandwerk>false</meisterhandwerk><leittalent>false</leittalent><basis>true</basis><nameausfuehrlich>Menschenkenntnis  (B)</nameausfuehrlich><wert>2</wert><probe>KL/IN/CH</probe><probenwerte>14/14/11</probenwerte><nameausfuehrlichmitprobe>Menschenkenntnis  (B)(KL/IN/CH)</nameausfuehrlichmitprobe><behinderung></behinderung><mirakelplus>false</mirakelplus><mirakelminus>false</mirakelminus><metatalent>false</metatalent><bereich>Gesellschaft</bereich><komplexität>B</komplexität><lernkomplexität>B</lernkomplexität><spezialisierungen></spezialisierungen></talent><talent><name>Überreden</name><meisterhandwerk>false</meisterhandwerk><leittalent>false</leittalent><basis>true</basis><nameausfuehrlich>Überreden  (B)</nameausfuehrlich><wert>1</wert><probe>MU/IN/CH</probe><probenwerte>12/14/11</probenwerte><nameausfuehrlichmitprobe>Überreden  (B)(MU/IN/CH)</nameausfuehrlichmitprobe><behinderung></behinderung><mirakelplus>false</mirakelplus><mirakelminus>false</mirakelminus><metatalent>false</metatalent><bereich>Gesellschaft</bereich><komplexität>B</komplexität><lernkomplexität>B</lernkomplexität><spezialisierungen></spezialisierungen></talent><talent><name>Ansitzjagd incl Waffe</name><meisterhandwerk>false</meisterhandwerk><leittalent>false</leittalent><basis>false</basis><nameausfuehrlich>Ansitzjagd incl Waffe</nameausfuehrlich><wert>4</wert><probe>MU/IN/GE</probe><probenwerte>12/14/12</probenwerte><nameausfuehrlichmitprobe>Ansitzjagd incl Waffe (MU/IN/GE)</nameausfuehrlichmitprobe><behinderung></behinderung><mirakelplus>false</mirakelplus><mirakelminus>false</mirakelminus><metatalent>true</metatalent><bereich>Natur</bereich><komplexität>B</komplexität><lernkomplexität>B</lernkomplexität><spezialisierungen></spezialisierungen></talent><talent><name>Fährtensuchen</name><meisterhandwerk>false</meisterhandwerk><leittalent>false</leittalent><basis>true</basis><nameausfuehrlich>Fährtensuchen  (B)</nameausfuehrlich><wert>4</wert><probe>KL/IN/KO</probe><probenwerte>14/14/13</probenwerte><nameausfuehrlichmitprobe>Fährtensuchen  (B)(KL/IN/KO)</nameausfuehrlichmitprobe><behinderung></behinderung><mirakelplus>false</mirakelplus><mirakelminus>false</mirakelminus><metatalent>false</metatalent><bereich>Natur</bereich><komplexität>B</komplexität><lernkomplexität>B</lernkomplexität><spezialisierungen></spezialisierungen></talent><talent><name>Fischen/Angeln</name><meisterhandwerk>false</meisterhandwerk><leittalent>false</leittalent><basis>false</basis><nameausfuehrlich>Fischen/Angeln</nameausfuehrlich><wert>2</wert><probe>IN/FF/KK</probe><probenwerte>14/14/10</probenwerte><nameausfuehrlichmitprobe>Fischen/Angeln (IN/FF/KK)</nameausfuehrlichmitprobe><behinderung></behinderung><mirakelplus>false</mirakelplus><mirakelminus>false</mirakelminus><metatalent>false</metatalent><bereich>Natur</bereich><komplexität>B</komplexität><lernkomplexität>B</lernkomplexität><spezialisierungen></spezialisierungen></talent><talent><name>Kräuter suchen</name><meisterhandwerk>false</meisterhandwerk><leittalent>false</leittalent><basis>false</basis><nameausfuehrlich>Kräuter suchen</nameausfuehrlich><wert>5</wert><probe>MU/IN/FF</probe><probenwerte>12/14/14</probenwerte><nameausfuehrlichmitprobe>Kräuter suchen (MU/IN/FF)</nameausfuehrlichmitprobe><behinderung></behinderung><mirakelplus>false</mirakelplus><mirakelminus>false</mirakelminus><metatalent>true</metatalent><bereich>Natur</bereich><komplexität>B</komplexität><lernkomplexität>B</lernkomplexität><spezialisierungen></spezialisierungen></talent><talent><name>Nahrung sammeln</name><meisterhandwerk>false</meisterhandwerk><leittalent>false</leittalent><basis>false</basis><nameausfuehrlich>Nahrung sammeln</nameausfuehrlich><wert>5</wert><probe>MU/IN/FF</probe><probenwerte>12/14/14</probenwerte><nameausfuehrlichmitprobe>Nahrung sammeln (MU/IN/FF)</nameausfuehrlichmitprobe><behinderung></behinderung><mirakelplus>false</mirakelplus><mirakelminus>false</mirakelminus><metatalent>true</metatalent><bereich>Natur</bereich><komplexität>B</komplexität><lernkomplexität>B</lernkomplexität><spezialisierungen></spezialisierungen></talent><talent><name>Orientierung</name><meisterhandwerk>false</meisterhandwerk><leittalent>false</leittalent><basis>true</basis><nameausfuehrlich>Orientierung  (B)</nameausfuehrlich><wert>5</wert><probe>KL/IN/IN</probe><probenwerte>14/14/14</probenwerte><nameausfuehrlichmitprobe>Orientierung  (B)(KL/IN/IN)</nameausfuehrlichmitprobe><behinderung></behinderung><mirakelplus>false</mirakelplus><mirakelminus>false</mirakelminus><metatalent>false</metatalent><bereich>Natur</bereich><komplexität>B</komplexität><lernkomplexität>B</lernkomplexität><spezialisierungen></spezialisierungen></talent><talent><name>Pirschjagd incl Waffe</name><meisterhandwerk>false</meisterhandwerk><leittalent>false</leittalent><basis>false</basis><nameausfuehrlich>Pirschjagd incl Waffe</nameausfuehrlich><wert>4</wert><probe>MU/IN/GE</probe><probenwerte>12/14/12</probenwerte><nameausfuehrlichmitprobe>Pirschjagd incl Waffe (MU/IN/GE)</nameausfuehrlichmitprobe><behinderung></behinderung><mirakelplus>false</mirakelplus><mirakelminus>false</mirakelminus><metatalent>true</metatalent><bereich>Natur</bereich><komplexität>B</komplexität><lernkomplexität>B</lernkomplexität><spezialisierungen></spezialisierungen></talent><talent><name>Wettervorhersage</name><meisterhandwerk>false</meisterhandwerk><leittalent>false</leittalent><basis>false</basis><nameausfuehrlich>Wettervorhersage</nameausfuehrlich><wert>5</wert><probe>KL/IN/IN</probe><probenwerte>14/14/14</probenwerte><nameausfuehrlichmitprobe>Wettervorhersage (KL/IN/IN)</nameausfuehrlichmitprobe><behinderung></behinderung><mirakelplus>false</mirakelplus><mirakelminus>false</mirakelminus><metatalent>false</metatalent><bereich>Natur</bereich><komplexität>B</komplexität><lernkomplexität>B</lernkomplexität><spezialisierungen></spezialisierungen></talent><talent><name>Wildnisleben</name><meisterhandwerk>false</meisterhandwerk><leittalent>false</leittalent><basis>true</basis><nameausfuehrlich>Wildnisleben  (B)</nameausfuehrlich><wert>6</wert><probe>IN/GE/KO</probe><probenwerte>14/12/13</probenwerte><nameausfuehrlichmitprobe>Wildnisleben  (B)(IN/GE/KO)</nameausfuehrlichmitprobe><behinderung></behinderung><mirakelplus>false</mirakelplus><mirakelminus>false</mirakelminus><metatalent>false</metatalent><bereich>Natur</bereich><komplexität>B</komplexität><lernkomplexität>B</lernkomplexität><spezialisierungen></spezialisierungen></talent><talent><name>Geografie</name><meisterhandwerk>false</meisterhandwerk><leittalent>false</leittalent><basis>false</basis><nameausfuehrlich>Geografie</nameausfuehrlich><wert>7</wert><probe>KL/KL/IN</probe><probenwerte>14/14/14</probenwerte><nameausfuehrlichmitprobe>Geografie (KL/KL/IN)</nameausfuehrlichmitprobe><behinderung></behinderung><mirakelplus>false</mirakelplus><mirakelminus>false</mirakelminus><metatalent>false</metatalent><bereich>Wissen</bereich><komplexität>B</komplexität><lernkomplexität>B</lernkomplexität><spezialisierungen></spezialisierungen></talent><talent><name>Geschichtswissen</name><meisterhandwerk>false</meisterhandwerk><leittalent>false</leittalent><basis>false</basis><nameausfuehrlich>Geschichtswissen</nameausfuehrlich><wert>3</wert><probe>KL/KL/IN</probe><probenwerte>14/14/14</probenwerte><nameausfuehrlichmitprobe>Geschichtswissen (KL/KL/IN)</nameausfuehrlichmitprobe><behinderung></behinderung><mirakelplus>false</mirakelplus><mirakelminus>false</mirakelminus><metatalent>false</metatalent><bereich>Wissen</bereich><komplexität>B</komplexität><lernkomplexität>B</lernkomplexität><spezialisierungen></spezialisierungen></talent><talent><name>Gesteinskunde</name><meisterhandwerk>false</meisterhandwerk><leittalent>false</leittalent><basis>false</basis><nameausfuehrlich>Gesteinskunde</nameausfuehrlich><wert>5</wert><probe>KL/IN/FF</probe><probenwerte>14/14/14</probenwerte><nameausfuehrlichmitprobe>Gesteinskunde (KL/IN/FF)</nameausfuehrlichmitprobe><behinderung></behinderung><mirakelplus>false</mirakelplus><mirakelminus>false</mirakelminus><metatalent>false</metatalent><bereich>Wissen</bereich><komplexität>B</komplexität><lernkomplexität>B</lernkomplexität><spezialisierungen></spezialisierungen></talent><talent><name>Götter und Kulte</name><meisterhandwerk>false</meisterhandwerk><leittalent>false</leittalent><basis>true</basis><nameausfuehrlich>Götter und Kulte  (B)</nameausfuehrlich><wert>4</wert><probe>KL/KL/IN</probe><probenwerte>14/14/14</probenwerte><nameausfuehrlichmitprobe>Götter und Kulte  (B)(KL/KL/IN)</nameausfuehrlichmitprobe><behinderung></behinderung><mirakelplus>false</mirakelplus><mirakelminus>false</mirakelminus><metatalent>false</metatalent><bereich>Wissen</bereich><komplexität>B</komplexität><lernkomplexität>B</lernkomplexität><spezialisierungen></spezialisierungen></talent><talent><name>Heraldik</name><meisterhandwerk>false</meisterhandwerk><leittalent>false</leittalent><basis>false</basis><nameausfuehrlich>Heraldik</nameausfuehrlich><wert>1</wert><probe>KL/KL/FF</probe><probenwerte>14/14/14</probenwerte><nameausfuehrlichmitprobe>Heraldik (KL/KL/FF)</nameausfuehrlichmitprobe><behinderung></behinderung><mirakelplus>false</mirakelplus><mirakelminus>false</mirakelminus><metatalent>false</metatalent><bereich>Wissen</bereich><komplexität>B</komplexität><lernkomplexität>B</lernkomplexität><spezialisierungen></spezialisierungen></talent><talent><name>Magiekunde</name><meisterhandwerk>false</meisterhandwerk><leittalent>false</leittalent><basis>false</basis><nameausfuehrlich>Magiekunde</nameausfuehrlich><wert>1</wert><probe>KL/KL/IN</probe><probenwerte>14/14/14</probenwerte><nameausfuehrlichmitprobe>Magiekunde (KL/KL/IN)</nameausfuehrlichmitprobe><behinderung></behinderung><mirakelplus>false</mirakelplus><mirakelminus>false</mirakelminus><metatalent>false</metatalent><bereich>Wissen</bereich><komplexität>B</komplexität><lernkomplexität>B</lernkomplexität><spezialisierungen></spezialisierungen></talent><talent><name>Pflanzenkunde</name><meisterhandwerk>false</meisterhandwerk><leittalent>false</leittalent><basis>false</basis><nameausfuehrlich>Pflanzenkunde</nameausfuehrlich><wert>4</wert><probe>KL/IN/FF</probe><probenwerte>14/14/14</probenwerte><nameausfuehrlichmitprobe>Pflanzenkunde (KL/IN/FF)</nameausfuehrlichmitprobe><behinderung></behinderung><mirakelplus>false</mirakelplus><mirakelminus>false</mirakelminus><metatalent>false</metatalent><bereich>Wissen</bereich><komplexität>B</komplexität><lernkomplexität>B</lernkomplexität><spezialisierungen></spezialisierungen></talent><talent><name>Rechnen</name><meisterhandwerk>false</meisterhandwerk><leittalent>false</leittalent><basis>true</basis><nameausfuehrlich>Rechnen  (B)</nameausfuehrlich><wert>8</wert><probe>KL/KL/IN</probe><probenwerte>14/14/14</probenwerte><nameausfuehrlichmitprobe>Rechnen  (B)(KL/KL/IN)</nameausfuehrlichmitprobe><behinderung></behinderung><mirakelplus>false</mirakelplus><mirakelminus>false</mirakelminus><metatalent>false</metatalent><bereich>Wissen</bereich><komplexität>B</komplexität><lernkomplexität>B</lernkomplexität><spezialisierungen></spezialisierungen></talent><talent><name>Rechtskunde</name><meisterhandwerk>false</meisterhandwerk><leittalent>false</leittalent><basis>false</basis><nameausfuehrlich>Rechtskunde</nameausfuehrlich><wert>1</wert><probe>KL/KL/IN</probe><probenwerte>14/14/14</probenwerte><nameausfuehrlichmitprobe>Rechtskunde (KL/KL/IN)</nameausfuehrlichmitprobe><behinderung></behinderung><mirakelplus>false</mirakelplus><mirakelminus>false</mirakelminus><metatalent>false</metatalent><bereich>Wissen</bereich><komplexität>B</komplexität><lernkomplexität>B</lernkomplexität><spezialisierungen></spezialisierungen></talent><talent><name>Sagen und Legenden</name><meisterhandwerk>false</meisterhandwerk><leittalent>false</leittalent><basis>true</basis><nameausfuehrlich>Sagen und Legenden  (B)</nameausfuehrlich><wert>4</wert><probe>KL/IN/CH</probe><probenwerte>14/14/11</probenwerte><nameausfuehrlichmitprobe>Sagen und Legenden  (B)(KL/IN/CH)</nameausfuehrlichmitprobe><behinderung></behinderung><mirakelplus>false</mirakelplus><mirakelminus>false</mirakelminus><metatalent>false</metatalent><bereich>Wissen</bereich><komplexität>B</komplexität><lernkomplexität>B</lernkomplexität><spezialisierungen></spezialisierungen></talent><talent><name>Sternkunde</name><meisterhandwerk>false</meisterhandwerk><leittalent>false</leittalent><basis>false</basis><nameausfuehrlich>Sternkunde</nameausfuehrlich><wert>6</wert><probe>KL/KL/IN</probe><probenwerte>14/14/14</probenwerte><nameausfuehrlichmitprobe>Sternkunde (KL/KL/IN)</nameausfuehrlichmitprobe><behinderung></behinderung><mirakelplus>false</mirakelplus><mirakelminus>false</mirakelminus><metatalent>false</metatalent><bereich>Wissen</bereich><komplexität>B</komplexität><lernkomplexität>B</lernkomplexität><spezialisierungen></spezialisierungen></talent><talent><name>Tierkunde</name><meisterhandwerk>false</meisterhandwerk><leittalent>false</leittalent><basis>false</basis><nameausfuehrlich>Tierkunde</nameausfuehrlich><wert>6</wert><probe>MU/KL/IN</probe><probenwerte>12/14/14</probenwerte><nameausfuehrlichmitprobe>Tierkunde (MU/KL/IN)</nameausfuehrlichmitprobe><behinderung></behinderung><mirakelplus>false</mirakelplus><mirakelminus>false</mirakelminus><metatalent>false</metatalent><bereich>Wissen</bereich><komplexität>B</komplexität><lernkomplexität>B</lernkomplexität><spezialisierungen></spezialisierungen></talent><talent><name>Asdharia</name><meisterhandwerk>false</meisterhandwerk><leittalent>false</leittalent><basis>false</basis><nameausfuehrlich>Asdharia</nameausfuehrlich><wert>8</wert><probe>KL/IN/CH</probe><probenwerte>14/14/11</probenwerte><nameausfuehrlichmitprobe>Asdharia (KL/IN/CH)</nameausfuehrlichmitprobe><sprachkomplexität>24</sprachkomplexität><behinderung></behinderung><mirakelplus>false</mirakelplus><mirakelminus>false</mirakelminus><metatalent>false</metatalent><bereich>Sprachen</bereich><komplexität>B</komplexität><lernkomplexität>C</lernkomplexität><spezialisierungen></spezialisierungen></talent><talent><name>Garethi</name><meisterhandwerk>false</meisterhandwerk><leittalent>false</leittalent><basis>false</basis><nameausfuehrlich>Garethi</nameausfuehrlich><wert>12</wert><probe>KL/IN/CH</probe><probenwerte>14/14/11</probenwerte><nameausfuehrlichmitprobe>Garethi (KL/IN/CH)</nameausfuehrlichmitprobe><sprachkomplexität>18</sprachkomplexität><muttersprache>true</muttersprache><behinderung></behinderung><mirakelplus>false</mirakelplus><mirakelminus>false</mirakelminus><metatalent>false</metatalent><bereich>Sprachen</bereich><komplexität>A</komplexität><lernkomplexität>A</lernkomplexität><spezialisierungen></spezialisierungen></talent><talent><name>Isdira</name><meisterhandwerk>false</meisterhandwerk><leittalent>false</leittalent><basis>false</basis><nameausfuehrlich>Isdira</nameausfuehrlich><wert>10</wert><probe>KL/IN/CH</probe><probenwerte>14/14/11</probenwerte><nameausfuehrlichmitprobe>Isdira (KL/IN/CH)</nameausfuehrlichmitprobe><sprachkomplexität>21</sprachkomplexität><behinderung></behinderung><mirakelplus>false</mirakelplus><mirakelminus>false</mirakelminus><metatalent>false</metatalent><bereich>Sprachen</bereich><komplexität>A</komplexität><lernkomplexität>B</lernkomplexität><spezialisierungen></spezialisierungen></talent><talent><name>Thorwalsch</name><meisterhandwerk>false</meisterhandwerk><leittalent>false</leittalent><basis>false</basis><nameausfuehrlich>Thorwalsch</nameausfuehrlich><wert>6</wert><probe>KL/IN/CH</probe><probenwerte>14/14/11</probenwerte><nameausfuehrlichmitprobe>Thorwalsch (KL/IN/CH)</nameausfuehrlichmitprobe><sprachkomplexität>18</sprachkomplexität><behinderung></behinderung><mirakelplus>false</mirakelplus><mirakelminus>false</mirakelminus><metatalent>false</metatalent><bereich>Sprachen</bereich><komplexität>A</komplexität><lernkomplexität>A</lernkomplexität><spezialisierungen></spezialisierungen></talent><talent><name>L/S Altes Alaani</name><meisterhandwerk>false</meisterhandwerk><leittalent>false</leittalent><basis>false</basis><nameausfuehrlich>L/S Altes Alaani</nameausfuehrlich><wert>3</wert><probe>KL/KL/FF</probe><probenwerte>14/14/14</probenwerte><nameausfuehrlichmitprobe>L/S Altes Alaani (KL/KL/FF)</nameausfuehrlichmitprobe><sprachkomplexität>18</sprachkomplexität><behinderung></behinderung><mirakelplus>false</mirakelplus><mirakelminus>false</mirakelminus><metatalent>false</metatalent><bereich>Schriften</bereich><komplexität>A</komplexität><lernkomplexität>B</lernkomplexität><spezialisierungen></spezialisierungen></talent><talent><name>L/S Isdira/Asdharia</name><meisterhandwerk>false</meisterhandwerk><leittalent>false</leittalent><basis>false</basis><nameausfuehrlich>L/S Isdira/Asdharia</nameausfuehrlich><wert>10</wert><probe>KL/KL/FF</probe><probenwerte>14/14/14</probenwerte><nameausfuehrlichmitprobe>L/S Isdira/Asdharia (KL/KL/FF)</nameausfuehrlichmitprobe><sprachkomplexität>18</sprachkomplexität><behinderung></behinderung><mirakelplus>false</mirakelplus><mirakelminus>false</mirakelminus><metatalent>false</metatalent><bereich>Schriften</bereich><komplexität>A</komplexität><lernkomplexität>B</lernkomplexität><spezialisierungen></spezialisierungen></talent><talent><name>L/S Kusliker Zeichen</name><meisterhandwerk>false</meisterhandwerk><leittalent>false</leittalent><basis>false</basis><nameausfuehrlich>L/S Kusliker Zeichen</nameausfuehrlich><wert>6</wert><probe>KL/KL/FF</probe><probenwerte>14/14/14</probenwerte><nameausfuehrlichmitprobe>L/S Kusliker Zeichen (KL/KL/FF)</nameausfuehrlichmitprobe><sprachkomplexität>10</sprachkomplexität><schriftmuttersprache>true</schriftmuttersprache><behinderung></behinderung><mirakelplus>false</mirakelplus><mirakelminus>false</mirakelminus><metatalent>false</metatalent><bereich>Schriften</bereich><komplexität>A</komplexität><lernkomplexität>A</lernkomplexität><spezialisierungen></spezialisierungen></talent><talent><name>Boote fahren</name><meisterhandwerk>false</meisterhandwerk><leittalent>false</leittalent><basis>false</basis><nameausfuehrlich>Boote fahren</nameausfuehrlich><wert>3</wert><probe>GE/KO/KK</probe><probenwerte>12/13/10</probenwerte><nameausfuehrlichmitprobe>Boote fahren (GE/KO/KK)</nameausfuehrlichmitprobe><behinderung></behinderung><mirakelplus>false</mirakelplus><mirakelminus>false</mirakelminus><metatalent>false</metatalent><bereich>Handwerk</bereich><komplexität>B</komplexität><lernkomplexität>B</lernkomplexität><spezialisierungen></spezialisierungen></talent><talent><name>Fahrzeug lenken</name><meisterhandwerk>false</meisterhandwerk><leittalent>false</leittalent><basis>false</basis><nameausfuehrlich>Fahrzeug lenken</nameausfuehrlich><wert>1</wert><probe>IN/CH/FF</probe><probenwerte>14/11/14</probenwerte><nameausfuehrlichmitprobe>Fahrzeug lenken (IN/CH/FF)</nameausfuehrlichmitprobe><behinderung></behinderung><mirakelplus>false</mirakelplus><mirakelminus>false</mirakelminus><metatalent>false</metatalent><bereich>Handwerk</bereich><komplexität>B</komplexität><lernkomplexität>B</lernkomplexität><spezialisierungen></spezialisierungen></talent><talent><name>Feinmechanik</name><meisterhandwerk>false</meisterhandwerk><leittalent>false</leittalent><basis>false</basis><nameausfuehrlich>Feinmechanik</nameausfuehrlich><wert>2</wert><probe>KL/FF/FF</probe><probenwerte>14/14/14</probenwerte><nameausfuehrlichmitprobe>Feinmechanik (KL/FF/FF)</nameausfuehrlichmitprobe><behinderung></behinderung><mirakelplus>false</mirakelplus><mirakelminus>false</mirakelminus><metatalent>false</metatalent><bereich>Handwerk</bereich><komplexität>B</komplexität><lernkomplexität>B</lernkomplexität><spezialisierungen></spezialisierungen></talent><talent><name>Hauswirtschaft</name><meisterhandwerk>false</meisterhandwerk><leittalent>false</leittalent><basis>false</basis><nameausfuehrlich>Hauswirtschaft</nameausfuehrlich><wert>1</wert><probe>IN/CH/FF</probe><probenwerte>14/11/14</probenwerte><nameausfuehrlichmitprobe>Hauswirtschaft (IN/CH/FF)</nameausfuehrlichmitprobe><behinderung></behinderung><mirakelplus>false</mirakelplus><mirakelminus>false</mirakelminus><metatalent>false</metatalent><bereich>Handwerk</bereich><komplexität>B</komplexität><lernkomplexität>B</lernkomplexität><spezialisierungen></spezialisierungen></talent><talent><name>Heilkunde: Wunden</name><meisterhandwerk>false</meisterhandwerk><leittalent>false</leittalent><basis>true</basis><nameausfuehrlich>Heilkunde: Wunden  (B)</nameausfuehrlich><wert>3</wert><probe>KL/CH/FF</probe><probenwerte>14/11/14</probenwerte><nameausfuehrlichmitprobe>Heilkunde: Wunden  (B)(KL/CH/FF)</nameausfuehrlichmitprobe><behinderung></behinderung><mirakelplus>false</mirakelplus><mirakelminus>false</mirakelminus><metatalent>false</metatalent><bereich>Handwerk</bereich><komplexität>B</komplexität><lernkomplexität>B</lernkomplexität><spezialisierungen></spezialisierungen></talent><talent><name>Holzbearbeitung</name><meisterhandwerk>false</meisterhandwerk><leittalent>false</leittalent><basis>true</basis><nameausfuehrlich>Holzbearbeitung  (B)</nameausfuehrlich><wert>3</wert><probe>KL/FF/KK</probe><probenwerte>14/14/10</probenwerte><nameausfuehrlichmitprobe>Holzbearbeitung  (B)(KL/FF/KK)</nameausfuehrlichmitprobe><behinderung></behinderung><mirakelplus>false</mirakelplus><mirakelminus>false</mirakelminus><metatalent>false</metatalent><bereich>Handwerk</bereich><komplexität>B</komplexität><lernkomplexität>B</lernkomplexität><spezialisierungen></spezialisierungen></talent><talent><name>Kartografie</name><meisterhandwerk>false</meisterhandwerk><leittalent>false</leittalent><basis>false</basis><nameausfuehrlich>Kartografie</nameausfuehrlich><wert>8</wert><probe>KL/KL/FF</probe><probenwerte>14/14/14</probenwerte><nameausfuehrlichmitprobe>Kartografie (KL/KL/FF)</nameausfuehrlichmitprobe><behinderung></behinderung><mirakelplus>false</mirakelplus><mirakelminus>false</mirakelminus><metatalent>false</metatalent><bereich>Handwerk</bereich><komplexität>B</komplexität><lernkomplexität>B</lernkomplexität><spezialisierungen></spezialisierungen></talent><talent><name>Kochen</name><meisterhandwerk>false</meisterhandwerk><leittalent>false</leittalent><basis>true</basis><nameausfuehrlich>Kochen  (B)</nameausfuehrlich><wert>5</wert><probe>KL/IN/FF</probe><probenwerte>14/14/14</probenwerte><nameausfuehrlichmitprobe>Kochen  (B)(KL/IN/FF)</nameausfuehrlichmitprobe><behinderung></behinderung><mirakelplus>false</mirakelplus><mirakelminus>false</mirakelminus><metatalent>false</metatalent><bereich>Handwerk</bereich><komplexität>B</komplexität><lernkomplexität>B</lernkomplexität><spezialisierungen></spezialisierungen></talent><talent><name>Lederarbeiten</name><meisterhandwerk>false</meisterhandwerk><leittalent>false</leittalent><basis>true</basis><nameausfuehrlich>Lederarbeiten  (B)</nameausfuehrlich><wert>3</wert><probe>KL/FF/FF</probe><probenwerte>14/14/14</probenwerte><nameausfuehrlichmitprobe>Lederarbeiten  (B)(KL/FF/FF)</nameausfuehrlichmitprobe><behinderung></behinderung><mirakelplus>false</mirakelplus><mirakelminus>false</mirakelminus><metatalent>false</metatalent><bereich>Handwerk</bereich><komplexität>B</komplexität><lernkomplexität>B</lernkomplexität><spezialisierungen></spezialisierungen></talent><talent><name>Malen/Zeichnen</name><meisterhandwerk>false</meisterhandwerk><leittalent>false</leittalent><basis>true</basis><nameausfuehrlich>Malen/Zeichnen  (B)</nameausfuehrlich><wert>6</wert><probe>KL/IN/FF</probe><probenwerte>14/14/14</probenwerte><nameausfuehrlichmitprobe>Malen/Zeichnen  (B)(KL/IN/FF)</nameausfuehrlichmitprobe><behinderung></behinderung><mirakelplus>false</mirakelplus><mirakelminus>false</mirakelminus><metatalent>false</metatalent><bereich>Handwerk</bereich><komplexität>B</komplexität><lernkomplexität>B</lernkomplexität><spezialisierungen></spezialisierungen></talent><talent><name>Schneidern</name><meisterhandwerk>false</meisterhandwerk><leittalent>false</leittalent><basis>true</basis><nameausfuehrlich>Schneidern  (B)</nameausfuehrlich><wert>1</wert><probe>KL/FF/FF</probe><probenwerte>14/14/14</probenwerte><nameausfuehrlichmitprobe>Schneidern  (B)(KL/FF/FF)</nameausfuehrlichmitprobe><behinderung></behinderung><mirakelplus>false</mirakelplus><mirakelminus>false</mirakelminus><metatalent>false</metatalent><bereich>Handwerk</bereich><komplexität>B</komplexität><lernkomplexität>B</lernkomplexität><spezialisierungen></spezialisierungen></talent><talent><name>Seefahrt</name><meisterhandwerk>false</meisterhandwerk><leittalent>false</leittalent><basis>false</basis><nameausfuehrlich>Seefahrt</nameausfuehrlich><wert>1</wert><probe>FF/GE/KK</probe><probenwerte>14/12/10</probenwerte><nameausfuehrlichmitprobe>Seefahrt (FF/GE/KK)</nameausfuehrlichmitprobe><behinderung></behinderung><mirakelplus>false</mirakelplus><mirakelminus>false</mirakelminus><metatalent>false</metatalent><bereich>Handwerk</bereich><komplexität>B</komplexität><lernkomplexität>B</lernkomplexität><spezialisierungen></spezialisierungen></talent></talentliste><zauberliste/><gegenstaende/><verbindungen/><kampfsets><kampfset inbenutzung="false" nr="1" tzm="true" defaultrsmodel="true"><raufen><at>8</at><pa>7</pa><tp>1W+0</tp></raufen><ringen><at>7</at><pa>7</pa><tp>1W+0</tp></ringen><ausweichen>7</ausweichen><ausweichenausweichenmod>0</ausweichenausweichenmod><ausweichenakrobatikmod>0</ausweichenakrobatikmod><ausweichenmod>0</ausweichenmod><geschwindigkeitinklbe>8</geschwindigkeitinklbe><ini>10</ini><ruestungzonen><kopf>0</kopf><brust>0</brust><ruecken>0</ruecken><gesamt>0</gesamt><bauch>0</bauch><linkerarm>0</linkerarm><rechterarm>0</rechterarm><linkesbein>0</linkesbein><rechtesbein>0</rechtesbein><gesamtschutz>0</gesamtschutz><gesamtzonenschutz>0</gesamtzonenschutz><behinderung>0</behinderung></ruestungzonen><nahkampfwaffen inbenutzung="false"/><fernkampfwaffen inbenutzung="false"/><schilder inbenutzung="false"/><ruestungen inbenutzung="false"/></kampfset><kampfset inbenutzung="false" nr="1" tzm="false" defaultrsmodel="false"><raufen><at>8</at><pa>7</pa><tp>1W+0</tp></raufen><ringen><at>7</at><pa>7</pa><tp>1W+0</tp></ringen><ausweichen>7</ausweichen><ausweichenausweichenmod>0</ausweichenausweichenmod><ausweichenakrobatikmod>0</ausweichenakrobatikmod><ausweichenmod>0</ausweichenmod><geschwindigkeitinklbe>8</geschwindigkeitinklbe><ini>10</ini><ruestungeinfach><gesamt>0</gesamt><behinderung>0</behinderung></ruestungeinfach><nahkampfwaffen inbenutzung="false"/><fernkampfwaffen inbenutzung="false"/><schilder inbenutzung="false"/><ruestungen inbenutzung="false"/></kampfset><kampfset inbenutzung="false" nr="2" tzm="true" defaultrsmodel="true"><raufen><at>8</at><pa>7</pa><tp>1W+0</tp></raufen><ringen><at>7</at><pa>7</pa><tp>1W+0</tp></ringen><ausweichen>7</ausweichen><ausweichenausweichenmod>0</ausweichenausweichenmod><ausweichenakrobatikmod>0</ausweichenakrobatikmod><ausweichenmod>0</ausweichenmod><geschwindigkeitinklbe>8</geschwindigkeitinklbe><ini>10</ini><ruestungzonen><kopf>0</kopf><brust>0</brust><ruecken>0</ruecken><gesamt>0</gesamt><bauch>0</bauch><linkerarm>0</linkerarm><rechterarm>0</rechterarm><linkesbein>0</linkesbein><rechtesbein>0</rechtesbein><gesamtschutz>0</gesamtschutz><gesamtzonenschutz>0</gesamtzonenschutz><behinderung>0</behinderung></ruestungzonen><nahkampfwaffen inbenutzung="false"/><fernkampfwaffen inbenutzung="false"/><schilder inbenutzung="false"/><ruestungen inbenutzung="false"/></kampfset><kampfset inbenutzung="false" nr="2" tzm="false" defaultrsmodel="false"><raufen><at>8</at><pa>7</pa><tp>1W+0</tp></raufen><ringen><at>7</at><pa>7</pa><tp>1W+0</tp></ringen><ausweichen>7</ausweichen><ausweichenausweichenmod>0</ausweichenausweichenmod><ausweichenakrobatikmod>0</ausweichenakrobatikmod><ausweichenmod>0</ausweichenmod><geschwindigkeitinklbe>8</geschwindigkeitinklbe><ini>10</ini><ruestungeinfach><gesamt>0</gesamt><behinderung>0</behinderung></ruestungeinfach><nahkampfwaffen inbenutzung="false"/><fernkampfwaffen inbenutzung="false"/><schilder inbenutzung="false"/><ruestungen inbenutzung="false"/></kampfset><kampfset inbenutzung="false" nr="3" tzm="true" defaultrsmodel="true"><raufen><at>8</at><pa>7</pa><tp>1W+0</tp></raufen><ringen><at>7</at><pa>7</pa><tp>1W+0</tp></ringen><ausweichen>7</ausweichen><ausweichenausweichenmod>0</ausweichenausweichenmod><ausweichenakrobatikmod>0</ausweichenakrobatikmod><ausweichenmod>0</ausweichenmod><geschwindigkeitinklbe>8</geschwindigkeitinklbe><ini>10</ini><ruestungzonen><kopf>0</kopf><brust>0</brust><ruecken>0</ruecken><gesamt>0</gesamt><bauch>0</bauch><linkerarm>0</linkerarm><rechterarm>0</rechterarm><linkesbein>0</linkesbein><rechtesbein>0</rechtesbein><gesamtschutz>0</gesamtschutz><gesamtzonenschutz>0</gesamtzonenschutz><behinderung>0</behinderung></ruestungzonen><nahkampfwaffen inbenutzung="false"/><fernkampfwaffen inbenutzung="false"/><schilder inbenutzung="false"/><ruestungen inbenutzung="false"/></kampfset><kampfset inbenutzung="false" nr="3" tzm="false" defaultrsmodel="false"><raufen><at>8</at><pa>7</pa><tp>1W+0</tp></raufen><ringen><at>7</at><pa>7</pa><tp>1W+0</tp></ringen><ausweichen>7</ausweichen><ausweichenausweichenmod>0</ausweichenausweichenmod><ausweichenakrobatikmod>0</ausweichenakrobatikmod><ausweichenmod>0</ausweichenmod><geschwindigkeitinklbe>8</geschwindigkeitinklbe><ini>10</ini><ruestungeinfach><gesamt>0</gesamt><behinderung>0</behinderung></ruestungeinfach><nahkampfwaffen inbenutzung="false"/><fernkampfwaffen inbenutzung="false"/><schilder inbenutzung="false"/><ruestungen inbenutzung="false"/></kampfset></kampfsets><ereignisse><ereignis><aktion>EINSTELLUNG</aktion><alterzustand></alterzustand><ap>0</ap><asp>0</asp><bemerkung></bemerkung><date>16.05.2014 03:20</date><kp>0</kp><kommentar></kommentar><lep>0</lep><neuerzustand></neuerzustand><object>max GP für Helden: 110</object><version>HS 5.3.3</version></ereignis><ereignis><aktion>EINSTELLUNG</aktion><alterzustand></alterzustand><ap>0</ap><asp>0</asp><bemerkung></bemerkung><date>16.05.2014 03:20</date><kp>0</kp><kommentar></kommentar><lep>0</lep><neuerzustand></neuerzustand><object>max Eigenschafts-GP für Helden: 100</object><version>HS 5.3.3</version></ereignis><ereignis><aktion>EINSTELLUNG</aktion><alterzustand></alterzustand><ap>0</ap><asp>0</asp><bemerkung></bemerkung><date>16.05.2014 03:20</date><kp>0</kp><kommentar></kommentar><lep>0</lep><neuerzustand></neuerzustand><object>max Eigenschafts-Wert für Helden: 14</object><version>HS 5.3.3</version></ereignis><ereignis><aktion>RKP</aktion><alterzustand>0</alterzustand><ap>0</ap><asp>0</asp><bemerkung></bemerkung><date>16.05.2014 03:20</date><kp>0</kp><kommentar>0 GP</kommentar><lep>0</lep><neuerzustand>0</neuerzustand><object>Rasse: Mittelländer</object><version>HS 5.3.3</version></ereignis><ereignis><aktion>RKP</aktion><alterzustand>0</alterzustand><ap>0</ap><asp>0</asp><bemerkung></bemerkung><date>16.05.2014 03:20</date><kp>0</kp><kommentar>0 GP</kommentar><lep>0</lep><neuerzustand>0</neuerzustand><object>Kultur: Mittelländische Städte</object><version>HS 5.3.3</version></ereignis><ereignis><aktion>RKP</aktion><alterzustand>0</alterzustand><ap>0</ap><asp>0</asp><bemerkung></bemerkung><date>16.05.2014 03:20</date><kp>0</kp><kommentar>5 GP</kommentar><lep>0</lep><neuerzustand>0</neuerzustand><object>Profession: Entdecker/Kartograph</object><version>HS 5.3.3</version></ereignis><ereignis><aktion>EIGENSCHAFTEN</aktion><alterzustand>0</alterzustand><ap>0</ap><asp>0</asp><bemerkung></bemerkung><date>16.05.2014 03:20</date><kp>0</kp><kommentar>12 GP</kommentar><lep>0</lep><neuerzustand>12</neuerzustand><object>Mut: 12</object><version>HS 5.3.3</version></ereignis><ereignis><aktion>EIGENSCHAFTEN</aktion><alterzustand>0</alterzustand><ap>0</ap><asp>0</asp><bemerkung></bemerkung><date>16.05.2014 03:20</date><kp>0</kp><kommentar>14 GP</kommentar><lep>0</lep><neuerzustand>14</neuerzustand><object>Klugheit: 14</object><version>HS 5.3.3</version></ereignis><ereignis><aktion>EIGENSCHAFTEN</aktion><alterzustand>0</alterzustand><ap>0</ap><asp>0</asp><bemerkung></bemerkung><date>16.05.2014 03:20</date><kp>0</kp><kommentar>14 GP</kommentar><lep>0</lep><neuerzustand>14</neuerzustand><object>Intuition: 14</object><version>HS 5.3.3</version></ereignis><ereignis><aktion>EIGENSCHAFTEN</aktion><alterzustand>0</alterzustand><ap>0</ap><asp>0</asp><bemerkung></bemerkung><date>16.05.2014 03:20</date><kp>0</kp><kommentar>11 GP</kommentar><lep>0</lep><neuerzustand>11</neuerzustand><object>Charisma: 11</object><version>HS 5.3.3</version></ereignis><ereignis><aktion>EIGENSCHAFTEN</aktion><alterzustand>0</alterzustand><ap>0</ap><asp>0</asp><bemerkung></bemerkung><date>16.05.2014 03:20</date><kp>0</kp><kommentar>14 GP</kommentar><lep>0</lep><neuerzustand>14</neuerzustand><object>Fingerfertigkeit: 14</object><version>HS 5.3.3</version></ereignis><ereignis><aktion>EIGENSCHAFTEN</aktion><alterzustand>0</alterzustand><ap>0</ap><asp>0</asp><bemerkung></bemerkung><date>16.05.2014 03:20</date><kp>0</kp><kommentar>12 GP</kommentar><lep>0</lep><neuerzustand>12</neuerzustand><object>Gewandtheit: 12</object><version>HS 5.3.3</version></ereignis><ereignis><aktion>EIGENSCHAFTEN</aktion><alterzustand>0</alterzustand><ap>0</ap><asp>0</asp><bemerkung></bemerkung><date>16.05.2014 03:20</date><kp>0</kp><kommentar>13 GP</kommentar><lep>0</lep><neuerzustand>13</neuerzustand><object>Konstitution: 13</object><version>HS 5.3.3</version></ereignis><ereignis><aktion>EIGENSCHAFTEN</aktion><alterzustand>0</alterzustand><ap>0</ap><asp>0</asp><bemerkung></bemerkung><date>16.05.2014 03:20</date><kp>0</kp><kommentar>10 GP</kommentar><lep>0</lep><neuerzustand>10</neuerzustand><object>Körperkraft: 10</object><version>HS 5.3.3</version></ereignis><ereignis><aktion>EIGENSCHAFTEN</aktion><alterzustand>0</alterzustand><ap>0</ap><asp>0</asp><bemerkung></bemerkung><date>16.05.2014 03:20</date><kp>0</kp><kommentar>0 GP</kommentar><lep>0</lep><neuerzustand>6</neuerzustand><object>Sozialstatus: 6</object><version>HS 5.3.3</version></ereignis><ereignis><aktion>TALENT</aktion><alterzustand>0</alterzustand><ap>0</ap><asp>0</asp><bemerkung></bemerkung><date>16.05.2014 03:20</date><kp>0</kp><kommentar>3 AP</kommentar><lep>0</lep><neuerzustand>1</neuerzustand><object>Athletik: 1</object><version>HS 5.3.3</version></ereignis><ereignis><aktion>TALENT</aktion><alterzustand>0</alterzustand><ap>0</ap><asp>0</asp><bemerkung></bemerkung><date>16.05.2014 03:20</date><kp>0</kp><kommentar>7 AP</kommentar><lep>0</lep><neuerzustand>2</neuerzustand><object>Athletik: 2</object><version>HS 5.3.3</version></ereignis><ereignis><aktion>TALENT</aktion><alterzustand>0</alterzustand><ap>0</ap><asp>0</asp><bemerkung></bemerkung><date>16.05.2014 03:20</date><kp>0</kp><kommentar>12 AP</kommentar><lep>0</lep><neuerzustand>3</neuerzustand><object>Athletik: 3</object><version>HS 5.3.3</version></ereignis><ereignis><aktion>TALENT</aktion><alterzustand>0</alterzustand><ap>0</ap><asp>0</asp><bemerkung></bemerkung><date>16.05.2014 03:20</date><kp>0</kp><kommentar>17 AP</kommentar><lep>0</lep><neuerzustand>4</neuerzustand><object>Klettern: 4</object><version>HS 5.3.3</version></ereignis><ereignis><aktion>TALENT</aktion><alterzustand>0</alterzustand><ap>0</ap><asp>0</asp><bemerkung></bemerkung><date>16.05.2014 03:20</date><kp>0</kp><kommentar>22 AP</kommentar><lep>0</lep><neuerzustand>5</neuerzustand><object>Klettern: 5</object><version>HS 5.3.3</version></ereignis><ereignis><aktion>TALENT</aktion><alterzustand>0</alterzustand><ap>0</ap><asp>0</asp><bemerkung></bemerkung><date>16.05.2014 03:20</date><kp>0</kp><kommentar>12 AP</kommentar><lep>0</lep><neuerzustand>3</neuerzustand><object>Körperbeherrschung: 3</object><version>HS 5.3.3</version></ereignis><ereignis><aktion>TALENT</aktion><alterzustand>0</alterzustand><ap>0</ap><asp>0</asp><bemerkung></bemerkung><date>16.05.2014 03:20</date><kp>0</kp><kommentar>17 AP</kommentar><lep>0</lep><neuerzustand>4</neuerzustand><object>Körperbeherrschung: 4</object><version>HS 5.3.3</version></ereignis><ereignis><aktion>TALENT</aktion><alterzustand>0</alterzustand><ap>0</ap><asp>0</asp><bemerkung></bemerkung><date>16.05.2014 03:20</date><kp>0</kp><kommentar>3 AP</kommentar><lep>0</lep><neuerzustand>1</neuerzustand><object>Schleichen: 1</object><version>HS 5.3.3</version></ereignis><ereignis><aktion>TALENT</aktion><alterzustand>0</alterzustand><ap>0</ap><asp>0</asp><bemerkung></bemerkung><date>16.05.2014 03:20</date><kp>0</kp><kommentar>7 AP</kommentar><lep>0</lep><neuerzustand>2</neuerzustand><object>Schleichen: 2</object><version>HS 5.3.3</version></ereignis><ereignis><aktion>TALENT</aktion><alterzustand>0</alterzustand><ap>0</ap><asp>0</asp><bemerkung></bemerkung><date>16.05.2014 03:20</date><kp>0</kp><kommentar>3 AP</kommentar><lep>0</lep><neuerzustand>1</neuerzustand><object>Sich verstecken: 1</object><version>HS 5.3.3</version></ereignis><ereignis><aktion>TALENT</aktion><alterzustand>0</alterzustand><ap>0</ap><asp>0</asp><bemerkung></bemerkung><date>16.05.2014 03:20</date><kp>0</kp><kommentar>7 AP</kommentar><lep>0</lep><neuerzustand>2</neuerzustand><object>Sich verstecken: 2</object><version>HS 5.3.3</version></ereignis><ereignis><aktion>TALENT</aktion><alterzustand>0</alterzustand><ap>0</ap><asp>0</asp><bemerkung></bemerkung><date>16.05.2014 03:20</date><kp>0</kp><kommentar>6 AP</kommentar><lep>0</lep><neuerzustand>3</neuerzustand><object>Fährtensuchen: 3</object><version>HS 5.3.3</version></ereignis><ereignis><aktion>TALENT</aktion><alterzustand>0</alterzustand><ap>0</ap><asp>0</asp><bemerkung></bemerkung><date>16.05.2014 03:20</date><kp>0</kp><kommentar>8 AP</kommentar><lep>0</lep><neuerzustand>4</neuerzustand><object>Fährtensuchen: 4</object><version>HS 5.3.3</version></ereignis><ereignis><aktion>TALENT</aktion><alterzustand>0</alterzustand><ap>0</ap><asp>0</asp><bemerkung></bemerkung><date>16.05.2014 03:20</date><kp>0</kp><kommentar>4 AP</kommentar><lep>0</lep><neuerzustand>2</neuerzustand><object>Fischen/Angeln: 2</object><version>HS 5.3.3</version></ereignis><ereignis><aktion>TALENT</aktion><alterzustand>0</alterzustand><ap>0</ap><asp>0</asp><bemerkung></bemerkung><date>16.05.2014 03:20</date><kp>0</kp><kommentar>11 AP</kommentar><lep>0</lep><neuerzustand>5</neuerzustand><object>Orientierung: 5</object><version>HS 5.3.3</version></ereignis><ereignis><aktion>TALENT</aktion><alterzustand>0</alterzustand><ap>0</ap><asp>0</asp><bemerkung></bemerkung><date>16.05.2014 03:20</date><kp>0</kp><kommentar>11 AP</kommentar><lep>0</lep><neuerzustand>5</neuerzustand><object>Wettervorhersage: 5</object><version>HS 5.3.3</version></ereignis><ereignis><aktion>TALENT</aktion><alterzustand>0</alterzustand><ap>0</ap><asp>0</asp><bemerkung></bemerkung><date>16.05.2014 03:20</date><kp>0</kp><kommentar>8 AP</kommentar><lep>0</lep><neuerzustand>4</neuerzustand><object>Wildnisleben: 4</object><version>HS 5.3.3</version></ereignis><ereignis><aktion>TALENT</aktion><alterzustand>0</alterzustand><ap>0</ap><asp>0</asp><bemerkung></bemerkung><date>16.05.2014 03:20</date><kp>0</kp><kommentar>11 AP</kommentar><lep>0</lep><neuerzustand>5</neuerzustand><object>Wildnisleben: 5</object><version>HS 5.3.3</version></ereignis><ereignis><aktion>TALENT</aktion><alterzustand>0</alterzustand><ap>0</ap><asp>0</asp><bemerkung></bemerkung><date>16.05.2014 03:20</date><kp>0</kp><kommentar>14 AP</kommentar><lep>0</lep><neuerzustand>6</neuerzustand><object>Wildnisleben: 6</object><version>HS 5.3.3</version></ereignis><ereignis><aktion>TALENT</aktion><alterzustand>0</alterzustand><ap>0</ap><asp>0</asp><bemerkung></bemerkung><date>16.05.2014 03:20</date><kp>0</kp><kommentar>6 AP</kommentar><lep>0</lep><neuerzustand>5</neuerzustand><object>Geografie: 5</object><version>HS 5.3.3</version></ereignis><ereignis><aktion>TALENT</aktion><alterzustand>0</alterzustand><ap>0</ap><asp>0</asp><bemerkung></bemerkung><date>16.05.2014 03:20</date><kp>0</kp><kommentar>7 AP</kommentar><lep>0</lep><neuerzustand>6</neuerzustand><object>Geografie: 6</object><version>HS 5.3.3</version></ereignis><ereignis><aktion>TALENT</aktion><alterzustand>0</alterzustand><ap>0</ap><asp>0</asp><bemerkung></bemerkung><date>16.05.2014 03:20</date><kp>0</kp><kommentar>8 AP</kommentar><lep>0</lep><neuerzustand>7</neuerzustand><object>Geografie: 7</object><version>HS 5.3.3</version></ereignis><ereignis><aktion>TALENT</aktion><alterzustand>0</alterzustand><ap>0</ap><asp>0</asp><bemerkung></bemerkung><date>16.05.2014 03:20</date><kp>0</kp><kommentar>3 AP</kommentar><lep>0</lep><neuerzustand>3</neuerzustand><object>Geschichtswissen: 3</object><version>HS 5.3.3</version></ereignis><ereignis><aktion>TALENT</aktion><alterzustand>0</alterzustand><ap>0</ap><asp>0</asp><bemerkung></bemerkung><date>16.05.2014 03:20</date><kp>0</kp><kommentar>3 AP</kommentar><lep>0</lep><neuerzustand>3</neuerzustand><object>Gesteinskunde: 3</object><version>HS 5.3.3</version></ereignis><ereignis><aktion>TALENT</aktion><alterzustand>0</alterzustand><ap>0</ap><asp>0</asp><bemerkung></bemerkung><date>16.05.2014 03:20</date><kp>0</kp><kommentar>4 AP</kommentar><lep>0</lep><neuerzustand>4</neuerzustand><object>Gesteinskunde: 4</object><version>HS 5.3.3</version></ereignis><ereignis><aktion>TALENT</aktion><alterzustand>0</alterzustand><ap>0</ap><asp>0</asp><bemerkung></bemerkung><date>16.05.2014 03:20</date><kp>0</kp><kommentar>6 AP</kommentar><lep>0</lep><neuerzustand>5</neuerzustand><object>Gesteinskunde: 5</object><version>HS 5.3.3</version></ereignis><ereignis><aktion>TALENT</aktion><alterzustand>0</alterzustand><ap>0</ap><asp>0</asp><bemerkung></bemerkung><date>16.05.2014 03:20</date><kp>0</kp><kommentar>3 AP</kommentar><lep>0</lep><neuerzustand>3</neuerzustand><object>Götter und Kulte: 3</object><version>HS 5.3.3</version></ereignis><ereignis><aktion>TALENT</aktion><alterzustand>0</alterzustand><ap>0</ap><asp>0</asp><bemerkung></bemerkung><date>16.05.2014 03:20</date><kp>0</kp><kommentar>4 AP</kommentar><lep>0</lep><neuerzustand>4</neuerzustand><object>Götter und Kulte: 4</object><version>HS 5.3.3</version></ereignis><ereignis><aktion>TALENT</aktion><alterzustand>0</alterzustand><ap>0</ap><asp>0</asp><bemerkung></bemerkung><date>16.05.2014 03:20</date><kp>0</kp><kommentar>2 AP</kommentar><lep>0</lep><neuerzustand>2</neuerzustand><object>Pflanzenkunde: 2</object><version>HS 5.3.3</version></ereignis><ereignis><aktion>TALENT</aktion><alterzustand>0</alterzustand><ap>0</ap><asp>0</asp><bemerkung></bemerkung><date>16.05.2014 03:20</date><kp>0</kp><kommentar>3 AP</kommentar><lep>0</lep><neuerzustand>3</neuerzustand><object>Pflanzenkunde: 3</object><version>HS 5.3.3</version></ereignis><ereignis><aktion>TALENT</aktion><alterzustand>0</alterzustand><ap>0</ap><asp>0</asp><bemerkung></bemerkung><date>16.05.2014 03:20</date><kp>0</kp><kommentar>4 AP</kommentar><lep>0</lep><neuerzustand>4</neuerzustand><object>Pflanzenkunde: 4</object><version>HS 5.3.3</version></ereignis><ereignis><aktion>TALENT</aktion><alterzustand>0</alterzustand><ap>0</ap><asp>0</asp><bemerkung></bemerkung><date>16.05.2014 03:20</date><kp>0</kp><kommentar>6 AP</kommentar><lep>0</lep><neuerzustand>5</neuerzustand><object>Sternkunde: 5</object><version>HS 5.3.3</version></ereignis><ereignis><aktion>TALENT</aktion><alterzustand>0</alterzustand><ap>0</ap><asp>0</asp><bemerkung></bemerkung><date>16.05.2014 03:20</date><kp>0</kp><kommentar>7 AP</kommentar><lep>0</lep><neuerzustand>6</neuerzustand><object>Sternkunde: 6</object><version>HS 5.3.3</version></ereignis><ereignis><aktion>TALENT</aktion><alterzustand>0</alterzustand><ap>0</ap><asp>0</asp><bemerkung></bemerkung><date>16.05.2014 03:20</date><kp>0</kp><kommentar>3 AP</kommentar><lep>0</lep><neuerzustand>3</neuerzustand><object>Tierkunde: 3</object><version>HS 5.3.3</version></ereignis><ereignis><aktion>TALENT</aktion><alterzustand>0</alterzustand><ap>0</ap><asp>0</asp><bemerkung></bemerkung><date>16.05.2014 03:20</date><kp>0</kp><kommentar>4 AP</kommentar><lep>0</lep><neuerzustand>4</neuerzustand><object>Tierkunde: 4</object><version>HS 5.3.3</version></ereignis><ereignis><aktion>TALENT</aktion><alterzustand>0</alterzustand><ap>0</ap><asp>0</asp><bemerkung></bemerkung><date>16.05.2014 03:20</date><kp>0</kp><kommentar>6 AP</kommentar><lep>0</lep><neuerzustand>5</neuerzustand><object>Tierkunde: 5</object><version>HS 5.3.3</version></ereignis><ereignis><aktion>TALENT</aktion><alterzustand>0</alterzustand><ap>0</ap><asp>0</asp><bemerkung></bemerkung><date>16.05.2014 03:20</date><kp>0</kp><kommentar>7 AP</kommentar><lep>0</lep><neuerzustand>6</neuerzustand><object>Tierkunde: 6</object><version>HS 5.3.3</version></ereignis><ereignis><aktion>TALENT</aktion><alterzustand>0</alterzustand><ap>0</ap><asp>0</asp><bemerkung></bemerkung><date>16.05.2014 03:20</date><kp>0</kp><kommentar>4 AP</kommentar><lep>0</lep><neuerzustand>4</neuerzustand><object>Sprachen kennen Asdharia: 4</object><version>HS 5.3.3</version></ereignis><ereignis><aktion>TALENT</aktion><alterzustand>0</alterzustand><ap>0</ap><asp>0</asp><bemerkung></bemerkung><date>16.05.2014 03:20</date><kp>0</kp><kommentar>6 AP</kommentar><lep>0</lep><neuerzustand>5</neuerzustand><object>Sprachen kennen Asdharia: 5</object><version>HS 5.3.3</version></ereignis><ereignis><aktion>TALENT</aktion><alterzustand>0</alterzustand><ap>0</ap><asp>0</asp><bemerkung></bemerkung><date>16.05.2014 03:20</date><kp>0</kp><kommentar>7 AP</kommentar><lep>0</lep><neuerzustand>6</neuerzustand><object>Sprachen kennen Asdharia: 6</object><version>HS 5.3.3</version></ereignis><ereignis><aktion>TALENT</aktion><alterzustand>0</alterzustand><ap>0</ap><asp>0</asp><bemerkung></bemerkung><date>16.05.2014 03:20</date><kp>0</kp><kommentar>8 AP</kommentar><lep>0</lep><neuerzustand>7</neuerzustand><object>Sprachen kennen Asdharia: 7</object><version>HS 5.3.3</version></ereignis><ereignis><aktion>TALENT</aktion><alterzustand>0</alterzustand><ap>0</ap><asp>0</asp><bemerkung></bemerkung><date>16.05.2014 03:20</date><kp>0</kp><kommentar>10 AP</kommentar><lep>0</lep><neuerzustand>8</neuerzustand><object>Sprachen kennen Asdharia: 8</object><version>HS 5.3.3</version></ereignis><ereignis><aktion>TALENT</aktion><alterzustand>0</alterzustand><ap>0</ap><asp>0</asp><bemerkung></bemerkung><date>16.05.2014 03:20</date><kp>0</kp><kommentar>6 AP</kommentar><lep>0</lep><neuerzustand>7</neuerzustand><object>Sprachen kennen Isdira: 7</object><version>HS 5.3.3</version></ereignis><ereignis><aktion>TALENT</aktion><alterzustand>0</alterzustand><ap>0</ap><asp>0</asp><bemerkung></bemerkung><date>16.05.2014 03:20</date><kp>0</kp><kommentar>8 AP</kommentar><lep>0</lep><neuerzustand>8</neuerzustand><object>Sprachen kennen Isdira: 8</object><version>HS 5.3.3</version></ereignis><ereignis><aktion>TALENT</aktion><alterzustand>0</alterzustand><ap>0</ap><asp>0</asp><bemerkung></bemerkung><date>16.05.2014 03:20</date><kp>0</kp><kommentar>9 AP</kommentar><lep>0</lep><neuerzustand>9</neuerzustand><object>Sprachen kennen Isdira: 9</object><version>HS 5.3.3</version></ereignis><ereignis><aktion>TALENT</aktion><alterzustand>0</alterzustand><ap>0</ap><asp>0</asp><bemerkung></bemerkung><date>16.05.2014 03:20</date><kp>0</kp><kommentar>11 AP</kommentar><lep>0</lep><neuerzustand>10</neuerzustand><object>Sprachen kennen Isdira: 10</object><version>HS 5.3.3</version></ereignis><ereignis><aktion>TALENT</aktion><alterzustand>0</alterzustand><ap>0</ap><asp>0</asp><bemerkung></bemerkung><date>16.05.2014 03:20</date><kp>0</kp><kommentar>2 AP</kommentar><lep>0</lep><neuerzustand>4</neuerzustand><object>Lesen/Schreiben Isdira/Asdharia: 4</object><version>HS 5.3.3</version></ereignis><ereignis><aktion>TALENT</aktion><alterzustand>0</alterzustand><ap>0</ap><asp>0</asp><bemerkung></bemerkung><date>16.05.2014 03:20</date><kp>0</kp><kommentar>4 AP</kommentar><lep>0</lep><neuerzustand>5</neuerzustand><object>Lesen/Schreiben Isdira/Asdharia: 5</object><version>HS 5.3.3</version></ereignis><ereignis><aktion>TALENT</aktion><alterzustand>0</alterzustand><ap>0</ap><asp>0</asp><bemerkung></bemerkung><date>16.05.2014 03:20</date><kp>0</kp><kommentar>5 AP</kommentar><lep>0</lep><neuerzustand>6</neuerzustand><object>Lesen/Schreiben Isdira/Asdharia: 6</object><version>HS 5.3.3</version></ereignis><ereignis><aktion>TALENT</aktion><alterzustand>0</alterzustand><ap>0</ap><asp>0</asp><bemerkung></bemerkung><date>16.05.2014 03:20</date><kp>0</kp><kommentar>6 AP</kommentar><lep>0</lep><neuerzustand>7</neuerzustand><object>Lesen/Schreiben Isdira/Asdharia: 7</object><version>HS 5.3.3</version></ereignis><ereignis><aktion>TALENT</aktion><alterzustand>0</alterzustand><ap>0</ap><asp>0</asp><bemerkung></bemerkung><date>16.05.2014 03:20</date><kp>0</kp><kommentar>8 AP</kommentar><lep>0</lep><neuerzustand>8</neuerzustand><object>Lesen/Schreiben Isdira/Asdharia: 8</object><version>HS 5.3.3</version></ereignis><ereignis><aktion>TALENT</aktion><alterzustand>0</alterzustand><ap>0</ap><asp>0</asp><bemerkung></bemerkung><date>16.05.2014 03:20</date><kp>0</kp><kommentar>9 AP</kommentar><lep>0</lep><neuerzustand>9</neuerzustand><object>Lesen/Schreiben Isdira/Asdharia: 9</object><version>HS 5.3.3</version></ereignis><ereignis><aktion>TALENT</aktion><alterzustand>0</alterzustand><ap>0</ap><asp>0</asp><bemerkung></bemerkung><date>16.05.2014 03:20</date><kp>0</kp><kommentar>11 AP</kommentar><lep>0</lep><neuerzustand>10</neuerzustand><object>Lesen/Schreiben Isdira/Asdharia: 10</object><version>HS 5.3.3</version></ereignis><ereignis><aktion>TALENT</aktion><alterzustand>0</alterzustand><ap>0</ap><asp>0</asp><bemerkung></bemerkung><date>16.05.2014 03:20</date><kp>0</kp><kommentar>4 AP</kommentar><lep>0</lep><neuerzustand>2</neuerzustand><object>Boote fahren: 2</object><version>HS 5.3.3</version></ereignis><ereignis><aktion>TALENT</aktion><alterzustand>0</alterzustand><ap>0</ap><asp>0</asp><bemerkung></bemerkung><date>16.05.2014 03:20</date><kp>0</kp><kommentar>6 AP</kommentar><lep>0</lep><neuerzustand>3</neuerzustand><object>Boote fahren: 3</object><version>HS 5.3.3</version></ereignis><ereignis><aktion>TALENT</aktion><alterzustand>0</alterzustand><ap>0</ap><asp>0</asp><bemerkung></bemerkung><date>16.05.2014 03:20</date><kp>0</kp><kommentar>6 AP</kommentar><lep>0</lep><neuerzustand>3</neuerzustand><object>Heilkunde: Wunden: 3</object><version>HS 5.3.3</version></ereignis><ereignis><aktion>TALENT</aktion><alterzustand>0</alterzustand><ap>0</ap><asp>0</asp><bemerkung></bemerkung><date>16.05.2014 03:20</date><kp>0</kp><kommentar>4 AP</kommentar><lep>0</lep><neuerzustand>2</neuerzustand><object>Holzbearbeitung: 2</object><version>HS 5.3.3</version></ereignis><ereignis><aktion>TALENT</aktion><alterzustand>0</alterzustand><ap>0</ap><asp>0</asp><bemerkung></bemerkung><date>16.05.2014 03:20</date><kp>0</kp><kommentar>6 AP</kommentar><lep>0</lep><neuerzustand>3</neuerzustand><object>Holzbearbeitung: 3</object><version>HS 5.3.3</version></ereignis><ereignis><aktion>TALENT</aktion><alterzustand>0</alterzustand><ap>0</ap><asp>0</asp><bemerkung></bemerkung><date>16.05.2014 03:20</date><kp>0</kp><kommentar>19 AP</kommentar><lep>0</lep><neuerzustand>8</neuerzustand><object>Kartografie: 8</object><version>HS 5.3.3</version></ereignis><ereignis><aktion>TALENT</aktion><alterzustand>0</alterzustand><ap>0</ap><asp>0</asp><bemerkung></bemerkung><date>16.05.2014 03:20</date><kp>0</kp><kommentar>4 AP</kommentar><lep>0</lep><neuerzustand>2</neuerzustand><object>Kochen: 2</object><version>HS 5.3.3</version></ereignis><ereignis><aktion>TALENT</aktion><alterzustand>0</alterzustand><ap>0</ap><asp>0</asp><bemerkung></bemerkung><date>16.05.2014 03:20</date><kp>0</kp><kommentar>6 AP</kommentar><lep>0</lep><neuerzustand>3</neuerzustand><object>Kochen: 3</object><version>HS 5.3.3</version></ereignis><ereignis><aktion>TALENT</aktion><alterzustand>0</alterzustand><ap>0</ap><asp>0</asp><bemerkung></bemerkung><date>16.05.2014 03:20</date><kp>0</kp><kommentar>8 AP</kommentar><lep>0</lep><neuerzustand>4</neuerzustand><object>Kochen: 4</object><version>HS 5.3.3</version></ereignis><ereignis><aktion>TALENT</aktion><alterzustand>0</alterzustand><ap>0</ap><asp>0</asp><bemerkung></bemerkung><date>16.05.2014 03:20</date><kp>0</kp><kommentar>11 AP</kommentar><lep>0</lep><neuerzustand>5</neuerzustand><object>Kochen: 5</object><version>HS 5.3.3</version></ereignis><ereignis><aktion>TALENT</aktion><alterzustand>0</alterzustand><ap>0</ap><asp>0</asp><bemerkung></bemerkung><date>16.05.2014 03:20</date><kp>0</kp><kommentar>4 AP</kommentar><lep>0</lep><neuerzustand>2</neuerzustand><object>Lederarbeiten: 2</object><version>HS 5.3.3</version></ereignis><ereignis><aktion>TALENT</aktion><alterzustand>0</alterzustand><ap>0</ap><asp>0</asp><bemerkung></bemerkung><date>16.05.2014 03:20</date><kp>0</kp><kommentar>6 AP</kommentar><lep>0</lep><neuerzustand>3</neuerzustand><object>Lederarbeiten: 3</object><version>HS 5.3.3</version></ereignis><ereignis><aktion>TALENT</aktion><alterzustand>0</alterzustand><ap>0</ap><asp>0</asp><bemerkung></bemerkung><date>16.05.2014 03:20</date><kp>0</kp><kommentar>14 AP</kommentar><lep>0</lep><neuerzustand>6</neuerzustand><object>Malen/Zeichnen: 6</object><version>HS 5.3.3</version></ereignis><ereignis><aktion>TALENT</aktion><alterzustand>0</alterzustand><ap>0</ap><asp>0</asp><bemerkung></bemerkung><date>16.05.2014 03:20</date><kp>0</kp><kommentar>2 AP</kommentar><lep>0</lep><neuerzustand>0</neuerzustand><object>Seefahrt: 0</object><version>HS 5.3.3</version></ereignis><ereignis><aktion>TALENT</aktion><alterzustand>0</alterzustand><ap>0</ap><asp>0</asp><bemerkung></bemerkung><date>16.05.2014 03:20</date><kp>0</kp><kommentar>2 AP</kommentar><lep>0</lep><neuerzustand>1</neuerzustand><object>Seefahrt: 1</object><version>HS 5.3.3</version></ereignis><ereignis><aktion>SF</aktion><alterzustand>0</alterzustand><ap>0</ap><asp>0</asp><bemerkung></bemerkung><date>16.05.2014 03:20</date><kp>0</kp><kommentar>75 AP</kommentar><lep>0</lep><neuerzustand>0</neuerzustand><object>Meereskundig</object><version>HS 5.3.3</version></ereignis><ereignis><aktion>VORTEILE</aktion><alterzustand>0</alterzustand><ap>0</ap><asp>0</asp><bemerkung></bemerkung><date>16.05.2014 03:20</date><kp>0</kp><kommentar>0 GP</kommentar><lep>0</lep><neuerzustand>0</neuerzustand><object>Akademische Ausbildung (Gelehrter)</object><version>HS 5.3.3</version></ereignis><ereignis><aktion>VORTEILE</aktion><alterzustand>0</alterzustand><ap>0</ap><asp>0</asp><bemerkung></bemerkung><date>16.05.2014 03:20</date><kp>0</kp><kommentar>7 GP</kommentar><lep>0</lep><neuerzustand>0</neuerzustand><object>Innerer Kompass</object><version>HS 5.3.3</version></ereignis><ereignis><aktion>VORTEILE</aktion><alterzustand>0</alterzustand><ap>0</ap><asp>0</asp><bemerkung></bemerkung><date>16.05.2014 03:20</date><kp>0</kp><kommentar>-2 GP</kommentar><lep>0</lep><neuerzustand>0</neuerzustand><object>Neugier: 7</object><version>HS 5.3.3</version></ereignis><ereignis><aktion>Meereskundig</aktion><alterzustand></alterzustand><ap>0</ap><asp>0</asp><bemerkung></bemerkung><date>16.05.2014 03:20</date><kp>0</kp><kommentar></kommentar><lep>0</lep><neuerzustand></neuerzustand><object>Auswahl</object><version>HS 5.3.3</version></ereignis><ereignis><aktion>Bogen</aktion><alterzustand></alterzustand><ap>0</ap><asp>0</asp><bemerkung></bemerkung><date>16.05.2014 03:20</date><kp>0</kp><kommentar></kommentar><lep>0</lep><neuerzustand>1</neuerzustand><object>Auswahl</object><version>HS 5.3.3</version></ereignis><ereignis><aktion>Sprachen kennen Thorwalsch</aktion><alterzustand></alterzustand><ap>0</ap><asp>0</asp><bemerkung></bemerkung><date>16.05.2014 03:20</date><kp>0</kp><kommentar></kommentar><lep>0</lep><neuerzustand>3</neuerzustand><object>Auswahl</object><version>HS 5.3.3</version></ereignis><ereignis><aktion>Hauswirtschaft</aktion><alterzustand></alterzustand><ap>0</ap><asp>0</asp><bemerkung></bemerkung><date>16.05.2014 03:20</date><kp>0</kp><kommentar></kommentar><lep>0</lep><neuerzustand>1</neuerzustand><object>Auswahl</object><version>HS 5.3.3</version></ereignis><ereignis><aktion>Säbel</aktion><alterzustand></alterzustand><ap>0</ap><asp>0</asp><bemerkung></bemerkung><date>16.05.2014 03:20</date><kp>0</kp><kommentar></kommentar><lep>0</lep><neuerzustand>2</neuerzustand><object>Auswahl</object><version>HS 5.3.3</version></ereignis><ereignis><aktion>Sprachen kennen Thorwalsch</aktion><alterzustand></alterzustand><ap>0</ap><asp>0</asp><bemerkung></bemerkung><date>16.05.2014 03:20</date><kp>0</kp><kommentar></kommentar><lep>0</lep><neuerzustand>3</neuerzustand><object>Auswahl</object><version>HS 5.3.3</version></ereignis><ereignis><aktion>Sprachen kennen Isdira</aktion><alterzustand></alterzustand><ap>0</ap><asp>0</asp><bemerkung></bemerkung><date>16.05.2014 03:20</date><kp>0</kp><kommentar></kommentar><lep>0</lep><neuerzustand>6</neuerzustand><object>Auswahl</object><version>HS 5.3.3</version></ereignis><ereignis><aktion>Sprachen kennen Asdharia</aktion><alterzustand></alterzustand><ap>0</ap><asp>0</asp><bemerkung></bemerkung><date>16.05.2014 03:20</date><kp>0</kp><kommentar></kommentar><lep>0</lep><neuerzustand>3</neuerzustand><object>Auswahl</object><version>HS 5.3.3</version></ereignis><ereignis><aktion>Lesen/Schreiben Altes Alaani</aktion><alterzustand></alterzustand><ap>0</ap><asp>0</asp><bemerkung></bemerkung><date>16.05.2014 03:20</date><kp>0</kp><kommentar></kommentar><lep>0</lep><neuerzustand>3</neuerzustand><object>Auswahl</object><version>HS 5.3.3</version></ereignis><ereignis><aktion>Lesen/Schreiben Isdira/Asdharia</aktion><alterzustand></alterzustand><ap>0</ap><asp>0</asp><bemerkung></bemerkung><date>16.05.2014 03:20</date><kp>0</kp><kommentar></kommentar><lep>0</lep><neuerzustand>3</neuerzustand><object>Auswahl</object><version>HS 5.3.3</version></ereignis></ereignisse></daten>