<?xml version="1.0" encoding="UTF-8" standalone="no"?>
<?xml-stylesheet type="text/xsl" href="helden.xsl"?><helden Version="5.5.3">
<held key="1400203217395" name="Therald Taal" stand="1400203264849">
<mods/>
<basis>
<geschlecht name="männlich"/>
<settings name="DSA4.1">
<inc name="Spielhilfen"/>
<inc name="Wege der Alchimie"/>
</settings>
<rasse name="helden.model.rasse.Mittellaender" string="Mittelländer">
<groesse gewicht="70" value="170"/>
<aussehen alter="21" augenfarbe="dunkelbraun" aussehentext0="" aussehentext1="" aussehentext2="" aussehentext3="" familietext0="" familietext1="" familietext2="" familietext3="" familietext4="" familietext5="" gbjahr="1003" gbmonat="7" gbtag="28" gprest="0" gpstart="110" haarfarbe="dunkelblond" kalender="Bosparans Fall" stand="" titel=""/>
</rasse>
<kultur name="helden.model.kultur.Garetien" string="Mittelländische Städte"/>
<ausbildungen>
<ausbildung art="Hauptprofession" name="helden.model.profession.Entdecker" string="Entdecker/Kartograph" tarnidentitaet="">
<variante name="Kartograph"/>
</ausbildung>
</ausbildungen>
<verify value="1"/>
<notiz notiz0="Notizen" notiz1="" notiz10="" notiz11="" notiz2="" notiz3="" notiz4="" notiz5="" notiz6="" notiz7="" notiz8="" notiz9=""/>
<portraet value=""/>
<abenteuerpunkte value="560"/>
<freieabenteuerpunkte value="0"/>
</basis>
<eigenschaften>
<eigenschaft mod="0" name="Mut" startwert="12" value="12"/>
<eigenschaft mod="0" name="Klugheit" startwert="14" value="14"/>
<eigenschaft mod="0" name="Intuition" startwert="14" value="14"/>
<eigenschaft mod="0" name="Charisma" startwert="11" value="11"/>
<eigenschaft mod="0" name="Fingerfertigkeit" startwert="14" value="14"/>
<eigenschaft mod="0" name="Gewandtheit" startwert="12" value="12"/>
<eigenschaft mod="0" name="Konstitution" startwert="13" value="13"/>
<eigenschaft mod="0" name="Körperkraft" startwert="10" value="10"/>
<eigenschaft mod="0" name="Sozialstatus" startwert="6" value="6"/>
<eigenschaft mod="10" name="Lebensenergie" value="0"/>
<eigenschaft mod="10" name="Ausdauer" value="0"/>
<eigenschaft grossemeditation="0" mod="0" mrmod="-4" name="Astralenergie" value="0"/>
<eigenschaft karmalqueste="0" mod="0" name="Karmaenergie" value="0"/>
<eigenschaft mod="-4" name="Magieresistenz" value="0"/>
<eigenschaft mod="0" name="ini" value="10"/>
<eigenschaft mod="0" name="at" value="7"/>
<eigenschaft mod="0" name="pa" value="7"/>
<eigenschaft mod="0" name="fk" value="8"/>
</eigenschaften>
<vt>
<vorteil name="Akademische Ausbildung (Gelehrter)"/>
<vorteil name="Innerer Kompass"/>
<vorteil name="Neugier" value="7"/>
</vt>
<sf>
<sonderfertigkeit name="Kulturkunde">
<kultur name="Mittelreich"/>
</sonderfertigkeit>
<sonderfertigkeit name="Meereskundig"/>
<sonderfertigkeit name="Nandusgefälliges Wissen"/>
<sonderfertigkeit name="Ortskenntnis">
<auswahl name="Stadtteil/Kleinstadt"/>
</sonderfertigkeit>
</sf>
<ereignisse>
<ereignis obj="max GP für Helden: 110" text="EINSTELLUNG" time="1400203225110" version="HS 5.3.3"/>
<ereignis obj="max Eigenschafts-GP für Helden: 100" text="EINSTELLUNG" time="1400203225110" version="HS 5.3.3"/>
<ereignis obj="max Eigenschafts-Wert für Helden: 14" text="EINSTELLUNG" time="1400203225110" version="HS 5.3.3"/>
<ereignis Alt="0" Neu="0" kommentar="0 GP" obj="Rasse: Mittelländer" text="RKP" time="1400203225111" version="HS 5.3.3"/>
<ereignis Alt="0" Neu="0" kommentar="0 GP" obj="Kultur: Mittelländische Städte" text="RKP" time="1400203225112" version="HS 5.3.3"/>
<ereignis Alt="0" Neu="0" kommentar="5 GP" obj="Profession: Entdecker/Kartograph" text="RKP" time="1400203225112" version="HS 5.3.3"/>
<ereignis Alt="0" Neu="12" kommentar="12 GP" obj="Mut: 12" text="EIGENSCHAFTEN" time="1400203225112" version="HS 5.3.3"/>
<ereignis Alt="0" Neu="14" kommentar="14 GP" obj="Klugheit: 14" text="EIGENSCHAFTEN" time="1400203225112" version="HS 5.3.3"/>
<ereignis Alt="0" Neu="14" kommentar="14 GP" obj="Intuition: 14" text="EIGENSCHAFTEN" time="1400203225112" version="HS 5.3.3"/>
<ereignis Alt="0" Neu="11" kommentar="11 GP" obj="Charisma: 11" text="EIGENSCHAFTEN" time="1400203225112" version="HS 5.3.3"/>
<ereignis Alt="0" Neu="14" kommentar="14 GP" obj="Fingerfertigkeit: 14" text="EIGENSCHAFTEN" time="1400203225112" version="HS 5.3.3"/>
<ereignis Alt="0" Neu="12" kommentar="12 GP" obj="Gewandtheit: 12" text="EIGENSCHAFTEN" time="1400203225112" version="HS 5.3.3"/>
<ereignis Alt="0" Neu="13" kommentar="13 GP" obj="Konstitution: 13" text="EIGENSCHAFTEN" time="1400203225112" version="HS 5.3.3"/>
<ereignis Alt="0" Neu="10" kommentar="10 GP" obj="Körperkraft: 10" text="EIGENSCHAFTEN" time="1400203225112" version="HS 5.3.3"/>
<ereignis Alt="0" Neu="6" kommentar="0 GP" obj="Sozialstatus: 6" text="EIGENSCHAFTEN" time="1400203225112" version="HS 5.3.3"/>
<ereignis Alt="0" Neu="1" kommentar="3 AP" obj="Athletik: 1" text="TALENT" time="1400203225112" version="HS 5.3.3"/>
<ereignis Alt="0" Neu="2" kommentar="7 AP" obj="Athletik: 2" text="TALENT" time="1400203225112" version="HS 5.3.3"/>
<ereignis Alt="0" Neu="3" kommentar="12 AP" obj="Athletik: 3" text="TALENT" time="1400203225112" version="HS 5.3.3"/>
<ereignis Alt="0" Neu="4" kommentar="17 AP" obj="Klettern: 4" text="TALENT" time="1400203225112" version="HS 5.3.3"/>
<ereignis Alt="0" Neu="5" kommentar="22 AP" obj="Klettern: 5" text="TALENT" time="1400203225112" version="HS 5.3.3"/>
<ereignis Alt="0" Neu="3" kommentar="12 AP" obj="Körperbeherrschung: 3" text="TALENT" time="1400203225112" version="HS 5.3.3"/>
<ereignis Alt="0" Neu="4" kommentar="17 AP" obj="Körperbeherrschung: 4" text="TALENT" time="1400203225112" version="HS 5.3.3"/>
<ereignis Alt="0" Neu="1" kommentar="3 AP" obj="Schleichen: 1" text="TALENT" time="1400203225112" version="HS 5.3.3"/>
<ereignis Alt="0" Neu="2" kommentar="7 AP" obj="Schleichen: 2" text="TALENT" time="1400203225112" version="HS 5.3.3"/>
<ereignis Alt="0" Neu="1" kommentar="3 AP" obj="Sich verstecken: 1" text="TALENT" time="1400203225112" version="HS 5.3.3"/>
<ereignis Alt="0" Neu="2" kommentar="7 AP" obj="Sich verstecken: 2" text="TALENT" time="1400203225112" version="HS 5.3.3"/>
<ereignis Alt="0" Neu="3" kommentar="6 AP" obj="Fährtensuchen: 3" text="TALENT" time="1400203225112" version="HS 5.3.3"/>
<ereignis Alt="0" Neu="4" kommentar="8 AP" obj="Fährtensuchen: 4" text="TALENT" time="1400203225112" version="HS 5.3.3"/>
<ereignis Alt="0" Neu="2" kommentar="4 AP" obj="Fischen/Angeln: 2" text="TALENT" time="1400203225112" version="HS 5.3.3"/>
<ereignis Alt="0" Neu="5" kommentar="11 AP" obj="Orientierung: 5" text="TALENT" time="1400203225112" version="HS 5.3.3"/>
<ereignis Alt="0" Neu="5" kommentar="11 AP" obj="Wettervorhersage: 5" text="TALENT" time="1400203225112" version="HS 5.3.3"/>
<ereignis Alt="0" Neu="4" kommentar="8 AP" obj="Wildnisleben: 4" text="TALENT" time="1400203225112" version="HS 5.3.3"/>
<ereignis Alt="0" Neu="5" kommentar="11 AP" obj="Wildnisleben: 5" text="TALENT" time="1400203225112" version="HS 5.3.3"/>
<ereignis Alt="0" Neu="6" kommentar="14 AP" obj="Wildnisleben: 6" text="TALENT" time="1400203225112" version="HS 5.3.3"/>
<ereignis Alt="0" Neu="5" kommentar="6 AP" obj="Geografie: 5" text="TALENT" time="1400203225112" version="HS 5.3.3"/>
<ereignis Alt="0" Neu="6" kommentar="7 AP" obj="Geografie: 6" text="TALENT" time="1400203225112" version="HS 5.3.3"/>
<ereignis Alt="0" Neu="7" kommentar="8 AP" obj="Geografie: 7" text="TALENT" time="1400203225112" version="HS 5.3.3"/>
<ereignis Alt="0" Neu="3" kommentar="3 AP" obj="Geschichtswissen: 3" text="TALENT" time="1400203225112" version="HS 5.3.3"/>
<ereignis Alt="0" Neu="3" kommentar="3 AP" obj="Gesteinskunde: 3" text="TALENT" time="1400203225112" version="HS 5.3.3"/>
<ereignis Alt="0" Neu="4" kommentar="4 AP" obj="Gesteinskunde: 4" text="TALENT" time="1400203225112" version="HS 5.3.3"/>
<ereignis Alt="0" Neu="5" kommentar="6 AP" obj="Gesteinskunde: 5" text="TALENT" time="1400203225112" version="HS 5.3.3"/>
<ereignis Alt="0" Neu="3" kommentar="3 AP" obj="Götter und Kulte: 3" text="TALENT" time="1400203225112" version="HS 5.3.3"/>
<ereignis Alt="0" Neu="4" kommentar="4 AP" obj="Götter und Kulte: 4" text="TALENT" time="1400203225112" version="HS 5.3.3"/>
<ereignis Alt="0" Neu="2" kommentar="2 AP" obj="Pflanzenkunde: 2" text="TALENT" time="1400203225112" version="HS 5.3.3"/>
<ereignis Alt="0" Neu="3" kommentar="3 AP" obj="Pflanzenkunde: 3" text="TALENT" time="1400203225112" version="HS 5.3.3"/>
<ereignis Alt="0" Neu="4" kommentar="4 AP" obj="Pflanzenkunde: 4" text="TALENT" time="1400203225112" version="HS 5.3.3"/>
<ereignis Alt="0" Neu="5" kommentar="6 AP" obj="Sternkunde: 5" text="TALENT" time="1400203225112" version="HS 5.3.3"/>
<ereignis Alt="0" Neu="6" kommentar="7 AP" obj="Sternkunde: 6" text="TALENT" time="1400203225112" version="HS 5.3.3"/>
<ereignis Alt="0" Neu="3" kommentar="3 AP" obj="Tierkunde: 3" text="TALENT" time="1400203225112" version="HS 5.3.3"/>
<ereignis Alt="0" Neu="4" kommentar="4 AP" obj="Tierkunde: 4" text="TALENT" time="1400203225112" version="HS 5.3.3"/>
<ereignis Alt="0" Neu="5" kommentar="6 AP" obj="Tierkunde: 5" text="TALENT" time="1400203225112" version="HS 5.3.3"/>
<ereignis Alt="0" Neu="6" kommentar="7 AP" obj="Tierkunde: 6" text="TALENT" time="1400203225112" version="HS 5.3.3"/>
<ereignis Alt="0" Neu="4" kommentar="4 AP" obj="Sprachen kennen Asdharia: 4" text="TALENT" time="1400203225112" version="HS 5.3.3"/>
<ereignis Alt="0" Neu="5" kommentar="6 AP" obj="Sprachen kennen Asdharia: 5" text="TALENT" time="1400203225112" version="HS 5.3.3"/>
<ereignis Alt="0" Neu="6" kommentar="7 AP" obj="Sprachen kennen Asdharia: 6" text="TALENT" time="1400203225112" version="HS 5.3.3"/>
<ereignis Alt="0" Neu="7" kommentar="8 AP" obj="Sprachen kennen Asdharia: 7" text="TALENT" time="1400203225112" version="HS 5.3.3"/>
<ereignis Alt="0" Neu="8" kommentar="10 AP" obj="Sprachen kennen Asdharia: 8" text="TALENT" time="1400203225112" version="HS 5.3.3"/>
<ereignis Alt="0" Neu="7" kommentar="6 AP" obj="Sprachen kennen Isdira: 7" text="TALENT" time="1400203225112" version="HS 5.3.3"/>
<ereignis Alt="0" Neu="8" kommentar="8 AP" obj="Sprachen kennen Isdira: 8" text="TALENT" time="1400203225112" version="HS 5.3.3"/>
<ereignis Alt="0" Neu="9" kommentar="9 AP" obj="Sprachen kennen Isdira: 9" text="TALENT" time="1400203225112" version="HS 5.3.3"/>
<ereignis Alt="0" Neu="10" kommentar="11 AP" obj="Sprachen kennen Isdira: 10" text="TALENT" time="1400203225112" version="HS 5.3.3"/>
<ereignis Alt="0" Neu="4" kommentar="2 AP" obj="Lesen/Schreiben Isdira/Asdharia: 4" text="TALENT" time="1400203225112" version="HS 5.3.3"/>
<ereignis Alt="0" Neu="5" kommentar="4 AP" obj="Lesen/Schreiben Isdira/Asdharia: 5" text="TALENT" time="1400203225112" version="HS 5.3.3"/>
<ereignis Alt="0" Neu="6" kommentar="5 AP" obj="Lesen/Schreiben Isdira/Asdharia: 6" text="TALENT" time="1400203225112" version="HS 5.3.3"/>
<ereignis Alt="0" Neu="7" kommentar="6 AP" obj="Lesen/Schreiben Isdira/Asdharia: 7" text="TALENT" time="1400203225112" version="HS 5.3.3"/>
<ereignis Alt="0" Neu="8" kommentar="8 AP" obj="Lesen/Schreiben Isdira/Asdharia: 8" text="TALENT" time="1400203225112" version="HS 5.3.3"/>
<ereignis Alt="0" Neu="9" kommentar="9 AP" obj="Lesen/Schreiben Isdira/Asdharia: 9" text="TALENT" time="1400203225112" version="HS 5.3.3"/>
<ereignis Alt="0" Neu="10" kommentar="11 AP" obj="Lesen/Schreiben Isdira/Asdharia: 10" text="TALENT" time="1400203225112" version="HS 5.3.3"/>
<ereignis Alt="0" Neu="2" kommentar="4 AP" obj="Boote fahren: 2" text="TALENT" time="1400203225112" version="HS 5.3.3"/>
<ereignis Alt="0" Neu="3" kommentar="6 AP" obj="Boote fahren: 3" text="TALENT" time="1400203225112" version="HS 5.3.3"/>
<ereignis Alt="0" Neu="3" kommentar="6 AP" obj="Heilkunde: Wunden: 3" text="TALENT" time="1400203225112" version="HS 5.3.3"/>
<ereignis Alt="0" Neu="2" kommentar="4 AP" obj="Holzbearbeitung: 2" text="TALENT" time="1400203225112" version="HS 5.3.3"/>
<ereignis Alt="0" Neu="3" kommentar="6 AP" obj="Holzbearbeitung: 3" text="TALENT" time="1400203225112" version="HS 5.3.3"/>
<ereignis Alt="0" Neu="8" kommentar="19 AP" obj="Kartografie: 8" text="TALENT" time="1400203225112" version="HS 5.3.3"/>
<ereignis Alt="0" Neu="2" kommentar="4 AP" obj="Kochen: 2" text="TALENT" time="1400203225112" version="HS 5.3.3"/>
<ereignis Alt="0" Neu="3" kommentar="6 AP" obj="Kochen: 3" text="TALENT" time="1400203225112" version="HS 5.3.3"/>
<ereignis Alt="0" Neu="4" kommentar="8 AP" obj="Kochen: 4" text="TALENT" time="1400203225112" version="HS 5.3.3"/>
<ereignis Alt="0" Neu="5" kommentar="11 AP" obj="Kochen: 5" text="TALENT" time="1400203225112" version="HS 5.3.3"/>
<ereignis Alt="0" Neu="2" kommentar="4 AP" obj="Lederarbeiten: 2" text="TALENT" time="1400203225112" version="HS 5.3.3"/>
<ereignis Alt="0" Neu="3" kommentar="6 AP" obj="Lederarbeiten: 3" text="TALENT" time="1400203225112" version="HS 5.3.3"/>
<ereignis Alt="0" Neu="6" kommentar="14 AP" obj="Malen/Zeichnen: 6" text="TALENT" time="1400203225112" version="HS 5.3.3"/>
<ereignis Alt="0" Neu="0" kommentar="2 AP" obj="Seefahrt: 0" text="TALENT" time="1400203225112" version="HS 5.3.3"/>
<ereignis Alt="0" Neu="1" kommentar="2 AP" obj="Seefahrt: 1" text="TALENT" time="1400203225112" version="HS 5.3.3"/>
<ereignis Alt="0" Neu="0" kommentar="75 AP" obj="Meereskundig" text="SF" time="1400203225112" version="HS 5.3.3"/>
<ereignis Alt="0" Neu="0" kommentar="0 GP" obj="Akademische Ausbildung (Gelehrter)" text="VORTEILE" time="1400203225112" version="HS 5.3.3"/>
<ereignis Alt="0" Neu="0" kommentar="7 GP" obj="Innerer Kompass" text="VORTEILE" time="1400203225112" version="HS 5.3.3"/>
<ereignis Alt="0" Neu="0" kommentar="-2 GP" obj="Neugier: 7" text="VORTEILE" time="1400203225112" version="HS 5.3.3"/>
<ereignis obj="Auswahl" text="Meereskundig" time="1400203225112" version="HS 5.3.3"/>
<ereignis Neu="1" obj="Auswahl" text="Bogen" time="1400203225112" version="HS 5.3.3"/>
<ereignis Neu="3" obj="Auswahl" text="Sprachen kennen Thorwalsch" time="1400203225112" version="HS 5.3.3"/>
<ereignis Neu="1" obj="Auswahl" text="Hauswirtschaft" time="1400203225112" version="HS 5.3.3"/>
<ereignis Neu="2" obj="Auswahl" text="Säbel" time="1400203225112" version="HS 5.3.3"/>
<ereignis Neu="3" obj="Auswahl" text="Sprachen kennen Thorwalsch" time="1400203225112" version="HS 5.3.3"/>
<ereignis Neu="6" obj="Auswahl" text="Sprachen kennen Isdira" time="1400203225113" version="HS 5.3.3"/>
<ereignis Neu="3" obj="Auswahl" text="Sprachen kennen Asdharia" time="1400203225113" version="HS 5.3.3"/>
<ereignis Neu="3" obj="Auswahl" text="Lesen/Schreiben Altes Alaani" time="1400203225113" version="HS 5.3.3"/>
<ereignis Neu="3" obj="Auswahl" text="Lesen/Schreiben Isdira/Asdharia" time="1400203225113" version="HS 5.3.3"/>
</ereignisse>
<talentliste>
<talent lernmethode="Gegenseitiges Lehren" name="Armbrust" probe=" (GE/FF/KK)" value="2"/>
<talent lernmethode="Gegenseitiges Lehren" name="Bogen" probe=" (GE/FF/KK)" value="1"/>
<talent lernmethode="Gegenseitiges Lehren" name="Dolche" probe=" (GE/GE/KK)" value="1"/>
<talent lernmethode="Gegenseitiges Lehren" name="Hiebwaffen" probe=" (GE/GE/KK)" value="0"/>
<talent lernmethode="Gegenseitiges Lehren" name="Infanteriewaffen" probe=" (GE/GE/KK)" value="1"/>
<talent lernmethode="Gegenseitiges Lehren" name="Raufen" probe=" (GE/GE/KK)" value="1"/>
<talent lernmethode="Gegenseitiges Lehren" name="Ringen" probe=" (GE/GE/KK)" value="0"/>
<talent lernmethode="Gegenseitiges Lehren" name="Säbel" probe=" (GE/GE/KK)" value="2"/>
<talent lernmethode="Gegenseitiges Lehren" name="Wurfmesser" probe=" (GE/FF/KK)" value="0"/>
<talent be="BEx2" lernmethode="Gegenseitiges Lehren" name="Athletik" probe=" (GE/KO/KK)" value="3"/>
<talent be="BEx2" lernmethode="Gegenseitiges Lehren" name="Klettern" probe=" (MU/GE/KK)" value="5"/>
<talent be="BEx2" lernmethode="Gegenseitiges Lehren" name="Körperbeherrschung" probe=" (MU/IN/GE)" value="4"/>
<talent be="BE-2" lernmethode="Gegenseitiges Lehren" name="Reiten" probe=" (CH/GE/KK)" value="2"/>
<talent be="BE" lernmethode="Gegenseitiges Lehren" name="Schleichen" probe=" (MU/IN/GE)" value="2"/>
<talent be="BEx2" lernmethode="Gegenseitiges Lehren" name="Schwimmen" probe=" (GE/KO/KK)" value="2"/>
<talent be="" lernmethode="Gegenseitiges Lehren" name="Selbstbeherrschung" probe=" (MU/KO/KK)" value="0"/>
<talent be="BE-2" lernmethode="Gegenseitiges Lehren" name="Sich verstecken" probe=" (MU/IN/GE)" value="2"/>
<talent be="BE-3" lernmethode="Gegenseitiges Lehren" name="Singen" probe=" (IN/CH/CH)" value="0"/>
<talent be="0-&gt;BE" lernmethode="Gegenseitiges Lehren" name="Sinnenschärfe" probe=" (KL/IN/IN)" value="4"/>
<talent be="BEx2" lernmethode="Gegenseitiges Lehren" name="Tanzen" probe=" (CH/GE/GE)" value="0"/>
<talent be="" lernmethode="Gegenseitiges Lehren" name="Zechen" probe=" (IN/KO/KK)" value="1"/>
<talent lernmethode="Gegenseitiges Lehren" name="Etikette" probe=" (KL/IN/CH)" value="2"/>
<talent lernmethode="Gegenseitiges Lehren" name="Gassenwissen" probe=" (KL/IN/CH)" value="1"/>
<talent lernmethode="Gegenseitiges Lehren" name="Menschenkenntnis" probe=" (KL/IN/CH)" value="2"/>
<talent lernmethode="Gegenseitiges Lehren" name="Überreden" probe=" (MU/IN/CH)" value="1"/>
<talent lernmethode="Gegenseitiges Lehren" name="Fährtensuchen" probe=" (KL/IN/KO)" value="4"/>
<talent lernmethode="Gegenseitiges Lehren" name="Fischen/Angeln" probe=" (IN/FF/KK)" value="2"/>
<talent lernmethode="Gegenseitiges Lehren" name="Orientierung" probe=" (KL/IN/IN)" value="5"/>
<talent lernmethode="Gegenseitiges Lehren" name="Wettervorhersage" probe=" (KL/IN/IN)" value="5"/>
<talent lernmethode="Gegenseitiges Lehren" name="Wildnisleben" probe=" (IN/GE/KO)" value="6"/>
<talent lernmethode="Gegenseitiges Lehren" name="Geografie" probe=" (KL/KL/IN)" value="7"/>
<talent lernmethode="Gegenseitiges Lehren" name="Geschichtswissen" probe=" (KL/KL/IN)" value="3"/>
<talent lernmethode="Gegenseitiges Lehren" name="Gesteinskunde" probe=" (KL/IN/FF)" value="5"/>
<talent lernmethode="Gegenseitiges Lehren" name="Götter und Kulte" probe=" (KL/KL/IN)" value="4"/>
<talent lernmethode="Gegenseitiges Lehren" name="Heraldik" probe=" (KL/KL/FF)" value="1"/>
<talent lernmethode="Gegenseitiges Lehren" name="Magiekunde" probe=" (KL/KL/IN)" value="1"/>
<talent lernmethode="Gegenseitiges Lehren" name="Pflanzenkunde" probe=" (KL/IN/FF)" value="4"/>
<talent lernmethode="Gegenseitiges Lehren" name="Rechnen" probe=" (KL/KL/IN)" value="8"/>
<talent lernmethode="Gegenseitiges Lehren" name="Rechtskunde" probe=" (KL/KL/IN)" value="1"/>
<talent lernmethode="Gegenseitiges Lehren" name="Sagen und Legenden" probe=" (KL/IN/CH)" value="4"/>
<talent lernmethode="Gegenseitiges Lehren" name="Sternkunde" probe=" (KL/KL/IN)" value="6"/>
<talent lernmethode="Gegenseitiges Lehren" name="Tierkunde" probe=" (MU/KL/IN)" value="6"/>
<talent k="24" lernmethode="Gegenseitiges Lehren" name="Sprachen kennen Asdharia" probe=" (KL/IN/CH)" value="8"/>
<talent k="18" lernmethode="Gegenseitiges Lehren" name="Sprachen kennen Garethi" probe=" (KL/IN/CH)" value="12"/>
<talent k="21" lernmethode="Gegenseitiges Lehren" name="Sprachen kennen Isdira" probe=" (KL/IN/CH)" value="10"/>
<talent k="18" lernmethode="Gegenseitiges Lehren" name="Sprachen kennen Thorwalsch" probe=" (KL/IN/CH)" value="6"/>
<talent k="18" lernmethode="Gegenseitiges Lehren" name="Lesen/Schreiben Altes Alaani" probe=" (KL/KL/FF)" value="3"/>
<talent k="18" lernmethode="Gegenseitiges Lehren" name="Lesen/Schreiben Isdira/Asdharia" probe=" (KL/KL/FF)" value="10"/>
<talent k="10" lernmethode="Gegenseitiges Lehren" name="Lesen/Schreiben Kusliker Zeichen" probe=" (KL/KL/FF)" value="6"/>
<talent lernmethode="Gegenseitiges Lehren" name="Boote fahren" probe=" (GE/KO/KK)" value="3"/>
<talent lernmethode="Gegenseitiges Lehren" name="Fahrzeug lenken" probe=" (IN/CH/FF)" value="1"/>
<talent lernmethode="Gegenseitiges Lehren" name="Feinmechanik" probe=" (KL/FF/FF)" value="2"/>
<talent lernmethode="Gegenseitiges Lehren" name="Hauswirtschaft" probe=" (IN/CH/FF)" value="1"/>
<talent lernmethode="Gegenseitiges Lehren" name="Heilkunde: Wunden" probe=" (KL/CH/FF)" value="3"/>
<talent lernmethode="Gegenseitiges Lehren" name="Holzbearbeitung" probe=" (KL/FF/KK)" value="3"/>
<talent lernmethode="Gegenseitiges Lehren" name="Kartografie" probe=" (KL/KL/FF)" value="8"/>
<talent lernmethode="Gegenseitiges Lehren" name="Kochen" probe=" (KL/IN/FF)" value="5"/>
<talent lernmethode="Gegenseitiges Lehren" name="Lederarbeiten" probe=" (KL/FF/FF)" value="3"/>
<talent lernmethode="Gegenseitiges Lehren" name="Malen/Zeichnen" probe=" (KL/IN/FF)" value="6"/>
<talent lernmethode="Gegenseitiges Lehren" name="Schneidern" probe=" (KL/FF/FF)" value="1"/>
<talent lernmethode="Gegenseitiges Lehren" name="Seefahrt" probe=" (FF/GE/KK)" value="1"/>
</talentliste>
<zauberliste/>
<kampf>
<kampfwerte name="Dolche">
<attacke value="8"/>
<parade value="7"/>
</kampfwerte>
<kampfwerte name="Hiebwaffen">
<attacke value="7"/>
<parade value="7"/>
</kampfwerte>
<kampfwerte name="Infanteriewaffen">
<attacke value="8"/>
<parade value="7"/>
</kampfwerte>
<kampfwerte name="Raufen">
<attacke value="8"/>
<parade value="7"/>
</kampfwerte>
<kampfwerte name="Ringen">
<attacke value="7"/>
<parade value="7"/>
</kampfwerte>
<kampfwerte name="Säbel">
<attacke value="9"/>
<parade value="7"/>
</kampfwerte>
</kampf>
<gegenstände/>
<BoniWaffenlos/>
<kommentare/>
<ausrüstungen>
<heldenausruestung name="jagtwaffe" nummer="0" set="0"/>
</ausrüstungen>
<verbindungen/>
<extention/>
<geldboerse/>
<plugindata/>
</held>
<Signature xmlns="http://www.w3.org/2000/09/xmldsig#">
<SignedInfo>
<CanonicalizationMethod Algorithm="http://www.w3.org/TR/2001/REC-xml-c14n-20010315#WithComments"/>
<SignatureMethod Algorithm="http://www.w3.org/2000/09/xmldsig#dsa-sha1"/>
<Reference URI="">
<Transforms>
<Transform Algorithm="http://www.w3.org/2000/09/xmldsig#enveloped-signature"/>
</Transforms>
<DigestMethod Algorithm="http://www.w3.org/2000/09/xmldsig#sha1"/>
<DigestValue>ckxS8uNnUfQKwLjl0IAsVcwFlHE=</DigestValue>
</Reference>
</SignedInfo>
<SignatureValue>frH0UVdC9+e1Er5GLAWN3LiUdtmEO/P5v22fGfIA5lQtx3LtSIAD8g==</SignatureValue>
<KeyInfo>
<KeyValue>
<DSAKeyValue>
<P>/KaCzo4Syrom78z3EQ5SbbB4sF7ey80etKII864WF64B81uRpH5t9jQTxeEu0ImbzRMqzVDZkVG9
xD7nN1kuFw==</P>
<Q>li7dzDacuo67Jg7mtqEm2TRuOMU=</Q>
<G>Z4Rxsnqc9E7pGknFFH2xqaryRPBaQ01khpMdLRQnG541Awtx/XPaF5Bpsy4pNWMOHCBiNU0Nogps
QW5QvnlMpA==</G>
<Y>uVrvWkzIbUdL7E80AiD0PJDX3Ck0beY5StXp1wDAA1/ePpemd6rTBNd8YoCzOovNrX016YMcTSiO
iExM4RWtJA==</Y>
</DSAKeyValue>
</KeyValue>
</KeyInfo>
</Signature>
</helden>
