<?xml version="1.0" encoding="UTF-8" standalone="no"?>
<?xml-stylesheet type="text/xsl" href="helden.xsl"?><helden Version="5.5.3">
<held key="1525958232209" name="Ibims eins Fräter" stand="1525959169997">
<mods/>
<basis>
<geschlecht name="männlich"/>
<settings name="DSA4.1"/>
<rasse name="helden.model.rasse.Tulamide" string="Tulamide">
<groesse gewicht="71" value="176"/>
<aussehen alter="21" augenfarbe="braun" aussehentext0="" aussehentext1="" aussehentext2="" aussehentext3="" familietext0="" familietext1="" familietext2="" familietext3="" familietext4="" familietext5="" gbjahr="1003" gbmonat="1" gbtag="17" gprest="0" gpstart="110" haarfarbe="schwarz" kalender="Bosparans Fall" stand="" titel=""/>
</rasse>
<kultur name="helden.model.kultur.Mhanadistan" schrift="Lesen/Schreiben Kusliker Zeichen" string="Mhanadistan" zweitsprache="Sprachen kennen Garethi"/>
<ausbildungen>
<ausbildung art="Hauptprofession" name="helden.model.profession.Magier" string="Akademie der geistigen Kraft zu Fasar: Harter Zweig" tarnidentitaet="">
<variante name="Akademie der geistigen Kraft zu Fasar: Harter Zweig"/>
</ausbildung>
</ausbildungen>
<verify value="1"/>
<notiz notiz0="Notizen" notiz1="" notiz10="" notiz11="" notiz2="" notiz3="" notiz4="" notiz5="" notiz6="" notiz7="" notiz8="" notiz9=""/>
<portraet value=""/>
<abenteuerpunkte value="2460"/>
<freieabenteuerpunkte value="3"/>
<gilde name="schwarz"/>
</basis>
<eigenschaften>
<eigenschaft mod="0" name="Mut" startwert="14" value="14"/>
<eigenschaft mod="0" name="Klugheit" startwert="14" value="14"/>
<eigenschaft mod="0" name="Intuition" startwert="14" value="14"/>
<eigenschaft mod="0" name="Charisma" startwert="14" value="14"/>
<eigenschaft mod="0" name="Fingerfertigkeit" startwert="11" value="11"/>
<eigenschaft mod="0" name="Gewandtheit" startwert="11" value="11"/>
<eigenschaft mod="0" name="Konstitution" startwert="11" value="11"/>
<eigenschaft mod="0" name="Körperkraft" startwert="11" value="11"/>
<eigenschaft mod="0" name="Sozialstatus" startwert="7" value="7"/>
<eigenschaft mod="10" name="Lebensenergie" value="0"/>
<eigenschaft mod="10" name="Ausdauer" value="0"/>
<eigenschaft grossemeditation="0" mod="24" mrmod="-2" name="Astralenergie" value="0"/>
<eigenschaft karmalqueste="0" mod="0" name="Karmaenergie" value="0"/>
<eigenschaft mod="-2" name="Magieresistenz" value="0"/>
<eigenschaft mod="0" name="ini" value="11"/>
<eigenschaft mod="0" name="at" value="7"/>
<eigenschaft mod="0" name="pa" value="7"/>
<eigenschaft mod="0" name="fk" value="7"/>
</eigenschaften>
<vt>
<vorteil name="Akademische Ausbildung (Magier)"/>
<vorteil name="Astrale Regeneration" value="2"/>
<vorteil name="Astralmacht" value="6"/>
<vorteil name="Begabung für [Zauber]" value="Abvenenum reine Speise"/>
<vorteil name="Vollzauberer"/>
<vorteil name="Angst vor Menschenmassen" value="5"/>
<vorteil name="Arroganz" value="7"/>
<vorteil name="Eitelkeit" value="7"/>
<vorteil name="Goldgier" value="7"/>
<vorteil name="Größenwahn" value="10"/>
<vorteil name="Lästige Mindergeister"/>
<vorteil name="Neugier" value="7"/>
<vorteil name="Schulden" value="500"/>
<vorteil name="Speisegebote"/>
<vorteil name="Verpflichtungen"/>
</vt>
<sf>
<sonderfertigkeit name="Astrale Meditation"/>
<sonderfertigkeit name="Eiserner Wille I"/>
<sonderfertigkeit name="Große Meditation"/>
<sonderfertigkeit name="Kulturkunde">
<kultur name="Tulamidenlande"/>
</sonderfertigkeit>
<sonderfertigkeit name="Merkmalskenntnis: Einfluss"/>
<sonderfertigkeit name="Merkmalskenntnis: Herrschaft"/>
<sonderfertigkeit name="Regeneration I"/>
<sonderfertigkeit name="Repräsentation: Magier"/>
<sonderfertigkeit name="Ritualkenntnis: Gildenmagie"/>
<sonderfertigkeit name="Stabzauber: Bindung"/>
<sonderfertigkeit name="Verbotene Pforten"/>
</sf>
<ereignisse>
<ereignis obj="max GP für Helden: 110" text="EINSTELLUNG" time="1525958235175" version="HS 5.5.3"/>
<ereignis obj="max Eigenschafts-GP für Helden: 100" text="EINSTELLUNG" time="1525958235175" version="HS 5.5.3"/>
<ereignis obj="max Eigenschafts-Wert für Helden: 14" text="EINSTELLUNG" time="1525958235175" version="HS 5.5.3"/>
<ereignis obj="Die folgenden Vor- bzw. Nachteile unterliegen der Meistergenehmigung: Begabung für [Zauber] " text="Meistergenehmigung notwendig" time="1525958235176" version="HS 5.5.3"/>
<ereignis Alt="0" Neu="0" kommentar="0 GP" obj="Rasse: Tulamide" text="RKP" time="1525958235176" version="HS 5.5.3"/>
<ereignis Alt="0" Neu="0" kommentar="0 GP" obj="Kultur: Mhanadistan" text="RKP" time="1525958235176" version="HS 5.5.3"/>
<ereignis Alt="0" Neu="0" kommentar="31 GP" obj="Profession: Akademie der geistigen Kraft zu Fasar: Harter Zweig" text="RKP" time="1525958235176" version="HS 5.5.3"/>
<ereignis Alt="0" Neu="14" kommentar="14 GP" obj="Mut: 14" text="EIGENSCHAFTEN" time="1525958235176" version="HS 5.5.3"/>
<ereignis Alt="0" Neu="14" kommentar="14 GP" obj="Klugheit: 14" text="EIGENSCHAFTEN" time="1525958235176" version="HS 5.5.3"/>
<ereignis Alt="0" Neu="14" kommentar="14 GP" obj="Intuition: 14" text="EIGENSCHAFTEN" time="1525958235176" version="HS 5.5.3"/>
<ereignis Alt="0" Neu="14" kommentar="14 GP" obj="Charisma: 14" text="EIGENSCHAFTEN" time="1525958235176" version="HS 5.5.3"/>
<ereignis Alt="0" Neu="11" kommentar="11 GP" obj="Fingerfertigkeit: 11" text="EIGENSCHAFTEN" time="1525958235176" version="HS 5.5.3"/>
<ereignis Alt="0" Neu="11" kommentar="11 GP" obj="Gewandtheit: 11" text="EIGENSCHAFTEN" time="1525958235176" version="HS 5.5.3"/>
<ereignis Alt="0" Neu="11" kommentar="11 GP" obj="Konstitution: 11" text="EIGENSCHAFTEN" time="1525958235176" version="HS 5.5.3"/>
<ereignis Alt="0" Neu="11" kommentar="11 GP" obj="Körperkraft: 11" text="EIGENSCHAFTEN" time="1525958235176" version="HS 5.5.3"/>
<ereignis Alt="0" Neu="7" kommentar="0 GP" obj="Sozialstatus: 7" text="EIGENSCHAFTEN" time="1525958235176" version="HS 5.5.3"/>
<ereignis Alt="0" Neu="2" kommentar="7 AP" obj="Speere: 2" text="TALENT" time="1525958235176" version="HS 5.5.3"/>
<ereignis Alt="0" Neu="3" kommentar="12 AP" obj="Speere: 3" text="TALENT" time="1525958235176" version="HS 5.5.3"/>
<ereignis Alt="0" Neu="4" kommentar="17 AP" obj="Speere: 4" text="TALENT" time="1525958235176" version="HS 5.5.3"/>
<ereignis Alt="0" Neu="5" kommentar="22 AP" obj="Speere: 5" text="TALENT" time="1525958235176" version="HS 5.5.3"/>
<ereignis Alt="0" Neu="6" kommentar="27 AP" obj="Speere: 6" text="TALENT" time="1525958235176" version="HS 5.5.3"/>
<ereignis Alt="0" Neu="7" kommentar="33 AP" obj="Speere: 7" text="TALENT" time="1525958235176" version="HS 5.5.3"/>
<ereignis Alt="0" Neu="4" kommentar="17 AP" obj="Selbstbeherrschung: 4" text="TALENT" time="1525958235176" version="HS 5.5.3"/>
<ereignis Alt="0" Neu="3" kommentar="12 AP" obj="Sinnenschärfe: 3" text="TALENT" time="1525958235176" version="HS 5.5.3"/>
<ereignis Alt="0" Neu="4" kommentar="17 AP" obj="Sinnenschärfe: 4" text="TALENT" time="1525958235176" version="HS 5.5.3"/>
<ereignis Alt="0" Neu="5" kommentar="22 AP" obj="Sinnenschärfe: 5" text="TALENT" time="1525958235176" version="HS 5.5.3"/>
<ereignis Alt="0" Neu="7" kommentar="17 AP" obj="Menschenkenntnis: 7" text="TALENT" time="1525958235176" version="HS 5.5.3"/>
<ereignis Alt="0" Neu="6" kommentar="14 AP" obj="Überreden: 6" text="TALENT" time="1525958235176" version="HS 5.5.3"/>
<ereignis Alt="0" Neu="7" kommentar="17 AP" obj="Überreden: 7" text="TALENT" time="1525958235176" version="HS 5.5.3"/>
<ereignis Alt="0" Neu="8" kommentar="19 AP" obj="Überreden: 8" text="TALENT" time="1525958235176" version="HS 5.5.3"/>
<ereignis Alt="0" Neu="9" kommentar="22 AP" obj="Überreden: 9" text="TALENT" time="1525958235176" version="HS 5.5.3"/>
<ereignis Alt="0" Neu="4" kommentar="8 AP" obj="Überzeugen: 4" text="TALENT" time="1525958235176" version="HS 5.5.3"/>
<ereignis Alt="0" Neu="5" kommentar="11 AP" obj="Überzeugen: 5" text="TALENT" time="1525958235176" version="HS 5.5.3"/>
<ereignis Alt="0" Neu="6" kommentar="14 AP" obj="Überzeugen: 6" text="TALENT" time="1525958235176" version="HS 5.5.3"/>
<ereignis Alt="0" Neu="7" kommentar="17 AP" obj="Überzeugen: 7" text="TALENT" time="1525958235176" version="HS 5.5.3"/>
<ereignis Alt="0" Neu="1" kommentar="2 AP" obj="Orientierung: 1" text="TALENT" time="1525958235176" version="HS 5.5.3"/>
<ereignis Alt="0" Neu="2" kommentar="4 AP" obj="Orientierung: 2" text="TALENT" time="1525958235176" version="HS 5.5.3"/>
<ereignis Alt="0" Neu="3" kommentar="6 AP" obj="Orientierung: 3" text="TALENT" time="1525958235176" version="HS 5.5.3"/>
<ereignis Alt="0" Neu="4" kommentar="8 AP" obj="Orientierung: 4" text="TALENT" time="1525958235176" version="HS 5.5.3"/>
<ereignis Alt="0" Neu="5" kommentar="11 AP" obj="Orientierung: 5" text="TALENT" time="1525958235176" version="HS 5.5.3"/>
<ereignis Alt="0" Neu="4" kommentar="4 AP" obj="Götter und Kulte: 4" text="TALENT" time="1525958235176" version="HS 5.5.3"/>
<ereignis Alt="0" Neu="5" kommentar="6 AP" obj="Götter und Kulte: 5" text="TALENT" time="1525958235176" version="HS 5.5.3"/>
<ereignis Alt="0" Neu="6" kommentar="7 AP" obj="Götter und Kulte: 6" text="TALENT" time="1525958235176" version="HS 5.5.3"/>
<ereignis Alt="0" Neu="7" kommentar="8 AP" obj="Magiekunde: 7" text="TALENT" time="1525958235176" version="HS 5.5.3"/>
<ereignis Alt="0" Neu="8" kommentar="10 AP" obj="Magiekunde: 8" text="TALENT" time="1525958235176" version="HS 5.5.3"/>
<ereignis Alt="0" Neu="9" kommentar="11 AP" obj="Magiekunde: 9" text="TALENT" time="1525958235176" version="HS 5.5.3"/>
<ereignis Alt="0" Neu="10" kommentar="13 AP" obj="Magiekunde: 10" text="TALENT" time="1525958235176" version="HS 5.5.3"/>
<ereignis Alt="0" Neu="4" kommentar="8 AP" obj="Heilkunde: Seele: 4" text="TALENT" time="1525958235176" version="HS 5.5.3"/>
<ereignis Alt="0" Neu="1" kommentar="2 AP" obj="Heilkunde: Wunden: 1" text="TALENT" time="1525958235176" version="HS 5.5.3"/>
<ereignis Alt="0" Neu="1" kommentar="2 AP" obj="Kochen: 1" text="TALENT" time="1525958235176" version="HS 5.5.3"/>
<ereignis Alt="0" Neu="2" kommentar="4 AP" obj="Kochen: 2" text="TALENT" time="1525958235176" version="HS 5.5.3"/>
<ereignis Alt="0" Neu="0" kommentar="1 AP" obj="Blitz dich find [Magier]: 0" text="ZAUBER" time="1525958235176" version="HS 5.5.3"/>
<ereignis Alt="0" Neu="0" kommentar="1 AP" obj="Einfluss bannen [Magier]: 0" text="ZAUBER" time="1525958235176" version="HS 5.5.3"/>
<ereignis Alt="0" Neu="0" kommentar="1 AP" obj="Plumbumbarum schwerer Arm [Magier]: 0" text="ZAUBER" time="1525958235176" version="HS 5.5.3"/>
<ereignis Alt="0" Neu="0" kommentar="2 AP" obj="Abvenenum reine Speise [Magier]: 0" text="ZAUBER" time="1525958235176" version="HS 5.5.3"/>
<ereignis Alt="0" Neu="0" kommentar="2 AP" obj="Ängste lindern [Magier]: 0" text="ZAUBER" time="1525958235176" version="HS 5.5.3"/>
<ereignis Alt="0" Neu="0" kommentar="2 AP" obj="Armatrutz [Magier]: 0" text="ZAUBER" time="1525958235176" version="HS 5.5.3"/>
<ereignis Alt="0" Neu="0" kommentar="2 AP" obj="Höllenpein zerreiße dich! [Magier]: 0" text="ZAUBER" time="1525958235176" version="HS 5.5.3"/>
<ereignis Alt="0" Neu="0" kommentar="2 AP" obj="Karnifilio Raserei [Magier]: 0" text="ZAUBER" time="1525958235176" version="HS 5.5.3"/>
<ereignis Alt="0" Neu="0" kommentar="3 AP" obj="Erinnerung verlasse dich! [Magier]: 0" text="ZAUBER" time="1525958235176" version="HS 5.5.3"/>
<ereignis Alt="0" Neu="0" kommentar="75 AP" obj="Merkmalskenntnis: Einfluss" text="SF" time="1525958235176" version="HS 5.5.3"/>
<ereignis Alt="0" Neu="0" kommentar="38 AP" obj="Regeneration I" text="SF" time="1525958235176" version="HS 5.5.3"/>
<ereignis Alt="0" Neu="0" kommentar="0 GP" obj="Akademische Ausbildung (Magier)" text="VORTEILE" time="1525958235176" version="HS 5.5.3"/>
<ereignis Alt="0" Neu="0" kommentar="-5 GP" obj="Angst vor Menschenmassen: 5" text="VORTEILE" time="1525958235176" version="HS 5.5.3"/>
<ereignis Alt="0" Neu="0" kommentar="0 GP" obj="Arroganz: 7" text="VORTEILE" time="1525958235176" version="HS 5.5.3"/>
<ereignis Alt="0" Neu="0" kommentar="8 GP" obj="Astrale Regeneration: 2" text="VORTEILE" time="1525958235176" version="HS 5.5.3"/>
<ereignis Alt="0" Neu="0" kommentar="6 GP" obj="Astralmacht: 6" text="VORTEILE" time="1525958235176" version="HS 5.5.3"/>
<ereignis Alt="0" Neu="0" kommentar="2 GP" obj="Begabung für [Zauber]: Abvenenum reine Speise" text="VORTEILE" time="1525958235176" version="HS 5.5.3"/>
<ereignis Alt="0" Neu="0" kommentar="-7 GP" obj="Eitelkeit: 7" text="VORTEILE" time="1525958235176" version="HS 5.5.3"/>
<ereignis Alt="0" Neu="0" kommentar="-7 GP" obj="Goldgier: 7" text="VORTEILE" time="1525958235176" version="HS 5.5.3"/>
<ereignis Alt="0" Neu="0" kommentar="-5 GP" obj="Größenwahn: 10" text="VORTEILE" time="1525958235176" version="HS 5.5.3"/>
<ereignis Alt="0" Neu="0" kommentar="-3 GP" obj="Lästige Mindergeister" text="VORTEILE" time="1525958235176" version="HS 5.5.3"/>
<ereignis Alt="0" Neu="0" kommentar="0 GP" obj="Neugier: 7" text="VORTEILE" time="1525958235176" version="HS 5.5.3"/>
<ereignis Alt="0" Neu="0" kommentar="-5 GP" obj="Schulden: 500" text="VORTEILE" time="1525958235176" version="HS 5.5.3"/>
<ereignis Alt="0" Neu="0" kommentar="-5 GP" obj="Speisegebote" text="VORTEILE" time="1525958235176" version="HS 5.5.3"/>
<ereignis Alt="0" Neu="0" kommentar="0 GP" obj="Verpflichtungen" text="VORTEILE" time="1525958235176" version="HS 5.5.3"/>
<ereignis Alt="0" Neu="0" kommentar="0 GP" obj="Vollzauberer" text="VORTEILE" time="1525958235176" version="HS 5.5.3"/>
<ereignis obj="Auswahl" text="Lesen/Schreiben Kusliker Zeichen" time="1525958235176" version="HS 5.5.3"/>
<ereignis Neu="1" obj="Auswahl" text="Speere" time="1525958235176" version="HS 5.5.3"/>
<ereignis Neu="1" obj="Auswahl" text="Fleischer" time="1525958235176" version="HS 5.5.3"/>
<ereignis Abenteuerpunkte="1900" kommentar="freies Steigern Gesamt AP: 1900 Verfügbare AP: 1900" obj="Abenteuerpunkte (Hinzugewinn)" text="Ereignis eingeben" time="1525958557288" version="HS 5.5.3"/>
<ereignis Abenteuerpunkte="-2" Alt="0" Info="Selbststudium" Neu="1" obj="Abvenenum reine Speise [Magier]" text="Zauber steigern" time="1525958586878" version="HS 5.5.3"/>
<ereignis Abenteuerpunkte="-6" Alt="1" Info="Selbststudium" Neu="2" obj="Abvenenum reine Speise [Magier]" text="Zauber steigern" time="1525958587069" version="HS 5.5.3"/>
<ereignis Abenteuerpunkte="-9" Alt="2" Info="Selbststudium" Neu="3" obj="Abvenenum reine Speise [Magier]" text="Zauber steigern" time="1525958587302" version="HS 5.5.3"/>
<ereignis Abenteuerpunkte="-13" Alt="3" Info="Selbststudium" Neu="4" obj="Abvenenum reine Speise [Magier]" text="Zauber steigern" time="1525958587798" version="HS 5.5.3"/>
<ereignis Abenteuerpunkte="-17" Alt="4" Info="Selbststudium" Neu="5" obj="Abvenenum reine Speise [Magier]" text="Zauber steigern" time="1525958588310" version="HS 5.5.3"/>
<ereignis Abenteuerpunkte="-21" Alt="5" Info="Selbststudium" Neu="6" obj="Abvenenum reine Speise [Magier]" text="Zauber steigern" time="1525958588744" version="HS 5.5.3"/>
<ereignis Abenteuerpunkte="-2" Alt="0" Info="Selbststudium" Neu="1" obj="Armatrutz [Magier]" text="Zauber steigern" time="1525958605553" version="HS 5.5.3"/>
<ereignis Abenteuerpunkte="-6" Alt="1" Info="Selbststudium" Neu="2" obj="Armatrutz [Magier]" text="Zauber steigern" time="1525958605754" version="HS 5.5.3"/>
<ereignis Abenteuerpunkte="-9" Alt="2" Info="Selbststudium" Neu="3" obj="Armatrutz [Magier]" text="Zauber steigern" time="1525958606042" version="HS 5.5.3"/>
<ereignis Abenteuerpunkte="-13" Alt="3" Info="Selbststudium" Neu="4" obj="Armatrutz [Magier]" text="Zauber steigern" time="1525958611380" version="HS 5.5.3"/>
<ereignis Abenteuerpunkte="-17" Alt="4" Info="Selbststudium" Neu="5" obj="Armatrutz [Magier]" text="Zauber steigern" time="1525958611556" version="HS 5.5.3"/>
<ereignis Abenteuerpunkte="-11" Alt="4" Info="Selbststudium" Neu="5" obj="Bannbaladin [Magier]" text="Zauber steigern" time="1525958636037" version="HS 5.5.3"/>
<ereignis Abenteuerpunkte="-14" Alt="5" Info="Selbststudium" Neu="6" obj="Bannbaladin [Magier]" text="Zauber steigern" time="1525958636210" version="HS 5.5.3"/>
<ereignis Abenteuerpunkte="-17" Alt="6" Info="Selbststudium" Neu="7" obj="Bannbaladin [Magier]" text="Zauber steigern" time="1525958636368" version="HS 5.5.3"/>
<ereignis Abenteuerpunkte="-19" Alt="7" Info="Selbststudium" Neu="8" obj="Bannbaladin [Magier]" text="Zauber steigern" time="1525958636548" version="HS 5.5.3"/>
<ereignis Abenteuerpunkte="-22" Alt="8" Info="Selbststudium" Neu="9" obj="Bannbaladin [Magier]" text="Zauber steigern" time="1525958637042" version="HS 5.5.3"/>
<ereignis Abenteuerpunkte="-25" Alt="9" Info="Selbststudium" Neu="10" obj="Bannbaladin [Magier]" text="Zauber steigern" time="1525958637202" version="HS 5.5.3"/>
<ereignis Abenteuerpunkte="-43" Alt="10" Info="Selbststudium" Neu="11" obj="Bannbaladin [Magier]" text="Zauber steigern" time="1525958637882" version="HS 5.5.3"/>
<ereignis Abenteuerpunkte="-47" Alt="11" Info="Selbststudium" Neu="12" obj="Bannbaladin [Magier]" text="Zauber steigern" time="1525958638394" version="HS 5.5.3"/>
<ereignis Abenteuerpunkte="-51" Alt="12" Info="Selbststudium" Neu="13" obj="Bannbaladin [Magier]" text="Zauber steigern" time="1525958639012" version="HS 5.5.3"/>
<ereignis Abenteuerpunkte="-55" Alt="13" Info="Selbststudium" Neu="14" obj="Bannbaladin [Magier]" text="Zauber steigern" time="1525958639963" version="HS 5.5.3"/>
<ereignis Abenteuerpunkte="-14" Alt="5" Info="Selbststudium" Neu="6" obj="Beherrschung brechen [Magier]" text="Zauber steigern" time="1525958656497" version="HS 5.5.3"/>
<ereignis Abenteuerpunkte="-17" Alt="6" Info="Selbststudium" Neu="7" obj="Beherrschung brechen [Magier]" text="Zauber steigern" time="1525958656918" version="HS 5.5.3"/>
<ereignis Abenteuerpunkte="-2" Alt="0" Info="Selbststudium" Neu="1" obj="Blitz dich find [Magier]" text="Zauber steigern" time="1525958666386" version="HS 5.5.3"/>
<ereignis Abenteuerpunkte="-4" Alt="1" Info="Selbststudium" Neu="2" obj="Blitz dich find [Magier]" text="Zauber steigern" time="1525958666592" version="HS 5.5.3"/>
<ereignis Abenteuerpunkte="-6" Alt="2" Info="Selbststudium" Neu="3" obj="Blitz dich find [Magier]" text="Zauber steigern" time="1525958666761" version="HS 5.5.3"/>
<ereignis Abenteuerpunkte="-8" Alt="3" Info="Selbststudium" Neu="4" obj="Blitz dich find [Magier]" text="Zauber steigern" time="1525958666921" version="HS 5.5.3"/>
<ereignis Abenteuerpunkte="-11" Alt="4" Info="Selbststudium" Neu="5" obj="Blitz dich find [Magier]" text="Zauber steigern" time="1525958667090" version="HS 5.5.3"/>
<ereignis Abenteuerpunkte="-14" Alt="5" Info="Selbststudium" Neu="6" obj="Blitz dich find [Magier]" text="Zauber steigern" time="1525958671354" version="HS 5.5.3"/>
<ereignis Abenteuerpunkte="-17" Alt="6" Info="Selbststudium" Neu="7" obj="Blitz dich find [Magier]" text="Zauber steigern" time="1525958674171" version="HS 5.5.3"/>
<ereignis Abenteuerpunkte="-3" Alt="0" Info="Selbststudium" Neu="1" obj="Erinnerung verlasse dich! [Magier]" text="Zauber steigern" time="1525958684943" version="HS 5.5.3"/>
<ereignis Abenteuerpunkte="-7" Alt="1" Info="Selbststudium" Neu="2" obj="Erinnerung verlasse dich! [Magier]" text="Zauber steigern" time="1525958685230" version="HS 5.5.3"/>
<ereignis Abenteuerpunkte="-12" Alt="2" Info="Selbststudium" Neu="3" obj="Erinnerung verlasse dich! [Magier]" text="Zauber steigern" time="1525958685438" version="HS 5.5.3"/>
<ereignis Abenteuerpunkte="-17" Alt="3" Info="Selbststudium" Neu="4" obj="Erinnerung verlasse dich! [Magier]" text="Zauber steigern" time="1525958685630" version="HS 5.5.3"/>
<ereignis Abenteuerpunkte="-22" Alt="4" Info="Selbststudium" Neu="5" obj="Erinnerung verlasse dich! [Magier]" text="Zauber steigern" time="1525958685799" version="HS 5.5.3"/>
<ereignis Abenteuerpunkte="-27" Alt="5" Info="Selbststudium" Neu="6" obj="Erinnerung verlasse dich! [Magier]" text="Zauber steigern" time="1525958685969" version="HS 5.5.3"/>
<ereignis Abenteuerpunkte="-33" Alt="6" Info="Selbststudium" Neu="7" obj="Erinnerung verlasse dich! [Magier]" text="Zauber steigern" time="1525958687824" version="HS 5.5.3"/>
<ereignis Abenteuerpunkte="-39" Alt="7" Info="Selbststudium" Neu="8" obj="Erinnerung verlasse dich! [Magier]" text="Zauber steigern" time="1525958687977" version="HS 5.5.3"/>
<ereignis Abenteuerpunkte="-45" Alt="8" Info="Selbststudium" Neu="9" obj="Erinnerung verlasse dich! [Magier]" text="Zauber steigern" time="1525958688552" version="HS 5.5.3"/>
<ereignis Abenteuerpunkte="-50" Alt="9" Info="Selbststudium" Neu="10" obj="Erinnerung verlasse dich! [Magier]" text="Zauber steigern" time="1525958688825" version="HS 5.5.3"/>
<ereignis Abenteuerpunkte="-12" Alt="2" Info="Selbststudium" Neu="3" obj="Fulminictus Donnerkeil [Magier]" text="Zauber steigern" time="1525958696427" version="HS 5.5.3"/>
<ereignis Abenteuerpunkte="-17" Alt="3" Info="Selbststudium" Neu="4" obj="Fulminictus Donnerkeil [Magier]" text="Zauber steigern" time="1525958696984" version="HS 5.5.3"/>
<ereignis Abenteuerpunkte="-22" Alt="4" Info="Selbststudium" Neu="5" obj="Fulminictus Donnerkeil [Magier]" text="Zauber steigern" time="1525958697187" version="HS 5.5.3"/>
<ereignis Abenteuerpunkte="-27" Alt="5" Info="Selbststudium" Neu="6" obj="Fulminictus Donnerkeil [Magier]" text="Zauber steigern" time="1525958697356" version="HS 5.5.3"/>
<ereignis Abenteuerpunkte="-33" Alt="6" Info="Selbststudium" Neu="7" obj="Fulminictus Donnerkeil [Magier]" text="Zauber steigern" time="1525958697504" version="HS 5.5.3"/>
<ereignis Abenteuerpunkte="-2" Alt="0" Info="Selbststudium" Neu="1" obj="Höllenpein zerreiße dich! [Magier]" text="Zauber steigern" time="1525958707039" version="HS 5.5.3"/>
<ereignis Abenteuerpunkte="-6" Alt="1" Info="Selbststudium" Neu="2" obj="Höllenpein zerreiße dich! [Magier]" text="Zauber steigern" time="1525958707214" version="HS 5.5.3"/>
<ereignis Abenteuerpunkte="-9" Alt="2" Info="Selbststudium" Neu="3" obj="Höllenpein zerreiße dich! [Magier]" text="Zauber steigern" time="1525958707390" version="HS 5.5.3"/>
<ereignis Abenteuerpunkte="-13" Alt="3" Info="Selbststudium" Neu="4" obj="Höllenpein zerreiße dich! [Magier]" text="Zauber steigern" time="1525958707615" version="HS 5.5.3"/>
<ereignis Abenteuerpunkte="-17" Alt="4" Info="Selbststudium" Neu="5" obj="Höllenpein zerreiße dich! [Magier]" text="Zauber steigern" time="1525958709575" version="HS 5.5.3"/>
<ereignis Abenteuerpunkte="-21" Alt="5" Info="Selbststudium" Neu="6" obj="Höllenpein zerreiße dich! [Magier]" text="Zauber steigern" time="1525958709766" version="HS 5.5.3"/>
<ereignis Abenteuerpunkte="-25" Alt="6" Info="Selbststudium" Neu="7" obj="Höllenpein zerreiße dich! [Magier]" text="Zauber steigern" time="1525958712005" version="HS 5.5.3"/>
<ereignis Abenteuerpunkte="-29" Alt="7" Info="Selbststudium" Neu="8" obj="Höllenpein zerreiße dich! [Magier]" text="Zauber steigern" time="1525958712162" version="HS 5.5.3"/>
<ereignis Abenteuerpunkte="-17" Alt="6" Info="Selbststudium" Neu="7" obj="Horriphobus Schreckgestalt [Magier]" text="Zauber steigern" time="1525958720244" version="HS 5.5.3"/>
<ereignis Abenteuerpunkte="-19" Alt="7" Info="Selbststudium" Neu="8" obj="Horriphobus Schreckgestalt [Magier]" text="Zauber steigern" time="1525958720408" version="HS 5.5.3"/>
<ereignis Abenteuerpunkte="-22" Alt="8" Info="Selbststudium" Neu="9" obj="Horriphobus Schreckgestalt [Magier]" text="Zauber steigern" time="1525958721845" version="HS 5.5.3"/>
<ereignis Abenteuerpunkte="-39" Alt="7" Info="Selbststudium" Neu="8" obj="Imperavi Handlungszwang [Magier]" text="Zauber steigern" time="1525958728742" version="HS 5.5.3"/>
<ereignis Abenteuerpunkte="-45" Alt="8" Info="Selbststudium" Neu="9" obj="Imperavi Handlungszwang [Magier]" text="Zauber steigern" time="1525958728902" version="HS 5.5.3"/>
<ereignis Abenteuerpunkte="-50" Alt="9" Info="Selbststudium" Neu="10" obj="Imperavi Handlungszwang [Magier]" text="Zauber steigern" time="1525958729062" version="HS 5.5.3"/>
<ereignis Abenteuerpunkte="-70" Alt="10" Info="Selbststudium" Neu="11" obj="Imperavi Handlungszwang [Magier]" text="Zauber steigern" time="1525958729217" version="HS 5.5.3"/>
<ereignis Abenteuerpunkte="-80" Alt="11" Info="Selbststudium" Neu="12" obj="Imperavi Handlungszwang [Magier]" text="Zauber steigern" time="1525958729375" version="HS 5.5.3"/>
<ereignis Abenteuerpunkte="-85" Alt="12" Info="Selbststudium" Neu="13" obj="Imperavi Handlungszwang [Magier]" text="Zauber steigern" time="1525958729540" version="HS 5.5.3"/>
<ereignis Abenteuerpunkte="-95" Alt="13" Info="Selbststudium" Neu="14" obj="Imperavi Handlungszwang [Magier]" text="Zauber steigern" time="1525958729976" version="HS 5.5.3"/>
<ereignis Abenteuerpunkte="-15" Neu="0" obj="Dunkelheit [Magier]" text="Zauber aktivieren" time="1525958803909" version="HS 5.5.3"/>
<ereignis Abenteuerpunkte="-12" Alt="2" Info="Selbststudium" Neu="3" obj="Schwarzer Schrecken [Magier]" text="Zauber steigern" time="1525958849776" version="HS 5.5.3"/>
<ereignis Abenteuerpunkte="-17" Alt="3" Info="Selbststudium" Neu="4" obj="Schwarzer Schrecken [Magier]" text="Zauber steigern" time="1525958849997" version="HS 5.5.3"/>
<ereignis Abenteuerpunkte="-22" Alt="4" Info="Selbststudium" Neu="5" obj="Schwarzer Schrecken [Magier]" text="Zauber steigern" time="1525958850190" version="HS 5.5.3"/>
<ereignis Abenteuerpunkte="-27" Alt="5" Info="Selbststudium" Neu="6" obj="Schwarzer Schrecken [Magier]" text="Zauber steigern" time="1525958850384" version="HS 5.5.3"/>
<ereignis Abenteuerpunkte="-3" Alt="0" Info="Selbststudium" Neu="1" obj="Dunkelheit [Magier]" text="Zauber steigern" time="1525958863890" version="HS 5.5.3"/>
<ereignis Abenteuerpunkte="-7" Alt="1" Info="Selbststudium" Neu="2" obj="Dunkelheit [Magier]" text="Zauber steigern" time="1525958864198" version="HS 5.5.3"/>
<ereignis Abenteuerpunkte="-12" Alt="2" Info="Selbststudium" Neu="3" obj="Dunkelheit [Magier]" text="Zauber steigern" time="1525958864369" version="HS 5.5.3"/>
<ereignis Abenteuerpunkte="-17" Alt="3" Info="Selbststudium" Neu="4" obj="Dunkelheit [Magier]" text="Zauber steigern" time="1525958865050" version="HS 5.5.3"/>
<ereignis Abenteuerpunkte="-22" Alt="4" Info="Selbststudium" Neu="5" obj="Dunkelheit [Magier]" text="Zauber steigern" time="1525958865338" version="HS 5.5.3"/>
<ereignis Abenteuerpunkte="-27" Alt="5" Info="Selbststudium" Neu="6" obj="Dunkelheit [Magier]" text="Zauber steigern" time="1525958865738" version="HS 5.5.3"/>
<ereignis Abenteuerpunkte="-4" Alt="0" Info="Selbststudium" Neu="1" obj="Klettern" text="Talent steigern" time="1525958942476" version="HS 5.5.3"/>
<ereignis Abenteuerpunkte="-9" Alt="1" Info="Selbststudium" Neu="2" obj="Klettern" text="Talent steigern" time="1525958942765" version="HS 5.5.3"/>
<ereignis Abenteuerpunkte="-15" Alt="2" Info="Selbststudium" Neu="3" obj="Klettern" text="Talent steigern" time="1525958943245" version="HS 5.5.3"/>
<ereignis Abenteuerpunkte="-4" Alt="0" Info="Selbststudium" Neu="1" obj="Schwimmen" text="Talent steigern" time="1525958950022" version="HS 5.5.3"/>
<ereignis Abenteuerpunkte="-9" Alt="1" Info="Selbststudium" Neu="2" obj="Schwimmen" text="Talent steigern" time="1525958950334" version="HS 5.5.3"/>
<ereignis Abenteuerpunkte="-15" Alt="2" Info="Selbststudium" Neu="3" obj="Schwimmen" text="Talent steigern" time="1525958950579" version="HS 5.5.3"/>
<ereignis Abenteuerpunkte="-6" Alt="1" Info="Selbststudium" Neu="2" obj="Wildnisleben" text="Talent steigern" time="1525959035595" version="HS 5.5.3"/>
<ereignis Abenteuerpunkte="-9" Alt="2" Info="Selbststudium" Neu="3" obj="Wildnisleben" text="Talent steigern" time="1525959036016" version="HS 5.5.3"/>
<ereignis Abenteuerpunkte="-13" Alt="3" Info="Selbststudium" Neu="4" obj="Wildnisleben" text="Talent steigern" time="1525959038621" version="HS 5.5.3"/>
<ereignis Abenteuerpunkte="-6" Alt="1" Info="Selbststudium" Neu="2" obj="Pflanzenkunde" text="Talent steigern" time="1525959044476" version="HS 5.5.3"/>
<ereignis Abenteuerpunkte="-9" Alt="2" Info="Selbststudium" Neu="3" obj="Pflanzenkunde" text="Talent steigern" time="1525959045131" version="HS 5.5.3"/>
<ereignis Abenteuerpunkte="-13" Alt="3" Info="Selbststudium" Neu="4" obj="Pflanzenkunde" text="Talent steigern" time="1525959045860" version="HS 5.5.3"/>
<ereignis Abenteuerpunkte="-17" Alt="4" Info="Selbststudium" Neu="5" obj="Pflanzenkunde" text="Talent steigern" time="1525959048708" version="HS 5.5.3"/>
<ereignis Abenteuerpunkte="-17" Alt="4" Info="Selbststudium" Neu="5" obj="Heilkunde: Seele" text="Talent steigern" time="1525959084068" version="HS 5.5.3"/>
<ereignis Abenteuerpunkte="-48" Alt="7;1;6" Info="Selbststudium" Neu="8;1;6" obj="Speere" text="Nahkampftalent steigern" time="1525959090826" version="HS 5.5.3"/>
</ereignisse>
<talentliste>
<talent lernmethode="Gegenseitiges Lehren" name="Dolche" probe=" (GE/GE/KK)" value="4"/>
<talent lernmethode="Gegenseitiges Lehren" name="Hiebwaffen" probe=" (GE/GE/KK)" value="0"/>
<talent lernmethode="Gegenseitiges Lehren" name="Raufen" probe=" (GE/GE/KK)" value="1"/>
<talent lernmethode="Gegenseitiges Lehren" name="Ringen" probe=" (GE/GE/KK)" value="3"/>
<talent lernmethode="Gegenseitiges Lehren" name="Säbel" probe=" (GE/GE/KK)" value="0"/>
<talent lernmethode="Selbststudium" name="Speere" probe=" (GE/GE/KK)" value="8"/>
<talent lernmethode="Gegenseitiges Lehren" name="Stäbe" probe=" (GE/GE/KK)" value="1"/>
<talent lernmethode="Gegenseitiges Lehren" name="Wurfmesser" probe=" (GE/FF/KK)" value="0"/>
<talent be="BEx2" lernmethode="Gegenseitiges Lehren" name="Athletik" probe=" (GE/KO/KK)" value="0"/>
<talent be="BEx2" lernmethode="Selbststudium" name="Klettern" probe=" (MU/GE/KK)" value="3"/>
<talent be="BEx2" lernmethode="Gegenseitiges Lehren" name="Körperbeherrschung" probe=" (MU/IN/GE)" value="1"/>
<talent be="BE" lernmethode="Gegenseitiges Lehren" name="Schleichen" probe=" (MU/IN/GE)" value="0"/>
<talent be="BEx2" lernmethode="Selbststudium" name="Schwimmen" probe=" (GE/KO/KK)" value="3"/>
<talent be="" lernmethode="Gegenseitiges Lehren" name="Selbstbeherrschung" probe=" (MU/KO/KK)" value="4"/>
<talent be="BE-2" lernmethode="Gegenseitiges Lehren" name="Sich verstecken" probe=" (MU/IN/GE)" value="0"/>
<talent be="BE-3" lernmethode="Gegenseitiges Lehren" name="Singen" probe=" (IN/CH/CH)" value="0"/>
<talent be="0-&gt;BE" lernmethode="Gegenseitiges Lehren" name="Sinnenschärfe" probe=" (KL/IN/IN)" value="5"/>
<talent be="BEx2" lernmethode="Gegenseitiges Lehren" name="Tanzen" probe=" (CH/GE/GE)" value="1"/>
<talent be="" lernmethode="Gegenseitiges Lehren" name="Zechen" probe=" (IN/KO/KK)" value="0"/>
<talent lernmethode="Gegenseitiges Lehren" name="Betören" probe=" (IN/CH/CH)" value="2"/>
<talent lernmethode="Gegenseitiges Lehren" name="Etikette" probe=" (KL/IN/CH)" value="4"/>
<talent lernmethode="Gegenseitiges Lehren" name="Gassenwissen" probe=" (KL/IN/CH)" value="2"/>
<talent lernmethode="Gegenseitiges Lehren" name="Lehren" probe=" (KL/IN/CH)" value="2"/>
<talent lernmethode="Gegenseitiges Lehren" name="Menschenkenntnis" probe=" (KL/IN/CH)" value="7"/>
<talent lernmethode="Gegenseitiges Lehren" name="Sich verkleiden" probe=" (MU/CH/GE)" value="1"/>
<talent lernmethode="Gegenseitiges Lehren" name="Überreden" probe=" (MU/IN/CH)" value="9"/>
<talent lernmethode="Gegenseitiges Lehren" name="Überzeugen" probe=" (KL/IN/CH)" value="7"/>
<talent lernmethode="Gegenseitiges Lehren" name="Fährtensuchen" probe=" (KL/IN/KO)" value="1"/>
<talent lernmethode="Gegenseitiges Lehren" name="Orientierung" probe=" (KL/IN/IN)" value="5"/>
<talent lernmethode="Gegenseitiges Lehren" name="Wettervorhersage" probe=" (KL/IN/IN)" value="1"/>
<talent lernmethode="Selbststudium" name="Wildnisleben" probe=" (IN/GE/KO)" value="4"/>
<talent lernmethode="Gegenseitiges Lehren" name="Brett-/Kartenspiel" probe=" (KL/KL/IN)" value="3"/>
<talent lernmethode="Gegenseitiges Lehren" name="Geschichtswissen" probe=" (KL/KL/IN)" value="4"/>
<talent lernmethode="Gegenseitiges Lehren" name="Götter und Kulte" probe=" (KL/KL/IN)" value="6"/>
<talent lernmethode="Gegenseitiges Lehren" name="Magiekunde" probe=" (KL/KL/IN)" value="10"/>
<talent lernmethode="Selbststudium" name="Pflanzenkunde" probe=" (KL/IN/FF)" value="5"/>
<talent lernmethode="Gegenseitiges Lehren" name="Philosophie" probe=" (KL/KL/IN)" value="3"/>
<talent lernmethode="Gegenseitiges Lehren" name="Rechnen" probe=" (KL/KL/IN)" value="6"/>
<talent lernmethode="Gegenseitiges Lehren" name="Rechtskunde" probe=" (KL/KL/IN)" value="2"/>
<talent lernmethode="Gegenseitiges Lehren" name="Sagen und Legenden" probe=" (KL/IN/CH)" value="7"/>
<talent lernmethode="Gegenseitiges Lehren" name="Sternkunde" probe=" (KL/KL/IN)" value="4"/>
<talent lernmethode="Gegenseitiges Lehren" name="Tierkunde" probe=" (MU/KL/IN)" value="2"/>
<talent k="21" lernmethode="Gegenseitiges Lehren" name="Sprachen kennen Bosparano" probe=" (KL/IN/CH)" value="6"/>
<talent k="18" lernmethode="Gegenseitiges Lehren" name="Sprachen kennen Garethi" probe=" (KL/IN/CH)" value="10"/>
<talent k="18" lernmethode="Gegenseitiges Lehren" name="Sprachen kennen Tulamidya" probe=" (KL/IN/CH)" value="16"/>
<talent k="21" lernmethode="Gegenseitiges Lehren" name="Sprachen kennen Urtulamidya" probe=" (KL/IN/CH)" value="7"/>
<talent k="15" lernmethode="Gegenseitiges Lehren" name="Sprachen kennen Zhayad" probe=" (KL/IN/CH)" value="4"/>
<talent k="10" lernmethode="Gegenseitiges Lehren" name="Lesen/Schreiben Kusliker Zeichen" probe=" (KL/KL/FF)" value="8"/>
<talent k="14" lernmethode="Gegenseitiges Lehren" name="Lesen/Schreiben Tulamidya" probe=" (KL/KL/FF)" value="8"/>
<talent k="16" lernmethode="Gegenseitiges Lehren" name="Lesen/Schreiben Urtulamidya" probe=" (KL/KL/FF)" value="6"/>
<talent k="18" lernmethode="Gegenseitiges Lehren" name="Lesen/Schreiben Zhayad" probe=" (KL/KL/FF)" value="4"/>
<talent lernmethode="Gegenseitiges Lehren" name="Ackerbau" probe=" (IN/FF/KO)" value="1"/>
<talent lernmethode="Gegenseitiges Lehren" name="Alchimie" probe=" (MU/KL/FF)" value="3"/>
<talent lernmethode="Gegenseitiges Lehren" name="Fleischer" probe=" (KL/FF/KK)" value="1"/>
<talent lernmethode="Gegenseitiges Lehren" name="Heilkunde: Gift" probe=" (MU/KL/IN)" value="1"/>
<talent lernmethode="Selbststudium" name="Heilkunde: Seele" probe=" (IN/CH/CH)" value="5"/>
<talent lernmethode="Gegenseitiges Lehren" name="Heilkunde: Wunden" probe=" (KL/CH/FF)" value="1"/>
<talent lernmethode="Gegenseitiges Lehren" name="Holzbearbeitung" probe=" (KL/FF/KK)" value="1"/>
<talent lernmethode="Gegenseitiges Lehren" name="Kochen" probe=" (KL/IN/FF)" value="2"/>
<talent lernmethode="Gegenseitiges Lehren" name="Lederarbeiten" probe=" (KL/FF/FF)" value="1"/>
<talent lernmethode="Gegenseitiges Lehren" name="Malen/Zeichnen" probe=" (KL/IN/FF)" value="4"/>
<talent lernmethode="Gegenseitiges Lehren" name="Schneidern" probe=" (KL/FF/FF)" value="0"/>
<talent lernmethode="Gegenseitiges Lehren" name="Viehzucht" probe=" (KL/IN/KK)" value="2"/>
<talent lernmethode="Gegenseitiges Lehren" name="Ritualkenntnis: Gildenmagie" probe=" (--/--/--)" value="3"/>
</talentliste>
<zauberliste>
<zauber anmerkungen="" hauszauber="false" k="C" kosten="" lernmethode="Selbststudium" name="Abvenenum reine Speise" probe=" (KL/KL/FF)" reichweite="" repraesentation="Magier" value="6" variante="" wirkungsdauer="" zauberdauer="" zauberkommentar=""/>
<zauber anmerkungen="" hauszauber="false" k="D" kosten="" lernmethode="Selbststudium" name="Analys Arkanstruktur" probe=" (KL/KL/IN)" reichweite="" repraesentation="Magier" value="2" variante="" wirkungsdauer="" zauberdauer="" zauberkommentar=""/>
<zauber anmerkungen="" hauszauber="false" k="C" kosten="" lernmethode="Selbststudium" name="Ängste lindern" probe=" (MU/IN/CH)" reichweite="" repraesentation="Magier" value="0" variante="" wirkungsdauer="" zauberdauer="" zauberkommentar=""/>
<zauber anmerkungen="" hauszauber="false" k="B" kosten="" lernmethode="Selbststudium" name="Armatrutz" probe=" (IN/GE/KO)" reichweite="" repraesentation="Magier" value="5" variante="" wirkungsdauer="" zauberdauer="" zauberkommentar=""/>
<zauber anmerkungen="" hauszauber="false" k="B" kosten="" lernmethode="Gegenseitiges Lehren" name="Attributo" probe=" (KL/CH/**)" reichweite="" repraesentation="Magier" value="2" variante="" wirkungsdauer="" zauberdauer="" zauberkommentar=""/>
<zauber anmerkungen="" hauszauber="false" k="C" kosten="" lernmethode="Gegenseitiges Lehren" name="Band und Fessel" probe=" (KL/CH/KK)" reichweite="" repraesentation="Magier" value="2" variante="" wirkungsdauer="" zauberdauer="" zauberkommentar=""/>
<zauber anmerkungen="" hauszauber="false" k="B" kosten="" lernmethode="Selbststudium" name="Bannbaladin" probe=" (IN/CH/CH)" reichweite="" repraesentation="Magier" value="14" variante="" wirkungsdauer="" zauberdauer="" zauberkommentar=""/>
<zauber anmerkungen="" hauszauber="true" k="C" kosten="" lernmethode="Selbststudium" name="Beherrschung brechen" probe=" (KL/IN/CH)" reichweite="" repraesentation="Magier" value="7" variante="" wirkungsdauer="" zauberdauer="" zauberkommentar=""/>
<zauber anmerkungen="" hauszauber="false" k="D" kosten="" lernmethode="Gegenseitiges Lehren" name="Blick in die Gedanken" probe=" (KL/KL/CH)" reichweite="" repraesentation="Magier" value="2" variante="" wirkungsdauer="" zauberdauer="" zauberkommentar=""/>
<zauber anmerkungen="" hauszauber="false" k="B" kosten="" lernmethode="Selbststudium" name="Blitz dich find" probe=" (KL/IN/GE)" reichweite="" repraesentation="Magier" value="7" variante="" wirkungsdauer="" zauberdauer="" zauberkommentar=""/>
<zauber anmerkungen="" hauszauber="false" k="C" kosten="" lernmethode="Selbststudium" name="Dunkelheit" probe=" (KL/KL/FF)" reichweite="" repraesentation="Magier" value="6" variante="" wirkungsdauer="" zauberdauer="" zauberkommentar=""/>
<zauber anmerkungen="" hauszauber="false" k="B" kosten="" lernmethode="Gegenseitiges Lehren" name="Einfluss bannen" probe=" (IN/CH/CH)" reichweite="" repraesentation="Magier" value="0" variante="" wirkungsdauer="" zauberdauer="" zauberkommentar=""/>
<zauber anmerkungen="" hauszauber="false" k="D" kosten="" lernmethode="Selbststudium" name="Erinnerung verlasse dich!" probe=" (MU/IN/CH)" reichweite="" repraesentation="Magier" value="10" variante="" wirkungsdauer="" zauberdauer="" zauberkommentar=""/>
<zauber anmerkungen="" hauszauber="false" k="C" kosten="" lernmethode="Selbststudium" name="Fulminictus Donnerkeil" probe=" (IN/GE/KO)" reichweite="" repraesentation="Magier" value="7" variante="" wirkungsdauer="" zauberdauer="" zauberkommentar=""/>
<zauber anmerkungen="" hauszauber="false" k="C" kosten="" lernmethode="Gegenseitiges Lehren" name="Halluzination" probe=" (KL/IN/CH)" reichweite="" repraesentation="Druide" value="2" variante="" wirkungsdauer="" zauberdauer="" zauberkommentar=""/>
<zauber anmerkungen="" hauszauber="false" k="C" kosten="" lernmethode="Selbststudium" name="Höllenpein zerreiße dich!" probe=" (KL/CH/KO)" reichweite="" repraesentation="Magier" value="8" variante="" wirkungsdauer="" zauberdauer="" zauberkommentar=""/>
<zauber anmerkungen="" hauszauber="true" k="C" kosten="" lernmethode="Selbststudium" name="Horriphobus Schreckgestalt" probe=" (MU/IN/CH)" reichweite="" repraesentation="Magier" value="9" variante="" wirkungsdauer="" zauberdauer="" zauberkommentar=""/>
<zauber anmerkungen="" hauszauber="true" k="E" kosten="" lernmethode="Selbststudium" name="Imperavi Handlungszwang" probe=" (KL/CH/CH)" reichweite="" repraesentation="Magier" value="14" variante="" wirkungsdauer="" zauberdauer="" zauberkommentar=""/>
<zauber anmerkungen="" hauszauber="false" k="C" kosten="" lernmethode="Gegenseitiges Lehren" name="Karnifilio Raserei" probe=" (MU/IN/CH)" reichweite="" repraesentation="Magier" value="0" variante="" wirkungsdauer="" zauberdauer="" zauberkommentar=""/>
<zauber anmerkungen="" hauszauber="false" k="D" kosten="" lernmethode="Gegenseitiges Lehren" name="Klarum Purum" probe=" (KL/KL/CH)" reichweite="" repraesentation="Magier" value="2" variante="" wirkungsdauer="" zauberdauer="" zauberkommentar=""/>
<zauber anmerkungen="" hauszauber="true" k="E" kosten="" lernmethode="Gegenseitiges Lehren" name="Memorabia Falsifir" probe=" (KL/IN/CH)" reichweite="" repraesentation="Magier" value="6" variante="" wirkungsdauer="" zauberdauer="" zauberkommentar=""/>
<zauber anmerkungen="" hauszauber="false" k="A" kosten="" lernmethode="Gegenseitiges Lehren" name="Odem Arcanum" probe=" (KL/IN/IN)" reichweite="" repraesentation="Magier" value="4" variante="" wirkungsdauer="" zauberdauer="" zauberkommentar=""/>
<zauber anmerkungen="" hauszauber="false" k="C" kosten="" lernmethode="Gegenseitiges Lehren" name="Paralysis starr wie Stein" probe=" (IN/CH/KK)" reichweite="" repraesentation="Magier" value="4" variante="" wirkungsdauer="" zauberdauer="" zauberkommentar=""/>
<zauber anmerkungen="" hauszauber="false" k="D" kosten="" lernmethode="Gegenseitiges Lehren" name="Pentagramma Sphärenbann" probe=" (MU/MU/CH)" reichweite="" repraesentation="Magier" value="2" variante="" wirkungsdauer="" zauberdauer="" zauberkommentar=""/>
<zauber anmerkungen="" hauszauber="false" k="B" kosten="" lernmethode="Gegenseitiges Lehren" name="Plumbumbarum schwerer Arm" probe=" (CH/GE/KK)" reichweite="" repraesentation="Magier" value="0" variante="" wirkungsdauer="" zauberdauer="" zauberkommentar=""/>
<zauber anmerkungen="" hauszauber="true" k="B" kosten="" lernmethode="Gegenseitiges Lehren" name="Respondami" probe=" (MU/IN/CH)" reichweite="" repraesentation="Magier" value="5" variante="" wirkungsdauer="" zauberdauer="" zauberkommentar=""/>
<zauber anmerkungen="" hauszauber="false" k="D" kosten="" lernmethode="Gegenseitiges Lehren" name="Schleier der Unwissenheit" probe=" (KL/KL/FF)" reichweite="" repraesentation="Magier" value="2" variante="" wirkungsdauer="" zauberdauer="" zauberkommentar=""/>
<zauber anmerkungen="" hauszauber="false" k="D" kosten="" lernmethode="Selbststudium" name="Schwarzer Schrecken" probe=" (MU/IN/CH)" reichweite="" repraesentation="Magier" value="6" variante="" wirkungsdauer="" zauberdauer="" zauberkommentar=""/>
<zauber anmerkungen="" hauszauber="true" k="C" kosten="" lernmethode="Gegenseitiges Lehren" name="Sensibar Empathicus" probe=" (KL/IN/CH)" reichweite="" repraesentation="Magier" value="6" variante="" wirkungsdauer="" zauberdauer="" zauberkommentar=""/>
<zauber anmerkungen="" hauszauber="false" k="B" kosten="" lernmethode="Gegenseitiges Lehren" name="Somnigravis tiefer Schlaf" probe=" (KL/CH/CH)" reichweite="" repraesentation="Magier" value="2" variante="" wirkungsdauer="" zauberdauer="" zauberkommentar=""/>
<zauber anmerkungen="" hauszauber="true" k="D" kosten="" lernmethode="Gegenseitiges Lehren" name="Widerwille Ungemach" probe=" (MU/IN/GE)" reichweite="" repraesentation="Magier" value="6" variante="" wirkungsdauer="" zauberdauer="" zauberkommentar=""/>
</zauberliste>
<kampf>
<kampfwerte name="Dolche">
<attacke value="9"/>
<parade value="9"/>
</kampfwerte>
<kampfwerte name="Hiebwaffen">
<attacke value="7"/>
<parade value="7"/>
</kampfwerte>
<kampfwerte name="Raufen">
<attacke value="8"/>
<parade value="7"/>
</kampfwerte>
<kampfwerte name="Ringen">
<attacke value="9"/>
<parade value="8"/>
</kampfwerte>
<kampfwerte name="Säbel">
<attacke value="7"/>
<parade value="7"/>
</kampfwerte>
<kampfwerte name="Speere">
<attacke value="9"/>
<parade value="13"/>
</kampfwerte>
<kampfwerte name="Stäbe">
<attacke value="8"/>
<parade value="7"/>
</kampfwerte>
</kampf>
<gegenstände>
<gegenstand anzahl="1" name="Schnitter" slot="0"/>
</gegenstände>
<BoniWaffenlos/>
<kommentare>
<sfInfos dauer="" kosten="" probe="" sf="" sfname="Stabzauber: Bindung" wirkung=""/>
</kommentare>
<ausrüstungen>
<heldenausruestung bezeichner="" bfakt="4" bfmin="4" hand="rechts" name="nkwaffe1" schild="0" set="0" slot="0" talent="Zweihandhiebwaffen" waffenname="Schnitter"/>
<heldenausruestung name="jagtwaffe" nummer="0" set="0"/>
</ausrüstungen>
<verbindungen/>
<extention/>
<geldboerse/>
<plugindata/>
</held>
<Signature xmlns="http://www.w3.org/2000/09/xmldsig#">
<SignedInfo>
<CanonicalizationMethod Algorithm="http://www.w3.org/TR/2001/REC-xml-c14n-20010315#WithComments"/>
<SignatureMethod Algorithm="http://www.w3.org/2000/09/xmldsig#dsa-sha1"/>
<Reference URI="">
<Transforms>
<Transform Algorithm="http://www.w3.org/2000/09/xmldsig#enveloped-signature"/>
</Transforms>
<DigestMethod Algorithm="http://www.w3.org/2000/09/xmldsig#sha1"/>
<DigestValue>4tMIehSEaC/D7E8x+hPK27fquyY=</DigestValue>
</Reference>
</SignedInfo>
<SignatureValue>TDE63lMyX7KpZ08KysPgKL6fW9Y1nXtOpDz4iwxbD0UkLMTKd/BWWA==</SignatureValue>
<KeyInfo>
<KeyValue>
<DSAKeyValue>
<P>/KaCzo4Syrom78z3EQ5SbbB4sF7ey80etKII864WF64B81uRpH5t9jQTxeEu0ImbzRMqzVDZkVG9
xD7nN1kuFw==</P>
<Q>li7dzDacuo67Jg7mtqEm2TRuOMU=</Q>
<G>Z4Rxsnqc9E7pGknFFH2xqaryRPBaQ01khpMdLRQnG541Awtx/XPaF5Bpsy4pNWMOHCBiNU0Nogps
QW5QvnlMpA==</G>
<Y>uVrvWkzIbUdL7E80AiD0PJDX3Ck0beY5StXp1wDAA1/ePpemd6rTBNd8YoCzOovNrX016YMcTSiO
iExM4RWtJA==</Y>
</DSAKeyValue>
</KeyValue>
</KeyInfo>
</Signature>
</helden>
