<?xml version="1.0" encoding="UTF-8" standalone="yes"?><daten><config><rsmodell>zone</rsmodell><datum>30.06.2018</datum><uhrzeit>21:26</uhrzeit><geldkreise>false</geldkreise><metatalente>false</metatalente><zauberquellen>true</zauberquellen><namenaufseiten>false</namenaufseiten></config><angaben><augenfarbe>grau</augenfarbe><geburtstag>28. Praios 1003 BF</geburtstag><alter>18</alter><geschlecht>weiblich</geschlecht><groesse>166</groesse><gewicht>61</gewicht><haarfarbe>schwarz</haarfarbe><stand></stand><titel></titel><name>solaris die wilde</name><bildPfad></bildPfad><aussehen><a0></a0><a1></a1><a2></a2><a3></a3><text></text></aussehen><familie><f0></f0><f1></f1><f2></f2><f3></f3><f4></f4><f5></f5><text></text></familie><notizen><n0>Notizen</n0><n1></n1><n2></n2><n3></n3><n4></n4><n5></n5><n6></n6><n7></n7><n8></n8><n9></n9><n10></n10><n11></n11><text>Notizen</text></notizen><profession><text>Entdeckerin</text><textkurz>Entdeckerin</textkurz></profession><ap><gesamt>2480</gesamt><frei>3</frei><genutzt>2477</genutzt></ap><gp><start>110</start><rest>0</rest></gp><stufe40><akt>7</akt><max>7</max><lang>7 [7]</lang></stufe40><stufe41><akt>2</akt><max>2</max><lang>2 [2]</lang></stufe41><gilde></gilde><magisch>false</magisch><geweiht>false</geweiht><rasse>Tulamidin</rasse><kultur>Maraskan</kultur><aspregeneration></aspregeneration><leregeneration>1W6</leregeneration><heldenversion>50504</heldenversion><wundschwelle>9</wundschwelle></angaben><eigenschaften><geschwindigkeit><akt>8</akt><start>8</start><modi>0</modi><name>Geschwindigkeit</name><bereich>sonst</bereich></geschwindigkeit><mut><akt>14</akt><start>14</start><modi>0</modi><name>Mut</name><bereich>guteeigenschaft</bereich></mut><klugheit><akt>12</akt><start>12</start><modi>0</modi><name>Klugheit</name><bereich>guteeigenschaft</bereich></klugheit><intuition><akt>12</akt><start>11</start><modi>1</modi><name>Intuition</name><bereich>guteeigenschaft</bereich></intuition><charisma><akt>10</akt><start>10</start><modi>0</modi><name>Charisma</name><bereich>guteeigenschaft</bereich></charisma><fingerfertigkeit><akt>12</akt><start>12</start><modi>0</modi><name>Fingerfertigkeit</name><bereich>guteeigenschaft</bereich></fingerfertigkeit><gewandtheit><akt>13</akt><start>13</start><modi>0</modi><name>Gewandtheit</name><bereich>guteeigenschaft</bereich></gewandtheit><konstitution><akt>14</akt><start>14</start><modi>0</modi><name>Konstitution</name><bereich>guteeigenschaft</bereich></konstitution><koerperkraft><akt>18</akt><start>14</start><modi>2</modi><name>Körperkraft</name><bereich>guteeigenschaft</bereich></koerperkraft><sozialstatus><akt>7</akt><start>7</start><modi>0</modi><name>Sozialstatus</name><bereich>guteeigenschaft</bereich></sozialstatus><astralenergie><akt>0</akt><start>0</start><modi>0</modi><name>Astralenergie</name><bereich>sonst</bereich><kaufbar>0</kaufbar><gekauft>0</gekauft></astralenergie><attacke><akt>9</akt><start>8</start><modi>0</modi><name>Attacke</name><bereich>sonst</bereich></attacke><ausdauer><akt>31</akt><start>21</start><modi>10</modi><name>Ausdauer</name><bereich>sonst</bereich><kaufbar>14</kaufbar><gekauft>0</gekauft><akt50>16</akt50><akt33>10</akt33><akt25>8</akt25></ausdauer><fernkampf-basis><akt>8</akt><start>7</start><modi>0</modi><name>Fernkampf-Basis</name><bereich>sonst</bereich></fernkampf-basis><initiative><akt>11</akt><start>10</start><modi>0</modi><name>Initiative</name><bereich>sonst</bereich></initiative><karmaenergie><akt>0</akt><start>0</start><modi>0</modi><name>Karmaenergie</name><bereich>sonst</bereich><kaufbar>12</kaufbar><gekauft>0</gekauft></karmaenergie><lebensenergie><akt>33</akt><start>21</start><modi>10</modi><name>Lebensenergie</name><bereich>sonst</bereich><kaufbar>7</kaufbar><gekauft>0</gekauft><akt50>17</akt50><akt33>11</akt33><akt25>8</akt25></lebensenergie><magieresistenz><akt>5</akt><start>8</start><modi>-3</modi><name>Magieresistenz</name><bereich>sonst</bereich><kaufbar>7</kaufbar><gekauft>0</gekauft></magieresistenz><parade><akt>9</akt><start>8</start><modi>0</modi><name>Parade</name><bereich>sonst</bereich></parade></eigenschaften><münzen><münze><name>Dukat</name><anzahl>4</anzahl><namekurz>D</namekurz><waehrung>Mittelreich</waehrung><gewicht>25.0</gewicht><wertinsilberstuecken>10.0</wertinsilberstuecken><gesamtwertinsilberstuecken>40.0</gesamtwertinsilberstuecken></münze><münze><name>Silbertaler</name><anzahl>8</anzahl><namekurz>S</namekurz><waehrung>Mittelreich</waehrung><gewicht>5.0</gewicht><wertinsilberstuecken>1.0</wertinsilberstuecken><gesamtwertinsilberstuecken>8.0</gesamtwertinsilberstuecken></münze></münzen><vorteile><vorteil><bezeichner>Eisern</bezeichner><name>Eisern</name><kommentar></kommentar><namemitkommentar>Eisern</namemitkommentar><istvorteil>true</istvorteil><istnachteil>false</istnachteil><bereich>Sonst</bereich></vorteil><vorteil><bezeichner>Herausragende Eigenschaft</bezeichner><name>Herausragende Eigenschaft: Körperkraft: 2</name><kommentar></kommentar><namemitkommentar>Herausragende Eigenschaft: Körperkraft: 2</namemitkommentar><istvorteil>true</istvorteil><istnachteil>false</istnachteil><istschlechteeigenschaft>false</istschlechteeigenschaft><wert>2</wert><bereich>Sonst</bereich></vorteil><vorteil><bezeichner>Angst vor Spinnen</bezeichner><name>Angst vor Spinnen: 10</name><kommentar></kommentar><namemitkommentar>Angst vor Spinnen: 10</namemitkommentar><istvorteil>false</istvorteil><istnachteil>true</istnachteil><istschlechteeigenschaft>true</istschlechteeigenschaft><wert>10</wert><bereich>Sonst</bereich></vorteil><vorteil><bezeichner>Arroganz</bezeichner><name>Arroganz: 10</name><kommentar></kommentar><namemitkommentar>Arroganz: 10</namemitkommentar><istvorteil>false</istvorteil><istnachteil>true</istnachteil><istschlechteeigenschaft>true</istschlechteeigenschaft><wert>10</wert><bereich>Sonst</bereich></vorteil><vorteil><bezeichner>Neugier</bezeichner><name>Neugier: 10</name><kommentar></kommentar><namemitkommentar>Neugier: 10</namemitkommentar><istvorteil>false</istvorteil><istnachteil>true</istnachteil><istschlechteeigenschaft>true</istschlechteeigenschaft><wert>10</wert><bereich>Sonst</bereich></vorteil><vorteil><bezeichner>Schneller alternd</bezeichner><name>Schneller alternd</name><kommentar></kommentar><namemitkommentar>Schneller alternd</namemitkommentar><istvorteil>false</istvorteil><istnachteil>true</istnachteil><bereich>Sonst</bereich></vorteil><vorteil><bezeichner>Totenangst</bezeichner><name>Totenangst: 7</name><kommentar></kommentar><namemitkommentar>Totenangst: 7</namemitkommentar><istvorteil>false</istvorteil><istnachteil>true</istnachteil><istschlechteeigenschaft>true</istschlechteeigenschaft><wert>7</wert><bereich>Sonst</bereich></vorteil><vorteil><bezeichner>Vorurteile gegen</bezeichner><name>Vorurteile gegen frauen 10</name><kommentar></kommentar><namemitkommentar>Vorurteile gegen frauen 10</namemitkommentar><istvorteil>false</istvorteil><istnachteil>true</istnachteil><istschlechteeigenschaft>true</istschlechteeigenschaft><bereich>Sonst</bereich><auswahlen><auswahl>
</auswahl></auswahlen></vorteil></vorteile><sonderfertigkeiten><sonderfertigkeit><nameausfuehrlich>Auspendeln</nameausfuehrlich><name>Auspendeln</name><bezeichner>Auspendeln</bezeichner><wirkung></wirkung><dauer></dauer><kosten></kosten><probe></probe><kommentar></kommentar><namemitkommentar>Auspendeln</namemitkommentar><bereich>Manöver</bereich><bereich>Kampf</bereich></sonderfertigkeit><sonderfertigkeit><nameausfuehrlich>Block</nameausfuehrlich><name>Block</name><bezeichner>Block</bezeichner><wirkung></wirkung><dauer></dauer><kosten></kosten><probe></probe><kommentar></kommentar><namemitkommentar>Block</namemitkommentar><bereich>Manöver</bereich><bereich>Kampf</bereich></sonderfertigkeit><sonderfertigkeit><nameausfuehrlich>Doppelschlag</nameausfuehrlich><name>Doppelschlag</name><bezeichner>Doppelschlag</bezeichner><wirkung></wirkung><dauer></dauer><kosten></kosten><probe></probe><kommentar></kommentar><namemitkommentar>Doppelschlag</namemitkommentar><bereich>Manöver</bereich><bereich>Kampf</bereich></sonderfertigkeit><sonderfertigkeit><nameausfuehrlich>Eisenarm</nameausfuehrlich><name>Eisenarm</name><bezeichner>Eisenarm</bezeichner><wirkung></wirkung><dauer></dauer><kosten></kosten><probe></probe><kommentar></kommentar><namemitkommentar>Eisenarm</namemitkommentar><bereich>Manöver</bereich><bereich>Kampf</bereich></sonderfertigkeit><sonderfertigkeit><nameausfuehrlich>Gerade</nameausfuehrlich><name>Gerade</name><bezeichner>Gerade</bezeichner><wirkung></wirkung><dauer></dauer><kosten></kosten><probe></probe><kommentar></kommentar><namemitkommentar>Gerade</namemitkommentar><bereich>Manöver</bereich><bereich>Kampf</bereich></sonderfertigkeit><sonderfertigkeit><nameausfuehrlich>Handkante</nameausfuehrlich><name>Handkante</name><bezeichner>Handkante</bezeichner><wirkung></wirkung><dauer></dauer><kosten></kosten><probe></probe><kommentar></kommentar><namemitkommentar>Handkante</namemitkommentar><bereich>Manöver</bereich><bereich>Kampf</bereich></sonderfertigkeit><sonderfertigkeit><nameausfuehrlich>Kreuzblock</nameausfuehrlich><name>Kreuzblock</name><bezeichner>Kreuzblock</bezeichner><wirkung></wirkung><dauer></dauer><kosten></kosten><probe></probe><kommentar></kommentar><namemitkommentar>Kreuzblock</namemitkommentar><bereich>Manöver</bereich><bereich>Kampf</bereich></sonderfertigkeit><sonderfertigkeit><nameausfuehrlich>Kulturkunde (Maraskan, Thorwal)</nameausfuehrlich><name>Kulturkunde (Maraskan, Thorwal)</name><bezeichner>Kulturkunde</bezeichner><auswahlen><auswahl><name>Maraskan</name><feld feldname="1" nr="1">Maraskan</feld></auswahl><auswahl><name>Thorwal</name><feld feldname="1" nr="1">Thorwal</feld></auswahl></auswahlen><namemitkommentar>Kulturkunde (Maraskan, Thorwal)</namemitkommentar><bereich>Sonst</bereich></sonderfertigkeit><sonderfertigkeit><nameausfuehrlich>Schmetterschlag</nameausfuehrlich><name>Schmetterschlag</name><bezeichner>Schmetterschlag</bezeichner><wirkung></wirkung><dauer></dauer><kosten></kosten><probe></probe><kommentar></kommentar><namemitkommentar>Schmetterschlag</namemitkommentar><bereich>Manöver</bereich><bereich>Kampf</bereich></sonderfertigkeit><sonderfertigkeit><nameausfuehrlich>Schwinger</nameausfuehrlich><name>Schwinger</name><bezeichner>Schwinger</bezeichner><wirkung></wirkung><dauer></dauer><kosten></kosten><probe></probe><kommentar></kommentar><namemitkommentar>Schwinger</namemitkommentar><bereich>Manöver</bereich><bereich>Kampf</bereich></sonderfertigkeit><sonderfertigkeit><nameausfuehrlich>Waffenloser Kampfstil: Hammerfaust</nameausfuehrlich><name>Waffenloser Kampfstil: Hammerfaust</name><bezeichner>Waffenloser Kampfstil: Hammerfaust</bezeichner><wirkung></wirkung><dauer></dauer><kosten></kosten><probe></probe><kommentar></kommentar><namemitkommentar>Waffenloser Kampfstil: Hammerfaust</namemitkommentar><bereich>Nahkampf</bereich><bereich>Kampf</bereich></sonderfertigkeit><sonderfertigkeit><nameausfuehrlich>Wuchtschlag</nameausfuehrlich><name>Wuchtschlag</name><bezeichner>Wuchtschlag</bezeichner><wirkung></wirkung><dauer></dauer><kosten></kosten><probe></probe><kommentar></kommentar><namemitkommentar>Wuchtschlag</namemitkommentar><bereich>Nahkampf</bereich><bereich>Kampf</bereich></sonderfertigkeit></sonderfertigkeiten><verbilligtesonderfertigkeiten><verbilligtesonderfertigkeit><nameausfuehrlich>Maraskankundig</nameausfuehrlich></verbilligtesonderfertigkeit><verbilligtesonderfertigkeit><nameausfuehrlich>Nandusgefälliges Wissen</nameausfuehrlich></verbilligtesonderfertigkeit></verbilligtesonderfertigkeiten><talentliste><talent><name>Armbrust</name><meisterhandwerk>false</meisterhandwerk><leittalent>false</leittalent><basis>false</basis><nameausfuehrlich>Armbrust</nameausfuehrlich><wert>1</wert><probe>GE/FF/KK</probe><probenwerte>13/12/18</probenwerte><nameausfuehrlichmitprobe>Armbrust (GE/FF/KK)</nameausfuehrlichmitprobe><at>9</at><pa></pa><behinderung>BE-5</behinderung><mirakelplus>false</mirakelplus><mirakelminus>false</mirakelminus><metatalent>false</metatalent><bereich>Kampf</bereich><komplexität>C</komplexität><lernkomplexität>C</lernkomplexität><spezialisierungen></spezialisierungen></talent><talent><name>Diskus</name><meisterhandwerk>false</meisterhandwerk><leittalent>false</leittalent><basis>false</basis><nameausfuehrlich>Diskus</nameausfuehrlich><wert>2</wert><probe>GE/FF/KK</probe><probenwerte>13/12/18</probenwerte><nameausfuehrlichmitprobe>Diskus (GE/FF/KK)</nameausfuehrlichmitprobe><at>10</at><pa></pa><behinderung>BE-3</behinderung><mirakelplus>false</mirakelplus><mirakelminus>false</mirakelminus><metatalent>false</metatalent><bereich>Kampf</bereich><komplexität>D</komplexität><lernkomplexität>D</lernkomplexität><spezialisierungen></spezialisierungen></talent><talent><name>Dolche</name><meisterhandwerk>false</meisterhandwerk><leittalent>false</leittalent><basis>true</basis><nameausfuehrlich>Dolche  (B)</nameausfuehrlich><wert>1</wert><probe>GE/GE/KK</probe><probenwerte>13/13/18</probenwerte><nameausfuehrlichmitprobe>Dolche  (B)(GE/GE/KK)</nameausfuehrlichmitprobe><at>9</at><pa>9</pa><behinderung>BE-1</behinderung><mirakelplus>false</mirakelplus><mirakelminus>false</mirakelminus><metatalent>false</metatalent><bereich>Kampf</bereich><komplexität>D</komplexität><lernkomplexität>D</lernkomplexität><spezialisierungen></spezialisierungen></talent><talent><name>Hiebwaffen</name><meisterhandwerk>false</meisterhandwerk><leittalent>false</leittalent><basis>true</basis><nameausfuehrlich>Hiebwaffen  (B)</nameausfuehrlich><wert>0</wert><probe>GE/GE/KK</probe><probenwerte>13/13/18</probenwerte><nameausfuehrlichmitprobe>Hiebwaffen  (B)(GE/GE/KK)</nameausfuehrlichmitprobe><at>9</at><pa>9</pa><behinderung>BE-4</behinderung><mirakelplus>false</mirakelplus><mirakelminus>false</mirakelminus><metatalent>false</metatalent><bereich>Kampf</bereich><komplexität>D</komplexität><lernkomplexität>D</lernkomplexität><spezialisierungen></spezialisierungen></talent><talent><name>Infanteriewaffen</name><meisterhandwerk>false</meisterhandwerk><leittalent>false</leittalent><basis>false</basis><nameausfuehrlich>Infanteriewaffen</nameausfuehrlich><wert>1</wert><probe>GE/GE/KK</probe><probenwerte>13/13/18</probenwerte><nameausfuehrlichmitprobe>Infanteriewaffen (GE/GE/KK)</nameausfuehrlichmitprobe><at>9</at><pa>9</pa><behinderung>BE-3</behinderung><mirakelplus>false</mirakelplus><mirakelminus>false</mirakelminus><metatalent>false</metatalent><bereich>Kampf</bereich><komplexität>D</komplexität><lernkomplexität>D</lernkomplexität><spezialisierungen></spezialisierungen></talent><talent><name>Raufen</name><meisterhandwerk>false</meisterhandwerk><leittalent>false</leittalent><basis>true</basis><nameausfuehrlich>Raufen  (B)</nameausfuehrlich><wert>8</wert><probe>GE/GE/KK</probe><probenwerte>13/13/18</probenwerte><nameausfuehrlichmitprobe>Raufen  (B)(GE/GE/KK)</nameausfuehrlichmitprobe><at>15</at><pa>11</pa><behinderung>BE</behinderung><mirakelplus>false</mirakelplus><mirakelminus>false</mirakelminus><metatalent>false</metatalent><bereich>Kampf</bereich><komplexität>C</komplexität><lernkomplexität>C</lernkomplexität><spezialisierungen></spezialisierungen></talent><talent><name>Ringen</name><meisterhandwerk>false</meisterhandwerk><leittalent>false</leittalent><basis>true</basis><nameausfuehrlich>Ringen  (B)</nameausfuehrlich><wert>0</wert><probe>GE/GE/KK</probe><probenwerte>13/13/18</probenwerte><nameausfuehrlichmitprobe>Ringen  (B)(GE/GE/KK)</nameausfuehrlichmitprobe><at>9</at><pa>9</pa><behinderung>BE</behinderung><mirakelplus>false</mirakelplus><mirakelminus>false</mirakelminus><metatalent>false</metatalent><bereich>Kampf</bereich><komplexität>D</komplexität><lernkomplexität>D</lernkomplexität><spezialisierungen></spezialisierungen></talent><talent><name>Säbel</name><meisterhandwerk>false</meisterhandwerk><leittalent>false</leittalent><basis>true</basis><nameausfuehrlich>Säbel  (B)</nameausfuehrlich><wert>13</wert><probe>GE/GE/KK</probe><probenwerte>13/13/18</probenwerte><nameausfuehrlichmitprobe>Säbel  (B)(GE/GE/KK)</nameausfuehrlichmitprobe><at>17</at><pa>14</pa><behinderung>BE-2</behinderung><mirakelplus>false</mirakelplus><mirakelminus>false</mirakelminus><metatalent>false</metatalent><bereich>Kampf</bereich><komplexität>D</komplexität><lernkomplexität>F</lernkomplexität><spezialisierungen></spezialisierungen></talent><talent><name>Wurfmesser</name><meisterhandwerk>false</meisterhandwerk><leittalent>false</leittalent><basis>true</basis><nameausfuehrlich>Wurfmesser  (B)</nameausfuehrlich><wert>0</wert><probe>GE/FF/KK</probe><probenwerte>13/12/18</probenwerte><nameausfuehrlichmitprobe>Wurfmesser  (B)(GE/FF/KK)</nameausfuehrlichmitprobe><at>8</at><pa></pa><behinderung>BE-3</behinderung><mirakelplus>false</mirakelplus><mirakelminus>false</mirakelminus><metatalent>false</metatalent><bereich>Kampf</bereich><komplexität>C</komplexität><lernkomplexität>C</lernkomplexität><spezialisierungen></spezialisierungen></talent><talent><name>Athletik</name><meisterhandwerk>false</meisterhandwerk><leittalent>false</leittalent><basis>true</basis><nameausfuehrlich>Athletik  (B)</nameausfuehrlich><wert>3</wert><probe>GE/KO/KK</probe><probenwerte>13/14/18</probenwerte><nameausfuehrlichmitprobe>Athletik  (B)(GE/KO/KK)</nameausfuehrlichmitprobe><behinderung>BEx2</behinderung><mirakelplus>false</mirakelplus><mirakelminus>false</mirakelminus><metatalent>false</metatalent><bereich>Körperlich</bereich><komplexität>D</komplexität><lernkomplexität>E</lernkomplexität><spezialisierungen></spezialisierungen></talent><talent><name>Klettern</name><meisterhandwerk>false</meisterhandwerk><leittalent>false</leittalent><basis>true</basis><nameausfuehrlich>Klettern  (B)</nameausfuehrlich><wert>2</wert><probe>MU/GE/KK</probe><probenwerte>14/13/18</probenwerte><nameausfuehrlichmitprobe>Klettern  (B)(MU/GE/KK)</nameausfuehrlichmitprobe><behinderung>BEx2</behinderung><mirakelplus>false</mirakelplus><mirakelminus>false</mirakelminus><metatalent>false</metatalent><bereich>Körperlich</bereich><komplexität>D</komplexität><lernkomplexität>D</lernkomplexität><spezialisierungen></spezialisierungen></talent><talent><name>Körperbeherrschung</name><meisterhandwerk>false</meisterhandwerk><leittalent>false</leittalent><basis>true</basis><nameausfuehrlich>Körperbeherrschung  (B)</nameausfuehrlich><wert>2</wert><probe>MU/IN/GE</probe><probenwerte>14/12/13</probenwerte><nameausfuehrlichmitprobe>Körperbeherrschung  (B)(MU/IN/GE)</nameausfuehrlichmitprobe><behinderung>BEx2</behinderung><mirakelplus>false</mirakelplus><mirakelminus>false</mirakelminus><metatalent>false</metatalent><bereich>Körperlich</bereich><komplexität>D</komplexität><lernkomplexität>E</lernkomplexität><spezialisierungen></spezialisierungen></talent><talent><name>Reiten</name><meisterhandwerk>false</meisterhandwerk><leittalent>false</leittalent><basis>false</basis><nameausfuehrlich>Reiten</nameausfuehrlich><wert>3</wert><probe>CH/GE/KK</probe><probenwerte>10/13/18</probenwerte><nameausfuehrlichmitprobe>Reiten (CH/GE/KK)</nameausfuehrlichmitprobe><behinderung>BE-2</behinderung><mirakelplus>false</mirakelplus><mirakelminus>false</mirakelminus><metatalent>false</metatalent><bereich>Körperlich</bereich><komplexität>D</komplexität><lernkomplexität>D</lernkomplexität><spezialisierungen></spezialisierungen></talent><talent><name>Schleichen</name><meisterhandwerk>false</meisterhandwerk><leittalent>false</leittalent><basis>true</basis><nameausfuehrlich>Schleichen  (B)</nameausfuehrlich><wert>0</wert><probe>MU/IN/GE</probe><probenwerte>14/12/13</probenwerte><nameausfuehrlichmitprobe>Schleichen  (B)(MU/IN/GE)</nameausfuehrlichmitprobe><behinderung>BE</behinderung><mirakelplus>false</mirakelplus><mirakelminus>false</mirakelminus><metatalent>false</metatalent><bereich>Körperlich</bereich><komplexität>D</komplexität><lernkomplexität>D</lernkomplexität><spezialisierungen></spezialisierungen></talent><talent><name>Schwimmen</name><meisterhandwerk>false</meisterhandwerk><leittalent>false</leittalent><basis>true</basis><nameausfuehrlich>Schwimmen  (B)</nameausfuehrlich><wert>2</wert><probe>GE/KO/KK</probe><probenwerte>13/14/18</probenwerte><nameausfuehrlichmitprobe>Schwimmen  (B)(GE/KO/KK)</nameausfuehrlichmitprobe><behinderung>BEx2</behinderung><mirakelplus>false</mirakelplus><mirakelminus>false</mirakelminus><metatalent>false</metatalent><bereich>Körperlich</bereich><komplexität>D</komplexität><lernkomplexität>D</lernkomplexität><spezialisierungen></spezialisierungen></talent><talent><name>Selbstbeherrschung</name><meisterhandwerk>false</meisterhandwerk><leittalent>false</leittalent><basis>true</basis><nameausfuehrlich>Selbstbeherrschung  (B)</nameausfuehrlich><wert>2</wert><probe>MU/KO/KK</probe><probenwerte>14/14/18</probenwerte><nameausfuehrlichmitprobe>Selbstbeherrschung  (B)(MU/KO/KK)</nameausfuehrlichmitprobe><behinderung></behinderung><mirakelplus>false</mirakelplus><mirakelminus>false</mirakelminus><metatalent>false</metatalent><bereich>Körperlich</bereich><komplexität>D</komplexität><lernkomplexität>D</lernkomplexität><spezialisierungen></spezialisierungen></talent><talent><name>Sich verstecken</name><meisterhandwerk>false</meisterhandwerk><leittalent>false</leittalent><basis>true</basis><nameausfuehrlich>Sich verstecken  (B)</nameausfuehrlich><wert>0</wert><probe>MU/IN/GE</probe><probenwerte>14/12/13</probenwerte><nameausfuehrlichmitprobe>Sich verstecken  (B)(MU/IN/GE)</nameausfuehrlichmitprobe><behinderung>BE-2</behinderung><mirakelplus>false</mirakelplus><mirakelminus>false</mirakelminus><metatalent>false</metatalent><bereich>Körperlich</bereich><komplexität>D</komplexität><lernkomplexität>D</lernkomplexität><spezialisierungen></spezialisierungen></talent><talent><name>Singen</name><meisterhandwerk>false</meisterhandwerk><leittalent>false</leittalent><basis>true</basis><nameausfuehrlich>Singen  (B)</nameausfuehrlich><wert>0</wert><probe>IN/CH/CH</probe><probenwerte>12/10/10</probenwerte><nameausfuehrlichmitprobe>Singen  (B)(IN/CH/CH)</nameausfuehrlichmitprobe><behinderung>BE-3</behinderung><mirakelplus>false</mirakelplus><mirakelminus>false</mirakelminus><metatalent>false</metatalent><bereich>Körperlich</bereich><komplexität>D</komplexität><lernkomplexität>D</lernkomplexität><spezialisierungen></spezialisierungen></talent><talent><name>Sinnenschärfe</name><meisterhandwerk>false</meisterhandwerk><leittalent>false</leittalent><basis>true</basis><nameausfuehrlich>Sinnenschärfe  (B)</nameausfuehrlich><wert>4</wert><probe>KL/IN/IN</probe><probenwerte>12/12/12</probenwerte><nameausfuehrlichmitprobe>Sinnenschärfe  (B)(KL/IN/IN)</nameausfuehrlichmitprobe><behinderung>0-&gt;BE</behinderung><mirakelplus>false</mirakelplus><mirakelminus>false</mirakelminus><metatalent>false</metatalent><bereich>Körperlich</bereich><komplexität>D</komplexität><lernkomplexität>D</lernkomplexität><spezialisierungen></spezialisierungen></talent><talent><name>Tanzen</name><meisterhandwerk>false</meisterhandwerk><leittalent>false</leittalent><basis>true</basis><nameausfuehrlich>Tanzen  (B)</nameausfuehrlich><wert>0</wert><probe>CH/GE/GE</probe><probenwerte>10/13/13</probenwerte><nameausfuehrlichmitprobe>Tanzen  (B)(CH/GE/GE)</nameausfuehrlichmitprobe><behinderung>BEx2</behinderung><mirakelplus>false</mirakelplus><mirakelminus>false</mirakelminus><metatalent>false</metatalent><bereich>Körperlich</bereich><komplexität>D</komplexität><lernkomplexität>D</lernkomplexität><spezialisierungen></spezialisierungen></talent><talent><name>Zechen</name><meisterhandwerk>false</meisterhandwerk><leittalent>false</leittalent><basis>true</basis><nameausfuehrlich>Zechen  (B)</nameausfuehrlich><wert>0</wert><probe>IN/KO/KK</probe><probenwerte>12/14/18</probenwerte><nameausfuehrlichmitprobe>Zechen  (B)(IN/KO/KK)</nameausfuehrlichmitprobe><behinderung></behinderung><mirakelplus>false</mirakelplus><mirakelminus>false</mirakelminus><metatalent>false</metatalent><bereich>Körperlich</bereich><komplexität>D</komplexität><lernkomplexität>D</lernkomplexität><spezialisierungen></spezialisierungen></talent><talent><name>Etikette</name><meisterhandwerk>false</meisterhandwerk><leittalent>false</leittalent><basis>false</basis><nameausfuehrlich>Etikette</nameausfuehrlich><wert>3</wert><probe>KL/IN/CH</probe><probenwerte>12/12/10</probenwerte><nameausfuehrlichmitprobe>Etikette (KL/IN/CH)</nameausfuehrlichmitprobe><behinderung></behinderung><mirakelplus>false</mirakelplus><mirakelminus>false</mirakelminus><metatalent>false</metatalent><bereich>Gesellschaft</bereich><komplexität>B</komplexität><lernkomplexität>B</lernkomplexität><spezialisierungen></spezialisierungen></talent><talent><name>Menschenkenntnis</name><meisterhandwerk>false</meisterhandwerk><leittalent>false</leittalent><basis>true</basis><nameausfuehrlich>Menschenkenntnis  (B)</nameausfuehrlich><wert>2</wert><probe>KL/IN/CH</probe><probenwerte>12/12/10</probenwerte><nameausfuehrlichmitprobe>Menschenkenntnis  (B)(KL/IN/CH)</nameausfuehrlichmitprobe><behinderung></behinderung><mirakelplus>false</mirakelplus><mirakelminus>false</mirakelminus><metatalent>false</metatalent><bereich>Gesellschaft</bereich><komplexität>B</komplexität><lernkomplexität>B</lernkomplexität><spezialisierungen></spezialisierungen></talent><talent><name>Sich verkleiden</name><meisterhandwerk>false</meisterhandwerk><leittalent>false</leittalent><basis>false</basis><nameausfuehrlich>Sich verkleiden</nameausfuehrlich><wert>1</wert><probe>MU/CH/GE</probe><probenwerte>14/10/13</probenwerte><nameausfuehrlichmitprobe>Sich verkleiden (MU/CH/GE)</nameausfuehrlichmitprobe><behinderung></behinderung><mirakelplus>false</mirakelplus><mirakelminus>false</mirakelminus><metatalent>false</metatalent><bereich>Gesellschaft</bereich><komplexität>B</komplexität><lernkomplexität>B</lernkomplexität><spezialisierungen></spezialisierungen></talent><talent><name>Überreden</name><meisterhandwerk>false</meisterhandwerk><leittalent>false</leittalent><basis>true</basis><nameausfuehrlich>Überreden  (B)</nameausfuehrlich><wert>4</wert><probe>MU/IN/CH</probe><probenwerte>14/12/10</probenwerte><nameausfuehrlichmitprobe>Überreden  (B)(MU/IN/CH)</nameausfuehrlichmitprobe><behinderung></behinderung><mirakelplus>false</mirakelplus><mirakelminus>false</mirakelminus><metatalent>false</metatalent><bereich>Gesellschaft</bereich><komplexität>B</komplexität><lernkomplexität>B</lernkomplexität><spezialisierungen></spezialisierungen></talent><talent><name>Ansitzjagd incl Waffe</name><meisterhandwerk>false</meisterhandwerk><leittalent>false</leittalent><basis>false</basis><nameausfuehrlich>Ansitzjagd incl Waffe</nameausfuehrlich><wert>0</wert><probe>MU/IN/GE</probe><probenwerte>14/12/13</probenwerte><nameausfuehrlichmitprobe>Ansitzjagd incl Waffe (MU/IN/GE)</nameausfuehrlichmitprobe><behinderung></behinderung><mirakelplus>false</mirakelplus><mirakelminus>false</mirakelminus><metatalent>true</metatalent><bereich>Natur</bereich><komplexität>B</komplexität><lernkomplexität>B</lernkomplexität><spezialisierungen></spezialisierungen></talent><talent><name>Fährtensuchen</name><meisterhandwerk>false</meisterhandwerk><leittalent>false</leittalent><basis>true</basis><nameausfuehrlich>Fährtensuchen  (B)</nameausfuehrlich><wert>7</wert><probe>KL/IN/KO</probe><probenwerte>12/12/14</probenwerte><nameausfuehrlichmitprobe>Fährtensuchen  (B)(KL/IN/KO)</nameausfuehrlichmitprobe><behinderung></behinderung><mirakelplus>false</mirakelplus><mirakelminus>false</mirakelminus><metatalent>false</metatalent><bereich>Natur</bereich><komplexität>B</komplexität><lernkomplexität>C</lernkomplexität><spezialisierungen></spezialisierungen></talent><talent><name>Kräuter suchen</name><meisterhandwerk>false</meisterhandwerk><leittalent>false</leittalent><basis>false</basis><nameausfuehrlich>Kräuter suchen</nameausfuehrlich><wert>6</wert><probe>MU/IN/FF</probe><probenwerte>14/12/12</probenwerte><nameausfuehrlichmitprobe>Kräuter suchen (MU/IN/FF)</nameausfuehrlichmitprobe><behinderung></behinderung><mirakelplus>false</mirakelplus><mirakelminus>false</mirakelminus><metatalent>true</metatalent><bereich>Natur</bereich><komplexität>B</komplexität><lernkomplexität>B</lernkomplexität><spezialisierungen></spezialisierungen></talent><talent><name>Nahrung sammeln</name><meisterhandwerk>false</meisterhandwerk><leittalent>false</leittalent><basis>false</basis><nameausfuehrlich>Nahrung sammeln</nameausfuehrlich><wert>6</wert><probe>MU/IN/FF</probe><probenwerte>14/12/12</probenwerte><nameausfuehrlichmitprobe>Nahrung sammeln (MU/IN/FF)</nameausfuehrlichmitprobe><behinderung></behinderung><mirakelplus>false</mirakelplus><mirakelminus>false</mirakelminus><metatalent>true</metatalent><bereich>Natur</bereich><komplexität>B</komplexität><lernkomplexität>B</lernkomplexität><spezialisierungen></spezialisierungen></talent><talent><name>Orientierung</name><meisterhandwerk>false</meisterhandwerk><leittalent>false</leittalent><basis>true</basis><nameausfuehrlich>Orientierung  (B)</nameausfuehrlich><wert>3</wert><probe>KL/IN/IN</probe><probenwerte>12/12/12</probenwerte><nameausfuehrlichmitprobe>Orientierung  (B)(KL/IN/IN)</nameausfuehrlichmitprobe><behinderung></behinderung><mirakelplus>false</mirakelplus><mirakelminus>false</mirakelminus><metatalent>false</metatalent><bereich>Natur</bereich><komplexität>B</komplexität><lernkomplexität>B</lernkomplexität><spezialisierungen></spezialisierungen></talent><talent><name>Pirschjagd incl Waffe</name><meisterhandwerk>false</meisterhandwerk><leittalent>false</leittalent><basis>false</basis><nameausfuehrlich>Pirschjagd incl Waffe</nameausfuehrlich><wert>0</wert><probe>MU/IN/GE</probe><probenwerte>14/12/13</probenwerte><nameausfuehrlichmitprobe>Pirschjagd incl Waffe (MU/IN/GE)</nameausfuehrlichmitprobe><behinderung></behinderung><mirakelplus>false</mirakelplus><mirakelminus>false</mirakelminus><metatalent>true</metatalent><bereich>Natur</bereich><komplexität>B</komplexität><lernkomplexität>B</lernkomplexität><spezialisierungen></spezialisierungen></talent><talent><name>Wettervorhersage</name><meisterhandwerk>false</meisterhandwerk><leittalent>false</leittalent><basis>false</basis><nameausfuehrlich>Wettervorhersage</nameausfuehrlich><wert>2</wert><probe>KL/IN/IN</probe><probenwerte>12/12/12</probenwerte><nameausfuehrlichmitprobe>Wettervorhersage (KL/IN/IN)</nameausfuehrlichmitprobe><behinderung></behinderung><mirakelplus>false</mirakelplus><mirakelminus>false</mirakelminus><metatalent>false</metatalent><bereich>Natur</bereich><komplexität>B</komplexität><lernkomplexität>B</lernkomplexität><spezialisierungen></spezialisierungen></talent><talent><name>Wildnisleben</name><meisterhandwerk>false</meisterhandwerk><leittalent>false</leittalent><basis>true</basis><nameausfuehrlich>Wildnisleben  (B)</nameausfuehrlich><wert>9</wert><probe>IN/GE/KO</probe><probenwerte>12/13/14</probenwerte><nameausfuehrlichmitprobe>Wildnisleben  (B)(IN/GE/KO)</nameausfuehrlichmitprobe><behinderung></behinderung><mirakelplus>false</mirakelplus><mirakelminus>false</mirakelminus><metatalent>false</metatalent><bereich>Natur</bereich><komplexität>B</komplexität><lernkomplexität>C</lernkomplexität><spezialisierungen></spezialisierungen></talent><talent><name>Anatomie</name><meisterhandwerk>false</meisterhandwerk><leittalent>false</leittalent><basis>false</basis><nameausfuehrlich>Anatomie</nameausfuehrlich><wert>2</wert><probe>MU/KL/FF</probe><probenwerte>14/12/12</probenwerte><nameausfuehrlichmitprobe>Anatomie (MU/KL/FF)</nameausfuehrlichmitprobe><behinderung></behinderung><mirakelplus>false</mirakelplus><mirakelminus>false</mirakelminus><metatalent>false</metatalent><bereich>Wissen</bereich><komplexität>B</komplexität><lernkomplexität>B</lernkomplexität><spezialisierungen></spezialisierungen></talent><talent><name>Geografie</name><meisterhandwerk>false</meisterhandwerk><leittalent>false</leittalent><basis>false</basis><nameausfuehrlich>Geografie</nameausfuehrlich><wert>2</wert><probe>KL/KL/IN</probe><probenwerte>12/12/12</probenwerte><nameausfuehrlichmitprobe>Geografie (KL/KL/IN)</nameausfuehrlichmitprobe><behinderung></behinderung><mirakelplus>false</mirakelplus><mirakelminus>false</mirakelminus><metatalent>false</metatalent><bereich>Wissen</bereich><komplexität>B</komplexität><lernkomplexität>B</lernkomplexität><spezialisierungen></spezialisierungen></talent><talent><name>Geschichtswissen</name><meisterhandwerk>false</meisterhandwerk><leittalent>false</leittalent><basis>false</basis><nameausfuehrlich>Geschichtswissen</nameausfuehrlich><wert>3</wert><probe>KL/KL/IN</probe><probenwerte>12/12/12</probenwerte><nameausfuehrlichmitprobe>Geschichtswissen (KL/KL/IN)</nameausfuehrlichmitprobe><behinderung></behinderung><mirakelplus>false</mirakelplus><mirakelminus>false</mirakelminus><metatalent>false</metatalent><bereich>Wissen</bereich><komplexität>B</komplexität><lernkomplexität>B</lernkomplexität><spezialisierungen></spezialisierungen></talent><talent><name>Götter und Kulte</name><meisterhandwerk>false</meisterhandwerk><leittalent>false</leittalent><basis>true</basis><nameausfuehrlich>Götter und Kulte  (B)</nameausfuehrlich><wert>6</wert><probe>KL/KL/IN</probe><probenwerte>12/12/12</probenwerte><nameausfuehrlichmitprobe>Götter und Kulte  (B)(KL/KL/IN)</nameausfuehrlichmitprobe><behinderung></behinderung><mirakelplus>false</mirakelplus><mirakelminus>false</mirakelminus><metatalent>false</metatalent><bereich>Wissen</bereich><komplexität>B</komplexität><lernkomplexität>B</lernkomplexität><spezialisierungen></spezialisierungen></talent><talent><name>Heraldik</name><meisterhandwerk>false</meisterhandwerk><leittalent>false</leittalent><basis>false</basis><nameausfuehrlich>Heraldik</nameausfuehrlich><wert>1</wert><probe>KL/KL/FF</probe><probenwerte>12/12/12</probenwerte><nameausfuehrlichmitprobe>Heraldik (KL/KL/FF)</nameausfuehrlichmitprobe><behinderung></behinderung><mirakelplus>false</mirakelplus><mirakelminus>false</mirakelminus><metatalent>false</metatalent><bereich>Wissen</bereich><komplexität>B</komplexität><lernkomplexität>B</lernkomplexität><spezialisierungen></spezialisierungen></talent><talent><name>Magiekunde</name><meisterhandwerk>false</meisterhandwerk><leittalent>false</leittalent><basis>false</basis><nameausfuehrlich>Magiekunde</nameausfuehrlich><wert>3</wert><probe>KL/KL/IN</probe><probenwerte>12/12/12</probenwerte><nameausfuehrlichmitprobe>Magiekunde (KL/KL/IN)</nameausfuehrlichmitprobe><behinderung></behinderung><mirakelplus>false</mirakelplus><mirakelminus>false</mirakelminus><metatalent>false</metatalent><bereich>Wissen</bereich><komplexität>B</komplexität><lernkomplexität>B</lernkomplexität><spezialisierungen></spezialisierungen></talent><talent><name>Mechanik</name><meisterhandwerk>false</meisterhandwerk><leittalent>false</leittalent><basis>false</basis><nameausfuehrlich>Mechanik</nameausfuehrlich><wert>1</wert><probe>KL/KL/FF</probe><probenwerte>12/12/12</probenwerte><nameausfuehrlichmitprobe>Mechanik (KL/KL/FF)</nameausfuehrlichmitprobe><behinderung></behinderung><mirakelplus>false</mirakelplus><mirakelminus>false</mirakelminus><metatalent>false</metatalent><bereich>Wissen</bereich><komplexität>B</komplexität><lernkomplexität>B</lernkomplexität><spezialisierungen></spezialisierungen></talent><talent><name>Pflanzenkunde</name><meisterhandwerk>false</meisterhandwerk><leittalent>false</leittalent><basis>false</basis><nameausfuehrlich>Pflanzenkunde</nameausfuehrlich><wert>4</wert><probe>KL/IN/FF</probe><probenwerte>12/12/12</probenwerte><nameausfuehrlichmitprobe>Pflanzenkunde (KL/IN/FF)</nameausfuehrlichmitprobe><behinderung></behinderung><mirakelplus>false</mirakelplus><mirakelminus>false</mirakelminus><metatalent>false</metatalent><bereich>Wissen</bereich><komplexität>B</komplexität><lernkomplexität>B</lernkomplexität><spezialisierungen></spezialisierungen></talent><talent><name>Philosophie</name><meisterhandwerk>false</meisterhandwerk><leittalent>false</leittalent><basis>false</basis><nameausfuehrlich>Philosophie</nameausfuehrlich><wert>2</wert><probe>KL/KL/IN</probe><probenwerte>12/12/12</probenwerte><nameausfuehrlichmitprobe>Philosophie (KL/KL/IN)</nameausfuehrlichmitprobe><behinderung></behinderung><mirakelplus>false</mirakelplus><mirakelminus>false</mirakelminus><metatalent>false</metatalent><bereich>Wissen</bereich><komplexität>B</komplexität><lernkomplexität>B</lernkomplexität><spezialisierungen></spezialisierungen></talent><talent><name>Rechnen</name><meisterhandwerk>false</meisterhandwerk><leittalent>false</leittalent><basis>true</basis><nameausfuehrlich>Rechnen  (B)</nameausfuehrlich><wert>6</wert><probe>KL/KL/IN</probe><probenwerte>12/12/12</probenwerte><nameausfuehrlichmitprobe>Rechnen  (B)(KL/KL/IN)</nameausfuehrlichmitprobe><behinderung></behinderung><mirakelplus>false</mirakelplus><mirakelminus>false</mirakelminus><metatalent>false</metatalent><bereich>Wissen</bereich><komplexität>B</komplexität><lernkomplexität>B</lernkomplexität><spezialisierungen></spezialisierungen></talent><talent><name>Rechtskunde</name><meisterhandwerk>false</meisterhandwerk><leittalent>false</leittalent><basis>false</basis><nameausfuehrlich>Rechtskunde</nameausfuehrlich><wert>1</wert><probe>KL/KL/IN</probe><probenwerte>12/12/12</probenwerte><nameausfuehrlichmitprobe>Rechtskunde (KL/KL/IN)</nameausfuehrlichmitprobe><behinderung></behinderung><mirakelplus>false</mirakelplus><mirakelminus>false</mirakelminus><metatalent>false</metatalent><bereich>Wissen</bereich><komplexität>B</komplexität><lernkomplexität>B</lernkomplexität><spezialisierungen></spezialisierungen></talent><talent><name>Sagen und Legenden</name><meisterhandwerk>false</meisterhandwerk><leittalent>false</leittalent><basis>true</basis><nameausfuehrlich>Sagen und Legenden  (B)</nameausfuehrlich><wert>4</wert><probe>KL/IN/CH</probe><probenwerte>12/12/10</probenwerte><nameausfuehrlichmitprobe>Sagen und Legenden  (B)(KL/IN/CH)</nameausfuehrlichmitprobe><behinderung></behinderung><mirakelplus>false</mirakelplus><mirakelminus>false</mirakelminus><metatalent>false</metatalent><bereich>Wissen</bereich><komplexität>B</komplexität><lernkomplexität>B</lernkomplexität><spezialisierungen></spezialisierungen></talent><talent><name>Schätzen</name><meisterhandwerk>false</meisterhandwerk><leittalent>false</leittalent><basis>false</basis><nameausfuehrlich>Schätzen</nameausfuehrlich><wert>3</wert><probe>KL/IN/IN</probe><probenwerte>12/12/12</probenwerte><nameausfuehrlichmitprobe>Schätzen (KL/IN/IN)</nameausfuehrlichmitprobe><behinderung></behinderung><mirakelplus>false</mirakelplus><mirakelminus>false</mirakelminus><metatalent>false</metatalent><bereich>Wissen</bereich><komplexität>B</komplexität><lernkomplexität>B</lernkomplexität><spezialisierungen></spezialisierungen></talent><talent><name>Sprachenkunde</name><meisterhandwerk>false</meisterhandwerk><leittalent>false</leittalent><basis>false</basis><nameausfuehrlich>Sprachenkunde</nameausfuehrlich><wert>4</wert><probe>KL/KL/IN</probe><probenwerte>12/12/12</probenwerte><nameausfuehrlichmitprobe>Sprachenkunde (KL/KL/IN)</nameausfuehrlichmitprobe><behinderung></behinderung><mirakelplus>false</mirakelplus><mirakelminus>false</mirakelminus><metatalent>false</metatalent><bereich>Wissen</bereich><komplexität>B</komplexität><lernkomplexität>B</lernkomplexität><spezialisierungen></spezialisierungen></talent><talent><name>Sternkunde</name><meisterhandwerk>false</meisterhandwerk><leittalent>false</leittalent><basis>false</basis><nameausfuehrlich>Sternkunde</nameausfuehrlich><wert>2</wert><probe>KL/KL/IN</probe><probenwerte>12/12/12</probenwerte><nameausfuehrlichmitprobe>Sternkunde (KL/KL/IN)</nameausfuehrlichmitprobe><behinderung></behinderung><mirakelplus>false</mirakelplus><mirakelminus>false</mirakelminus><metatalent>false</metatalent><bereich>Wissen</bereich><komplexität>B</komplexität><lernkomplexität>B</lernkomplexität><spezialisierungen></spezialisierungen></talent><talent><name>Tierkunde</name><meisterhandwerk>false</meisterhandwerk><leittalent>false</leittalent><basis>false</basis><nameausfuehrlich>Tierkunde</nameausfuehrlich><wert>6</wert><probe>MU/KL/IN</probe><probenwerte>14/12/12</probenwerte><nameausfuehrlichmitprobe>Tierkunde (MU/KL/IN)</nameausfuehrlichmitprobe><behinderung></behinderung><mirakelplus>false</mirakelplus><mirakelminus>false</mirakelminus><metatalent>false</metatalent><bereich>Wissen</bereich><komplexität>B</komplexität><lernkomplexität>B</lernkomplexität><spezialisierungen></spezialisierungen></talent><talent><name>Alt-Imperial/Aureliani</name><meisterhandwerk>false</meisterhandwerk><leittalent>false</leittalent><basis>false</basis><nameausfuehrlich>Alt-Imperial/Aureliani</nameausfuehrlich><wert>3</wert><probe>KL/IN/CH</probe><probenwerte>12/12/10</probenwerte><nameausfuehrlichmitprobe>Alt-Imperial/Aureliani (KL/IN/CH)</nameausfuehrlichmitprobe><sprachkomplexität>21</sprachkomplexität><behinderung></behinderung><mirakelplus>false</mirakelplus><mirakelminus>false</mirakelminus><metatalent>false</metatalent><bereich>Sprachen</bereich><komplexität>A</komplexität><lernkomplexität>B</lernkomplexität><spezialisierungen></spezialisierungen></talent><talent><name>Bosparano</name><meisterhandwerk>false</meisterhandwerk><leittalent>false</leittalent><basis>false</basis><nameausfuehrlich>Bosparano</nameausfuehrlich><wert>3</wert><probe>KL/IN/CH</probe><probenwerte>12/12/10</probenwerte><nameausfuehrlichmitprobe>Bosparano (KL/IN/CH)</nameausfuehrlichmitprobe><sprachkomplexität>21</sprachkomplexität><behinderung></behinderung><mirakelplus>false</mirakelplus><mirakelminus>false</mirakelminus><metatalent>false</metatalent><bereich>Sprachen</bereich><komplexität>A</komplexität><lernkomplexität>A</lernkomplexität><spezialisierungen></spezialisierungen></talent><talent><name>Füchsisch</name><meisterhandwerk>false</meisterhandwerk><leittalent>false</leittalent><basis>false</basis><nameausfuehrlich>Füchsisch</nameausfuehrlich><wert>3</wert><probe>KL/IN/CH</probe><probenwerte>12/12/10</probenwerte><nameausfuehrlichmitprobe>Füchsisch (KL/IN/CH)</nameausfuehrlichmitprobe><sprachkomplexität>12</sprachkomplexität><behinderung></behinderung><mirakelplus>false</mirakelplus><mirakelminus>false</mirakelminus><metatalent>false</metatalent><bereich>Sprachen</bereich><komplexität>A</komplexität><lernkomplexität>B</lernkomplexität><spezialisierungen></spezialisierungen></talent><talent><name>Garethi</name><meisterhandwerk>false</meisterhandwerk><leittalent>false</leittalent><basis>false</basis><nameausfuehrlich>Garethi</nameausfuehrlich><wert>10</wert><probe>KL/IN/CH</probe><probenwerte>12/12/10</probenwerte><nameausfuehrlichmitprobe>Garethi (KL/IN/CH)</nameausfuehrlichmitprobe><sprachkomplexität>18</sprachkomplexität><muttersprache>true</muttersprache><behinderung></behinderung><mirakelplus>false</mirakelplus><mirakelminus>false</mirakelminus><metatalent>false</metatalent><bereich>Sprachen</bereich><komplexität>A</komplexität><lernkomplexität>A</lernkomplexität><spezialisierungen></spezialisierungen></talent><talent><name>Isdira</name><meisterhandwerk>false</meisterhandwerk><leittalent>false</leittalent><basis>false</basis><nameausfuehrlich>Isdira</nameausfuehrlich><wert>6</wert><probe>KL/IN/CH</probe><probenwerte>12/12/10</probenwerte><nameausfuehrlichmitprobe>Isdira (KL/IN/CH)</nameausfuehrlichmitprobe><sprachkomplexität>21</sprachkomplexität><behinderung></behinderung><mirakelplus>false</mirakelplus><mirakelminus>false</mirakelminus><metatalent>false</metatalent><bereich>Sprachen</bereich><komplexität>A</komplexität><lernkomplexität>B</lernkomplexität><spezialisierungen></spezialisierungen></talent><talent><name>Rogolan</name><meisterhandwerk>false</meisterhandwerk><leittalent>false</leittalent><basis>false</basis><nameausfuehrlich>Rogolan</nameausfuehrlich><wert>3</wert><probe>KL/IN/CH</probe><probenwerte>12/12/10</probenwerte><nameausfuehrlichmitprobe>Rogolan (KL/IN/CH)</nameausfuehrlichmitprobe><sprachkomplexität>21</sprachkomplexität><behinderung></behinderung><mirakelplus>false</mirakelplus><mirakelminus>false</mirakelminus><metatalent>false</metatalent><bereich>Sprachen</bereich><komplexität>A</komplexität><lernkomplexität>C</lernkomplexität><spezialisierungen></spezialisierungen></talent><talent><name>Thorwalsch</name><meisterhandwerk>false</meisterhandwerk><leittalent>false</leittalent><basis>false</basis><nameausfuehrlich>Thorwalsch</nameausfuehrlich><wert>6</wert><probe>KL/IN/CH</probe><probenwerte>12/12/10</probenwerte><nameausfuehrlichmitprobe>Thorwalsch (KL/IN/CH)</nameausfuehrlichmitprobe><sprachkomplexität>18</sprachkomplexität><behinderung></behinderung><mirakelplus>false</mirakelplus><mirakelminus>false</mirakelminus><metatalent>false</metatalent><bereich>Sprachen</bereich><komplexität>A</komplexität><lernkomplexität>B</lernkomplexität><spezialisierungen></spezialisierungen></talent><talent><name>Trollisch</name><meisterhandwerk>false</meisterhandwerk><leittalent>false</leittalent><basis>false</basis><nameausfuehrlich>Trollisch</nameausfuehrlich><wert>2</wert><probe>KL/IN/CH</probe><probenwerte>12/12/10</probenwerte><nameausfuehrlichmitprobe>Trollisch (KL/IN/CH)</nameausfuehrlichmitprobe><sprachkomplexität>15</sprachkomplexität><behinderung></behinderung><mirakelplus>false</mirakelplus><mirakelminus>false</mirakelminus><metatalent>false</metatalent><bereich>Sprachen</bereich><komplexität>A</komplexität><lernkomplexität>B</lernkomplexität><spezialisierungen></spezialisierungen></talent><talent><name>Tulamidya</name><meisterhandwerk>false</meisterhandwerk><leittalent>false</leittalent><basis>false</basis><nameausfuehrlich>Tulamidya</nameausfuehrlich><wert>8</wert><probe>KL/IN/CH</probe><probenwerte>12/12/10</probenwerte><nameausfuehrlichmitprobe>Tulamidya (KL/IN/CH)</nameausfuehrlichmitprobe><sprachkomplexität>18</sprachkomplexität><zweitlehrsprache>true</zweitlehrsprache><behinderung></behinderung><mirakelplus>false</mirakelplus><mirakelminus>false</mirakelminus><metatalent>false</metatalent><bereich>Sprachen</bereich><komplexität>A</komplexität><lernkomplexität>A</lernkomplexität><spezialisierungen></spezialisierungen></talent><talent><name>L/S (Alt-)Imperiale Zeichen</name><meisterhandwerk>false</meisterhandwerk><leittalent>false</leittalent><basis>false</basis><nameausfuehrlich>L/S (Alt-)Imperiale Zeichen</nameausfuehrlich><wert>4</wert><probe>KL/KL/FF</probe><probenwerte>12/12/12</probenwerte><nameausfuehrlichmitprobe>L/S (Alt-)Imperiale Zeichen (KL/KL/FF)</nameausfuehrlichmitprobe><sprachkomplexität>12</sprachkomplexität><behinderung></behinderung><mirakelplus>false</mirakelplus><mirakelminus>false</mirakelminus><metatalent>false</metatalent><bereich>Schriften</bereich><komplexität>A</komplexität><lernkomplexität>A</lernkomplexität><spezialisierungen></spezialisierungen></talent><talent><name>L/S Geheiligte Glyphen von Unau</name><meisterhandwerk>false</meisterhandwerk><leittalent>false</leittalent><basis>false</basis><nameausfuehrlich>L/S Geheiligte Glyphen von Unau</nameausfuehrlich><wert>4</wert><probe>KL/KL/FF</probe><probenwerte>12/12/12</probenwerte><nameausfuehrlichmitprobe>L/S Geheiligte Glyphen von Unau (KL/KL/FF)</nameausfuehrlichmitprobe><sprachkomplexität>13</sprachkomplexität><behinderung></behinderung><mirakelplus>false</mirakelplus><mirakelminus>false</mirakelminus><metatalent>false</metatalent><bereich>Schriften</bereich><komplexität>A</komplexität><lernkomplexität>B</lernkomplexität><spezialisierungen></spezialisierungen></talent><talent><name>L/S Kusliker Zeichen</name><meisterhandwerk>false</meisterhandwerk><leittalent>false</leittalent><basis>false</basis><nameausfuehrlich>L/S Kusliker Zeichen</nameausfuehrlich><wert>6</wert><probe>KL/KL/FF</probe><probenwerte>12/12/12</probenwerte><nameausfuehrlichmitprobe>L/S Kusliker Zeichen (KL/KL/FF)</nameausfuehrlichmitprobe><sprachkomplexität>10</sprachkomplexität><schriftmuttersprache>true</schriftmuttersprache><behinderung></behinderung><mirakelplus>false</mirakelplus><mirakelminus>false</mirakelminus><metatalent>false</metatalent><bereich>Schriften</bereich><komplexität>A</komplexität><lernkomplexität>A</lernkomplexität><spezialisierungen></spezialisierungen></talent><talent><name>L/S Rogolan</name><meisterhandwerk>false</meisterhandwerk><leittalent>false</leittalent><basis>false</basis><nameausfuehrlich>L/S Rogolan</nameausfuehrlich><wert>3</wert><probe>KL/KL/FF</probe><probenwerte>12/12/12</probenwerte><nameausfuehrlichmitprobe>L/S Rogolan (KL/KL/FF)</nameausfuehrlichmitprobe><sprachkomplexität>11</sprachkomplexität><behinderung></behinderung><mirakelplus>false</mirakelplus><mirakelminus>false</mirakelminus><metatalent>false</metatalent><bereich>Schriften</bereich><komplexität>A</komplexität><lernkomplexität>C</lernkomplexität><spezialisierungen></spezialisierungen></talent><talent><name>Ackerbau</name><meisterhandwerk>false</meisterhandwerk><leittalent>false</leittalent><basis>false</basis><nameausfuehrlich>Ackerbau</nameausfuehrlich><wert>1</wert><probe>IN/FF/KO</probe><probenwerte>12/12/14</probenwerte><nameausfuehrlichmitprobe>Ackerbau (IN/FF/KO)</nameausfuehrlichmitprobe><behinderung></behinderung><mirakelplus>false</mirakelplus><mirakelminus>false</mirakelminus><metatalent>false</metatalent><bereich>Handwerk</bereich><komplexität>B</komplexität><lernkomplexität>B</lernkomplexität><spezialisierungen></spezialisierungen></talent><talent><name>Boote fahren</name><meisterhandwerk>false</meisterhandwerk><leittalent>false</leittalent><basis>false</basis><nameausfuehrlich>Boote fahren</nameausfuehrlich><wert>1</wert><probe>GE/KO/KK</probe><probenwerte>13/14/18</probenwerte><nameausfuehrlichmitprobe>Boote fahren (GE/KO/KK)</nameausfuehrlichmitprobe><behinderung></behinderung><mirakelplus>false</mirakelplus><mirakelminus>false</mirakelminus><metatalent>false</metatalent><bereich>Handwerk</bereich><komplexität>B</komplexität><lernkomplexität>B</lernkomplexität><spezialisierungen></spezialisierungen></talent><talent><name>Fleischer</name><meisterhandwerk>false</meisterhandwerk><leittalent>false</leittalent><basis>false</basis><nameausfuehrlich>Fleischer</nameausfuehrlich><wert>5</wert><probe>KL/FF/KK</probe><probenwerte>12/12/18</probenwerte><nameausfuehrlichmitprobe>Fleischer (KL/FF/KK)</nameausfuehrlichmitprobe><behinderung></behinderung><mirakelplus>false</mirakelplus><mirakelminus>false</mirakelminus><metatalent>false</metatalent><bereich>Handwerk</bereich><komplexität>B</komplexität><lernkomplexität>C</lernkomplexität><spezialisierungen></spezialisierungen></talent><talent><name>Heilkunde: Gift</name><meisterhandwerk>false</meisterhandwerk><leittalent>false</leittalent><basis>false</basis><nameausfuehrlich>Heilkunde: Gift</nameausfuehrlich><wert>3</wert><probe>MU/KL/IN</probe><probenwerte>14/12/12</probenwerte><nameausfuehrlichmitprobe>Heilkunde: Gift (MU/KL/IN)</nameausfuehrlichmitprobe><behinderung></behinderung><mirakelplus>false</mirakelplus><mirakelminus>false</mirakelminus><metatalent>false</metatalent><bereich>Handwerk</bereich><komplexität>B</komplexität><lernkomplexität>B</lernkomplexität><spezialisierungen></spezialisierungen></talent><talent><name>Heilkunde: Wunden</name><meisterhandwerk>false</meisterhandwerk><leittalent>false</leittalent><basis>true</basis><nameausfuehrlich>Heilkunde: Wunden  (B)</nameausfuehrlich><wert>3</wert><probe>KL/CH/FF</probe><probenwerte>12/10/12</probenwerte><nameausfuehrlichmitprobe>Heilkunde: Wunden  (B)(KL/CH/FF)</nameausfuehrlichmitprobe><behinderung></behinderung><mirakelplus>false</mirakelplus><mirakelminus>false</mirakelminus><metatalent>false</metatalent><bereich>Handwerk</bereich><komplexität>B</komplexität><lernkomplexität>B</lernkomplexität><spezialisierungen></spezialisierungen></talent><talent><name>Holzbearbeitung</name><meisterhandwerk>false</meisterhandwerk><leittalent>false</leittalent><basis>true</basis><nameausfuehrlich>Holzbearbeitung  (B)</nameausfuehrlich><wert>1</wert><probe>KL/FF/KK</probe><probenwerte>12/12/18</probenwerte><nameausfuehrlichmitprobe>Holzbearbeitung  (B)(KL/FF/KK)</nameausfuehrlichmitprobe><behinderung></behinderung><mirakelplus>false</mirakelplus><mirakelminus>false</mirakelminus><metatalent>false</metatalent><bereich>Handwerk</bereich><komplexität>B</komplexität><lernkomplexität>B</lernkomplexität><spezialisierungen></spezialisierungen></talent><talent><name>Kartografie</name><meisterhandwerk>false</meisterhandwerk><leittalent>false</leittalent><basis>false</basis><nameausfuehrlich>Kartografie</nameausfuehrlich><wert>5</wert><probe>KL/KL/FF</probe><probenwerte>12/12/12</probenwerte><nameausfuehrlichmitprobe>Kartografie (KL/KL/FF)</nameausfuehrlichmitprobe><behinderung></behinderung><mirakelplus>false</mirakelplus><mirakelminus>false</mirakelminus><metatalent>false</metatalent><bereich>Handwerk</bereich><komplexität>B</komplexität><lernkomplexität>B</lernkomplexität><spezialisierungen></spezialisierungen></talent><talent><name>Kochen</name><meisterhandwerk>false</meisterhandwerk><leittalent>false</leittalent><basis>true</basis><nameausfuehrlich>Kochen  (B)</nameausfuehrlich><wert>8</wert><probe>KL/IN/FF</probe><probenwerte>12/12/12</probenwerte><nameausfuehrlichmitprobe>Kochen  (B)(KL/IN/FF)</nameausfuehrlichmitprobe><behinderung></behinderung><mirakelplus>false</mirakelplus><mirakelminus>false</mirakelminus><metatalent>false</metatalent><bereich>Handwerk</bereich><komplexität>B</komplexität><lernkomplexität>B</lernkomplexität><spezialisierungen></spezialisierungen></talent><talent><name>Lederarbeiten</name><meisterhandwerk>false</meisterhandwerk><leittalent>false</leittalent><basis>true</basis><nameausfuehrlich>Lederarbeiten  (B)</nameausfuehrlich><wert>1</wert><probe>KL/FF/FF</probe><probenwerte>12/12/12</probenwerte><nameausfuehrlichmitprobe>Lederarbeiten  (B)(KL/FF/FF)</nameausfuehrlichmitprobe><behinderung></behinderung><mirakelplus>false</mirakelplus><mirakelminus>false</mirakelminus><metatalent>false</metatalent><bereich>Handwerk</bereich><komplexität>B</komplexität><lernkomplexität>B</lernkomplexität><spezialisierungen></spezialisierungen></talent><talent><name>Malen/Zeichnen</name><meisterhandwerk>false</meisterhandwerk><leittalent>false</leittalent><basis>true</basis><nameausfuehrlich>Malen/Zeichnen  (B)</nameausfuehrlich><wert>6</wert><probe>KL/IN/FF</probe><probenwerte>12/12/12</probenwerte><nameausfuehrlichmitprobe>Malen/Zeichnen  (B)(KL/IN/FF)</nameausfuehrlichmitprobe><behinderung></behinderung><mirakelplus>false</mirakelplus><mirakelminus>false</mirakelminus><metatalent>false</metatalent><bereich>Handwerk</bereich><komplexität>B</komplexität><lernkomplexität>B</lernkomplexität><spezialisierungen></spezialisierungen></talent><talent><name>Schlösser knacken</name><meisterhandwerk>false</meisterhandwerk><leittalent>false</leittalent><basis>false</basis><nameausfuehrlich>Schlösser knacken</nameausfuehrlich><wert>1</wert><probe>IN/FF/FF</probe><probenwerte>12/12/12</probenwerte><nameausfuehrlichmitprobe>Schlösser knacken (IN/FF/FF)</nameausfuehrlichmitprobe><behinderung></behinderung><mirakelplus>false</mirakelplus><mirakelminus>false</mirakelminus><metatalent>false</metatalent><bereich>Handwerk</bereich><komplexität>B</komplexität><lernkomplexität>B</lernkomplexität><spezialisierungen></spezialisierungen></talent><talent><name>Schneidern</name><meisterhandwerk>false</meisterhandwerk><leittalent>false</leittalent><basis>true</basis><nameausfuehrlich>Schneidern  (B)</nameausfuehrlich><wert>0</wert><probe>KL/FF/FF</probe><probenwerte>12/12/12</probenwerte><nameausfuehrlichmitprobe>Schneidern  (B)(KL/FF/FF)</nameausfuehrlichmitprobe><behinderung></behinderung><mirakelplus>false</mirakelplus><mirakelminus>false</mirakelminus><metatalent>false</metatalent><bereich>Handwerk</bereich><komplexität>B</komplexität><lernkomplexität>B</lernkomplexität><spezialisierungen></spezialisierungen></talent><talent><name>Stoffe färben</name><meisterhandwerk>false</meisterhandwerk><leittalent>false</leittalent><basis>false</basis><nameausfuehrlich>Stoffe färben</nameausfuehrlich><wert>1</wert><probe>KL/FF/KK</probe><probenwerte>12/12/18</probenwerte><nameausfuehrlichmitprobe>Stoffe färben (KL/FF/KK)</nameausfuehrlichmitprobe><behinderung></behinderung><mirakelplus>false</mirakelplus><mirakelminus>false</mirakelminus><metatalent>false</metatalent><bereich>Handwerk</bereich><komplexität>B</komplexität><lernkomplexität>B</lernkomplexität><spezialisierungen></spezialisierungen></talent></talentliste><zauberliste/><gegenstaende><gegenstand><name>Dicke Kleidung</name><anzahl>1</anzahl><grundlage>Dicke Kleidung</grundlage><gewicht>120.0</gewicht><gesamtgewicht>120.0</gesamtgewicht><angelegt>true</angelegt><angelegt1>false</angelegt1><angelegt2>false</angelegt2><einzelpreis>0</einzelpreis><gesamtpreis>0</gesamtpreis><quelle buch="AA" seite="100">AA: 100</quelle><details/><arten>Rüstung</arten></gegenstand><gegenstand><name>Khunchomer</name><anzahl>1</anzahl><grundlage>Khunchomer</grundlage><gewicht>90.0</gewicht><gesamtgewicht>90.0</gesamtgewicht><angelegt>true</angelegt><angelegt1>false</angelegt1><angelegt2>false</angelegt2><einzelpreis>13000</einzelpreis><gesamtpreis>13000</gesamtpreis><quelle buch="AA" seite="79">AA: 79</quelle><details/><arten>Nahkampfwaffe</arten></gegenstand><gegenstand><name>Schlagring</name><anzahl>1</anzahl><grundlage>Schlagring</grundlage><gewicht>20.0</gewicht><gesamtgewicht>20.0</gesamtgewicht><angelegt>true</angelegt><angelegt1>false</angelegt1><angelegt2>false</angelegt2><einzelpreis>2500</einzelpreis><gesamtpreis>2500</gesamtpreis><quelle buch="AA" seite="68">AA: 68</quelle><details/><arten>Nahkampfwaffe</arten></gegenstand></gegenstaende><verbindungen/><kampfsets><kampfset inbenutzung="true" nr="1" tzm="true" defaultrsmodel="true"><raufen><at>16</at><pa>11</pa><tp>1W+2</tp></raufen><ringen><at>9</at><pa>8</pa><tp>1W+2</tp></ringen><ausweichen>8</ausweichen><ausweichenausweichenmod>0</ausweichenausweichenmod><ausweichenakrobatikmod>0</ausweichenakrobatikmod><ausweichenmod>0</ausweichenmod><geschwindigkeitinklbe>7</geschwindigkeitinklbe><ini>11</ini><ruestungzonen><kopf>0</kopf><brust>1</brust><ruecken>1</ruecken><gesamt>1</gesamt><bauch>1</bauch><linkerarm>1</linkerarm><rechterarm>1</rechterarm><linkesbein>1</linkesbein><rechtesbein>1</rechtesbein><gesamtschutz>1</gesamtschutz><gesamtzonenschutz>1</gesamtzonenschutz><behinderung>1</behinderung></ruestungzonen><nahkampfwaffen inbenutzung="true"><nahkampfwaffe><nummer>1</nummer><möglich>true</möglich><name>Khunchomer</name><spalte2>Sä/BE-2</spalte2><dk>N </dk><tp>1W+4</tp><tpkk schrittweite="3" schwelle="12">12 / 3</tpkk><ini>0</ini><wm>0 / 0</wm><at>17</at><pa>14</pa><tpinkl>1W+6</tpinkl><bereich>nahkampf</bereich><bfmin>2</bfmin><bfakt>2</bfakt><waffentalentkurz>Sä</waffentalentkurz><waffentalent>Säbel</waffentalent><be>BE-2</be></nahkampfwaffe><nahkampfwaffe><nummer>2</nummer><möglich>true</möglich><name>Schlagring</name><spalte2>Ra/BE</spalte2><dk>H </dk><tp>1W+2</tp><tpkk schrittweite="3" schwelle="10">10 / 3</tpkk><ini>0</ini><wm>-1/-2</wm><at>14</at><pa>8</pa><tpinkl>1W+4</tpinkl><bereich>nahkampf</bereich><bfmin>0</bfmin><bfakt>0</bfakt><waffentalentkurz>Ra</waffentalentkurz><waffentalent>Raufen</waffentalent><be>BE</be></nahkampfwaffe></nahkampfwaffen><fernkampfwaffen inbenutzung="false"/><schilder inbenutzung="false"/><ruestungen inbenutzung="true"><ruestung><nummer>1</nummer><name>Dicke Kleidung</name><grundlage>Dicke Kleidung</grundlage><be>1</be><rs>1</rs><kopf>0</kopf><brust>1</brust><ruecken>1</ruecken><bauch>1</bauch><linkerarm>1</linkerarm><rechterarm>1</rechterarm><linkesbein>1</linkesbein><rechtesbein>1</rechtesbein><gesamt>1</gesamt><gesamtzonenschutz>1</gesamtzonenschutz><behinderung>1</behinderung></ruestung></ruestungen></kampfset><kampfset inbenutzung="true" nr="1" tzm="false" defaultrsmodel="false"><raufen><at>16</at><pa>11</pa><tp>1W+2</tp></raufen><ringen><at>9</at><pa>8</pa><tp>1W+2</tp></ringen><ausweichen>8</ausweichen><ausweichenausweichenmod>0</ausweichenausweichenmod><ausweichenakrobatikmod>0</ausweichenakrobatikmod><ausweichenmod>0</ausweichenmod><geschwindigkeitinklbe>7</geschwindigkeitinklbe><ini>11</ini><ruestungeinfach><gesamt>1</gesamt><behinderung>1</behinderung></ruestungeinfach><nahkampfwaffen inbenutzung="true"><nahkampfwaffe><nummer>1</nummer><möglich>true</möglich><name>Khunchomer</name><spalte2>Sä/BE-2</spalte2><dk>N </dk><tp>1W+4</tp><tpkk schrittweite="3" schwelle="12">12 / 3</tpkk><ini>0</ini><wm>0 / 0</wm><at>17</at><pa>14</pa><tpinkl>1W+6</tpinkl><bereich>nahkampf</bereich><bfmin>2</bfmin><bfakt>2</bfakt><waffentalentkurz>Sä</waffentalentkurz><waffentalent>Säbel</waffentalent><be>BE-2</be></nahkampfwaffe><nahkampfwaffe><nummer>2</nummer><möglich>true</möglich><name>Schlagring</name><spalte2>Ra/BE</spalte2><dk>H </dk><tp>1W+2</tp><tpkk schrittweite="3" schwelle="10">10 / 3</tpkk><ini>0</ini><wm>-1/-2</wm><at>14</at><pa>8</pa><tpinkl>1W+4</tpinkl><bereich>nahkampf</bereich><bfmin>0</bfmin><bfakt>0</bfakt><waffentalentkurz>Ra</waffentalentkurz><waffentalent>Raufen</waffentalent><be>BE</be></nahkampfwaffe></nahkampfwaffen><fernkampfwaffen inbenutzung="false"/><schilder inbenutzung="false"/><ruestungen inbenutzung="true"><ruestung><nummer>1</nummer><name>Dicke Kleidung</name><grundlage>Dicke Kleidung</grundlage><be>1</be><rs>1</rs><kopf>0</kopf><brust>1</brust><ruecken>1</ruecken><bauch>1</bauch><linkerarm>1</linkerarm><rechterarm>1</rechterarm><linkesbein>1</linkesbein><rechtesbein>1</rechtesbein><gesamt>1</gesamt><gesamtzonenschutz>1</gesamtzonenschutz><behinderung>1</behinderung></ruestung></ruestungen></kampfset><kampfset inbenutzung="false" nr="2" tzm="true" defaultrsmodel="true"><raufen><at>16</at><pa>12</pa><tp>1W+2</tp></raufen><ringen><at>9</at><pa>9</pa><tp>1W+2</tp></ringen><ausweichen>9</ausweichen><ausweichenausweichenmod>0</ausweichenausweichenmod><ausweichenakrobatikmod>0</ausweichenakrobatikmod><ausweichenmod>0</ausweichenmod><geschwindigkeitinklbe>8</geschwindigkeitinklbe><ini>11</ini><ruestungzonen><kopf>0</kopf><brust>0</brust><ruecken>0</ruecken><gesamt>0</gesamt><bauch>0</bauch><linkerarm>0</linkerarm><rechterarm>0</rechterarm><linkesbein>0</linkesbein><rechtesbein>0</rechtesbein><gesamtschutz>0</gesamtschutz><gesamtzonenschutz>0</gesamtzonenschutz><behinderung>0</behinderung></ruestungzonen><nahkampfwaffen inbenutzung="false"/><fernkampfwaffen inbenutzung="false"/><schilder inbenutzung="false"/><ruestungen inbenutzung="false"/></kampfset><kampfset inbenutzung="false" nr="2" tzm="false" defaultrsmodel="false"><raufen><at>16</at><pa>12</pa><tp>1W+2</tp></raufen><ringen><at>9</at><pa>9</pa><tp>1W+2</tp></ringen><ausweichen>9</ausweichen><ausweichenausweichenmod>0</ausweichenausweichenmod><ausweichenakrobatikmod>0</ausweichenakrobatikmod><ausweichenmod>0</ausweichenmod><geschwindigkeitinklbe>8</geschwindigkeitinklbe><ini>11</ini><ruestungeinfach><gesamt>0</gesamt><behinderung>0</behinderung></ruestungeinfach><nahkampfwaffen inbenutzung="false"/><fernkampfwaffen inbenutzung="false"/><schilder inbenutzung="false"/><ruestungen inbenutzung="false"/></kampfset><kampfset inbenutzung="false" nr="3" tzm="true" defaultrsmodel="true"><raufen><at>16</at><pa>12</pa><tp>1W+2</tp></raufen><ringen><at>9</at><pa>9</pa><tp>1W+2</tp></ringen><ausweichen>9</ausweichen><ausweichenausweichenmod>0</ausweichenausweichenmod><ausweichenakrobatikmod>0</ausweichenakrobatikmod><ausweichenmod>0</ausweichenmod><geschwindigkeitinklbe>8</geschwindigkeitinklbe><ini>11</ini><ruestungzonen><kopf>0</kopf><brust>0</brust><ruecken>0</ruecken><gesamt>0</gesamt><bauch>0</bauch><linkerarm>0</linkerarm><rechterarm>0</rechterarm><linkesbein>0</linkesbein><rechtesbein>0</rechtesbein><gesamtschutz>0</gesamtschutz><gesamtzonenschutz>0</gesamtzonenschutz><behinderung>0</behinderung></ruestungzonen><nahkampfwaffen inbenutzung="false"/><fernkampfwaffen inbenutzung="false"/><schilder inbenutzung="false"/><ruestungen inbenutzung="false"/></kampfset><kampfset inbenutzung="false" nr="3" tzm="false" defaultrsmodel="false"><raufen><at>16</at><pa>12</pa><tp>1W+2</tp></raufen><ringen><at>9</at><pa>9</pa><tp>1W+2</tp></ringen><ausweichen>9</ausweichen><ausweichenausweichenmod>0</ausweichenausweichenmod><ausweichenakrobatikmod>0</ausweichenakrobatikmod><ausweichenmod>0</ausweichenmod><geschwindigkeitinklbe>8</geschwindigkeitinklbe><ini>11</ini><ruestungeinfach><gesamt>0</gesamt><behinderung>0</behinderung></ruestungeinfach><nahkampfwaffen inbenutzung="false"/><fernkampfwaffen inbenutzung="false"/><schilder inbenutzung="false"/><ruestungen inbenutzung="false"/></kampfset></kampfsets><ereignisse><ereignis><aktion>EINSTELLUNG</aktion><alterzustand></alterzustand><ap>0</ap><asp>0</asp><bemerkung></bemerkung><date>26.07.2017 17:27</date><kp>0</kp><kommentar></kommentar><lep>0</lep><neuerzustand></neuerzustand><object>max GP für Helden: 110</object><version>HS 5.5.2</version></ereignis><ereignis><aktion>EINSTELLUNG</aktion><alterzustand></alterzustand><ap>0</ap><asp>0</asp><bemerkung></bemerkung><date>26.07.2017 17:27</date><kp>0</kp><kommentar></kommentar><lep>0</lep><neuerzustand></neuerzustand><object>max Eigenschafts-GP für Helden: 100</object><version>HS 5.5.2</version></ereignis><ereignis><aktion>EINSTELLUNG</aktion><alterzustand></alterzustand><ap>0</ap><asp>0</asp><bemerkung></bemerkung><date>26.07.2017 17:27</date><kp>0</kp><kommentar></kommentar><lep>0</lep><neuerzustand></neuerzustand><object>max Eigenschafts-Wert für Helden: 14</object><version>HS 5.5.2</version></ereignis><ereignis><aktion>RKP</aktion><alterzustand>0</alterzustand><ap>0</ap><asp>0</asp><bemerkung></bemerkung><date>26.07.2017 17:27</date><kp>0</kp><kommentar>0 GP</kommentar><lep>0</lep><neuerzustand>0</neuerzustand><object>Rasse: Tulamidin</object><version>HS 5.5.2</version></ereignis><ereignis><aktion>RKP</aktion><alterzustand>0</alterzustand><ap>0</ap><asp>0</asp><bemerkung></bemerkung><date>26.07.2017 17:27</date><kp>0</kp><kommentar>5 GP</kommentar><lep>0</lep><neuerzustand>0</neuerzustand><object>Kultur: Maraskan</object><version>HS 5.5.2</version></ereignis><ereignis><aktion>RKP</aktion><alterzustand>0</alterzustand><ap>0</ap><asp>0</asp><bemerkung></bemerkung><date>26.07.2017 17:27</date><kp>0</kp><kommentar>6 GP</kommentar><lep>0</lep><neuerzustand>0</neuerzustand><object>Profession: Entdeckerin</object><version>HS 5.5.2</version></ereignis><ereignis><aktion>EIGENSCHAFTEN</aktion><alterzustand>0</alterzustand><ap>0</ap><asp>0</asp><bemerkung></bemerkung><date>26.07.2017 17:27</date><kp>0</kp><kommentar>14 GP</kommentar><lep>0</lep><neuerzustand>14</neuerzustand><object>Mut: 14</object><version>HS 5.5.2</version></ereignis><ereignis><aktion>EIGENSCHAFTEN</aktion><alterzustand>0</alterzustand><ap>0</ap><asp>0</asp><bemerkung></bemerkung><date>26.07.2017 17:27</date><kp>0</kp><kommentar>12 GP</kommentar><lep>0</lep><neuerzustand>12</neuerzustand><object>Klugheit: 12</object><version>HS 5.5.2</version></ereignis><ereignis><aktion>EIGENSCHAFTEN</aktion><alterzustand>0</alterzustand><ap>0</ap><asp>0</asp><bemerkung></bemerkung><date>26.07.2017 17:27</date><kp>0</kp><kommentar>11 GP</kommentar><lep>0</lep><neuerzustand>12</neuerzustand><object>Intuition: 12</object><version>HS 5.5.2</version></ereignis><ereignis><aktion>EIGENSCHAFTEN</aktion><alterzustand>0</alterzustand><ap>0</ap><asp>0</asp><bemerkung></bemerkung><date>26.07.2017 17:27</date><kp>0</kp><kommentar>10 GP</kommentar><lep>0</lep><neuerzustand>10</neuerzustand><object>Charisma: 10</object><version>HS 5.5.2</version></ereignis><ereignis><aktion>EIGENSCHAFTEN</aktion><alterzustand>0</alterzustand><ap>0</ap><asp>0</asp><bemerkung></bemerkung><date>26.07.2017 17:27</date><kp>0</kp><kommentar>12 GP</kommentar><lep>0</lep><neuerzustand>12</neuerzustand><object>Fingerfertigkeit: 12</object><version>HS 5.5.2</version></ereignis><ereignis><aktion>EIGENSCHAFTEN</aktion><alterzustand>0</alterzustand><ap>0</ap><asp>0</asp><bemerkung></bemerkung><date>26.07.2017 17:27</date><kp>0</kp><kommentar>13 GP</kommentar><lep>0</lep><neuerzustand>13</neuerzustand><object>Gewandtheit: 13</object><version>HS 5.5.2</version></ereignis><ereignis><aktion>EIGENSCHAFTEN</aktion><alterzustand>0</alterzustand><ap>0</ap><asp>0</asp><bemerkung></bemerkung><date>26.07.2017 17:27</date><kp>0</kp><kommentar>14 GP</kommentar><lep>0</lep><neuerzustand>14</neuerzustand><object>Konstitution: 14</object><version>HS 5.5.2</version></ereignis><ereignis><aktion>EIGENSCHAFTEN</aktion><alterzustand>0</alterzustand><ap>0</ap><asp>0</asp><bemerkung></bemerkung><date>26.07.2017 17:27</date><kp>0</kp><kommentar>14 GP</kommentar><lep>0</lep><neuerzustand>16</neuerzustand><object>Körperkraft: 16</object><version>HS 5.5.2</version></ereignis><ereignis><aktion>EIGENSCHAFTEN</aktion><alterzustand>0</alterzustand><ap>0</ap><asp>0</asp><bemerkung></bemerkung><date>26.07.2017 17:27</date><kp>0</kp><kommentar>0 GP</kommentar><lep>0</lep><neuerzustand>7</neuerzustand><object>Sozialstatus: 7</object><version>HS 5.5.2</version></ereignis><ereignis><aktion>TALENT</aktion><alterzustand>0</alterzustand><ap>0</ap><asp>0</asp><bemerkung></bemerkung><date>26.07.2017 17:27</date><kp>0</kp><kommentar>9 AP</kommentar><lep>0</lep><neuerzustand>3</neuerzustand><object>Raufen: 3</object><version>HS 5.5.2</version></ereignis><ereignis><aktion>TALENT</aktion><alterzustand>0</alterzustand><ap>0</ap><asp>0</asp><bemerkung></bemerkung><date>26.07.2017 17:27</date><kp>0</kp><kommentar>13 AP</kommentar><lep>0</lep><neuerzustand>4</neuerzustand><object>Raufen: 4</object><version>HS 5.5.2</version></ereignis><ereignis><aktion>TALENT</aktion><alterzustand>0</alterzustand><ap>0</ap><asp>0</asp><bemerkung></bemerkung><date>26.07.2017 17:27</date><kp>0</kp><kommentar>17 AP</kommentar><lep>0</lep><neuerzustand>5</neuerzustand><object>Raufen: 5</object><version>HS 5.5.2</version></ereignis><ereignis><aktion>TALENT</aktion><alterzustand>0</alterzustand><ap>0</ap><asp>0</asp><bemerkung></bemerkung><date>26.07.2017 17:27</date><kp>0</kp><kommentar>21 AP</kommentar><lep>0</lep><neuerzustand>6</neuerzustand><object>Raufen: 6</object><version>HS 5.5.2</version></ereignis><ereignis><aktion>TALENT</aktion><alterzustand>0</alterzustand><ap>0</ap><asp>0</asp><bemerkung></bemerkung><date>26.07.2017 17:27</date><kp>0</kp><kommentar>25 AP</kommentar><lep>0</lep><neuerzustand>7</neuerzustand><object>Raufen: 7</object><version>HS 5.5.2</version></ereignis><ereignis><aktion>TALENT</aktion><alterzustand>0</alterzustand><ap>0</ap><asp>0</asp><bemerkung></bemerkung><date>26.07.2017 17:27</date><kp>0</kp><kommentar>29 AP</kommentar><lep>0</lep><neuerzustand>8</neuerzustand><object>Raufen: 8</object><version>HS 5.5.2</version></ereignis><ereignis><aktion>TALENT</aktion><alterzustand>0</alterzustand><ap>0</ap><asp>0</asp><bemerkung></bemerkung><date>26.07.2017 17:27</date><kp>0</kp><kommentar>17 AP</kommentar><lep>0</lep><neuerzustand>4</neuerzustand><object>Säbel: 4</object><version>HS 5.5.2</version></ereignis><ereignis><aktion>TALENT</aktion><alterzustand>0</alterzustand><ap>0</ap><asp>0</asp><bemerkung></bemerkung><date>26.07.2017 17:27</date><kp>0</kp><kommentar>22 AP</kommentar><lep>0</lep><neuerzustand>5</neuerzustand><object>Säbel: 5</object><version>HS 5.5.2</version></ereignis><ereignis><aktion>TALENT</aktion><alterzustand>0</alterzustand><ap>0</ap><asp>0</asp><bemerkung></bemerkung><date>26.07.2017 17:27</date><kp>0</kp><kommentar>27 AP</kommentar><lep>0</lep><neuerzustand>6</neuerzustand><object>Säbel: 6</object><version>HS 5.5.2</version></ereignis><ereignis><aktion>TALENT</aktion><alterzustand>0</alterzustand><ap>0</ap><asp>0</asp><bemerkung></bemerkung><date>26.07.2017 17:27</date><kp>0</kp><kommentar>33 AP</kommentar><lep>0</lep><neuerzustand>7</neuerzustand><object>Säbel: 7</object><version>HS 5.5.2</version></ereignis><ereignis><aktion>TALENT</aktion><alterzustand>0</alterzustand><ap>0</ap><asp>0</asp><bemerkung></bemerkung><date>26.07.2017 17:27</date><kp>0</kp><kommentar>39 AP</kommentar><lep>0</lep><neuerzustand>8</neuerzustand><object>Säbel: 8</object><version>HS 5.5.2</version></ereignis><ereignis><aktion>TALENT</aktion><alterzustand>0</alterzustand><ap>0</ap><asp>0</asp><bemerkung></bemerkung><date>26.07.2017 17:27</date><kp>0</kp><kommentar>45 AP</kommentar><lep>0</lep><neuerzustand>9</neuerzustand><object>Säbel: 9</object><version>HS 5.5.2</version></ereignis><ereignis><aktion>TALENT</aktion><alterzustand>0</alterzustand><ap>0</ap><asp>0</asp><bemerkung></bemerkung><date>26.07.2017 17:27</date><kp>0</kp><kommentar>50 AP</kommentar><lep>0</lep><neuerzustand>10</neuerzustand><object>Säbel: 10</object><version>HS 5.5.2</version></ereignis><ereignis><aktion>TALENT</aktion><alterzustand>0</alterzustand><ap>0</ap><asp>0</asp><bemerkung></bemerkung><date>26.07.2017 17:27</date><kp>0</kp><kommentar>1 AP</kommentar><lep>0</lep><neuerzustand>0</neuerzustand><object>Sprachen kennen Alt-Imperial/Aureliani: 0</object><version>HS 5.5.2</version></ereignis><ereignis><aktion>TALENT</aktion><alterzustand>0</alterzustand><ap>0</ap><asp>0</asp><bemerkung></bemerkung><date>26.07.2017 17:27</date><kp>0</kp><kommentar>1 AP</kommentar><lep>0</lep><neuerzustand>1</neuerzustand><object>Sprachen kennen Alt-Imperial/Aureliani: 1</object><version>HS 5.5.2</version></ereignis><ereignis><aktion>TALENT</aktion><alterzustand>0</alterzustand><ap>0</ap><asp>0</asp><bemerkung></bemerkung><date>26.07.2017 17:27</date><kp>0</kp><kommentar>2 AP</kommentar><lep>0</lep><neuerzustand>2</neuerzustand><object>Sprachen kennen Alt-Imperial/Aureliani: 2</object><version>HS 5.5.2</version></ereignis><ereignis><aktion>TALENT</aktion><alterzustand>0</alterzustand><ap>0</ap><asp>0</asp><bemerkung></bemerkung><date>26.07.2017 17:27</date><kp>0</kp><kommentar>3 AP</kommentar><lep>0</lep><neuerzustand>3</neuerzustand><object>Sprachen kennen Alt-Imperial/Aureliani: 3</object><version>HS 5.5.2</version></ereignis><ereignis><aktion>TALENT</aktion><alterzustand>0</alterzustand><ap>0</ap><asp>0</asp><bemerkung></bemerkung><date>26.07.2017 17:27</date><kp>0</kp><kommentar>3 AP</kommentar><lep>0</lep><neuerzustand>3</neuerzustand><object>Sprachen kennen Bosparano: 3</object><version>HS 5.5.2</version></ereignis><ereignis><aktion>TALENT</aktion><alterzustand>0</alterzustand><ap>0</ap><asp>0</asp><bemerkung></bemerkung><date>26.07.2017 17:27</date><kp>0</kp><kommentar>1 AP</kommentar><lep>0</lep><neuerzustand>0</neuerzustand><object>Sprachen kennen Füchsisch: 0</object><version>HS 5.5.2</version></ereignis><ereignis><aktion>TALENT</aktion><alterzustand>0</alterzustand><ap>0</ap><asp>0</asp><bemerkung></bemerkung><date>26.07.2017 17:27</date><kp>0</kp><kommentar>1 AP</kommentar><lep>0</lep><neuerzustand>1</neuerzustand><object>Sprachen kennen Füchsisch: 1</object><version>HS 5.5.2</version></ereignis><ereignis><aktion>TALENT</aktion><alterzustand>0</alterzustand><ap>0</ap><asp>0</asp><bemerkung></bemerkung><date>26.07.2017 17:27</date><kp>0</kp><kommentar>2 AP</kommentar><lep>0</lep><neuerzustand>2</neuerzustand><object>Sprachen kennen Füchsisch: 2</object><version>HS 5.5.2</version></ereignis><ereignis><aktion>TALENT</aktion><alterzustand>0</alterzustand><ap>0</ap><asp>0</asp><bemerkung></bemerkung><date>26.07.2017 17:27</date><kp>0</kp><kommentar>1 AP</kommentar><lep>0</lep><neuerzustand>0</neuerzustand><object>Sprachen kennen Trollisch: 0</object><version>HS 5.5.2</version></ereignis><ereignis><aktion>TALENT</aktion><alterzustand>0</alterzustand><ap>0</ap><asp>0</asp><bemerkung></bemerkung><date>26.07.2017 17:27</date><kp>0</kp><kommentar>1 AP</kommentar><lep>0</lep><neuerzustand>1</neuerzustand><object>Sprachen kennen Trollisch: 1</object><version>HS 5.5.2</version></ereignis><ereignis><aktion>TALENT</aktion><alterzustand>0</alterzustand><ap>0</ap><asp>0</asp><bemerkung></bemerkung><date>26.07.2017 17:27</date><kp>0</kp><kommentar>2 AP</kommentar><lep>0</lep><neuerzustand>2</neuerzustand><object>Sprachen kennen Trollisch: 2</object><version>HS 5.5.2</version></ereignis><ereignis><aktion>TALENT</aktion><alterzustand>0</alterzustand><ap>0</ap><asp>0</asp><bemerkung></bemerkung><date>26.07.2017 17:27</date><kp>0</kp><kommentar>1 AP</kommentar><lep>0</lep><neuerzustand>0</neuerzustand><object>Lesen/Schreiben Rogolan: 0</object><version>HS 5.5.2</version></ereignis><ereignis><aktion>TALENT</aktion><alterzustand>0</alterzustand><ap>0</ap><asp>0</asp><bemerkung></bemerkung><date>26.07.2017 17:27</date><kp>0</kp><kommentar>2 AP</kommentar><lep>0</lep><neuerzustand>0</neuerzustand><object>Fleischer: 0</object><version>HS 5.5.2</version></ereignis><ereignis><aktion>TALENT</aktion><alterzustand>0</alterzustand><ap>0</ap><asp>0</asp><bemerkung></bemerkung><date>26.07.2017 17:27</date><kp>0</kp><kommentar>2 AP</kommentar><lep>0</lep><neuerzustand>1</neuerzustand><object>Fleischer: 1</object><version>HS 5.5.2</version></ereignis><ereignis><aktion>TALENT</aktion><alterzustand>0</alterzustand><ap>0</ap><asp>0</asp><bemerkung></bemerkung><date>26.07.2017 17:27</date><kp>0</kp><kommentar>4 AP</kommentar><lep>0</lep><neuerzustand>2</neuerzustand><object>Fleischer: 2</object><version>HS 5.5.2</version></ereignis><ereignis><aktion>TALENT</aktion><alterzustand>0</alterzustand><ap>0</ap><asp>0</asp><bemerkung></bemerkung><date>26.07.2017 17:27</date><kp>0</kp><kommentar>6 AP</kommentar><lep>0</lep><neuerzustand>3</neuerzustand><object>Fleischer: 3</object><version>HS 5.5.2</version></ereignis><ereignis><aktion>TALENT</aktion><alterzustand>0</alterzustand><ap>0</ap><asp>0</asp><bemerkung></bemerkung><date>26.07.2017 17:27</date><kp>0</kp><kommentar>8 AP</kommentar><lep>0</lep><neuerzustand>4</neuerzustand><object>Fleischer: 4</object><version>HS 5.5.2</version></ereignis><ereignis><aktion>TALENT</aktion><alterzustand>0</alterzustand><ap>0</ap><asp>0</asp><bemerkung></bemerkung><date>26.07.2017 17:27</date><kp>0</kp><kommentar>11 AP</kommentar><lep>0</lep><neuerzustand>5</neuerzustand><object>Fleischer: 5</object><version>HS 5.5.2</version></ereignis><ereignis><aktion>TALENT</aktion><alterzustand>0</alterzustand><ap>0</ap><asp>0</asp><bemerkung></bemerkung><date>26.07.2017 17:27</date><kp>0</kp><kommentar>2 AP</kommentar><lep>0</lep><neuerzustand>1</neuerzustand><object>Kochen: 1</object><version>HS 5.5.2</version></ereignis><ereignis><aktion>TALENT</aktion><alterzustand>0</alterzustand><ap>0</ap><asp>0</asp><bemerkung></bemerkung><date>26.07.2017 17:27</date><kp>0</kp><kommentar>4 AP</kommentar><lep>0</lep><neuerzustand>2</neuerzustand><object>Kochen: 2</object><version>HS 5.5.2</version></ereignis><ereignis><aktion>TALENT</aktion><alterzustand>0</alterzustand><ap>0</ap><asp>0</asp><bemerkung></bemerkung><date>26.07.2017 17:27</date><kp>0</kp><kommentar>6 AP</kommentar><lep>0</lep><neuerzustand>3</neuerzustand><object>Kochen: 3</object><version>HS 5.5.2</version></ereignis><ereignis><aktion>TALENT</aktion><alterzustand>0</alterzustand><ap>0</ap><asp>0</asp><bemerkung></bemerkung><date>26.07.2017 17:27</date><kp>0</kp><kommentar>8 AP</kommentar><lep>0</lep><neuerzustand>4</neuerzustand><object>Kochen: 4</object><version>HS 5.5.2</version></ereignis><ereignis><aktion>TALENT</aktion><alterzustand>0</alterzustand><ap>0</ap><asp>0</asp><bemerkung></bemerkung><date>26.07.2017 17:27</date><kp>0</kp><kommentar>11 AP</kommentar><lep>0</lep><neuerzustand>5</neuerzustand><object>Kochen: 5</object><version>HS 5.5.2</version></ereignis><ereignis><aktion>TALENT</aktion><alterzustand>0</alterzustand><ap>0</ap><asp>0</asp><bemerkung></bemerkung><date>26.07.2017 17:27</date><kp>0</kp><kommentar>14 AP</kommentar><lep>0</lep><neuerzustand>6</neuerzustand><object>Kochen: 6</object><version>HS 5.5.2</version></ereignis><ereignis><aktion>TALENT</aktion><alterzustand>0</alterzustand><ap>0</ap><asp>0</asp><bemerkung></bemerkung><date>26.07.2017 17:27</date><kp>0</kp><kommentar>17 AP</kommentar><lep>0</lep><neuerzustand>7</neuerzustand><object>Kochen: 7</object><version>HS 5.5.2</version></ereignis><ereignis><aktion>TALENT</aktion><alterzustand>0</alterzustand><ap>0</ap><asp>0</asp><bemerkung></bemerkung><date>26.07.2017 17:27</date><kp>0</kp><kommentar>19 AP</kommentar><lep>0</lep><neuerzustand>8</neuerzustand><object>Kochen: 8</object><version>HS 5.5.2</version></ereignis><ereignis><aktion>SF</aktion><alterzustand>0</alterzustand><ap>0</ap><asp>0</asp><bemerkung></bemerkung><date>26.07.2017 17:27</date><kp>0</kp><kommentar>2 GP</kommentar><lep>0</lep><neuerzustand>0</neuerzustand><object>Kulturkunde (Thorwal)</object><version>HS 5.5.2</version></ereignis><ereignis><aktion>VORTEILE</aktion><alterzustand>0</alterzustand><ap>0</ap><asp>0</asp><bemerkung></bemerkung><date>26.07.2017 17:27</date><kp>0</kp><kommentar>-10 GP</kommentar><lep>0</lep><neuerzustand>0</neuerzustand><object>Angst vor Spinnen: 10</object><version>HS 5.5.2</version></ereignis><ereignis><aktion>VORTEILE</aktion><alterzustand>0</alterzustand><ap>0</ap><asp>0</asp><bemerkung></bemerkung><date>26.07.2017 17:27</date><kp>0</kp><kommentar>-5 GP</kommentar><lep>0</lep><neuerzustand>0</neuerzustand><object>Arroganz: 10</object><version>HS 5.5.2</version></ereignis><ereignis><aktion>VORTEILE</aktion><alterzustand>0</alterzustand><ap>0</ap><asp>0</asp><bemerkung></bemerkung><date>26.07.2017 17:27</date><kp>0</kp><kommentar>7 GP</kommentar><lep>0</lep><neuerzustand>0</neuerzustand><object>Eisern</object><version>HS 5.5.2</version></ereignis><ereignis><aktion>VORTEILE</aktion><alterzustand>0</alterzustand><ap>0</ap><asp>0</asp><bemerkung></bemerkung><date>26.07.2017 17:27</date><kp>0</kp><kommentar>20 GP</kommentar><lep>0</lep><neuerzustand>0</neuerzustand><object>Herausragende Eigenschaft: Körperkraft: 2</object><version>HS 5.5.2</version></ereignis><ereignis><aktion>VORTEILE</aktion><alterzustand>0</alterzustand><ap>0</ap><asp>0</asp><bemerkung></bemerkung><date>26.07.2017 17:27</date><kp>0</kp><kommentar>0 GP</kommentar><lep>0</lep><neuerzustand>0</neuerzustand><object>Neugier: 10</object><version>HS 5.5.2</version></ereignis><ereignis><aktion>VORTEILE</aktion><alterzustand>0</alterzustand><ap>0</ap><asp>0</asp><bemerkung></bemerkung><date>26.07.2017 17:27</date><kp>0</kp><kommentar>-3 GP</kommentar><lep>0</lep><neuerzustand>0</neuerzustand><object>Schneller alternd</object><version>HS 5.5.2</version></ereignis><ereignis><aktion>VORTEILE</aktion><alterzustand>0</alterzustand><ap>0</ap><asp>0</asp><bemerkung></bemerkung><date>26.07.2017 17:27</date><kp>0</kp><kommentar>-7 GP</kommentar><lep>0</lep><neuerzustand>0</neuerzustand><object>Totenangst: 7</object><version>HS 5.5.2</version></ereignis><ereignis><aktion>VORTEILE</aktion><alterzustand>0</alterzustand><ap>0</ap><asp>0</asp><bemerkung></bemerkung><date>26.07.2017 17:27</date><kp>0</kp><kommentar>-5 GP</kommentar><lep>0</lep><neuerzustand>0</neuerzustand><object>Vorurteile gegen: frauen 10</object><version>HS 5.5.2</version></ereignis><ereignis><aktion>Kulturkunde [Thorwal]</aktion><alterzustand></alterzustand><ap>0</ap><asp>0</asp><bemerkung></bemerkung><date>26.07.2017 17:27</date><kp>0</kp><kommentar></kommentar><lep>0</lep><neuerzustand></neuerzustand><object>Auswahl</object><version>HS 5.5.2</version></ereignis><ereignis><aktion>Sprachen kennen Garethi</aktion><alterzustand></alterzustand><ap>0</ap><asp>0</asp><bemerkung></bemerkung><date>26.07.2017 17:27</date><kp>0</kp><kommentar></kommentar><lep>0</lep><neuerzustand></neuerzustand><object>Auswahl</object><version>HS 5.5.2</version></ereignis><ereignis><aktion>Säbel</aktion><alterzustand></alterzustand><ap>0</ap><asp>0</asp><bemerkung></bemerkung><date>26.07.2017 17:27</date><kp>0</kp><kommentar></kommentar><lep>0</lep><neuerzustand>1</neuerzustand><object>Auswahl</object><version>HS 5.5.2</version></ereignis><ereignis><aktion>Infanteriewaffen</aktion><alterzustand></alterzustand><ap>0</ap><asp>0</asp><bemerkung></bemerkung><date>26.07.2017 17:27</date><kp>0</kp><kommentar></kommentar><lep>0</lep><neuerzustand>1</neuerzustand><object>Auswahl</object><version>HS 5.5.2</version></ereignis><ereignis><aktion>Malen/Zeichnen</aktion><alterzustand></alterzustand><ap>0</ap><asp>0</asp><bemerkung></bemerkung><date>26.07.2017 17:27</date><kp>0</kp><kommentar></kommentar><lep>0</lep><neuerzustand>2</neuerzustand><object>Auswahl</object><version>HS 5.5.2</version></ereignis><ereignis><aktion>Säbel</aktion><alterzustand></alterzustand><ap>0</ap><asp>0</asp><bemerkung></bemerkung><date>26.07.2017 17:27</date><kp>0</kp><kommentar></kommentar><lep>0</lep><neuerzustand>2</neuerzustand><object>Auswahl</object><version>HS 5.5.2</version></ereignis><ereignis><aktion>Anatomie</aktion><alterzustand></alterzustand><ap>0</ap><asp>0</asp><bemerkung></bemerkung><date>26.07.2017 17:27</date><kp>0</kp><kommentar></kommentar><lep>0</lep><neuerzustand>2</neuerzustand><object>Auswahl</object><version>HS 5.5.2</version></ereignis><ereignis><aktion>Götter und Kulte</aktion><alterzustand></alterzustand><ap>0</ap><asp>0</asp><bemerkung></bemerkung><date>26.07.2017 17:27</date><kp>0</kp><kommentar></kommentar><lep>0</lep><neuerzustand>4</neuerzustand><object>Auswahl</object><version>HS 5.5.2</version></ereignis><ereignis><aktion>Tierkunde</aktion><alterzustand></alterzustand><ap>0</ap><asp>0</asp><bemerkung></bemerkung><date>26.07.2017 17:27</date><kp>0</kp><kommentar></kommentar><lep>0</lep><neuerzustand>5</neuerzustand><object>Auswahl</object><version>HS 5.5.2</version></ereignis><ereignis><aktion>Geschichtswissen</aktion><alterzustand></alterzustand><ap>0</ap><asp>0</asp><bemerkung></bemerkung><date>26.07.2017 17:27</date><kp>0</kp><kommentar></kommentar><lep>0</lep><neuerzustand>3</neuerzustand><object>Auswahl</object><version>HS 5.5.2</version></ereignis><ereignis><aktion>Sprachenkunde</aktion><alterzustand></alterzustand><ap>0</ap><asp>0</asp><bemerkung></bemerkung><date>26.07.2017 17:27</date><kp>0</kp><kommentar></kommentar><lep>0</lep><neuerzustand>4</neuerzustand><object>Auswahl</object><version>HS 5.5.2</version></ereignis><ereignis><aktion>Magiekunde</aktion><alterzustand></alterzustand><ap>0</ap><asp>0</asp><bemerkung></bemerkung><date>26.07.2017 17:27</date><kp>0</kp><kommentar></kommentar><lep>0</lep><neuerzustand>3</neuerzustand><object>Auswahl</object><version>HS 5.5.2</version></ereignis><ereignis><aktion>Pflanzenkunde</aktion><alterzustand></alterzustand><ap>0</ap><asp>0</asp><bemerkung></bemerkung><date>26.07.2017 17:27</date><kp>0</kp><kommentar></kommentar><lep>0</lep><neuerzustand>3</neuerzustand><object>Auswahl</object><version>HS 5.5.2</version></ereignis><ereignis><aktion>Sprachen kennen Bosparano</aktion><alterzustand></alterzustand><ap>0</ap><asp>0</asp><bemerkung></bemerkung><date>26.07.2017 17:27</date><kp>0</kp><kommentar></kommentar><lep>0</lep><neuerzustand>2</neuerzustand><object>Auswahl</object><version>HS 5.5.2</version></ereignis><ereignis><aktion>Sprachen kennen Thorwalsch</aktion><alterzustand></alterzustand><ap>0</ap><asp>0</asp><bemerkung></bemerkung><date>26.07.2017 17:27</date><kp>0</kp><kommentar></kommentar><lep>0</lep><neuerzustand>6</neuerzustand><object>Auswahl</object><version>HS 5.5.2</version></ereignis><ereignis><aktion>Sprachen kennen Isdira</aktion><alterzustand></alterzustand><ap>0</ap><asp>0</asp><bemerkung></bemerkung><date>26.07.2017 17:27</date><kp>0</kp><kommentar></kommentar><lep>0</lep><neuerzustand>6</neuerzustand><object>Auswahl</object><version>HS 5.5.2</version></ereignis><ereignis><aktion>Sprachen kennen Rogolan</aktion><alterzustand></alterzustand><ap>0</ap><asp>0</asp><bemerkung></bemerkung><date>26.07.2017 17:27</date><kp>0</kp><kommentar></kommentar><lep>0</lep><neuerzustand>2</neuerzustand><object>Auswahl</object><version>HS 5.5.2</version></ereignis><ereignis><aktion>Lesen/Schreiben Geheiligte Glyphen von Unau</aktion><alterzustand></alterzustand><ap>0</ap><asp>0</asp><bemerkung></bemerkung><date>26.07.2017 17:27</date><kp>0</kp><kommentar></kommentar><lep>0</lep><neuerzustand>4</neuerzustand><object>Auswahl</object><version>HS 5.5.2</version></ereignis><ereignis><aktion>Lesen/Schreiben (Alt-)Imperiale Zeichen</aktion><alterzustand></alterzustand><ap>0</ap><asp>0</asp><bemerkung></bemerkung><date>26.07.2017 17:27</date><kp>0</kp><kommentar></kommentar><lep>0</lep><neuerzustand>4</neuerzustand><object>Auswahl</object><version>HS 5.5.2</version></ereignis><ereignis><aktion>Schlösser knacken</aktion><alterzustand></alterzustand><ap>0</ap><asp>0</asp><bemerkung></bemerkung><date>26.07.2017 17:27</date><kp>0</kp><kommentar></kommentar><lep>0</lep><neuerzustand>1</neuerzustand><object>Auswahl</object><version>HS 5.5.2</version></ereignis><ereignis><aktion>Ereignis eingeben</aktion><alterzustand></alterzustand><ap>1500</ap><asp>0</asp><bemerkung></bemerkung><date>26.07.2017 17:28</date><kp>0</kp><kommentar> Gesamt AP: 1500 Verfügbare AP: 1500</kommentar><lep>0</lep><neuerzustand></neuerzustand><object>Abenteuerpunkte (Hinzugewinn)</object><version>HS 5.5.2</version></ereignis><ereignis><aktion>Eigenschaft steigern</aktion><alterzustand>14</alterzustand><ap>-480</ap><asp>0</asp><bemerkung></bemerkung><date>26.07.2017 17:28</date><kp>0</kp><kommentar></kommentar><lep>0</lep><neuerzustand>15</neuerzustand><object>Körperkraft</object><version>HS 5.5.2</version></ereignis><ereignis><aktion>Sonderfertigkeit hinzugefügt</aktion><alterzustand></alterzustand><ap>-200</ap><asp>0</asp><bemerkung></bemerkung><date>26.07.2017 17:28</date><kp>0</kp><kommentar></kommentar><lep>0</lep><neuerzustand></neuerzustand><object>Wuchtschlag</object><version>HS 5.5.2</version></ereignis><ereignis><aktion>Sonderfertigkeit hinzugefügt</aktion><alterzustand></alterzustand><ap>-150</ap><asp>0</asp><bemerkung></bemerkung><date>26.07.2017 17:28</date><kp>0</kp><kommentar></kommentar><lep>0</lep><neuerzustand></neuerzustand><object>Waffenloser Kampfstil: Hammerfaust</object><version>HS 5.5.2</version></ereignis><ereignis><aktion>Eigenschaft steigern</aktion><alterzustand>15</alterzustand><ap>-510</ap><asp>0</asp><bemerkung></bemerkung><date>26.07.2017 17:31</date><kp>0</kp><kommentar></kommentar><lep>0</lep><neuerzustand>16</neuerzustand><object>Körperkraft</object><version>HS 5.5.2</version></ereignis><ereignis><aktion>Talent steigern</aktion><alterzustand>2</alterzustand><ap>-9</ap><asp>0</asp><bemerkung>Selbststudium</bemerkung><date>26.07.2017 17:31</date><kp>0</kp><kommentar></kommentar><lep>0</lep><neuerzustand>3</neuerzustand><object>Fährtensuchen</object><version>HS 5.5.2</version></ereignis><ereignis><aktion>Talent steigern</aktion><alterzustand>3</alterzustand><ap>-13</ap><asp>0</asp><bemerkung>Selbststudium</bemerkung><date>26.07.2017 17:31</date><kp>0</kp><kommentar></kommentar><lep>0</lep><neuerzustand>4</neuerzustand><object>Fährtensuchen</object><version>HS 5.5.2</version></ereignis><ereignis><aktion>Talent steigern</aktion><alterzustand>4</alterzustand><ap>-17</ap><asp>0</asp><bemerkung>Selbststudium</bemerkung><date>26.07.2017 17:31</date><kp>0</kp><kommentar></kommentar><lep>0</lep><neuerzustand>5</neuerzustand><object>Fährtensuchen</object><version>HS 5.5.2</version></ereignis><ereignis><aktion>Talent steigern</aktion><alterzustand>5</alterzustand><ap>-21</ap><asp>0</asp><bemerkung>Selbststudium</bemerkung><date>26.07.2017 17:31</date><kp>0</kp><kommentar></kommentar><lep>0</lep><neuerzustand>6</neuerzustand><object>Fährtensuchen</object><version>HS 5.5.2</version></ereignis><ereignis><aktion>Talent steigern</aktion><alterzustand>6</alterzustand><ap>-25</ap><asp>0</asp><bemerkung>Selbststudium</bemerkung><date>26.07.2017 17:31</date><kp>0</kp><kommentar></kommentar><lep>0</lep><neuerzustand>7</neuerzustand><object>Fährtensuchen</object><version>HS 5.5.2</version></ereignis><ereignis><aktion>Talent steigern</aktion><alterzustand>2</alterzustand><ap>-9</ap><asp>0</asp><bemerkung>Selbststudium</bemerkung><date>26.07.2017 17:32</date><kp>0</kp><kommentar></kommentar><lep>0</lep><neuerzustand>3</neuerzustand><object>Wildnisleben</object><version>HS 5.5.2</version></ereignis><ereignis><aktion>Talent steigern</aktion><alterzustand>3</alterzustand><ap>-13</ap><asp>0</asp><bemerkung>Selbststudium</bemerkung><date>26.07.2017 17:32</date><kp>0</kp><kommentar></kommentar><lep>0</lep><neuerzustand>4</neuerzustand><object>Wildnisleben</object><version>HS 5.5.2</version></ereignis><ereignis><aktion>Talent steigern</aktion><alterzustand>4</alterzustand><ap>-17</ap><asp>0</asp><bemerkung>Selbststudium</bemerkung><date>26.07.2017 17:32</date><kp>0</kp><kommentar></kommentar><lep>0</lep><neuerzustand>5</neuerzustand><object>Wildnisleben</object><version>HS 5.5.2</version></ereignis><ereignis><aktion>Talent steigern</aktion><alterzustand>5</alterzustand><ap>-21</ap><asp>0</asp><bemerkung>Selbststudium</bemerkung><date>26.07.2017 17:32</date><kp>0</kp><kommentar></kommentar><lep>0</lep><neuerzustand>6</neuerzustand><object>Wildnisleben</object><version>HS 5.5.2</version></ereignis><ereignis><aktion>Talent steigern</aktion><alterzustand>2</alterzustand><ap>-9</ap><asp>0</asp><bemerkung>Selbststudium</bemerkung><date>26.07.2017 17:32</date><kp>0</kp><kommentar></kommentar><lep>0</lep><neuerzustand>3</neuerzustand><object>Sprachen kennen Rogolan</object><version>HS 5.5.2</version></ereignis><ereignis><aktion>Talent steigern</aktion><alterzustand>2</alterzustand><ap>-6</ap><asp>0</asp><bemerkung>Selbststudium</bemerkung><date>26.07.2017 17:33</date><kp>0</kp><kommentar></kommentar><lep>0</lep><neuerzustand>3</neuerzustand><object>Sprachen kennen Füchsisch</object><version>HS 5.5.2</version></ereignis><ereignis><aktion>Geld</aktion><alterzustand>D: 0 S: 0 H: 0 K: 0</alterzustand><ap>0</ap><asp>0</asp><bemerkung>Geldbörse</bemerkung><date>29.07.2017 12:24</date><kp>0</kp><kommentar></kommentar><lep>0</lep><neuerzustand>D: 4 S: 8 H: 0 K: 0</neuerzustand><object>Mittelreich</object><version>HS 5.5.2</version></ereignis><ereignis><aktion>Ereignis eingeben</aktion><alterzustand></alterzustand><ap>500</ap><asp>0</asp><bemerkung></bemerkung><date>16.09.2017 12:19</date><kp>0</kp><kommentar> Gesamt AP: 500 Verfügbare AP: 500</kommentar><lep>0</lep><neuerzustand></neuerzustand><object>Abenteuerpunkte (Hinzugewinn)</object><version>HS 5.5.3</version></ereignis><ereignis><aktion>Nahkampftalent steigern</aktion><alterzustand>10;5;5</alterzustand><ap>-105</ap><asp>0</asp><bemerkung>Selbststudium</bemerkung><date>16.09.2017 12:19</date><kp>0</kp><kommentar></kommentar><lep>0</lep><neuerzustand>11;5;5</neuerzustand><object>Säbel</object><version>HS 5.5.3</version></ereignis><ereignis><aktion>Nahkampftalent steigern</aktion><alterzustand>11;5;5</alterzustand><ap>-120</ap><asp>0</asp><bemerkung>Selbststudium</bemerkung><date>16.09.2017 12:19</date><kp>0</kp><kommentar></kommentar><lep>0</lep><neuerzustand>12;5;5</neuerzustand><object>Säbel</object><version>HS 5.5.3</version></ereignis><ereignis><aktion>Nahkampftalent steigern</aktion><alterzustand>12;5;5</alterzustand><ap>-130</ap><asp>0</asp><bemerkung>Selbststudium</bemerkung><date>16.09.2017 12:19</date><kp>0</kp><kommentar></kommentar><lep>0</lep><neuerzustand>13;5;5</neuerzustand><object>Säbel</object><version>HS 5.5.3</version></ereignis><ereignis><aktion>Talent steigern</aktion><alterzustand>0</alterzustand><ap>-2</ap><asp>0</asp><bemerkung>Selbststudium</bemerkung><date>16.09.2017 12:20</date><kp>0</kp><kommentar></kommentar><lep>0</lep><neuerzustand>1</neuerzustand><object>Lesen/Schreiben Rogolan</object><version>HS 5.5.3</version></ereignis><ereignis><aktion>Talent steigern</aktion><alterzustand>1</alterzustand><ap>-6</ap><asp>0</asp><bemerkung>Selbststudium</bemerkung><date>16.09.2017 12:20</date><kp>0</kp><kommentar></kommentar><lep>0</lep><neuerzustand>2</neuerzustand><object>Lesen/Schreiben Rogolan</object><version>HS 5.5.3</version></ereignis><ereignis><aktion>Talent steigern</aktion><alterzustand>2</alterzustand><ap>-9</ap><asp>0</asp><bemerkung>Selbststudium</bemerkung><date>16.09.2017 12:20</date><kp>0</kp><kommentar></kommentar><lep>0</lep><neuerzustand>3</neuerzustand><object>Lesen/Schreiben Rogolan</object><version>HS 5.5.3</version></ereignis><ereignis><aktion>Talent steigern</aktion><alterzustand>0</alterzustand><ap>-4</ap><asp>0</asp><bemerkung>Selbststudium</bemerkung><date>16.09.2017 12:20</date><kp>0</kp><kommentar></kommentar><lep>0</lep><neuerzustand>1</neuerzustand><object>Athletik</object><version>HS 5.5.3</version></ereignis><ereignis><aktion>Talent steigern</aktion><alterzustand>1</alterzustand><ap>-9</ap><asp>0</asp><bemerkung>Selbststudium</bemerkung><date>16.09.2017 12:20</date><kp>0</kp><kommentar></kommentar><lep>0</lep><neuerzustand>2</neuerzustand><object>Athletik</object><version>HS 5.5.3</version></ereignis><ereignis><aktion>Talent steigern</aktion><alterzustand>2</alterzustand><ap>-15</ap><asp>0</asp><bemerkung>Selbststudium</bemerkung><date>16.09.2017 12:20</date><kp>0</kp><kommentar></kommentar><lep>0</lep><neuerzustand>3</neuerzustand><object>Athletik</object><version>HS 5.5.3</version></ereignis><ereignis><aktion>Talent steigern</aktion><alterzustand>1</alterzustand><ap>-9</ap><asp>0</asp><bemerkung>Selbststudium</bemerkung><date>16.09.2017 12:20</date><kp>0</kp><kommentar></kommentar><lep>0</lep><neuerzustand>2</neuerzustand><object>Körperbeherrschung</object><version>HS 5.5.3</version></ereignis><ereignis><aktion>Talent steigern</aktion><alterzustand>6</alterzustand><ap>-25</ap><asp>0</asp><bemerkung>Selbststudium</bemerkung><date>16.09.2017 12:20</date><kp>0</kp><kommentar></kommentar><lep>0</lep><neuerzustand>7</neuerzustand><object>Wildnisleben</object><version>HS 5.5.3</version></ereignis><ereignis><aktion>Talent steigern</aktion><alterzustand>7</alterzustand><ap>-29</ap><asp>0</asp><bemerkung>Selbststudium</bemerkung><date>16.09.2017 12:20</date><kp>0</kp><kommentar></kommentar><lep>0</lep><neuerzustand>8</neuerzustand><object>Wildnisleben</object><version>HS 5.5.3</version></ereignis><ereignis><aktion>Talent steigern</aktion><alterzustand>8</alterzustand><ap>-34</ap><asp>0</asp><bemerkung>Selbststudium</bemerkung><date>16.09.2017 12:20</date><kp>0</kp><kommentar></kommentar><lep>0</lep><neuerzustand>9</neuerzustand><object>Wildnisleben</object><version>HS 5.5.3</version></ereignis></ereignisse></daten>