<?xml version="1.0" encoding="UTF-8" standalone="no"?>
<?xml-stylesheet type="text/xsl" href="helden.xsl"?><helden Version="5.5.3">
<held key="1501082871473" name="solaris die wilde" stand="1501323862948">
<mods/>
<basis>
<geschlecht name="weiblich"/>
<settings name="DSA4.1"/>
<rasse name="helden.model.rasse.Tulamide" string="Tulamidin">
<groesse gewicht="61" value="166"/>
<aussehen alter="18" augenfarbe="grau" aussehentext0="" aussehentext1="" aussehentext2="" aussehentext3="" familietext0="" familietext1="" familietext2="" familietext3="" familietext4="" familietext5="" gbjahr="1003" gbmonat="1" gbtag="28" gprest="0" gpstart="110" haarfarbe="schwarz" kalender="Bosparans Fall" stand="" titel=""/>
</rasse>
<kultur name="helden.model.kultur.Maraskan" schrift="Lesen/Schreiben Kusliker Zeichen" sprache="Sprachen kennen Garethi" string="Maraskan" zweitsprache="Sprachen kennen Tulamidya"/>
<ausbildungen>
<ausbildung art="Hauptprofession" name="helden.model.profession.Entdecker" string="Entdeckerin" tarnidentitaet=""/>
</ausbildungen>
<verify value="1"/>
<notiz notiz0="Notizen" notiz1="" notiz10="" notiz11="" notiz2="" notiz3="" notiz4="" notiz5="" notiz6="" notiz7="" notiz8="" notiz9=""/>
<portraet value=""/>
<abenteuerpunkte value="2480"/>
<freieabenteuerpunkte value="3"/>
</basis>
<eigenschaften>
<eigenschaft mod="0" name="Mut" startwert="14" value="14"/>
<eigenschaft mod="0" name="Klugheit" startwert="12" value="12"/>
<eigenschaft mod="1" name="Intuition" startwert="11" value="11"/>
<eigenschaft mod="0" name="Charisma" startwert="10" value="10"/>
<eigenschaft mod="0" name="Fingerfertigkeit" startwert="12" value="12"/>
<eigenschaft mod="0" name="Gewandtheit" startwert="13" value="13"/>
<eigenschaft mod="0" name="Konstitution" startwert="14" value="14"/>
<eigenschaft mod="2" name="Körperkraft" startwert="14" value="16"/>
<eigenschaft mod="0" name="Sozialstatus" startwert="7" value="7"/>
<eigenschaft mod="10" name="Lebensenergie" value="0"/>
<eigenschaft mod="10" name="Ausdauer" value="0"/>
<eigenschaft grossemeditation="0" mod="0" mrmod="-3" name="Astralenergie" value="0"/>
<eigenschaft karmalqueste="0" mod="0" name="Karmaenergie" value="0"/>
<eigenschaft mod="-3" name="Magieresistenz" value="0"/>
<eigenschaft mod="0" name="ini" value="11"/>
<eigenschaft mod="0" name="at" value="9"/>
<eigenschaft mod="0" name="pa" value="9"/>
<eigenschaft mod="0" name="fk" value="8"/>
</eigenschaften>
<vt>
<vorteil name="Eisern"/>
<vorteil name="Herausragende Eigenschaft: Körperkraft" value="2"/>
<vorteil name="Angst vor Spinnen" value="10"/>
<vorteil name="Arroganz" value="10"/>
<vorteil name="Neugier" value="10"/>
<vorteil name="Schneller alternd"/>
<vorteil name="Totenangst" value="7"/>
<vorteil name="Vorurteile gegen">
<auswahl position="0" value="10"/>
<auswahl position="1" value="frauen"/>
</vorteil>
</vt>
<sf>
<sonderfertigkeit name="Auspendeln"/>
<sonderfertigkeit name="Block"/>
<sonderfertigkeit name="Doppelschlag"/>
<sonderfertigkeit name="Eisenarm"/>
<sonderfertigkeit name="Gerade"/>
<sonderfertigkeit name="Handkante"/>
<sonderfertigkeit name="Kreuzblock"/>
<sonderfertigkeit name="Kulturkunde">
<kultur name="Maraskan"/>
<kultur name="Thorwal"/>
</sonderfertigkeit>
<sonderfertigkeit name="Schmetterschlag"/>
<sonderfertigkeit name="Schwinger"/>
<sonderfertigkeit name="Waffenloser Kampfstil: Hammerfaust"/>
<sonderfertigkeit name="Wuchtschlag"/>
</sf>
<ereignisse>
<ereignis obj="max GP für Helden: 110" text="EINSTELLUNG" time="1501082873010" version="HS 5.5.2"/>
<ereignis obj="max Eigenschafts-GP für Helden: 100" text="EINSTELLUNG" time="1501082873010" version="HS 5.5.2"/>
<ereignis obj="max Eigenschafts-Wert für Helden: 14" text="EINSTELLUNG" time="1501082873010" version="HS 5.5.2"/>
<ereignis Alt="0" Neu="0" kommentar="0 GP" obj="Rasse: Tulamidin" text="RKP" time="1501082873011" version="HS 5.5.2"/>
<ereignis Alt="0" Neu="0" kommentar="5 GP" obj="Kultur: Maraskan" text="RKP" time="1501082873011" version="HS 5.5.2"/>
<ereignis Alt="0" Neu="0" kommentar="6 GP" obj="Profession: Entdeckerin" text="RKP" time="1501082873011" version="HS 5.5.2"/>
<ereignis Alt="0" Neu="14" kommentar="14 GP" obj="Mut: 14" text="EIGENSCHAFTEN" time="1501082873011" version="HS 5.5.2"/>
<ereignis Alt="0" Neu="12" kommentar="12 GP" obj="Klugheit: 12" text="EIGENSCHAFTEN" time="1501082873011" version="HS 5.5.2"/>
<ereignis Alt="0" Neu="12" kommentar="11 GP" obj="Intuition: 12" text="EIGENSCHAFTEN" time="1501082873011" version="HS 5.5.2"/>
<ereignis Alt="0" Neu="10" kommentar="10 GP" obj="Charisma: 10" text="EIGENSCHAFTEN" time="1501082873011" version="HS 5.5.2"/>
<ereignis Alt="0" Neu="12" kommentar="12 GP" obj="Fingerfertigkeit: 12" text="EIGENSCHAFTEN" time="1501082873011" version="HS 5.5.2"/>
<ereignis Alt="0" Neu="13" kommentar="13 GP" obj="Gewandtheit: 13" text="EIGENSCHAFTEN" time="1501082873011" version="HS 5.5.2"/>
<ereignis Alt="0" Neu="14" kommentar="14 GP" obj="Konstitution: 14" text="EIGENSCHAFTEN" time="1501082873011" version="HS 5.5.2"/>
<ereignis Alt="0" Neu="16" kommentar="14 GP" obj="Körperkraft: 16" text="EIGENSCHAFTEN" time="1501082873011" version="HS 5.5.2"/>
<ereignis Alt="0" Neu="7" kommentar="0 GP" obj="Sozialstatus: 7" text="EIGENSCHAFTEN" time="1501082873011" version="HS 5.5.2"/>
<ereignis Alt="0" Neu="3" kommentar="9 AP" obj="Raufen: 3" text="TALENT" time="1501082873011" version="HS 5.5.2"/>
<ereignis Alt="0" Neu="4" kommentar="13 AP" obj="Raufen: 4" text="TALENT" time="1501082873011" version="HS 5.5.2"/>
<ereignis Alt="0" Neu="5" kommentar="17 AP" obj="Raufen: 5" text="TALENT" time="1501082873011" version="HS 5.5.2"/>
<ereignis Alt="0" Neu="6" kommentar="21 AP" obj="Raufen: 6" text="TALENT" time="1501082873011" version="HS 5.5.2"/>
<ereignis Alt="0" Neu="7" kommentar="25 AP" obj="Raufen: 7" text="TALENT" time="1501082873011" version="HS 5.5.2"/>
<ereignis Alt="0" Neu="8" kommentar="29 AP" obj="Raufen: 8" text="TALENT" time="1501082873011" version="HS 5.5.2"/>
<ereignis Alt="0" Neu="4" kommentar="17 AP" obj="Säbel: 4" text="TALENT" time="1501082873011" version="HS 5.5.2"/>
<ereignis Alt="0" Neu="5" kommentar="22 AP" obj="Säbel: 5" text="TALENT" time="1501082873011" version="HS 5.5.2"/>
<ereignis Alt="0" Neu="6" kommentar="27 AP" obj="Säbel: 6" text="TALENT" time="1501082873011" version="HS 5.5.2"/>
<ereignis Alt="0" Neu="7" kommentar="33 AP" obj="Säbel: 7" text="TALENT" time="1501082873011" version="HS 5.5.2"/>
<ereignis Alt="0" Neu="8" kommentar="39 AP" obj="Säbel: 8" text="TALENT" time="1501082873011" version="HS 5.5.2"/>
<ereignis Alt="0" Neu="9" kommentar="45 AP" obj="Säbel: 9" text="TALENT" time="1501082873011" version="HS 5.5.2"/>
<ereignis Alt="0" Neu="10" kommentar="50 AP" obj="Säbel: 10" text="TALENT" time="1501082873011" version="HS 5.5.2"/>
<ereignis Alt="0" Neu="0" kommentar="1 AP" obj="Sprachen kennen Alt-Imperial/Aureliani: 0" text="TALENT" time="1501082873011" version="HS 5.5.2"/>
<ereignis Alt="0" Neu="1" kommentar="1 AP" obj="Sprachen kennen Alt-Imperial/Aureliani: 1" text="TALENT" time="1501082873011" version="HS 5.5.2"/>
<ereignis Alt="0" Neu="2" kommentar="2 AP" obj="Sprachen kennen Alt-Imperial/Aureliani: 2" text="TALENT" time="1501082873011" version="HS 5.5.2"/>
<ereignis Alt="0" Neu="3" kommentar="3 AP" obj="Sprachen kennen Alt-Imperial/Aureliani: 3" text="TALENT" time="1501082873011" version="HS 5.5.2"/>
<ereignis Alt="0" Neu="3" kommentar="3 AP" obj="Sprachen kennen Bosparano: 3" text="TALENT" time="1501082873011" version="HS 5.5.2"/>
<ereignis Alt="0" Neu="0" kommentar="1 AP" obj="Sprachen kennen Füchsisch: 0" text="TALENT" time="1501082873011" version="HS 5.5.2"/>
<ereignis Alt="0" Neu="1" kommentar="1 AP" obj="Sprachen kennen Füchsisch: 1" text="TALENT" time="1501082873011" version="HS 5.5.2"/>
<ereignis Alt="0" Neu="2" kommentar="2 AP" obj="Sprachen kennen Füchsisch: 2" text="TALENT" time="1501082873011" version="HS 5.5.2"/>
<ereignis Alt="0" Neu="0" kommentar="1 AP" obj="Sprachen kennen Trollisch: 0" text="TALENT" time="1501082873011" version="HS 5.5.2"/>
<ereignis Alt="0" Neu="1" kommentar="1 AP" obj="Sprachen kennen Trollisch: 1" text="TALENT" time="1501082873011" version="HS 5.5.2"/>
<ereignis Alt="0" Neu="2" kommentar="2 AP" obj="Sprachen kennen Trollisch: 2" text="TALENT" time="1501082873011" version="HS 5.5.2"/>
<ereignis Alt="0" Neu="0" kommentar="1 AP" obj="Lesen/Schreiben Rogolan: 0" text="TALENT" time="1501082873011" version="HS 5.5.2"/>
<ereignis Alt="0" Neu="0" kommentar="2 AP" obj="Fleischer: 0" text="TALENT" time="1501082873011" version="HS 5.5.2"/>
<ereignis Alt="0" Neu="1" kommentar="2 AP" obj="Fleischer: 1" text="TALENT" time="1501082873011" version="HS 5.5.2"/>
<ereignis Alt="0" Neu="2" kommentar="4 AP" obj="Fleischer: 2" text="TALENT" time="1501082873011" version="HS 5.5.2"/>
<ereignis Alt="0" Neu="3" kommentar="6 AP" obj="Fleischer: 3" text="TALENT" time="1501082873011" version="HS 5.5.2"/>
<ereignis Alt="0" Neu="4" kommentar="8 AP" obj="Fleischer: 4" text="TALENT" time="1501082873011" version="HS 5.5.2"/>
<ereignis Alt="0" Neu="5" kommentar="11 AP" obj="Fleischer: 5" text="TALENT" time="1501082873011" version="HS 5.5.2"/>
<ereignis Alt="0" Neu="1" kommentar="2 AP" obj="Kochen: 1" text="TALENT" time="1501082873011" version="HS 5.5.2"/>
<ereignis Alt="0" Neu="2" kommentar="4 AP" obj="Kochen: 2" text="TALENT" time="1501082873011" version="HS 5.5.2"/>
<ereignis Alt="0" Neu="3" kommentar="6 AP" obj="Kochen: 3" text="TALENT" time="1501082873011" version="HS 5.5.2"/>
<ereignis Alt="0" Neu="4" kommentar="8 AP" obj="Kochen: 4" text="TALENT" time="1501082873011" version="HS 5.5.2"/>
<ereignis Alt="0" Neu="5" kommentar="11 AP" obj="Kochen: 5" text="TALENT" time="1501082873011" version="HS 5.5.2"/>
<ereignis Alt="0" Neu="6" kommentar="14 AP" obj="Kochen: 6" text="TALENT" time="1501082873011" version="HS 5.5.2"/>
<ereignis Alt="0" Neu="7" kommentar="17 AP" obj="Kochen: 7" text="TALENT" time="1501082873011" version="HS 5.5.2"/>
<ereignis Alt="0" Neu="8" kommentar="19 AP" obj="Kochen: 8" text="TALENT" time="1501082873011" version="HS 5.5.2"/>
<ereignis Alt="0" Neu="0" kommentar="2 GP" obj="Kulturkunde (Thorwal)" text="SF" time="1501082873011" version="HS 5.5.2"/>
<ereignis Alt="0" Neu="0" kommentar="-10 GP" obj="Angst vor Spinnen: 10" text="VORTEILE" time="1501082873011" version="HS 5.5.2"/>
<ereignis Alt="0" Neu="0" kommentar="-5 GP" obj="Arroganz: 10" text="VORTEILE" time="1501082873011" version="HS 5.5.2"/>
<ereignis Alt="0" Neu="0" kommentar="7 GP" obj="Eisern" text="VORTEILE" time="1501082873011" version="HS 5.5.2"/>
<ereignis Alt="0" Neu="0" kommentar="20 GP" obj="Herausragende Eigenschaft: Körperkraft: 2" text="VORTEILE" time="1501082873011" version="HS 5.5.2"/>
<ereignis Alt="0" Neu="0" kommentar="0 GP" obj="Neugier: 10" text="VORTEILE" time="1501082873011" version="HS 5.5.2"/>
<ereignis Alt="0" Neu="0" kommentar="-3 GP" obj="Schneller alternd" text="VORTEILE" time="1501082873011" version="HS 5.5.2"/>
<ereignis Alt="0" Neu="0" kommentar="-7 GP" obj="Totenangst: 7" text="VORTEILE" time="1501082873011" version="HS 5.5.2"/>
<ereignis Alt="0" Neu="0" kommentar="-5 GP" obj="Vorurteile gegen: frauen 10" text="VORTEILE" time="1501082873011" version="HS 5.5.2"/>
<ereignis obj="Auswahl" text="Kulturkunde [Thorwal]" time="1501082873011" version="HS 5.5.2"/>
<ereignis obj="Auswahl" text="Sprachen kennen Garethi" time="1501082873011" version="HS 5.5.2"/>
<ereignis Neu="1" obj="Auswahl" text="Säbel" time="1501082873011" version="HS 5.5.2"/>
<ereignis Neu="1" obj="Auswahl" text="Infanteriewaffen" time="1501082873011" version="HS 5.5.2"/>
<ereignis Neu="2" obj="Auswahl" text="Malen/Zeichnen" time="1501082873011" version="HS 5.5.2"/>
<ereignis Neu="2" obj="Auswahl" text="Säbel" time="1501082873011" version="HS 5.5.2"/>
<ereignis Neu="2" obj="Auswahl" text="Anatomie" time="1501082873011" version="HS 5.5.2"/>
<ereignis Neu="4" obj="Auswahl" text="Götter und Kulte" time="1501082873011" version="HS 5.5.2"/>
<ereignis Neu="5" obj="Auswahl" text="Tierkunde" time="1501082873011" version="HS 5.5.2"/>
<ereignis Neu="3" obj="Auswahl" text="Geschichtswissen" time="1501082873011" version="HS 5.5.2"/>
<ereignis Neu="4" obj="Auswahl" text="Sprachenkunde" time="1501082873011" version="HS 5.5.2"/>
<ereignis Neu="3" obj="Auswahl" text="Magiekunde" time="1501082873011" version="HS 5.5.2"/>
<ereignis Neu="3" obj="Auswahl" text="Pflanzenkunde" time="1501082873011" version="HS 5.5.2"/>
<ereignis Neu="2" obj="Auswahl" text="Sprachen kennen Bosparano" time="1501082873011" version="HS 5.5.2"/>
<ereignis Neu="6" obj="Auswahl" text="Sprachen kennen Thorwalsch" time="1501082873011" version="HS 5.5.2"/>
<ereignis Neu="6" obj="Auswahl" text="Sprachen kennen Isdira" time="1501082873011" version="HS 5.5.2"/>
<ereignis Neu="2" obj="Auswahl" text="Sprachen kennen Rogolan" time="1501082873011" version="HS 5.5.2"/>
<ereignis Neu="4" obj="Auswahl" text="Lesen/Schreiben Geheiligte Glyphen von Unau" time="1501082873011" version="HS 5.5.2"/>
<ereignis Neu="4" obj="Auswahl" text="Lesen/Schreiben (Alt-)Imperiale Zeichen" time="1501082873011" version="HS 5.5.2"/>
<ereignis Neu="1" obj="Auswahl" text="Schlösser knacken" time="1501082873011" version="HS 5.5.2"/>
<ereignis Abenteuerpunkte="1500" kommentar=" Gesamt AP: 1500 Verfügbare AP: 1500" obj="Abenteuerpunkte (Hinzugewinn)" text="Ereignis eingeben" time="1501082883203" version="HS 5.5.2"/>
<ereignis Abenteuerpunkte="-480" Alt="14" Neu="15" obj="Körperkraft" text="Eigenschaft steigern" time="1501082887139" version="HS 5.5.2"/>
<ereignis Abenteuerpunkte="-200" obj="Wuchtschlag" text="Sonderfertigkeit hinzugefügt" time="1501082901097" version="HS 5.5.2"/>
<ereignis Abenteuerpunkte="-150" obj="Waffenloser Kampfstil: Hammerfaust" text="Sonderfertigkeit hinzugefügt" time="1501082902952" version="HS 5.5.2"/>
<ereignis Abenteuerpunkte="-510" Alt="15" Neu="16" obj="Körperkraft" text="Eigenschaft steigern" time="1501083077509" version="HS 5.5.2"/>
<ereignis Abenteuerpunkte="-9" Alt="2" Info="Selbststudium" Neu="3" obj="Fährtensuchen" text="Talent steigern" time="1501083096103" version="HS 5.5.2"/>
<ereignis Abenteuerpunkte="-13" Alt="3" Info="Selbststudium" Neu="4" obj="Fährtensuchen" text="Talent steigern" time="1501083096350" version="HS 5.5.2"/>
<ereignis Abenteuerpunkte="-17" Alt="4" Info="Selbststudium" Neu="5" obj="Fährtensuchen" text="Talent steigern" time="1501083096733" version="HS 5.5.2"/>
<ereignis Abenteuerpunkte="-21" Alt="5" Info="Selbststudium" Neu="6" obj="Fährtensuchen" text="Talent steigern" time="1501083097450" version="HS 5.5.2"/>
<ereignis Abenteuerpunkte="-25" Alt="6" Info="Selbststudium" Neu="7" obj="Fährtensuchen" text="Talent steigern" time="1501083098574" version="HS 5.5.2"/>
<ereignis Abenteuerpunkte="-9" Alt="2" Info="Selbststudium" Neu="3" obj="Wildnisleben" text="Talent steigern" time="1501083145057" version="HS 5.5.2"/>
<ereignis Abenteuerpunkte="-13" Alt="3" Info="Selbststudium" Neu="4" obj="Wildnisleben" text="Talent steigern" time="1501083145297" version="HS 5.5.2"/>
<ereignis Abenteuerpunkte="-17" Alt="4" Info="Selbststudium" Neu="5" obj="Wildnisleben" text="Talent steigern" time="1501083153367" version="HS 5.5.2"/>
<ereignis Abenteuerpunkte="-21" Alt="5" Info="Selbststudium" Neu="6" obj="Wildnisleben" text="Talent steigern" time="1501083155224" version="HS 5.5.2"/>
<ereignis Abenteuerpunkte="-9" Alt="2" Info="Selbststudium" Neu="3" obj="Sprachen kennen Rogolan" text="Talent steigern" time="1501083171971" version="HS 5.5.2"/>
<ereignis Abenteuerpunkte="-6" Alt="2" Info="Selbststudium" Neu="3" obj="Sprachen kennen Füchsisch" text="Talent steigern" time="1501083183587" version="HS 5.5.2"/>
<ereignis Alt="D: 0 S: 0 H: 0 K: 0" Info="Geldbörse" Neu="D: 4 S: 8 H: 0 K: 0" obj="Mittelreich" text="Geld" time="1501323862948" version="HS 5.5.2"/>
<ereignis Abenteuerpunkte="500" kommentar=" Gesamt AP: 500 Verfügbare AP: 500" obj="Abenteuerpunkte (Hinzugewinn)" text="Ereignis eingeben" time="1505557168890" version="HS 5.5.3"/>
<ereignis Abenteuerpunkte="-105" Alt="10;5;5" Info="Selbststudium" Neu="11;5;5" obj="Säbel" text="Nahkampftalent steigern" time="1505557178960" version="HS 5.5.3"/>
<ereignis Abenteuerpunkte="-120" Alt="11;5;5" Info="Selbststudium" Neu="12;5;5" obj="Säbel" text="Nahkampftalent steigern" time="1505557179550" version="HS 5.5.3"/>
<ereignis Abenteuerpunkte="-130" Alt="12;5;5" Info="Selbststudium" Neu="13;5;5" obj="Säbel" text="Nahkampftalent steigern" time="1505557180276" version="HS 5.5.3"/>
<ereignis Abenteuerpunkte="-2" Alt="0" Info="Selbststudium" Neu="1" obj="Lesen/Schreiben Rogolan" text="Talent steigern" time="1505557205266" version="HS 5.5.3"/>
<ereignis Abenteuerpunkte="-6" Alt="1" Info="Selbststudium" Neu="2" obj="Lesen/Schreiben Rogolan" text="Talent steigern" time="1505557205497" version="HS 5.5.3"/>
<ereignis Abenteuerpunkte="-9" Alt="2" Info="Selbststudium" Neu="3" obj="Lesen/Schreiben Rogolan" text="Talent steigern" time="1505557206389" version="HS 5.5.3"/>
<ereignis Abenteuerpunkte="-4" Alt="0" Info="Selbststudium" Neu="1" obj="Athletik" text="Talent steigern" time="1505557228767" version="HS 5.5.3"/>
<ereignis Abenteuerpunkte="-9" Alt="1" Info="Selbststudium" Neu="2" obj="Athletik" text="Talent steigern" time="1505557229110" version="HS 5.5.3"/>
<ereignis Abenteuerpunkte="-15" Alt="2" Info="Selbststudium" Neu="3" obj="Athletik" text="Talent steigern" time="1505557231229" version="HS 5.5.3"/>
<ereignis Abenteuerpunkte="-9" Alt="1" Info="Selbststudium" Neu="2" obj="Körperbeherrschung" text="Talent steigern" time="1505557235444" version="HS 5.5.3"/>
<ereignis Abenteuerpunkte="-25" Alt="6" Info="Selbststudium" Neu="7" obj="Wildnisleben" text="Talent steigern" time="1505557249026" version="HS 5.5.3"/>
<ereignis Abenteuerpunkte="-29" Alt="7" Info="Selbststudium" Neu="8" obj="Wildnisleben" text="Talent steigern" time="1505557249385" version="HS 5.5.3"/>
<ereignis Abenteuerpunkte="-34" Alt="8" Info="Selbststudium" Neu="9" obj="Wildnisleben" text="Talent steigern" time="1505557249975" version="HS 5.5.3"/>
</ereignisse>
<talentliste>
<talent lernmethode="Gegenseitiges Lehren" name="Armbrust" probe=" (GE/FF/KK)" value="1"/>
<talent lernmethode="Gegenseitiges Lehren" name="Diskus" probe=" (GE/FF/KK)" value="2"/>
<talent lernmethode="Gegenseitiges Lehren" name="Dolche" probe=" (GE/GE/KK)" value="1"/>
<talent lernmethode="Gegenseitiges Lehren" name="Hiebwaffen" probe=" (GE/GE/KK)" value="0"/>
<talent lernmethode="Gegenseitiges Lehren" name="Infanteriewaffen" probe=" (GE/GE/KK)" value="1"/>
<talent lernmethode="Gegenseitiges Lehren" name="Raufen" probe=" (GE/GE/KK)" value="8"/>
<talent lernmethode="Gegenseitiges Lehren" name="Ringen" probe=" (GE/GE/KK)" value="0"/>
<talent lernmethode="Selbststudium" name="Säbel" probe=" (GE/GE/KK)" value="13"/>
<talent lernmethode="Gegenseitiges Lehren" name="Wurfmesser" probe=" (GE/FF/KK)" value="0"/>
<talent be="BEx2" lernmethode="Selbststudium" name="Athletik" probe=" (GE/KO/KK)" value="3"/>
<talent be="BEx2" lernmethode="Gegenseitiges Lehren" name="Klettern" probe=" (MU/GE/KK)" value="2"/>
<talent be="BEx2" lernmethode="Selbststudium" name="Körperbeherrschung" probe=" (MU/IN/GE)" value="2"/>
<talent be="BE-2" lernmethode="Gegenseitiges Lehren" name="Reiten" probe=" (CH/GE/KK)" value="3"/>
<talent be="BE" lernmethode="Gegenseitiges Lehren" name="Schleichen" probe=" (MU/IN/GE)" value="0"/>
<talent be="BEx2" lernmethode="Gegenseitiges Lehren" name="Schwimmen" probe=" (GE/KO/KK)" value="2"/>
<talent be="" lernmethode="Gegenseitiges Lehren" name="Selbstbeherrschung" probe=" (MU/KO/KK)" value="2"/>
<talent be="BE-2" lernmethode="Gegenseitiges Lehren" name="Sich verstecken" probe=" (MU/IN/GE)" value="0"/>
<talent be="BE-3" lernmethode="Gegenseitiges Lehren" name="Singen" probe=" (IN/CH/CH)" value="0"/>
<talent be="0-&gt;BE" lernmethode="Gegenseitiges Lehren" name="Sinnenschärfe" probe=" (KL/IN/IN)" value="4"/>
<talent be="BEx2" lernmethode="Gegenseitiges Lehren" name="Tanzen" probe=" (CH/GE/GE)" value="0"/>
<talent be="" lernmethode="Gegenseitiges Lehren" name="Zechen" probe=" (IN/KO/KK)" value="0"/>
<talent lernmethode="Gegenseitiges Lehren" name="Etikette" probe=" (KL/IN/CH)" value="3"/>
<talent lernmethode="Gegenseitiges Lehren" name="Menschenkenntnis" probe=" (KL/IN/CH)" value="2"/>
<talent lernmethode="Gegenseitiges Lehren" name="Sich verkleiden" probe=" (MU/CH/GE)" value="1"/>
<talent lernmethode="Gegenseitiges Lehren" name="Überreden" probe=" (MU/IN/CH)" value="4"/>
<talent lernmethode="Selbststudium" name="Fährtensuchen" probe=" (KL/IN/KO)" value="7"/>
<talent lernmethode="Gegenseitiges Lehren" name="Orientierung" probe=" (KL/IN/IN)" value="3"/>
<talent lernmethode="Gegenseitiges Lehren" name="Wettervorhersage" probe=" (KL/IN/IN)" value="2"/>
<talent lernmethode="Selbststudium" name="Wildnisleben" probe=" (IN/GE/KO)" value="9"/>
<talent lernmethode="Gegenseitiges Lehren" name="Anatomie" probe=" (MU/KL/FF)" value="2"/>
<talent lernmethode="Gegenseitiges Lehren" name="Geografie" probe=" (KL/KL/IN)" value="2"/>
<talent lernmethode="Gegenseitiges Lehren" name="Geschichtswissen" probe=" (KL/KL/IN)" value="3"/>
<talent lernmethode="Gegenseitiges Lehren" name="Götter und Kulte" probe=" (KL/KL/IN)" value="6"/>
<talent lernmethode="Gegenseitiges Lehren" name="Heraldik" probe=" (KL/KL/FF)" value="1"/>
<talent lernmethode="Gegenseitiges Lehren" name="Magiekunde" probe=" (KL/KL/IN)" value="3"/>
<talent lernmethode="Gegenseitiges Lehren" name="Mechanik" probe=" (KL/KL/FF)" value="1"/>
<talent lernmethode="Gegenseitiges Lehren" name="Pflanzenkunde" probe=" (KL/IN/FF)" value="4"/>
<talent lernmethode="Gegenseitiges Lehren" name="Philosophie" probe=" (KL/KL/IN)" value="2"/>
<talent lernmethode="Gegenseitiges Lehren" name="Rechnen" probe=" (KL/KL/IN)" value="6"/>
<talent lernmethode="Gegenseitiges Lehren" name="Rechtskunde" probe=" (KL/KL/IN)" value="1"/>
<talent lernmethode="Gegenseitiges Lehren" name="Sagen und Legenden" probe=" (KL/IN/CH)" value="4"/>
<talent lernmethode="Gegenseitiges Lehren" name="Schätzen" probe=" (KL/IN/IN)" value="3"/>
<talent lernmethode="Gegenseitiges Lehren" name="Sprachenkunde" probe=" (KL/KL/IN)" value="4"/>
<talent lernmethode="Gegenseitiges Lehren" name="Sternkunde" probe=" (KL/KL/IN)" value="2"/>
<talent lernmethode="Gegenseitiges Lehren" name="Tierkunde" probe=" (MU/KL/IN)" value="6"/>
<talent k="21" lernmethode="Selbststudium" name="Sprachen kennen Alt-Imperial/Aureliani" probe=" (KL/IN/CH)" value="3"/>
<talent k="21" lernmethode="Gegenseitiges Lehren" name="Sprachen kennen Bosparano" probe=" (KL/IN/CH)" value="3"/>
<talent k="12" lernmethode="Selbststudium" name="Sprachen kennen Füchsisch" probe=" (KL/IN/CH)" value="3"/>
<talent k="18" lernmethode="Gegenseitiges Lehren" name="Sprachen kennen Garethi" probe=" (KL/IN/CH)" value="10"/>
<talent k="21" lernmethode="Gegenseitiges Lehren" name="Sprachen kennen Isdira" probe=" (KL/IN/CH)" value="6"/>
<talent k="21" lernmethode="Selbststudium" name="Sprachen kennen Rogolan" probe=" (KL/IN/CH)" value="3"/>
<talent k="18" lernmethode="Selbststudium" name="Sprachen kennen Thorwalsch" probe=" (KL/IN/CH)" value="6"/>
<talent k="15" lernmethode="Gegenseitiges Lehren" name="Sprachen kennen Trollisch" probe=" (KL/IN/CH)" value="2"/>
<talent k="18" lernmethode="Gegenseitiges Lehren" name="Sprachen kennen Tulamidya" probe=" (KL/IN/CH)" value="8"/>
<talent k="12" lernmethode="Gegenseitiges Lehren" name="Lesen/Schreiben (Alt-)Imperiale Zeichen" probe=" (KL/KL/FF)" value="4"/>
<talent k="13" lernmethode="Gegenseitiges Lehren" name="Lesen/Schreiben Geheiligte Glyphen von Unau" probe=" (KL/KL/FF)" value="4"/>
<talent k="10" lernmethode="Gegenseitiges Lehren" name="Lesen/Schreiben Kusliker Zeichen" probe=" (KL/KL/FF)" value="6"/>
<talent k="11" lernmethode="Selbststudium" name="Lesen/Schreiben Rogolan" probe=" (KL/KL/FF)" value="3"/>
<talent lernmethode="Gegenseitiges Lehren" name="Ackerbau" probe=" (IN/FF/KO)" value="1"/>
<talent lernmethode="Gegenseitiges Lehren" name="Boote fahren" probe=" (GE/KO/KK)" value="1"/>
<talent lernmethode="Selbststudium" name="Fleischer" probe=" (KL/FF/KK)" value="5"/>
<talent lernmethode="Gegenseitiges Lehren" name="Heilkunde: Gift" probe=" (MU/KL/IN)" value="3"/>
<talent lernmethode="Gegenseitiges Lehren" name="Heilkunde: Wunden" probe=" (KL/CH/FF)" value="3"/>
<talent lernmethode="Gegenseitiges Lehren" name="Holzbearbeitung" probe=" (KL/FF/KK)" value="1"/>
<talent lernmethode="Gegenseitiges Lehren" name="Kartografie" probe=" (KL/KL/FF)" value="5"/>
<talent lernmethode="Gegenseitiges Lehren" name="Kochen" probe=" (KL/IN/FF)" value="8"/>
<talent lernmethode="Gegenseitiges Lehren" name="Lederarbeiten" probe=" (KL/FF/FF)" value="1"/>
<talent lernmethode="Gegenseitiges Lehren" name="Malen/Zeichnen" probe=" (KL/IN/FF)" value="6"/>
<talent lernmethode="Gegenseitiges Lehren" name="Schlösser knacken" probe=" (IN/FF/FF)" value="1"/>
<talent lernmethode="Gegenseitiges Lehren" name="Schneidern" probe=" (KL/FF/FF)" value="0"/>
<talent lernmethode="Gegenseitiges Lehren" name="Stoffe färben" probe=" (KL/FF/KK)" value="1"/>
</talentliste>
<zauberliste/>
<kampf>
<kampfwerte name="Dolche">
<attacke value="9"/>
<parade value="9"/>
</kampfwerte>
<kampfwerte name="Hiebwaffen">
<attacke value="9"/>
<parade value="9"/>
</kampfwerte>
<kampfwerte name="Infanteriewaffen">
<attacke value="9"/>
<parade value="9"/>
</kampfwerte>
<kampfwerte name="Raufen">
<attacke value="15"/>
<parade value="11"/>
</kampfwerte>
<kampfwerte name="Ringen">
<attacke value="9"/>
<parade value="9"/>
</kampfwerte>
<kampfwerte name="Säbel">
<attacke value="17"/>
<parade value="14"/>
</kampfwerte>
</kampf>
<gegenstände>
<gegenstand anzahl="1" name="Dicke Kleidung" slot="0"/>
<gegenstand anzahl="1" name="Khunchomer" slot="0"/>
<gegenstand anzahl="1" name="Schlagring" slot="0"/>
</gegenstände>
<BoniWaffenlos>
<boniSF sf="Waffenloser Kampfstil: Hammerfaust" talent="Raufen"/>
</BoniWaffenlos>
<kommentare/>
<ausrüstungen>
<heldenausruestung bezeichner="" bfakt="2" bfmin="2" hand="rechts" name="nkwaffe1" schild="0" set="0" slot="0" talent="Säbel" waffenname="Khunchomer"/>
<heldenausruestung bezeichner="" bfakt="0" bfmin="0" hand="rechts" name="nkwaffe2" schild="0" set="0" slot="0" talent="Raufen" waffenname="Schlagring"/>
<heldenausruestung name="ruestung1" ruestungsname="Dicke Kleidung" set="0" slot="0"/>
<heldenausruestung name="jagtwaffe" nummer="0" set="0"/>
</ausrüstungen>
<verbindungen/>
<extention/>
<geldboerse>
<muenze anzahl="4" name="Dukat" waehrung="Mittelreich"/>
<muenze anzahl="8" name="Silbertaler" waehrung="Mittelreich"/>
</geldboerse>
<plugindata/>
</held>
<Signature xmlns="http://www.w3.org/2000/09/xmldsig#">
<SignedInfo>
<CanonicalizationMethod Algorithm="http://www.w3.org/TR/2001/REC-xml-c14n-20010315#WithComments"/>
<SignatureMethod Algorithm="http://www.w3.org/2000/09/xmldsig#dsa-sha1"/>
<Reference URI="">
<Transforms>
<Transform Algorithm="http://www.w3.org/2000/09/xmldsig#enveloped-signature"/>
</Transforms>
<DigestMethod Algorithm="http://www.w3.org/2000/09/xmldsig#sha1"/>
<DigestValue>JjdColszKhuvu9seUyKJebYFMeY=</DigestValue>
</Reference>
</SignedInfo>
<SignatureValue>KrOzwwwx9t8XxZrUtd0n4I7uN+U8EZ8K6BJCyw/0sKwo+yj4G6S9iQ==</SignatureValue>
<KeyInfo>
<KeyValue>
<DSAKeyValue>
<P>/KaCzo4Syrom78z3EQ5SbbB4sF7ey80etKII864WF64B81uRpH5t9jQTxeEu0ImbzRMqzVDZkVG9
xD7nN1kuFw==</P>
<Q>li7dzDacuo67Jg7mtqEm2TRuOMU=</Q>
<G>Z4Rxsnqc9E7pGknFFH2xqaryRPBaQ01khpMdLRQnG541Awtx/XPaF5Bpsy4pNWMOHCBiNU0Nogps
QW5QvnlMpA==</G>
<Y>uVrvWkzIbUdL7E80AiD0PJDX3Ck0beY5StXp1wDAA1/ePpemd6rTBNd8YoCzOovNrX016YMcTSiO
iExM4RWtJA==</Y>
</DSAKeyValue>
</KeyValue>
</KeyInfo>
</Signature>
</helden>
