<?xml version="1.0" encoding="UTF-8" standalone="yes"?><daten><config><rsmodell>zone</rsmodell><datum>30.06.2018</datum><uhrzeit>21:25</uhrzeit><geldkreise>false</geldkreise><metatalente>false</metatalente><zauberquellen>true</zauberquellen><namenaufseiten>false</namenaufseiten></config><angaben><augenfarbe>dunkelbraun</augenfarbe><geburtstag>22. Phex 1003 BF</geburtstag><alter>18</alter><geschlecht>männlich</geschlecht><groesse>172</groesse><gewicht>67</gewicht><haarfarbe>blond</haarfarbe><stand></stand><titel></titel><name>Abdul ibn Nasreddin</name><bildPfad></bildPfad><aussehen><a0></a0><a1></a1><a2></a2><a3></a3><text></text></aussehen><familie><f0></f0><f1></f1><f2></f2><f3></f3><f4></f4><f5></f5><text></text></familie><notizen><n0>Notizen</n0><n1></n1><n2></n2><n3></n3><n4></n4><n5></n5><n6></n6><n7></n7><n8></n8><n9></n9><n10></n10><n11></n11><text>Notizen</text></notizen><profession><text>Privater Lehrmeister: Schüler des Rafim Bey</text><textkurz>Privater Lehrmeister</textkurz></profession><ap><gesamt>500</gesamt><frei>1</frei><genutzt>499</genutzt></ap><gp><start>110</start><rest>6</rest></gp><stufe40><akt>3</akt><max>3</max><lang>3 [3]</lang></stufe40><stufe41><akt>0</akt><max>0</max><lang>0 [0]</lang></stufe41><gilde>keine</gilde><magisch>true</magisch><geweiht>false</geweiht><rasse>Tulamide</rasse><kultur>Tulamidische Stadtstaaten</kultur><aspregeneration>1W6+1</aspregeneration><leregeneration>1W6</leregeneration><heldenversion>50504</heldenversion><wundschwelle>4</wundschwelle></angaben><eigenschaften><geschwindigkeit><akt>7</akt><start>7</start><modi>0</modi><name>Geschwindigkeit</name><bereich>sonst</bereich></geschwindigkeit><mut><akt>14</akt><start>14</start><modi>0</modi><name>Mut</name><bereich>guteeigenschaft</bereich></mut><klugheit><akt>14</akt><start>14</start><modi>0</modi><name>Klugheit</name><bereich>guteeigenschaft</bereich></klugheit><intuition><akt>11</akt><start>11</start><modi>0</modi><name>Intuition</name><bereich>guteeigenschaft</bereich></intuition><charisma><akt>12</akt><start>12</start><modi>0</modi><name>Charisma</name><bereich>guteeigenschaft</bereich></charisma><fingerfertigkeit><akt>11</akt><start>11</start><modi>0</modi><name>Fingerfertigkeit</name><bereich>guteeigenschaft</bereich></fingerfertigkeit><gewandtheit><akt>8</akt><start>8</start><modi>0</modi><name>Gewandtheit</name><bereich>guteeigenschaft</bereich></gewandtheit><konstitution><akt>8</akt><start>8</start><modi>0</modi><name>Konstitution</name><bereich>guteeigenschaft</bereich></konstitution><koerperkraft><akt>8</akt><start>8</start><modi>0</modi><name>Körperkraft</name><bereich>guteeigenschaft</bereich></koerperkraft><sozialstatus><akt>5</akt><start>5</start><modi>0</modi><name>Sozialstatus</name><bereich>guteeigenschaft</bereich></sozialstatus><astralenergie><akt>30</akt><start>19</start><modi>11</modi><name>Astralenergie</name><bereich>sonst</bereich><kaufbar>12</kaufbar><gekauft>0</gekauft><ausvornachteile>0</ausvornachteile><muinch2>19</muinch2><aussonderfertigkeiten>0</aussonderfertigkeiten><professionmod>12</professionmod><grossemeditation>0</grossemeditation><pasprueckkaufbar>1</pasprueckkaufbar><aktinklrueckkaufbarepasp>31</aktinklrueckkaufbarepasp></astralenergie><attacke><akt>6</akt><start>6</start><modi>0</modi><name>Attacke</name><bereich>sonst</bereich></attacke><ausdauer><akt>25</akt><start>15</start><modi>10</modi><name>Ausdauer</name><bereich>sonst</bereich><kaufbar>8</kaufbar><gekauft>0</gekauft><akt50>13</akt50><akt33>8</akt33><akt25>6</akt25></ausdauer><fernkampf-basis><akt>6</akt><start>6</start><modi>0</modi><name>Fernkampf-Basis</name><bereich>sonst</bereich></fernkampf-basis><initiative><akt>9</akt><start>9</start><modi>0</modi><name>Initiative</name><bereich>sonst</bereich></initiative><karmaenergie><akt>0</akt><start>0</start><modi>0</modi><name>Karmaenergie</name><bereich>sonst</bereich><kaufbar>11</kaufbar><gekauft>0</gekauft></karmaenergie><lebensenergie><akt>22</akt><start>12</start><modi>10</modi><name>Lebensenergie</name><bereich>sonst</bereich><kaufbar>4</kaufbar><gekauft>0</gekauft><akt50>11</akt50><akt33>7</akt33><akt25>6</akt25></lebensenergie><magieresistenz><akt>6</akt><start>7</start><modi>-1</modi><name>Magieresistenz</name><bereich>sonst</bereich><kaufbar>7</kaufbar><gekauft>0</gekauft></magieresistenz><parade><akt>5</akt><start>5</start><modi>0</modi><name>Parade</name><bereich>sonst</bereich></parade></eigenschaften><münzen/><vorteile><vorteil><bezeichner>Vollzauberer</bezeichner><name>Vollzauberer</name><kommentar></kommentar><namemitkommentar>Vollzauberer</namemitkommentar><istvorteil>true</istvorteil><istnachteil>false</istnachteil><bereich>Magisch</bereich></vorteil><vorteil><bezeichner>Eingeschränkter Sinn</bezeichner><name>Eingeschränkter Sinn Geruchssinn</name><kommentar></kommentar><namemitkommentar>Eingeschränkter Sinn Geruchssinn</namemitkommentar><istvorteil>false</istvorteil><istnachteil>true</istnachteil><bereich>Sonst</bereich><auswahlen><auswahl>
</auswahl></auswahlen></vorteil><vorteil><bezeichner>Neugier</bezeichner><name>Neugier: 4</name><kommentar></kommentar><namemitkommentar>Neugier: 4</namemitkommentar><istvorteil>false</istvorteil><istnachteil>true</istnachteil><istschlechteeigenschaft>true</istschlechteeigenschaft><wert>4</wert><bereich>Sonst</bereich></vorteil><vorteil><bezeichner>Verpflichtungen</bezeichner><name>Verpflichtungen</name><kommentar></kommentar><namemitkommentar>Verpflichtungen</namemitkommentar><istvorteil>false</istvorteil><istnachteil>true</istnachteil><bereich>Sonst</bereich></vorteil><vorteil><bezeichner>Vorurteile gegen</bezeichner><name>Vorurteile gegen Dicke Menschen 8</name><kommentar></kommentar><namemitkommentar>Vorurteile gegen Dicke Menschen 8</namemitkommentar><istvorteil>false</istvorteil><istnachteil>true</istnachteil><istschlechteeigenschaft>true</istschlechteeigenschaft><bereich>Sonst</bereich><auswahlen><auswahl>
</auswahl></auswahlen></vorteil></vorteile><sonderfertigkeiten><sonderfertigkeit><nameausfuehrlich>Bannschwert</nameausfuehrlich><name>Bannschwert</name><bezeichner>Bannschwert</bezeichner><wirkung></wirkung><dauer></dauer><kosten></kosten><probe></probe><kommentar></kommentar><namemitkommentar>Bannschwert</namemitkommentar><bereich>Magisch</bereich><bereich>Ritual</bereich></sonderfertigkeit><sonderfertigkeit><nameausfuehrlich>Große Meditation</nameausfuehrlich><name>Große Meditation</name><bezeichner>Große Meditation</bezeichner><wirkung></wirkung><dauer></dauer><kosten></kosten><probe></probe><kommentar></kommentar><namemitkommentar>Große Meditation</namemitkommentar><bereich>Magisch</bereich><bereich>SonstMagisch</bereich></sonderfertigkeit><sonderfertigkeit><nameausfuehrlich>Invocatio Integra</nameausfuehrlich><name>Invocatio Integra</name><bezeichner>Invocatio Integra</bezeichner><wirkung></wirkung><dauer></dauer><kosten></kosten><probe></probe><kommentar></kommentar><namemitkommentar>Invocatio Integra</namemitkommentar><bereich>Magisch</bereich><bereich>SonstMagisch</bereich></sonderfertigkeit><sonderfertigkeit><nameausfuehrlich>Kulturkunde (Tulamidenlande)</nameausfuehrlich><name>Kulturkunde (Tulamidenlande)</name><bezeichner>Kulturkunde</bezeichner><auswahlen><auswahl><name>Tulamidenlande</name><feld feldname="1" nr="1">Tulamidenlande</feld></auswahl></auswahlen><namemitkommentar>Kulturkunde (Tulamidenlande)</namemitkommentar><bereich>Sonst</bereich></sonderfertigkeit><sonderfertigkeit><nameausfuehrlich>Merkmalskenntnis: Dämonisch</nameausfuehrlich><name>Dämonisch</name><bezeichner>Merkmalskenntnis: Dämonisch</bezeichner><wirkung></wirkung><dauer></dauer><kosten></kosten><probe></probe><kommentar></kommentar><namemitkommentar>Dämonisch</namemitkommentar><bereich>Magisch</bereich><bereich>Merkmalskenntnis</bereich></sonderfertigkeit><sonderfertigkeit><nameausfuehrlich>Regeneration I</nameausfuehrlich><name>Regeneration I</name><bezeichner>Regeneration I</bezeichner><wirkung></wirkung><dauer></dauer><kosten></kosten><probe></probe><kommentar></kommentar><namemitkommentar>Regeneration I</namemitkommentar><bereich>Magisch</bereich><bereich>SonstMagisch</bereich></sonderfertigkeit><sonderfertigkeit><nameausfuehrlich>Repräsentation: Magier</nameausfuehrlich><name>Magier</name><bezeichner>Repräsentation: Magier</bezeichner><wirkung></wirkung><dauer></dauer><kosten></kosten><probe></probe><kommentar></kommentar><namemitkommentar>Magier</namemitkommentar><bereich>Magisch</bereich><bereich>Repräsentation</bereich></sonderfertigkeit><sonderfertigkeit><nameausfuehrlich>Ritualkenntnis: Gildenmagie</nameausfuehrlich><name>Ritualkenntnis: Gildenmagie</name><bezeichner>Ritualkenntnis: Gildenmagie</bezeichner><wirkung></wirkung><dauer></dauer><kosten></kosten><probe></probe><kommentar></kommentar><namemitkommentar>Ritualkenntnis: Gildenmagie</namemitkommentar><bereich>Magisch</bereich><bereich>Ritualkenntnis</bereich></sonderfertigkeit><sonderfertigkeit><nameausfuehrlich>Stabzauber: Bindung</nameausfuehrlich><name>Stabzauber: Bindung</name><bezeichner>Stabzauber: Bindung</bezeichner><wirkung></wirkung><dauer></dauer><kosten></kosten><probe></probe><kommentar></kommentar><namemitkommentar>Stabzauber: Bindung</namemitkommentar><bereich>Magisch</bereich><bereich>Ritual</bereich></sonderfertigkeit><sonderfertigkeit><nameausfuehrlich>Stabzauber: Hammer des Magus</nameausfuehrlich><name>Stabzauber: Hammer des Magus</name><bezeichner>Stabzauber: Hammer des Magus</bezeichner><wirkung></wirkung><dauer></dauer><kosten></kosten><probe></probe><kommentar></kommentar><namemitkommentar>Stabzauber: Hammer des Magus</namemitkommentar><bereich>Magisch</bereich><bereich>Ritual</bereich></sonderfertigkeit><sonderfertigkeit><nameausfuehrlich>Zauberzeichen</nameausfuehrlich><name>Zauberzeichen</name><bezeichner>Zauberzeichen</bezeichner><wirkung></wirkung><dauer></dauer><kosten></kosten><probe></probe><kommentar></kommentar><namemitkommentar>Zauberzeichen</namemitkommentar><bereich>Magisch</bereich><bereich>Ritual</bereich></sonderfertigkeit><sonderfertigkeit><nameausfuehrlich>Zauberzeichen: Bann- und Schutzkreis gegen gehörnte Dämonen</nameausfuehrlich><name>Zauberzeichen: Bann- und Schutzkreis gegen gehörnte Dämonen</name><bezeichner>Zauberzeichen: Bann- und Schutzkreis gegen gehörnte Dämonen</bezeichner><wirkung></wirkung><dauer></dauer><kosten></kosten><probe></probe><kommentar></kommentar><namemitkommentar>Zauberzeichen: Bann- und Schutzkreis gegen gehörnte Dämonen</namemitkommentar><bereich>Magisch</bereich><bereich>Ritual</bereich></sonderfertigkeit><sonderfertigkeit><nameausfuehrlich>Zauberzeichen: Bann- und Schutzkreis gegen niedere Dämonen</nameausfuehrlich><name>Zauberzeichen: Bann- und Schutzkreis gegen niedere Dämonen</name><bezeichner>Zauberzeichen: Bann- und Schutzkreis gegen niedere Dämonen</bezeichner><wirkung></wirkung><dauer></dauer><kosten></kosten><probe></probe><kommentar></kommentar><namemitkommentar>Zauberzeichen: Bann- und Schutzkreis gegen niedere Dämonen</namemitkommentar><bereich>Magisch</bereich><bereich>Ritual</bereich></sonderfertigkeit><sonderfertigkeit><nameausfuehrlich>Zauberzeichen: Satinavs Siegel</nameausfuehrlich><name>Zauberzeichen: Satinavs Siegel</name><bezeichner>Zauberzeichen: Satinavs Siegel</bezeichner><wirkung></wirkung><dauer></dauer><kosten></kosten><probe></probe><kommentar></kommentar><namemitkommentar>Zauberzeichen: Satinavs Siegel</namemitkommentar><bereich>Magisch</bereich><bereich>Ritual</bereich></sonderfertigkeit></sonderfertigkeiten><verbilligtesonderfertigkeiten><verbilligtesonderfertigkeit><nameausfuehrlich>Astrale Meditation</nameausfuehrlich></verbilligtesonderfertigkeit><verbilligtesonderfertigkeit><nameausfuehrlich>Bannschwert</nameausfuehrlich></verbilligtesonderfertigkeit><verbilligtesonderfertigkeit><nameausfuehrlich>Regeneration I</nameausfuehrlich></verbilligtesonderfertigkeit><verbilligtesonderfertigkeit><nameausfuehrlich>Verbotene Pforten</nameausfuehrlich></verbilligtesonderfertigkeit><verbilligtesonderfertigkeit><nameausfuehrlich>Zauberzeichen</nameausfuehrlich></verbilligtesonderfertigkeit></verbilligtesonderfertigkeiten><talentliste><talent><name>Dolche</name><meisterhandwerk>false</meisterhandwerk><leittalent>false</leittalent><basis>true</basis><nameausfuehrlich>Dolche  (B)</nameausfuehrlich><wert>2</wert><probe>GE/GE/KK</probe><probenwerte>8/8/8</probenwerte><nameausfuehrlichmitprobe>Dolche  (B)(GE/GE/KK)</nameausfuehrlichmitprobe><at>8</at><pa>5</pa><behinderung>BE-1</behinderung><mirakelplus>false</mirakelplus><mirakelminus>false</mirakelminus><metatalent>false</metatalent><bereich>Kampf</bereich><komplexität>D</komplexität><lernkomplexität>D</lernkomplexität><spezialisierungen></spezialisierungen></talent><talent><name>Hiebwaffen</name><meisterhandwerk>false</meisterhandwerk><leittalent>false</leittalent><basis>true</basis><nameausfuehrlich>Hiebwaffen  (B)</nameausfuehrlich><wert>0</wert><probe>GE/GE/KK</probe><probenwerte>8/8/8</probenwerte><nameausfuehrlichmitprobe>Hiebwaffen  (B)(GE/GE/KK)</nameausfuehrlichmitprobe><at>6</at><pa>5</pa><behinderung>BE-4</behinderung><mirakelplus>false</mirakelplus><mirakelminus>false</mirakelminus><metatalent>false</metatalent><bereich>Kampf</bereich><komplexität>D</komplexität><lernkomplexität>D</lernkomplexität><spezialisierungen></spezialisierungen></talent><talent><name>Raufen</name><meisterhandwerk>false</meisterhandwerk><leittalent>false</leittalent><basis>true</basis><nameausfuehrlich>Raufen  (B)</nameausfuehrlich><wert>1</wert><probe>GE/GE/KK</probe><probenwerte>8/8/8</probenwerte><nameausfuehrlichmitprobe>Raufen  (B)(GE/GE/KK)</nameausfuehrlichmitprobe><at>6</at><pa>6</pa><behinderung>BE</behinderung><mirakelplus>false</mirakelplus><mirakelminus>false</mirakelminus><metatalent>false</metatalent><bereich>Kampf</bereich><komplexität>C</komplexität><lernkomplexität>C</lernkomplexität><spezialisierungen></spezialisierungen></talent><talent><name>Ringen</name><meisterhandwerk>false</meisterhandwerk><leittalent>false</leittalent><basis>true</basis><nameausfuehrlich>Ringen  (B)</nameausfuehrlich><wert>2</wert><probe>GE/GE/KK</probe><probenwerte>8/8/8</probenwerte><nameausfuehrlichmitprobe>Ringen  (B)(GE/GE/KK)</nameausfuehrlichmitprobe><at>7</at><pa>6</pa><behinderung>BE</behinderung><mirakelplus>false</mirakelplus><mirakelminus>false</mirakelminus><metatalent>false</metatalent><bereich>Kampf</bereich><komplexität>D</komplexität><lernkomplexität>D</lernkomplexität><spezialisierungen></spezialisierungen></talent><talent><name>Säbel</name><meisterhandwerk>false</meisterhandwerk><leittalent>false</leittalent><basis>true</basis><nameausfuehrlich>Säbel  (B)</nameausfuehrlich><wert>1</wert><probe>GE/GE/KK</probe><probenwerte>8/8/8</probenwerte><nameausfuehrlichmitprobe>Säbel  (B)(GE/GE/KK)</nameausfuehrlichmitprobe><at>6</at><pa>6</pa><behinderung>BE-2</behinderung><mirakelplus>false</mirakelplus><mirakelminus>false</mirakelminus><metatalent>false</metatalent><bereich>Kampf</bereich><komplexität>D</komplexität><lernkomplexität>D</lernkomplexität><spezialisierungen></spezialisierungen></talent><talent><name>Stäbe</name><meisterhandwerk>false</meisterhandwerk><leittalent>false</leittalent><basis>false</basis><nameausfuehrlich>Stäbe</nameausfuehrlich><wert>4</wert><probe>GE/GE/KK</probe><probenwerte>8/8/8</probenwerte><nameausfuehrlichmitprobe>Stäbe (GE/GE/KK)</nameausfuehrlichmitprobe><at>8</at><pa>7</pa><behinderung>BE-2</behinderung><mirakelplus>false</mirakelplus><mirakelminus>false</mirakelminus><metatalent>false</metatalent><bereich>Kampf</bereich><komplexität>D</komplexität><lernkomplexität>D</lernkomplexität><spezialisierungen></spezialisierungen></talent><talent><name>Wurfmesser</name><meisterhandwerk>false</meisterhandwerk><leittalent>false</leittalent><basis>true</basis><nameausfuehrlich>Wurfmesser  (B)</nameausfuehrlich><wert>0</wert><probe>GE/FF/KK</probe><probenwerte>8/11/8</probenwerte><nameausfuehrlichmitprobe>Wurfmesser  (B)(GE/FF/KK)</nameausfuehrlichmitprobe><at>6</at><pa></pa><behinderung>BE-3</behinderung><mirakelplus>false</mirakelplus><mirakelminus>false</mirakelminus><metatalent>false</metatalent><bereich>Kampf</bereich><komplexität>C</komplexität><lernkomplexität>C</lernkomplexität><spezialisierungen></spezialisierungen></talent><talent><name>Athletik</name><meisterhandwerk>false</meisterhandwerk><leittalent>false</leittalent><basis>true</basis><nameausfuehrlich>Athletik  (B)</nameausfuehrlich><wert>0</wert><probe>GE/KO/KK</probe><probenwerte>8/8/8</probenwerte><nameausfuehrlichmitprobe>Athletik  (B)(GE/KO/KK)</nameausfuehrlichmitprobe><behinderung>BEx2</behinderung><mirakelplus>false</mirakelplus><mirakelminus>false</mirakelminus><metatalent>false</metatalent><bereich>Körperlich</bereich><komplexität>D</komplexität><lernkomplexität>D</lernkomplexität><spezialisierungen></spezialisierungen></talent><talent><name>Klettern</name><meisterhandwerk>false</meisterhandwerk><leittalent>false</leittalent><basis>true</basis><nameausfuehrlich>Klettern  (B)</nameausfuehrlich><wert>1</wert><probe>MU/GE/KK</probe><probenwerte>14/8/8</probenwerte><nameausfuehrlichmitprobe>Klettern  (B)(MU/GE/KK)</nameausfuehrlichmitprobe><behinderung>BEx2</behinderung><mirakelplus>false</mirakelplus><mirakelminus>false</mirakelminus><metatalent>false</metatalent><bereich>Körperlich</bereich><komplexität>D</komplexität><lernkomplexität>D</lernkomplexität><spezialisierungen></spezialisierungen></talent><talent><name>Körperbeherrschung</name><meisterhandwerk>false</meisterhandwerk><leittalent>false</leittalent><basis>true</basis><nameausfuehrlich>Körperbeherrschung  (B)</nameausfuehrlich><wert>1</wert><probe>MU/IN/GE</probe><probenwerte>14/11/8</probenwerte><nameausfuehrlichmitprobe>Körperbeherrschung  (B)(MU/IN/GE)</nameausfuehrlichmitprobe><behinderung>BEx2</behinderung><mirakelplus>false</mirakelplus><mirakelminus>false</mirakelminus><metatalent>false</metatalent><bereich>Körperlich</bereich><komplexität>D</komplexität><lernkomplexität>D</lernkomplexität><spezialisierungen></spezialisierungen></talent><talent><name>Reiten</name><meisterhandwerk>false</meisterhandwerk><leittalent>false</leittalent><basis>false</basis><nameausfuehrlich>Reiten</nameausfuehrlich><wert>2</wert><probe>CH/GE/KK</probe><probenwerte>12/8/8</probenwerte><nameausfuehrlichmitprobe>Reiten (CH/GE/KK)</nameausfuehrlichmitprobe><behinderung>BE-2</behinderung><mirakelplus>false</mirakelplus><mirakelminus>false</mirakelminus><metatalent>false</metatalent><bereich>Körperlich</bereich><komplexität>D</komplexität><lernkomplexität>D</lernkomplexität><spezialisierungen></spezialisierungen></talent><talent><name>Schleichen</name><meisterhandwerk>false</meisterhandwerk><leittalent>false</leittalent><basis>true</basis><nameausfuehrlich>Schleichen  (B)</nameausfuehrlich><wert>1</wert><probe>MU/IN/GE</probe><probenwerte>14/11/8</probenwerte><nameausfuehrlichmitprobe>Schleichen  (B)(MU/IN/GE)</nameausfuehrlichmitprobe><behinderung>BE</behinderung><mirakelplus>false</mirakelplus><mirakelminus>false</mirakelminus><metatalent>false</metatalent><bereich>Körperlich</bereich><komplexität>D</komplexität><lernkomplexität>D</lernkomplexität><spezialisierungen></spezialisierungen></talent><talent><name>Schwimmen</name><meisterhandwerk>false</meisterhandwerk><leittalent>false</leittalent><basis>true</basis><nameausfuehrlich>Schwimmen  (B)</nameausfuehrlich><wert>0</wert><probe>GE/KO/KK</probe><probenwerte>8/8/8</probenwerte><nameausfuehrlichmitprobe>Schwimmen  (B)(GE/KO/KK)</nameausfuehrlichmitprobe><behinderung>BEx2</behinderung><mirakelplus>false</mirakelplus><mirakelminus>false</mirakelminus><metatalent>false</metatalent><bereich>Körperlich</bereich><komplexität>D</komplexität><lernkomplexität>D</lernkomplexität><spezialisierungen></spezialisierungen></talent><talent><name>Selbstbeherrschung</name><meisterhandwerk>false</meisterhandwerk><leittalent>false</leittalent><basis>true</basis><nameausfuehrlich>Selbstbeherrschung  (B)</nameausfuehrlich><wert>2</wert><probe>MU/KO/KK</probe><probenwerte>14/8/8</probenwerte><nameausfuehrlichmitprobe>Selbstbeherrschung  (B)(MU/KO/KK)</nameausfuehrlichmitprobe><behinderung></behinderung><mirakelplus>false</mirakelplus><mirakelminus>false</mirakelminus><metatalent>false</metatalent><bereich>Körperlich</bereich><komplexität>D</komplexität><lernkomplexität>D</lernkomplexität><spezialisierungen></spezialisierungen></talent><talent><name>Sich verstecken</name><meisterhandwerk>false</meisterhandwerk><leittalent>false</leittalent><basis>true</basis><nameausfuehrlich>Sich verstecken  (B)</nameausfuehrlich><wert>1</wert><probe>MU/IN/GE</probe><probenwerte>14/11/8</probenwerte><nameausfuehrlichmitprobe>Sich verstecken  (B)(MU/IN/GE)</nameausfuehrlichmitprobe><behinderung>BE-2</behinderung><mirakelplus>false</mirakelplus><mirakelminus>false</mirakelminus><metatalent>false</metatalent><bereich>Körperlich</bereich><komplexität>D</komplexität><lernkomplexität>D</lernkomplexität><spezialisierungen></spezialisierungen></talent><talent><name>Singen</name><meisterhandwerk>false</meisterhandwerk><leittalent>false</leittalent><basis>true</basis><nameausfuehrlich>Singen  (B)</nameausfuehrlich><wert>0</wert><probe>IN/CH/CH</probe><probenwerte>11/12/12</probenwerte><nameausfuehrlichmitprobe>Singen  (B)(IN/CH/CH)</nameausfuehrlichmitprobe><behinderung>BE-3</behinderung><mirakelplus>false</mirakelplus><mirakelminus>false</mirakelminus><metatalent>false</metatalent><bereich>Körperlich</bereich><komplexität>D</komplexität><lernkomplexität>D</lernkomplexität><spezialisierungen></spezialisierungen></talent><talent><name>Sinnenschärfe</name><meisterhandwerk>false</meisterhandwerk><leittalent>false</leittalent><basis>true</basis><nameausfuehrlich>Sinnenschärfe  (B)</nameausfuehrlich><wert>2</wert><probe>KL/IN/IN</probe><probenwerte>14/11/11</probenwerte><nameausfuehrlichmitprobe>Sinnenschärfe  (B)(KL/IN/IN)</nameausfuehrlichmitprobe><behinderung>0-&gt;BE</behinderung><mirakelplus>false</mirakelplus><mirakelminus>false</mirakelminus><metatalent>false</metatalent><bereich>Körperlich</bereich><komplexität>D</komplexität><lernkomplexität>D</lernkomplexität><spezialisierungen></spezialisierungen></talent><talent><name>Tanzen</name><meisterhandwerk>false</meisterhandwerk><leittalent>false</leittalent><basis>true</basis><nameausfuehrlich>Tanzen  (B)</nameausfuehrlich><wert>1</wert><probe>CH/GE/GE</probe><probenwerte>12/8/8</probenwerte><nameausfuehrlichmitprobe>Tanzen  (B)(CH/GE/GE)</nameausfuehrlichmitprobe><behinderung>BEx2</behinderung><mirakelplus>false</mirakelplus><mirakelminus>false</mirakelminus><metatalent>false</metatalent><bereich>Körperlich</bereich><komplexität>D</komplexität><lernkomplexität>D</lernkomplexität><spezialisierungen></spezialisierungen></talent><talent><name>Taschendiebstahl</name><meisterhandwerk>false</meisterhandwerk><leittalent>false</leittalent><basis>false</basis><nameausfuehrlich>Taschendiebstahl</nameausfuehrlich><wert>1</wert><probe>MU/IN/FF</probe><probenwerte>14/11/11</probenwerte><nameausfuehrlichmitprobe>Taschendiebstahl (MU/IN/FF)</nameausfuehrlichmitprobe><behinderung>BEx2</behinderung><mirakelplus>false</mirakelplus><mirakelminus>false</mirakelminus><metatalent>false</metatalent><bereich>Körperlich</bereich><komplexität>D</komplexität><lernkomplexität>D</lernkomplexität><spezialisierungen></spezialisierungen></talent><talent><name>Zechen</name><meisterhandwerk>false</meisterhandwerk><leittalent>false</leittalent><basis>true</basis><nameausfuehrlich>Zechen  (B)</nameausfuehrlich><wert>4</wert><probe>IN/KO/KK</probe><probenwerte>11/8/8</probenwerte><nameausfuehrlichmitprobe>Zechen  (B)(IN/KO/KK)</nameausfuehrlichmitprobe><behinderung></behinderung><mirakelplus>false</mirakelplus><mirakelminus>false</mirakelminus><metatalent>false</metatalent><bereich>Körperlich</bereich><komplexität>D</komplexität><lernkomplexität>D</lernkomplexität><spezialisierungen></spezialisierungen></talent><talent><name>Etikette</name><meisterhandwerk>false</meisterhandwerk><leittalent>false</leittalent><basis>false</basis><nameausfuehrlich>Etikette</nameausfuehrlich><wert>3</wert><probe>KL/IN/CH</probe><probenwerte>14/11/12</probenwerte><nameausfuehrlichmitprobe>Etikette (KL/IN/CH)</nameausfuehrlichmitprobe><behinderung></behinderung><mirakelplus>false</mirakelplus><mirakelminus>false</mirakelminus><metatalent>false</metatalent><bereich>Gesellschaft</bereich><komplexität>B</komplexität><lernkomplexität>B</lernkomplexität><spezialisierungen></spezialisierungen></talent><talent><name>Gassenwissen</name><meisterhandwerk>false</meisterhandwerk><leittalent>false</leittalent><basis>false</basis><nameausfuehrlich>Gassenwissen</nameausfuehrlich><wert>1</wert><probe>KL/IN/CH</probe><probenwerte>14/11/12</probenwerte><nameausfuehrlichmitprobe>Gassenwissen (KL/IN/CH)</nameausfuehrlichmitprobe><behinderung></behinderung><mirakelplus>false</mirakelplus><mirakelminus>false</mirakelminus><metatalent>false</metatalent><bereich>Gesellschaft</bereich><komplexität>B</komplexität><lernkomplexität>B</lernkomplexität><spezialisierungen></spezialisierungen></talent><talent><name>Lehren</name><meisterhandwerk>false</meisterhandwerk><leittalent>false</leittalent><basis>false</basis><nameausfuehrlich>Lehren</nameausfuehrlich><wert>2</wert><probe>KL/IN/CH</probe><probenwerte>14/11/12</probenwerte><nameausfuehrlichmitprobe>Lehren (KL/IN/CH)</nameausfuehrlichmitprobe><behinderung></behinderung><mirakelplus>false</mirakelplus><mirakelminus>false</mirakelminus><metatalent>false</metatalent><bereich>Gesellschaft</bereich><komplexität>B</komplexität><lernkomplexität>B</lernkomplexität><spezialisierungen></spezialisierungen></talent><talent><name>Menschenkenntnis</name><meisterhandwerk>false</meisterhandwerk><leittalent>false</leittalent><basis>true</basis><nameausfuehrlich>Menschenkenntnis  (B)</nameausfuehrlich><wert>2</wert><probe>KL/IN/CH</probe><probenwerte>14/11/12</probenwerte><nameausfuehrlichmitprobe>Menschenkenntnis  (B)(KL/IN/CH)</nameausfuehrlichmitprobe><behinderung></behinderung><mirakelplus>false</mirakelplus><mirakelminus>false</mirakelminus><metatalent>false</metatalent><bereich>Gesellschaft</bereich><komplexität>B</komplexität><lernkomplexität>B</lernkomplexität><spezialisierungen></spezialisierungen></talent><talent><name>Schauspielerei</name><meisterhandwerk>false</meisterhandwerk><leittalent>false</leittalent><basis>false</basis><nameausfuehrlich>Schauspielerei</nameausfuehrlich><wert>3</wert><probe>MU/KL/CH</probe><probenwerte>14/14/12</probenwerte><nameausfuehrlichmitprobe>Schauspielerei (MU/KL/CH)</nameausfuehrlichmitprobe><behinderung></behinderung><mirakelplus>false</mirakelplus><mirakelminus>false</mirakelminus><metatalent>false</metatalent><bereich>Gesellschaft</bereich><komplexität>B</komplexität><lernkomplexität>B</lernkomplexität><spezialisierungen></spezialisierungen></talent><talent><name>Sich verkleiden</name><meisterhandwerk>false</meisterhandwerk><leittalent>false</leittalent><basis>false</basis><nameausfuehrlich>Sich verkleiden</nameausfuehrlich><wert>3</wert><probe>MU/CH/GE</probe><probenwerte>14/12/8</probenwerte><nameausfuehrlichmitprobe>Sich verkleiden (MU/CH/GE)</nameausfuehrlichmitprobe><behinderung></behinderung><mirakelplus>false</mirakelplus><mirakelminus>false</mirakelminus><metatalent>false</metatalent><bereich>Gesellschaft</bereich><komplexität>B</komplexität><lernkomplexität>B</lernkomplexität><spezialisierungen></spezialisierungen></talent><talent><name>Überreden</name><meisterhandwerk>false</meisterhandwerk><leittalent>false</leittalent><basis>true</basis><nameausfuehrlich>Überreden  (B)</nameausfuehrlich><wert>3</wert><probe>MU/IN/CH</probe><probenwerte>14/11/12</probenwerte><nameausfuehrlichmitprobe>Überreden  (B)(MU/IN/CH)</nameausfuehrlichmitprobe><behinderung></behinderung><mirakelplus>false</mirakelplus><mirakelminus>false</mirakelminus><metatalent>false</metatalent><bereich>Gesellschaft</bereich><komplexität>B</komplexität><lernkomplexität>B</lernkomplexität><spezialisierungen></spezialisierungen></talent><talent><name>Ansitzjagd incl Waffe</name><meisterhandwerk>false</meisterhandwerk><leittalent>false</leittalent><basis>false</basis><nameausfuehrlich>Ansitzjagd incl Waffe</nameausfuehrlich><wert>0</wert><probe>MU/IN/GE</probe><probenwerte>14/11/8</probenwerte><nameausfuehrlichmitprobe>Ansitzjagd incl Waffe (MU/IN/GE)</nameausfuehrlichmitprobe><behinderung></behinderung><mirakelplus>false</mirakelplus><mirakelminus>false</mirakelminus><metatalent>true</metatalent><bereich>Natur</bereich><komplexität>B</komplexität><lernkomplexität>B</lernkomplexität><spezialisierungen></spezialisierungen></talent><talent><name>Fährtensuchen</name><meisterhandwerk>false</meisterhandwerk><leittalent>false</leittalent><basis>true</basis><nameausfuehrlich>Fährtensuchen  (B)</nameausfuehrlich><wert>0</wert><probe>KL/IN/KO</probe><probenwerte>14/11/8</probenwerte><nameausfuehrlichmitprobe>Fährtensuchen  (B)(KL/IN/KO)</nameausfuehrlichmitprobe><behinderung></behinderung><mirakelplus>false</mirakelplus><mirakelminus>false</mirakelminus><metatalent>false</metatalent><bereich>Natur</bereich><komplexität>B</komplexität><lernkomplexität>B</lernkomplexität><spezialisierungen></spezialisierungen></talent><talent><name>Kräuter suchen</name><meisterhandwerk>false</meisterhandwerk><leittalent>false</leittalent><basis>false</basis><nameausfuehrlich>Kräuter suchen</nameausfuehrlich><wert>2</wert><probe>MU/IN/FF</probe><probenwerte>14/11/11</probenwerte><nameausfuehrlichmitprobe>Kräuter suchen (MU/IN/FF)</nameausfuehrlichmitprobe><behinderung></behinderung><mirakelplus>false</mirakelplus><mirakelminus>false</mirakelminus><metatalent>true</metatalent><bereich>Natur</bereich><komplexität>B</komplexität><lernkomplexität>B</lernkomplexität><spezialisierungen></spezialisierungen></talent><talent><name>Nahrung sammeln</name><meisterhandwerk>false</meisterhandwerk><leittalent>false</leittalent><basis>false</basis><nameausfuehrlich>Nahrung sammeln</nameausfuehrlich><wert>2</wert><probe>MU/IN/FF</probe><probenwerte>14/11/11</probenwerte><nameausfuehrlichmitprobe>Nahrung sammeln (MU/IN/FF)</nameausfuehrlichmitprobe><behinderung></behinderung><mirakelplus>false</mirakelplus><mirakelminus>false</mirakelminus><metatalent>true</metatalent><bereich>Natur</bereich><komplexität>B</komplexität><lernkomplexität>B</lernkomplexität><spezialisierungen></spezialisierungen></talent><talent><name>Orientierung</name><meisterhandwerk>false</meisterhandwerk><leittalent>false</leittalent><basis>true</basis><nameausfuehrlich>Orientierung  (B)</nameausfuehrlich><wert>2</wert><probe>KL/IN/IN</probe><probenwerte>14/11/11</probenwerte><nameausfuehrlichmitprobe>Orientierung  (B)(KL/IN/IN)</nameausfuehrlichmitprobe><behinderung></behinderung><mirakelplus>false</mirakelplus><mirakelminus>false</mirakelminus><metatalent>false</metatalent><bereich>Natur</bereich><komplexität>B</komplexität><lernkomplexität>B</lernkomplexität><spezialisierungen></spezialisierungen></talent><talent><name>Pirschjagd incl Waffe</name><meisterhandwerk>false</meisterhandwerk><leittalent>false</leittalent><basis>false</basis><nameausfuehrlich>Pirschjagd incl Waffe</nameausfuehrlich><wert>0</wert><probe>MU/IN/GE</probe><probenwerte>14/11/8</probenwerte><nameausfuehrlichmitprobe>Pirschjagd incl Waffe (MU/IN/GE)</nameausfuehrlichmitprobe><behinderung></behinderung><mirakelplus>false</mirakelplus><mirakelminus>false</mirakelminus><metatalent>true</metatalent><bereich>Natur</bereich><komplexität>B</komplexität><lernkomplexität>B</lernkomplexität><spezialisierungen></spezialisierungen></talent><talent><name>Wildnisleben</name><meisterhandwerk>false</meisterhandwerk><leittalent>false</leittalent><basis>true</basis><nameausfuehrlich>Wildnisleben  (B)</nameausfuehrlich><wert>1</wert><probe>IN/GE/KO</probe><probenwerte>11/8/8</probenwerte><nameausfuehrlichmitprobe>Wildnisleben  (B)(IN/GE/KO)</nameausfuehrlichmitprobe><behinderung></behinderung><mirakelplus>false</mirakelplus><mirakelminus>false</mirakelminus><metatalent>false</metatalent><bereich>Natur</bereich><komplexität>B</komplexität><lernkomplexität>B</lernkomplexität><spezialisierungen></spezialisierungen></talent><talent><name>Brett-/Kartenspiel</name><meisterhandwerk>false</meisterhandwerk><leittalent>false</leittalent><basis>false</basis><nameausfuehrlich>Brett-/Kartenspiel</nameausfuehrlich><wert>5</wert><probe>KL/KL/IN</probe><probenwerte>14/14/11</probenwerte><nameausfuehrlichmitprobe>Brett-/Kartenspiel (KL/KL/IN)</nameausfuehrlichmitprobe><behinderung></behinderung><mirakelplus>false</mirakelplus><mirakelminus>false</mirakelminus><metatalent>false</metatalent><bereich>Wissen</bereich><komplexität>B</komplexität><lernkomplexität>B</lernkomplexität><spezialisierungen></spezialisierungen></talent><talent><name>Geschichtswissen</name><meisterhandwerk>false</meisterhandwerk><leittalent>false</leittalent><basis>false</basis><nameausfuehrlich>Geschichtswissen</nameausfuehrlich><wert>3</wert><probe>KL/KL/IN</probe><probenwerte>14/14/11</probenwerte><nameausfuehrlichmitprobe>Geschichtswissen (KL/KL/IN)</nameausfuehrlichmitprobe><behinderung></behinderung><mirakelplus>false</mirakelplus><mirakelminus>false</mirakelminus><metatalent>false</metatalent><bereich>Wissen</bereich><komplexität>B</komplexität><lernkomplexität>B</lernkomplexität><spezialisierungen></spezialisierungen></talent><talent><name>Gesteinskunde</name><meisterhandwerk>false</meisterhandwerk><leittalent>false</leittalent><basis>false</basis><nameausfuehrlich>Gesteinskunde</nameausfuehrlich><wert>1</wert><probe>KL/IN/FF</probe><probenwerte>14/11/11</probenwerte><nameausfuehrlichmitprobe>Gesteinskunde (KL/IN/FF)</nameausfuehrlichmitprobe><behinderung></behinderung><mirakelplus>false</mirakelplus><mirakelminus>false</mirakelminus><metatalent>false</metatalent><bereich>Wissen</bereich><komplexität>B</komplexität><lernkomplexität>B</lernkomplexität><spezialisierungen></spezialisierungen></talent><talent><name>Götter und Kulte</name><meisterhandwerk>false</meisterhandwerk><leittalent>false</leittalent><basis>true</basis><nameausfuehrlich>Götter und Kulte  (B)</nameausfuehrlich><wert>3</wert><probe>KL/KL/IN</probe><probenwerte>14/14/11</probenwerte><nameausfuehrlichmitprobe>Götter und Kulte  (B)(KL/KL/IN)</nameausfuehrlichmitprobe><behinderung></behinderung><mirakelplus>false</mirakelplus><mirakelminus>false</mirakelminus><metatalent>false</metatalent><bereich>Wissen</bereich><komplexität>B</komplexität><lernkomplexität>B</lernkomplexität><spezialisierungen></spezialisierungen></talent><talent><name>Magiekunde</name><meisterhandwerk>false</meisterhandwerk><leittalent>false</leittalent><basis>false</basis><nameausfuehrlich>Magiekunde</nameausfuehrlich><wert>4</wert><probe>KL/KL/IN</probe><probenwerte>14/14/11</probenwerte><nameausfuehrlichmitprobe>Magiekunde (KL/KL/IN)</nameausfuehrlichmitprobe><behinderung></behinderung><mirakelplus>false</mirakelplus><mirakelminus>false</mirakelminus><metatalent>false</metatalent><bereich>Wissen</bereich><komplexität>B</komplexität><lernkomplexität>B</lernkomplexität><spezialisierungen></spezialisierungen></talent><talent><name>Mechanik</name><meisterhandwerk>false</meisterhandwerk><leittalent>false</leittalent><basis>false</basis><nameausfuehrlich>Mechanik</nameausfuehrlich><wert>3</wert><probe>KL/KL/FF</probe><probenwerte>14/14/11</probenwerte><nameausfuehrlichmitprobe>Mechanik (KL/KL/FF)</nameausfuehrlichmitprobe><behinderung></behinderung><mirakelplus>false</mirakelplus><mirakelminus>false</mirakelminus><metatalent>false</metatalent><bereich>Wissen</bereich><komplexität>B</komplexität><lernkomplexität>B</lernkomplexität><spezialisierungen></spezialisierungen></talent><talent><name>Pflanzenkunde</name><meisterhandwerk>false</meisterhandwerk><leittalent>false</leittalent><basis>false</basis><nameausfuehrlich>Pflanzenkunde</nameausfuehrlich><wert>4</wert><probe>KL/IN/FF</probe><probenwerte>14/11/11</probenwerte><nameausfuehrlichmitprobe>Pflanzenkunde (KL/IN/FF)</nameausfuehrlichmitprobe><behinderung></behinderung><mirakelplus>false</mirakelplus><mirakelminus>false</mirakelminus><metatalent>false</metatalent><bereich>Wissen</bereich><komplexität>B</komplexität><lernkomplexität>B</lernkomplexität><spezialisierungen></spezialisierungen></talent><talent><name>Rechnen</name><meisterhandwerk>false</meisterhandwerk><leittalent>false</leittalent><basis>true</basis><nameausfuehrlich>Rechnen  (B)</nameausfuehrlich><wert>5</wert><probe>KL/KL/IN</probe><probenwerte>14/14/11</probenwerte><nameausfuehrlichmitprobe>Rechnen  (B)(KL/KL/IN)</nameausfuehrlichmitprobe><behinderung></behinderung><mirakelplus>false</mirakelplus><mirakelminus>false</mirakelminus><metatalent>false</metatalent><bereich>Wissen</bereich><komplexität>B</komplexität><lernkomplexität>B</lernkomplexität><spezialisierungen></spezialisierungen></talent><talent><name>Rechtskunde</name><meisterhandwerk>false</meisterhandwerk><leittalent>false</leittalent><basis>false</basis><nameausfuehrlich>Rechtskunde</nameausfuehrlich><wert>3</wert><probe>KL/KL/IN</probe><probenwerte>14/14/11</probenwerte><nameausfuehrlichmitprobe>Rechtskunde (KL/KL/IN)</nameausfuehrlichmitprobe><behinderung></behinderung><mirakelplus>false</mirakelplus><mirakelminus>false</mirakelminus><metatalent>false</metatalent><bereich>Wissen</bereich><komplexität>B</komplexität><lernkomplexität>B</lernkomplexität><spezialisierungen></spezialisierungen></talent><talent><name>Sagen und Legenden</name><meisterhandwerk>false</meisterhandwerk><leittalent>false</leittalent><basis>true</basis><nameausfuehrlich>Sagen und Legenden  (B)</nameausfuehrlich><wert>4</wert><probe>KL/IN/CH</probe><probenwerte>14/11/12</probenwerte><nameausfuehrlichmitprobe>Sagen und Legenden  (B)(KL/IN/CH)</nameausfuehrlichmitprobe><behinderung></behinderung><mirakelplus>false</mirakelplus><mirakelminus>false</mirakelminus><metatalent>false</metatalent><bereich>Wissen</bereich><komplexität>B</komplexität><lernkomplexität>B</lernkomplexität><spezialisierungen></spezialisierungen></talent><talent><name>Schätzen</name><meisterhandwerk>false</meisterhandwerk><leittalent>false</leittalent><basis>false</basis><nameausfuehrlich>Schätzen</nameausfuehrlich><wert>2</wert><probe>KL/IN/IN</probe><probenwerte>14/11/11</probenwerte><nameausfuehrlichmitprobe>Schätzen (KL/IN/IN)</nameausfuehrlichmitprobe><behinderung></behinderung><mirakelplus>false</mirakelplus><mirakelminus>false</mirakelminus><metatalent>false</metatalent><bereich>Wissen</bereich><komplexität>B</komplexität><lernkomplexität>B</lernkomplexität><spezialisierungen></spezialisierungen></talent><talent><name>Sternkunde</name><meisterhandwerk>false</meisterhandwerk><leittalent>false</leittalent><basis>false</basis><nameausfuehrlich>Sternkunde</nameausfuehrlich><wert>2</wert><probe>KL/KL/IN</probe><probenwerte>14/14/11</probenwerte><nameausfuehrlichmitprobe>Sternkunde (KL/KL/IN)</nameausfuehrlichmitprobe><behinderung></behinderung><mirakelplus>false</mirakelplus><mirakelminus>false</mirakelminus><metatalent>false</metatalent><bereich>Wissen</bereich><komplexität>B</komplexität><lernkomplexität>B</lernkomplexität><spezialisierungen></spezialisierungen></talent><talent><name>Tierkunde</name><meisterhandwerk>false</meisterhandwerk><leittalent>false</leittalent><basis>false</basis><nameausfuehrlich>Tierkunde</nameausfuehrlich><wert>2</wert><probe>MU/KL/IN</probe><probenwerte>14/14/11</probenwerte><nameausfuehrlichmitprobe>Tierkunde (MU/KL/IN)</nameausfuehrlichmitprobe><behinderung></behinderung><mirakelplus>false</mirakelplus><mirakelminus>false</mirakelminus><metatalent>false</metatalent><bereich>Wissen</bereich><komplexität>B</komplexität><lernkomplexität>B</lernkomplexität><spezialisierungen></spezialisierungen></talent><talent><name>Garethi</name><meisterhandwerk>false</meisterhandwerk><leittalent>false</leittalent><basis>false</basis><nameausfuehrlich>Garethi</nameausfuehrlich><wert>10</wert><probe>KL/IN/CH</probe><probenwerte>14/11/12</probenwerte><nameausfuehrlichmitprobe>Garethi (KL/IN/CH)</nameausfuehrlichmitprobe><sprachkomplexität>18</sprachkomplexität><zweitlehrsprache>true</zweitlehrsprache><behinderung></behinderung><mirakelplus>false</mirakelplus><mirakelminus>false</mirakelminus><metatalent>false</metatalent><bereich>Sprachen</bereich><komplexität>A</komplexität><lernkomplexität>A</lernkomplexität><spezialisierungen></spezialisierungen></talent><talent><name>Tulamidya</name><meisterhandwerk>false</meisterhandwerk><leittalent>false</leittalent><basis>false</basis><nameausfuehrlich>Tulamidya</nameausfuehrlich><wert>14</wert><probe>KL/IN/CH</probe><probenwerte>14/11/12</probenwerte><nameausfuehrlichmitprobe>Tulamidya (KL/IN/CH)</nameausfuehrlichmitprobe><sprachkomplexität>18</sprachkomplexität><muttersprache>true</muttersprache><behinderung></behinderung><mirakelplus>false</mirakelplus><mirakelminus>false</mirakelminus><metatalent>false</metatalent><bereich>Sprachen</bereich><komplexität>A</komplexität><lernkomplexität>A</lernkomplexität><spezialisierungen></spezialisierungen></talent><talent><name>Urtulamidya</name><meisterhandwerk>false</meisterhandwerk><leittalent>false</leittalent><basis>false</basis><nameausfuehrlich>Urtulamidya</nameausfuehrlich><wert>5</wert><probe>KL/IN/CH</probe><probenwerte>14/11/12</probenwerte><nameausfuehrlichmitprobe>Urtulamidya (KL/IN/CH)</nameausfuehrlichmitprobe><sprachkomplexität>21</sprachkomplexität><behinderung></behinderung><mirakelplus>false</mirakelplus><mirakelminus>false</mirakelminus><metatalent>false</metatalent><bereich>Sprachen</bereich><komplexität>A</komplexität><lernkomplexität>A</lernkomplexität><spezialisierungen></spezialisierungen></talent><talent><name>Zhayad</name><meisterhandwerk>false</meisterhandwerk><leittalent>false</leittalent><basis>false</basis><nameausfuehrlich>Zhayad</nameausfuehrlich><wert>8</wert><probe>KL/IN/CH</probe><probenwerte>14/11/12</probenwerte><nameausfuehrlichmitprobe>Zhayad (KL/IN/CH)</nameausfuehrlichmitprobe><sprachkomplexität>15</sprachkomplexität><behinderung></behinderung><mirakelplus>false</mirakelplus><mirakelminus>false</mirakelminus><metatalent>false</metatalent><bereich>Sprachen</bereich><komplexität>A</komplexität><lernkomplexität>B</lernkomplexität><spezialisierungen></spezialisierungen></talent><talent><name>L/S Kusliker Zeichen</name><meisterhandwerk>false</meisterhandwerk><leittalent>false</leittalent><basis>false</basis><nameausfuehrlich>L/S Kusliker Zeichen</nameausfuehrlich><wert>5</wert><probe>KL/KL/FF</probe><probenwerte>14/14/11</probenwerte><nameausfuehrlichmitprobe>L/S Kusliker Zeichen (KL/KL/FF)</nameausfuehrlichmitprobe><sprachkomplexität>10</sprachkomplexität><behinderung></behinderung><mirakelplus>false</mirakelplus><mirakelminus>false</mirakelminus><metatalent>false</metatalent><bereich>Schriften</bereich><komplexität>A</komplexität><lernkomplexität>A</lernkomplexität><spezialisierungen></spezialisierungen></talent><talent><name>L/S Tulamidya</name><meisterhandwerk>false</meisterhandwerk><leittalent>false</leittalent><basis>false</basis><nameausfuehrlich>L/S Tulamidya</nameausfuehrlich><wert>8</wert><probe>KL/KL/FF</probe><probenwerte>14/14/11</probenwerte><nameausfuehrlichmitprobe>L/S Tulamidya (KL/KL/FF)</nameausfuehrlichmitprobe><sprachkomplexität>14</sprachkomplexität><schriftmuttersprache>true</schriftmuttersprache><behinderung></behinderung><mirakelplus>false</mirakelplus><mirakelminus>false</mirakelminus><metatalent>false</metatalent><bereich>Schriften</bereich><komplexität>A</komplexität><lernkomplexität>A</lernkomplexität><spezialisierungen></spezialisierungen></talent><talent><name>L/S Urtulamidya</name><meisterhandwerk>false</meisterhandwerk><leittalent>false</leittalent><basis>false</basis><nameausfuehrlich>L/S Urtulamidya</nameausfuehrlich><wert>5</wert><probe>KL/KL/FF</probe><probenwerte>14/14/11</probenwerte><nameausfuehrlichmitprobe>L/S Urtulamidya (KL/KL/FF)</nameausfuehrlichmitprobe><sprachkomplexität>16</sprachkomplexität><behinderung></behinderung><mirakelplus>false</mirakelplus><mirakelminus>false</mirakelminus><metatalent>false</metatalent><bereich>Schriften</bereich><komplexität>A</komplexität><lernkomplexität>A</lernkomplexität><spezialisierungen></spezialisierungen></talent><talent><name>L/S Zhayad</name><meisterhandwerk>false</meisterhandwerk><leittalent>false</leittalent><basis>false</basis><nameausfuehrlich>L/S Zhayad</nameausfuehrlich><wert>8</wert><probe>KL/KL/FF</probe><probenwerte>14/14/11</probenwerte><nameausfuehrlichmitprobe>L/S Zhayad (KL/KL/FF)</nameausfuehrlichmitprobe><sprachkomplexität>18</sprachkomplexität><behinderung></behinderung><mirakelplus>false</mirakelplus><mirakelminus>false</mirakelminus><metatalent>false</metatalent><bereich>Schriften</bereich><komplexität>A</komplexität><lernkomplexität>B</lernkomplexität><spezialisierungen></spezialisierungen></talent><talent><name>Alchimie</name><meisterhandwerk>false</meisterhandwerk><leittalent>false</leittalent><basis>false</basis><nameausfuehrlich>Alchimie</nameausfuehrlich><wert>4</wert><probe>MU/KL/FF</probe><probenwerte>14/14/11</probenwerte><nameausfuehrlichmitprobe>Alchimie (MU/KL/FF)</nameausfuehrlichmitprobe><behinderung></behinderung><mirakelplus>false</mirakelplus><mirakelminus>false</mirakelminus><metatalent>false</metatalent><bereich>Handwerk</bereich><komplexität>B</komplexität><lernkomplexität>B</lernkomplexität><spezialisierungen></spezialisierungen></talent><talent><name>Hauswirtschaft</name><meisterhandwerk>false</meisterhandwerk><leittalent>false</leittalent><basis>false</basis><nameausfuehrlich>Hauswirtschaft</nameausfuehrlich><wert>3</wert><probe>IN/CH/FF</probe><probenwerte>11/12/11</probenwerte><nameausfuehrlichmitprobe>Hauswirtschaft (IN/CH/FF)</nameausfuehrlichmitprobe><behinderung></behinderung><mirakelplus>false</mirakelplus><mirakelminus>false</mirakelminus><metatalent>false</metatalent><bereich>Handwerk</bereich><komplexität>B</komplexität><lernkomplexität>B</lernkomplexität><spezialisierungen></spezialisierungen></talent><talent><name>Heilkunde: Wunden</name><meisterhandwerk>false</meisterhandwerk><leittalent>false</leittalent><basis>true</basis><nameausfuehrlich>Heilkunde: Wunden  (B)</nameausfuehrlich><wert>0</wert><probe>KL/CH/FF</probe><probenwerte>14/12/11</probenwerte><nameausfuehrlichmitprobe>Heilkunde: Wunden  (B)(KL/CH/FF)</nameausfuehrlichmitprobe><behinderung></behinderung><mirakelplus>false</mirakelplus><mirakelminus>false</mirakelminus><metatalent>false</metatalent><bereich>Handwerk</bereich><komplexität>B</komplexität><lernkomplexität>B</lernkomplexität><spezialisierungen></spezialisierungen></talent><talent><name>Holzbearbeitung</name><meisterhandwerk>false</meisterhandwerk><leittalent>false</leittalent><basis>true</basis><nameausfuehrlich>Holzbearbeitung  (B)</nameausfuehrlich><wert>0</wert><probe>KL/FF/KK</probe><probenwerte>14/11/8</probenwerte><nameausfuehrlichmitprobe>Holzbearbeitung  (B)(KL/FF/KK)</nameausfuehrlichmitprobe><behinderung></behinderung><mirakelplus>false</mirakelplus><mirakelminus>false</mirakelminus><metatalent>false</metatalent><bereich>Handwerk</bereich><komplexität>B</komplexität><lernkomplexität>B</lernkomplexität><spezialisierungen></spezialisierungen></talent><talent><name>Kochen</name><meisterhandwerk>false</meisterhandwerk><leittalent>false</leittalent><basis>true</basis><nameausfuehrlich>Kochen  (B)</nameausfuehrlich><wert>0</wert><probe>KL/IN/FF</probe><probenwerte>14/11/11</probenwerte><nameausfuehrlichmitprobe>Kochen  (B)(KL/IN/FF)</nameausfuehrlichmitprobe><behinderung></behinderung><mirakelplus>false</mirakelplus><mirakelminus>false</mirakelminus><metatalent>false</metatalent><bereich>Handwerk</bereich><komplexität>B</komplexität><lernkomplexität>B</lernkomplexität><spezialisierungen></spezialisierungen></talent><talent><name>Lederarbeiten</name><meisterhandwerk>false</meisterhandwerk><leittalent>false</leittalent><basis>true</basis><nameausfuehrlich>Lederarbeiten  (B)</nameausfuehrlich><wert>0</wert><probe>KL/FF/FF</probe><probenwerte>14/11/11</probenwerte><nameausfuehrlichmitprobe>Lederarbeiten  (B)(KL/FF/FF)</nameausfuehrlichmitprobe><behinderung></behinderung><mirakelplus>false</mirakelplus><mirakelminus>false</mirakelminus><metatalent>false</metatalent><bereich>Handwerk</bereich><komplexität>B</komplexität><lernkomplexität>B</lernkomplexität><spezialisierungen></spezialisierungen></talent><talent><name>Malen/Zeichnen</name><meisterhandwerk>false</meisterhandwerk><leittalent>false</leittalent><basis>true</basis><nameausfuehrlich>Malen/Zeichnen  (B)</nameausfuehrlich><wert>4</wert><probe>KL/IN/FF</probe><probenwerte>14/11/11</probenwerte><nameausfuehrlichmitprobe>Malen/Zeichnen  (B)(KL/IN/FF)</nameausfuehrlichmitprobe><behinderung></behinderung><mirakelplus>false</mirakelplus><mirakelminus>false</mirakelminus><metatalent>false</metatalent><bereich>Handwerk</bereich><komplexität>B</komplexität><lernkomplexität>B</lernkomplexität><spezialisierungen></spezialisierungen></talent><talent><name>Schneidern</name><meisterhandwerk>false</meisterhandwerk><leittalent>false</leittalent><basis>true</basis><nameausfuehrlich>Schneidern  (B)</nameausfuehrlich><wert>0</wert><probe>KL/FF/FF</probe><probenwerte>14/11/11</probenwerte><nameausfuehrlichmitprobe>Schneidern  (B)(KL/FF/FF)</nameausfuehrlichmitprobe><behinderung></behinderung><mirakelplus>false</mirakelplus><mirakelminus>false</mirakelminus><metatalent>false</metatalent><bereich>Handwerk</bereich><komplexität>B</komplexität><lernkomplexität>B</lernkomplexität><spezialisierungen></spezialisierungen></talent><talent><name>Winzer</name><meisterhandwerk>false</meisterhandwerk><leittalent>false</leittalent><basis>false</basis><nameausfuehrlich>Winzer</nameausfuehrlich><wert>3</wert><probe>KL/FF/KK</probe><probenwerte>14/11/8</probenwerte><nameausfuehrlichmitprobe>Winzer (KL/FF/KK)</nameausfuehrlichmitprobe><behinderung></behinderung><mirakelplus>false</mirakelplus><mirakelminus>false</mirakelminus><metatalent>false</metatalent><bereich>Handwerk</bereich><komplexität>B</komplexität><lernkomplexität>B</lernkomplexität><spezialisierungen></spezialisierungen></talent><talent><name>Gildenmagie</name><meisterhandwerk>false</meisterhandwerk><leittalent>false</leittalent><basis>false</basis><nameausfuehrlich>Gildenmagie</nameausfuehrlich><wert>3</wert><probe>--/--/--</probe><probenwerte>1000/1000/1000</probenwerte><nameausfuehrlichmitprobe>Gildenmagie (--/--/--)</nameausfuehrlichmitprobe><behinderung></behinderung><mirakelplus>false</mirakelplus><mirakelminus>false</mirakelminus><metatalent>false</metatalent><bereich>Ritualkenntnis</bereich><komplexität>E</komplexität><lernkomplexität>E</lernkomplexität><spezialisierungen></spezialisierungen></talent></talentliste><zauberliste><zauber><name>Abvenenum reine Speise</name><variante></variante><namemitvariante>Abvenenum reine Speise</namemitvariante><nameausfuehrlich>Abvenenum reine Speise</nameausfuehrlich><wert>5</wert><spezialisierungen></spezialisierungen><probe>KL/KL/FF</probe><probenwerte>14/14/11</probenwerte><bereich>Zauber</bereich><komplexität>C</komplexität><lernkomplexität>B</lernkomplexität><hauszauber>true</hauszauber><hauszauberformatiert>X</hauszauberformatiert><repräsentation>Magier</repräsentation><merkmale>Objk</merkmale><zauberdauer></zauberdauer><kosten></kosten><reichweite></reichweite><wirkungsdauer></wirkungsdauer><anmerkung></anmerkung><quelle buch="LCD" seite="11">LCD: 11</quelle><kontrollwert></kontrollwert><mr>+Mod</mr></zauber><zauber><name>Analys Arkanstruktur</name><variante></variante><namemitvariante>Analys Arkanstruktur</namemitvariante><nameausfuehrlich>Analys Arkanstruktur</nameausfuehrlich><wert>1</wert><spezialisierungen></spezialisierungen><probe>KL/KL/IN</probe><probenwerte>14/14/11</probenwerte><bereich>Zauber</bereich><komplexität>D</komplexität><lernkomplexität>D</lernkomplexität><hauszauber>false</hauszauber><hauszauberformatiert> </hauszauberformatiert><repräsentation>Magier</repräsentation><merkmale>Hell, Meta</merkmale><zauberdauer></zauberdauer><kosten></kosten><reichweite></reichweite><wirkungsdauer></wirkungsdauer><anmerkung></anmerkung><quelle buch="LCD" seite="22">LCD: 22</quelle><kontrollwert></kontrollwert><mr>+Mod</mr></zauber><zauber><name>Attributo</name><variante></variante><namemitvariante>Attributo</namemitvariante><nameausfuehrlich>Attributo</nameausfuehrlich><wert>2</wert><spezialisierungen></spezialisierungen><probe>KL/CH/**</probe><probenwerte>14/12/0</probenwerte><bereich>Zauber</bereich><komplexität>B</komplexität><lernkomplexität>B</lernkomplexität><hauszauber>false</hauszauber><hauszauberformatiert> </hauszauberformatiert><repräsentation>Magier</repräsentation><merkmale>Eign</merkmale><zauberdauer></zauberdauer><kosten></kosten><reichweite></reichweite><wirkungsdauer></wirkungsdauer><anmerkung></anmerkung><quelle buch="LCD" seite="30">LCD: 30</quelle><kontrollwert></kontrollwert><mr></mr></zauber><zauber><name>Balsam Salabunde</name><variante></variante><namemitvariante>Balsam Salabunde</namemitvariante><nameausfuehrlich>Balsam Salabunde</nameausfuehrlich><wert>1</wert><spezialisierungen></spezialisierungen><probe>KL/IN/CH</probe><probenwerte>14/11/12</probenwerte><bereich>Zauber</bereich><komplexität>C</komplexität><lernkomplexität>C</lernkomplexität><hauszauber>false</hauszauber><hauszauberformatiert> </hauszauberformatiert><repräsentation>Magier</repräsentation><merkmale>Form, Heil</merkmale><zauberdauer></zauberdauer><kosten></kosten><reichweite></reichweite><wirkungsdauer></wirkungsdauer><anmerkung></anmerkung><quelle buch="LCD" seite="37">LCD: 37</quelle><kontrollwert></kontrollwert><mr>+Mod</mr></zauber><zauber><name>Bannbaladin</name><variante></variante><namemitvariante>Bannbaladin</namemitvariante><nameausfuehrlich>Bannbaladin</nameausfuehrlich><wert>2</wert><spezialisierungen></spezialisierungen><probe>IN/CH/CH</probe><probenwerte>11/12/12</probenwerte><bereich>Zauber</bereich><komplexität>B</komplexität><lernkomplexität>B</lernkomplexität><hauszauber>false</hauszauber><hauszauberformatiert> </hauszauberformatiert><repräsentation>Magier</repräsentation><merkmale>Einfl</merkmale><zauberdauer></zauberdauer><kosten></kosten><reichweite></reichweite><wirkungsdauer></wirkungsdauer><anmerkung></anmerkung><quelle buch="LCD" seite="39">LCD: 39</quelle><kontrollwert></kontrollwert><mr>+MR</mr></zauber><zauber><name>Beschwörung vereiteln</name><variante></variante><namemitvariante>Beschwörung vereiteln</namemitvariante><nameausfuehrlich>Beschwörung vereiteln</nameausfuehrlich><wert>4</wert><spezialisierungen></spezialisierungen><probe>MU/IN/CH</probe><probenwerte>14/11/12</probenwerte><bereich>Zauber</bereich><komplexität>C</komplexität><lernkomplexität>C</lernkomplexität><hauszauber>false</hauszauber><hauszauberformatiert> </hauszauberformatiert><repräsentation>Magier</repräsentation><merkmale>Anti, Besw</merkmale><zauberdauer></zauberdauer><kosten></kosten><reichweite></reichweite><wirkungsdauer></wirkungsdauer><anmerkung></anmerkung><quelle buch="LCD" seite="42">LCD: 42</quelle><kontrollwert></kontrollwert><mr>+Mod</mr></zauber><zauber><name>Blick in die Gedanken</name><variante></variante><namemitvariante>Blick in die Gedanken</namemitvariante><nameausfuehrlich>Blick in die Gedanken</nameausfuehrlich><wert>2</wert><spezialisierungen></spezialisierungen><probe>KL/KL/CH</probe><probenwerte>14/14/12</probenwerte><bereich>Zauber</bereich><komplexität>D</komplexität><lernkomplexität>D</lernkomplexität><hauszauber>false</hauszauber><hauszauberformatiert> </hauszauberformatiert><repräsentation>Magier</repräsentation><merkmale>Hell</merkmale><zauberdauer></zauberdauer><kosten></kosten><reichweite></reichweite><wirkungsdauer></wirkungsdauer><anmerkung></anmerkung><quelle buch="LCD" seite="47">LCD: 47</quelle><kontrollwert></kontrollwert><mr>+MR</mr></zauber><zauber><name>Blitz dich find</name><variante></variante><namemitvariante>Blitz dich find</namemitvariante><nameausfuehrlich>Blitz dich find</nameausfuehrlich><wert>2</wert><spezialisierungen></spezialisierungen><probe>KL/IN/GE</probe><probenwerte>14/11/8</probenwerte><bereich>Zauber</bereich><komplexität>B</komplexität><lernkomplexität>B</lernkomplexität><hauszauber>false</hauszauber><hauszauberformatiert> </hauszauberformatiert><repräsentation>Magier</repräsentation><merkmale>Einfl</merkmale><zauberdauer></zauberdauer><kosten></kosten><reichweite></reichweite><wirkungsdauer></wirkungsdauer><anmerkung></anmerkung><quelle buch="LCD" seite="49">LCD: 49</quelle><kontrollwert></kontrollwert><mr>+MR</mr></zauber><zauber><name>Elementarbann</name><variante></variante><namemitvariante>Elementarbann</namemitvariante><nameausfuehrlich>Elementarbann</nameausfuehrlich><wert>3</wert><spezialisierungen></spezialisierungen><probe>IN/CH/KO</probe><probenwerte>11/12/8</probenwerte><bereich>Zauber</bereich><komplexität>C</komplexität><lernkomplexität>C</lernkomplexität><hauszauber>false</hauszauber><hauszauberformatiert> </hauszauberformatiert><repräsentation>Magier</repräsentation><merkmale>Anti, Elem</merkmale><zauberdauer></zauberdauer><kosten></kosten><reichweite></reichweite><wirkungsdauer></wirkungsdauer><anmerkung></anmerkung><quelle buch="LCD" seite="79">LCD: 79</quelle><kontrollwert></kontrollwert><mr>+Mod</mr></zauber><zauber><name>Flim Flam Funkel</name><variante></variante><namemitvariante>Flim Flam Funkel</namemitvariante><nameausfuehrlich>Flim Flam Funkel</nameausfuehrlich><wert>5</wert><spezialisierungen></spezialisierungen><probe>KL/KL/FF</probe><probenwerte>14/14/11</probenwerte><bereich>Zauber</bereich><komplexität>A</komplexität><lernkomplexität>A</lernkomplexität><hauszauber>false</hauszauber><hauszauberformatiert> </hauszauberformatiert><repräsentation>Magier</repräsentation><merkmale>Umwt</merkmale><zauberdauer></zauberdauer><kosten></kosten><reichweite></reichweite><wirkungsdauer></wirkungsdauer><anmerkung></anmerkung><quelle buch="LCD" seite="87">LCD: 87</quelle><kontrollwert></kontrollwert><mr></mr></zauber><zauber><name>Fulminictus Donnerkeil</name><variante></variante><namemitvariante>Fulminictus Donnerkeil</namemitvariante><nameausfuehrlich>Fulminictus Donnerkeil</nameausfuehrlich><wert>3</wert><spezialisierungen></spezialisierungen><probe>IN/GE/KO</probe><probenwerte>11/8/8</probenwerte><bereich>Zauber</bereich><komplexität>C</komplexität><lernkomplexität>C</lernkomplexität><hauszauber>false</hauszauber><hauszauberformatiert> </hauszauberformatiert><repräsentation>Magier</repräsentation><merkmale>Krft, Scha</merkmale><zauberdauer></zauberdauer><kosten></kosten><reichweite></reichweite><wirkungsdauer></wirkungsdauer><anmerkung></anmerkung><quelle buch="LCD" seite="91">LCD: 91</quelle><kontrollwert></kontrollwert><mr></mr></zauber><zauber><name>Gardianum Zauberschild</name><variante></variante><namemitvariante>Gardianum Zauberschild</namemitvariante><nameausfuehrlich>Gardianum Zauberschild</nameausfuehrlich><wert>4</wert><spezialisierungen></spezialisierungen><probe>KL/IN/KO</probe><probenwerte>14/11/8</probenwerte><bereich>Zauber</bereich><komplexität>D</komplexität><lernkomplexität>C</lernkomplexität><hauszauber>true</hauszauber><hauszauberformatiert>X</hauszauberformatiert><repräsentation>Magier</repräsentation><merkmale>Anti, Krft, Meta</merkmale><zauberdauer></zauberdauer><kosten></kosten><reichweite></reichweite><wirkungsdauer></wirkungsdauer><anmerkung></anmerkung><quelle buch="LCD" seite="92">LCD: 92</quelle><kontrollwert></kontrollwert><mr></mr></zauber><zauber><name>Hartes schmelze!</name><variante></variante><namemitvariante>Hartes schmelze!</namemitvariante><nameausfuehrlich>Hartes schmelze!</nameausfuehrlich><wert>1</wert><spezialisierungen></spezialisierungen><probe>MU/KL/KK</probe><probenwerte>14/14/8</probenwerte><bereich>Zauber</bereich><komplexität>C</komplexität><lernkomplexität>C</lernkomplexität><hauszauber>false</hauszauber><hauszauberformatiert> </hauszauberformatiert><repräsentation>Borbaradianer</repräsentation><merkmale>Dämo (Agm), Objk</merkmale><zauberdauer></zauberdauer><kosten></kosten><reichweite></reichweite><wirkungsdauer></wirkungsdauer><anmerkung></anmerkung><quelle buch="LCD" seite="104">LCD: 104</quelle><kontrollwert></kontrollwert><mr></mr></zauber><zauber><name>Invocatio maior</name><variante></variante><namemitvariante>Invocatio maior</namemitvariante><nameausfuehrlich>Invocatio maior</nameausfuehrlich><wert>7</wert><spezialisierungen></spezialisierungen><probe>MU/MU/CH</probe><probenwerte>14/14/12</probenwerte><bereich>Zauber</bereich><komplexität>E</komplexität><lernkomplexität>C</lernkomplexität><hauszauber>true</hauszauber><hauszauberformatiert>X</hauszauberformatiert><repräsentation>Magier</repräsentation><merkmale>Besw, Dämo</merkmale><zauberdauer></zauberdauer><kosten></kosten><reichweite></reichweite><wirkungsdauer></wirkungsdauer><anmerkung></anmerkung><quelle buch="LCD" seite="132">LCD: 132</quelle><kontrollwert>12</kontrollwert><mr>+Mod</mr></zauber><zauber><name>Invocatio minor</name><variante></variante><namemitvariante>Invocatio minor</namemitvariante><nameausfuehrlich>Invocatio minor</nameausfuehrlich><wert>7</wert><spezialisierungen></spezialisierungen><probe>MU/MU/CH</probe><probenwerte>14/14/12</probenwerte><bereich>Zauber</bereich><komplexität>D</komplexität><lernkomplexität>B</lernkomplexität><hauszauber>true</hauszauber><hauszauberformatiert>X</hauszauberformatiert><repräsentation>Magier</repräsentation><merkmale>Besw, Dämo</merkmale><zauberdauer></zauberdauer><kosten></kosten><reichweite></reichweite><wirkungsdauer></wirkungsdauer><anmerkung></anmerkung><quelle buch="LCD" seite="133">LCD: 133</quelle><kontrollwert>12</kontrollwert><mr>+Mod</mr></zauber><zauber><name>Klarum Purum</name><variante></variante><namemitvariante>Klarum Purum</namemitvariante><nameausfuehrlich>Klarum Purum</nameausfuehrlich><wert>7</wert><spezialisierungen></spezialisierungen><probe>KL/KL/CH</probe><probenwerte>14/14/12</probenwerte><bereich>Zauber</bereich><komplexität>D</komplexität><lernkomplexität>C</lernkomplexität><hauszauber>true</hauszauber><hauszauberformatiert>X</hauszauberformatiert><repräsentation>Magier</repräsentation><merkmale>Form, Heil</merkmale><zauberdauer></zauberdauer><kosten></kosten><reichweite></reichweite><wirkungsdauer></wirkungsdauer><anmerkung></anmerkung><quelle buch="LCD" seite="138">LCD: 138</quelle><kontrollwert></kontrollwert><mr>+Mod</mr></zauber><zauber><name>Manifesto Element</name><variante></variante><namemitvariante>Manifesto Element</namemitvariante><nameausfuehrlich>Manifesto Element</nameausfuehrlich><wert>3</wert><spezialisierungen></spezialisierungen><probe>KL/IN/CH</probe><probenwerte>14/11/12</probenwerte><bereich>Zauber</bereich><komplexität>A</komplexität><lernkomplexität>A</lernkomplexität><hauszauber>false</hauszauber><hauszauberformatiert> </hauszauberformatiert><repräsentation>Magier</repräsentation><merkmale>Elem</merkmale><zauberdauer></zauberdauer><kosten></kosten><reichweite></reichweite><wirkungsdauer></wirkungsdauer><anmerkung></anmerkung><quelle buch="LCD" seite="173">LCD: 173</quelle><kontrollwert></kontrollwert><mr>+Mod</mr></zauber><zauber><name>Odem Arcanum</name><variante></variante><namemitvariante>Odem Arcanum</namemitvariante><nameausfuehrlich>Odem Arcanum</nameausfuehrlich><wert>5</wert><spezialisierungen></spezialisierungen><probe>KL/IN/IN</probe><probenwerte>14/11/11</probenwerte><bereich>Zauber</bereich><komplexität>A</komplexität><lernkomplexität>A</lernkomplexität><hauszauber>false</hauszauber><hauszauberformatiert> </hauszauberformatiert><repräsentation>Magier</repräsentation><merkmale>Hell, Krft</merkmale><zauberdauer></zauberdauer><kosten></kosten><reichweite></reichweite><wirkungsdauer></wirkungsdauer><anmerkung></anmerkung><quelle buch="LCD" seite="197">LCD: 197</quelle><kontrollwert></kontrollwert><mr>+Mod</mr></zauber><zauber><name>Pentagramma Sphärenbann</name><variante></variante><namemitvariante>Pentagramma Sphärenbann</namemitvariante><nameausfuehrlich>Pentagramma Sphärenbann</nameausfuehrlich><wert>4</wert><spezialisierungen></spezialisierungen><probe>MU/MU/CH</probe><probenwerte>14/14/12</probenwerte><bereich>Zauber</bereich><komplexität>D</komplexität><lernkomplexität>B</lernkomplexität><hauszauber>true</hauszauber><hauszauberformatiert>X</hauszauberformatiert><repräsentation>Magier</repräsentation><merkmale>Anti, Besw, Dämo, Geis</merkmale><zauberdauer></zauberdauer><kosten></kosten><reichweite></reichweite><wirkungsdauer></wirkungsdauer><anmerkung></anmerkung><quelle buch="LCD" seite="205">LCD: 205</quelle><kontrollwert></kontrollwert><mr>+Mod</mr></zauber><zauber><name>Salander Mutander</name><variante></variante><namemitvariante>Salander Mutander</namemitvariante><nameausfuehrlich>Salander Mutander</nameausfuehrlich><wert>4</wert><spezialisierungen></spezialisierungen><probe>KL/CH/KO</probe><probenwerte>14/12/8</probenwerte><bereich>Zauber</bereich><komplexität>E</komplexität><lernkomplexität>D</lernkomplexität><hauszauber>true</hauszauber><hauszauberformatiert>X</hauszauberformatiert><repräsentation>Magier</repräsentation><merkmale>Form</merkmale><zauberdauer></zauberdauer><kosten></kosten><reichweite></reichweite><wirkungsdauer></wirkungsdauer><anmerkung></anmerkung><quelle buch="LCD" seite="221">LCD: 221</quelle><kontrollwert></kontrollwert><mr>+MR</mr></zauber></zauberliste><gegenstaende/><verbindungen/><kampfsets><kampfset inbenutzung="false" nr="1" tzm="true" defaultrsmodel="true"><raufen><at>6</at><pa>6</pa><tp>1W+0</tp></raufen><ringen><at>7</at><pa>6</pa><tp>1W+0</tp></ringen><ausweichen>5</ausweichen><ausweichenausweichenmod>0</ausweichenausweichenmod><ausweichenakrobatikmod>0</ausweichenakrobatikmod><ausweichenmod>0</ausweichenmod><geschwindigkeitinklbe>7</geschwindigkeitinklbe><ini>9</ini><ruestungzonen><kopf>0</kopf><brust>0</brust><ruecken>0</ruecken><gesamt>0</gesamt><bauch>0</bauch><linkerarm>0</linkerarm><rechterarm>0</rechterarm><linkesbein>0</linkesbein><rechtesbein>0</rechtesbein><gesamtschutz>0</gesamtschutz><gesamtzonenschutz>0</gesamtzonenschutz><behinderung>0</behinderung></ruestungzonen><nahkampfwaffen inbenutzung="false"/><fernkampfwaffen inbenutzung="false"/><schilder inbenutzung="false"/><ruestungen inbenutzung="false"/></kampfset><kampfset inbenutzung="false" nr="1" tzm="false" defaultrsmodel="false"><raufen><at>6</at><pa>6</pa><tp>1W+0</tp></raufen><ringen><at>7</at><pa>6</pa><tp>1W+0</tp></ringen><ausweichen>5</ausweichen><ausweichenausweichenmod>0</ausweichenausweichenmod><ausweichenakrobatikmod>0</ausweichenakrobatikmod><ausweichenmod>0</ausweichenmod><geschwindigkeitinklbe>7</geschwindigkeitinklbe><ini>9</ini><ruestungeinfach><gesamt>0</gesamt><behinderung>0</behinderung></ruestungeinfach><nahkampfwaffen inbenutzung="false"/><fernkampfwaffen inbenutzung="false"/><schilder inbenutzung="false"/><ruestungen inbenutzung="false"/></kampfset><kampfset inbenutzung="false" nr="2" tzm="true" defaultrsmodel="true"><raufen><at>6</at><pa>6</pa><tp>1W+0</tp></raufen><ringen><at>7</at><pa>6</pa><tp>1W+0</tp></ringen><ausweichen>5</ausweichen><ausweichenausweichenmod>0</ausweichenausweichenmod><ausweichenakrobatikmod>0</ausweichenakrobatikmod><ausweichenmod>0</ausweichenmod><geschwindigkeitinklbe>7</geschwindigkeitinklbe><ini>9</ini><ruestungzonen><kopf>0</kopf><brust>0</brust><ruecken>0</ruecken><gesamt>0</gesamt><bauch>0</bauch><linkerarm>0</linkerarm><rechterarm>0</rechterarm><linkesbein>0</linkesbein><rechtesbein>0</rechtesbein><gesamtschutz>0</gesamtschutz><gesamtzonenschutz>0</gesamtzonenschutz><behinderung>0</behinderung></ruestungzonen><nahkampfwaffen inbenutzung="false"/><fernkampfwaffen inbenutzung="false"/><schilder inbenutzung="false"/><ruestungen inbenutzung="false"/></kampfset><kampfset inbenutzung="false" nr="2" tzm="false" defaultrsmodel="false"><raufen><at>6</at><pa>6</pa><tp>1W+0</tp></raufen><ringen><at>7</at><pa>6</pa><tp>1W+0</tp></ringen><ausweichen>5</ausweichen><ausweichenausweichenmod>0</ausweichenausweichenmod><ausweichenakrobatikmod>0</ausweichenakrobatikmod><ausweichenmod>0</ausweichenmod><geschwindigkeitinklbe>7</geschwindigkeitinklbe><ini>9</ini><ruestungeinfach><gesamt>0</gesamt><behinderung>0</behinderung></ruestungeinfach><nahkampfwaffen inbenutzung="false"/><fernkampfwaffen inbenutzung="false"/><schilder inbenutzung="false"/><ruestungen inbenutzung="false"/></kampfset><kampfset inbenutzung="false" nr="3" tzm="true" defaultrsmodel="true"><raufen><at>6</at><pa>6</pa><tp>1W+0</tp></raufen><ringen><at>7</at><pa>6</pa><tp>1W+0</tp></ringen><ausweichen>5</ausweichen><ausweichenausweichenmod>0</ausweichenausweichenmod><ausweichenakrobatikmod>0</ausweichenakrobatikmod><ausweichenmod>0</ausweichenmod><geschwindigkeitinklbe>7</geschwindigkeitinklbe><ini>9</ini><ruestungzonen><kopf>0</kopf><brust>0</brust><ruecken>0</ruecken><gesamt>0</gesamt><bauch>0</bauch><linkerarm>0</linkerarm><rechterarm>0</rechterarm><linkesbein>0</linkesbein><rechtesbein>0</rechtesbein><gesamtschutz>0</gesamtschutz><gesamtzonenschutz>0</gesamtzonenschutz><behinderung>0</behinderung></ruestungzonen><nahkampfwaffen inbenutzung="false"/><fernkampfwaffen inbenutzung="false"/><schilder inbenutzung="false"/><ruestungen inbenutzung="false"/></kampfset><kampfset inbenutzung="false" nr="3" tzm="false" defaultrsmodel="false"><raufen><at>6</at><pa>6</pa><tp>1W+0</tp></raufen><ringen><at>7</at><pa>6</pa><tp>1W+0</tp></ringen><ausweichen>5</ausweichen><ausweichenausweichenmod>0</ausweichenausweichenmod><ausweichenakrobatikmod>0</ausweichenakrobatikmod><ausweichenmod>0</ausweichenmod><geschwindigkeitinklbe>7</geschwindigkeitinklbe><ini>9</ini><ruestungeinfach><gesamt>0</gesamt><behinderung>0</behinderung></ruestungeinfach><nahkampfwaffen inbenutzung="false"/><fernkampfwaffen inbenutzung="false"/><schilder inbenutzung="false"/><ruestungen inbenutzung="false"/></kampfset></kampfsets><ereignisse><ereignis><aktion>EINSTELLUNG</aktion><alterzustand></alterzustand><ap>0</ap><asp>0</asp><bemerkung></bemerkung><date>22.05.2016 22:26</date><kp>0</kp><kommentar></kommentar><lep>0</lep><neuerzustand></neuerzustand><object>max GP für Helden: 110</object><version>HS 5.5.1</version></ereignis><ereignis><aktion>EINSTELLUNG</aktion><alterzustand></alterzustand><ap>0</ap><asp>0</asp><bemerkung></bemerkung><date>22.05.2016 22:26</date><kp>0</kp><kommentar></kommentar><lep>0</lep><neuerzustand></neuerzustand><object>max Eigenschafts-GP für Helden: 100</object><version>HS 5.5.1</version></ereignis><ereignis><aktion>EINSTELLUNG</aktion><alterzustand></alterzustand><ap>0</ap><asp>0</asp><bemerkung></bemerkung><date>22.05.2016 22:26</date><kp>0</kp><kommentar></kommentar><lep>0</lep><neuerzustand></neuerzustand><object>max Eigenschafts-Wert für Helden: 14</object><version>HS 5.5.1</version></ereignis><ereignis><aktion>RKP</aktion><alterzustand>0</alterzustand><ap>0</ap><asp>0</asp><bemerkung></bemerkung><date>22.05.2016 22:26</date><kp>0</kp><kommentar>0 GP</kommentar><lep>0</lep><neuerzustand>0</neuerzustand><object>Rasse: Tulamide</object><version>HS 5.5.1</version></ereignis><ereignis><aktion>RKP</aktion><alterzustand>0</alterzustand><ap>0</ap><asp>0</asp><bemerkung></bemerkung><date>22.05.2016 22:26</date><kp>0</kp><kommentar>3 GP</kommentar><lep>0</lep><neuerzustand>0</neuerzustand><object>Kultur: Tulamidische Stadtstaaten</object><version>HS 5.5.1</version></ereignis><ereignis><aktion>RKP</aktion><alterzustand>0</alterzustand><ap>0</ap><asp>0</asp><bemerkung></bemerkung><date>22.05.2016 22:26</date><kp>0</kp><kommentar>23 GP</kommentar><lep>0</lep><neuerzustand>0</neuerzustand><object>Profession: Privater Lehrmeister: Schüler des Rafim Bey</object><version>HS 5.5.1</version></ereignis><ereignis><aktion>EIGENSCHAFTEN</aktion><alterzustand>0</alterzustand><ap>0</ap><asp>0</asp><bemerkung></bemerkung><date>22.05.2016 22:26</date><kp>0</kp><kommentar>14 GP</kommentar><lep>0</lep><neuerzustand>14</neuerzustand><object>Mut: 14</object><version>HS 5.5.1</version></ereignis><ereignis><aktion>EIGENSCHAFTEN</aktion><alterzustand>0</alterzustand><ap>0</ap><asp>0</asp><bemerkung></bemerkung><date>22.05.2016 22:26</date><kp>0</kp><kommentar>14 GP</kommentar><lep>0</lep><neuerzustand>14</neuerzustand><object>Klugheit: 14</object><version>HS 5.5.1</version></ereignis><ereignis><aktion>EIGENSCHAFTEN</aktion><alterzustand>0</alterzustand><ap>0</ap><asp>0</asp><bemerkung></bemerkung><date>22.05.2016 22:26</date><kp>0</kp><kommentar>11 GP</kommentar><lep>0</lep><neuerzustand>11</neuerzustand><object>Intuition: 11</object><version>HS 5.5.1</version></ereignis><ereignis><aktion>EIGENSCHAFTEN</aktion><alterzustand>0</alterzustand><ap>0</ap><asp>0</asp><bemerkung></bemerkung><date>22.05.2016 22:26</date><kp>0</kp><kommentar>12 GP</kommentar><lep>0</lep><neuerzustand>12</neuerzustand><object>Charisma: 12</object><version>HS 5.5.1</version></ereignis><ereignis><aktion>EIGENSCHAFTEN</aktion><alterzustand>0</alterzustand><ap>0</ap><asp>0</asp><bemerkung></bemerkung><date>22.05.2016 22:26</date><kp>0</kp><kommentar>11 GP</kommentar><lep>0</lep><neuerzustand>11</neuerzustand><object>Fingerfertigkeit: 11</object><version>HS 5.5.1</version></ereignis><ereignis><aktion>EIGENSCHAFTEN</aktion><alterzustand>0</alterzustand><ap>0</ap><asp>0</asp><bemerkung></bemerkung><date>22.05.2016 22:26</date><kp>0</kp><kommentar>8 GP</kommentar><lep>0</lep><neuerzustand>8</neuerzustand><object>Gewandtheit: 8</object><version>HS 5.5.1</version></ereignis><ereignis><aktion>EIGENSCHAFTEN</aktion><alterzustand>0</alterzustand><ap>0</ap><asp>0</asp><bemerkung></bemerkung><date>22.05.2016 22:26</date><kp>0</kp><kommentar>8 GP</kommentar><lep>0</lep><neuerzustand>8</neuerzustand><object>Konstitution: 8</object><version>HS 5.5.1</version></ereignis><ereignis><aktion>EIGENSCHAFTEN</aktion><alterzustand>0</alterzustand><ap>0</ap><asp>0</asp><bemerkung></bemerkung><date>22.05.2016 22:26</date><kp>0</kp><kommentar>8 GP</kommentar><lep>0</lep><neuerzustand>8</neuerzustand><object>Körperkraft: 8</object><version>HS 5.5.1</version></ereignis><ereignis><aktion>EIGENSCHAFTEN</aktion><alterzustand>0</alterzustand><ap>0</ap><asp>0</asp><bemerkung></bemerkung><date>22.05.2016 22:26</date><kp>0</kp><kommentar>0 GP</kommentar><lep>0</lep><neuerzustand>5</neuerzustand><object>Sozialstatus: 5</object><version>HS 5.5.1</version></ereignis><ereignis><aktion>TALENT</aktion><alterzustand>0</alterzustand><ap>0</ap><asp>0</asp><bemerkung></bemerkung><date>22.05.2016 22:26</date><kp>0</kp><kommentar>7 AP</kommentar><lep>0</lep><neuerzustand>2</neuerzustand><object>Stäbe: 2</object><version>HS 5.5.1</version></ereignis><ereignis><aktion>TALENT</aktion><alterzustand>0</alterzustand><ap>0</ap><asp>0</asp><bemerkung></bemerkung><date>22.05.2016 22:26</date><kp>0</kp><kommentar>12 AP</kommentar><lep>0</lep><neuerzustand>3</neuerzustand><object>Stäbe: 3</object><version>HS 5.5.1</version></ereignis><ereignis><aktion>TALENT</aktion><alterzustand>0</alterzustand><ap>0</ap><asp>0</asp><bemerkung></bemerkung><date>22.05.2016 22:26</date><kp>0</kp><kommentar>17 AP</kommentar><lep>0</lep><neuerzustand>4</neuerzustand><object>Stäbe: 4</object><version>HS 5.5.1</version></ereignis><ereignis><aktion>TALENT</aktion><alterzustand>0</alterzustand><ap>0</ap><asp>0</asp><bemerkung></bemerkung><date>22.05.2016 22:26</date><kp>0</kp><kommentar>2 AP</kommentar><lep>0</lep><neuerzustand>0</neuerzustand><object>Schauspielerei: 0</object><version>HS 5.5.1</version></ereignis><ereignis><aktion>TALENT</aktion><alterzustand>0</alterzustand><ap>0</ap><asp>0</asp><bemerkung></bemerkung><date>22.05.2016 22:26</date><kp>0</kp><kommentar>2 AP</kommentar><lep>0</lep><neuerzustand>1</neuerzustand><object>Schauspielerei: 1</object><version>HS 5.5.1</version></ereignis><ereignis><aktion>TALENT</aktion><alterzustand>0</alterzustand><ap>0</ap><asp>0</asp><bemerkung></bemerkung><date>22.05.2016 22:26</date><kp>0</kp><kommentar>4 AP</kommentar><lep>0</lep><neuerzustand>2</neuerzustand><object>Schauspielerei: 2</object><version>HS 5.5.1</version></ereignis><ereignis><aktion>TALENT</aktion><alterzustand>0</alterzustand><ap>0</ap><asp>0</asp><bemerkung></bemerkung><date>22.05.2016 22:26</date><kp>0</kp><kommentar>6 AP</kommentar><lep>0</lep><neuerzustand>3</neuerzustand><object>Schauspielerei: 3</object><version>HS 5.5.1</version></ereignis><ereignis><aktion>TALENT</aktion><alterzustand>0</alterzustand><ap>0</ap><asp>0</asp><bemerkung></bemerkung><date>22.05.2016 22:26</date><kp>0</kp><kommentar>4 AP</kommentar><lep>0</lep><neuerzustand>2</neuerzustand><object>Sich verkleiden: 2</object><version>HS 5.5.1</version></ereignis><ereignis><aktion>TALENT</aktion><alterzustand>0</alterzustand><ap>0</ap><asp>0</asp><bemerkung></bemerkung><date>22.05.2016 22:26</date><kp>0</kp><kommentar>6 AP</kommentar><lep>0</lep><neuerzustand>3</neuerzustand><object>Sich verkleiden: 3</object><version>HS 5.5.1</version></ereignis><ereignis><aktion>TALENT</aktion><alterzustand>0</alterzustand><ap>0</ap><asp>0</asp><bemerkung></bemerkung><date>22.05.2016 22:26</date><kp>0</kp><kommentar>2 AP</kommentar><lep>0</lep><neuerzustand>1</neuerzustand><object>Wildnisleben: 1</object><version>HS 5.5.1</version></ereignis><ereignis><aktion>TALENT</aktion><alterzustand>0</alterzustand><ap>0</ap><asp>0</asp><bemerkung></bemerkung><date>22.05.2016 22:26</date><kp>0</kp><kommentar>8 AP</kommentar><lep>0</lep><neuerzustand>4</neuerzustand><object>Pflanzenkunde: 4</object><version>HS 5.5.1</version></ereignis><ereignis><aktion>TALENT</aktion><alterzustand>0</alterzustand><ap>0</ap><asp>0</asp><bemerkung></bemerkung><date>22.05.2016 22:26</date><kp>0</kp><kommentar>6 AP</kommentar><lep>0</lep><neuerzustand>3</neuerzustand><object>Alchimie: 3</object><version>HS 5.5.1</version></ereignis><ereignis><aktion>TALENT</aktion><alterzustand>0</alterzustand><ap>0</ap><asp>0</asp><bemerkung></bemerkung><date>22.05.2016 22:26</date><kp>0</kp><kommentar>8 AP</kommentar><lep>0</lep><neuerzustand>4</neuerzustand><object>Alchimie: 4</object><version>HS 5.5.1</version></ereignis><ereignis><aktion>ZAUBER</aktion><alterzustand>0</alterzustand><ap>0</ap><asp>0</asp><bemerkung></bemerkung><date>22.05.2016 22:26</date><kp>0</kp><kommentar>2 AP</kommentar><lep>0</lep><neuerzustand>0</neuerzustand><object>Bannbaladin [Magier]: 0</object><version>HS 5.5.1</version></ereignis><ereignis><aktion>ZAUBER</aktion><alterzustand>0</alterzustand><ap>0</ap><asp>0</asp><bemerkung></bemerkung><date>22.05.2016 22:26</date><kp>0</kp><kommentar>2 AP</kommentar><lep>0</lep><neuerzustand>1</neuerzustand><object>Bannbaladin [Magier]: 1</object><version>HS 5.5.1</version></ereignis><ereignis><aktion>ZAUBER</aktion><alterzustand>0</alterzustand><ap>0</ap><asp>0</asp><bemerkung></bemerkung><date>22.05.2016 22:26</date><kp>0</kp><kommentar>4 AP</kommentar><lep>0</lep><neuerzustand>2</neuerzustand><object>Bannbaladin [Magier]: 2</object><version>HS 5.5.1</version></ereignis><ereignis><aktion>ZAUBER</aktion><alterzustand>0</alterzustand><ap>0</ap><asp>0</asp><bemerkung></bemerkung><date>22.05.2016 22:26</date><kp>0</kp><kommentar>7 AP</kommentar><lep>0</lep><neuerzustand>2</neuerzustand><object>Blick in die Gedanken [Magier]: 2</object><version>HS 5.5.1</version></ereignis><ereignis><aktion>SF</aktion><alterzustand>0</alterzustand><ap>0</ap><asp>0</asp><bemerkung></bemerkung><date>22.05.2016 22:26</date><kp>0</kp><kommentar>100 AP</kommentar><lep>0</lep><neuerzustand>0</neuerzustand><object>Bannschwert</object><version>HS 5.5.1</version></ereignis><ereignis><aktion>SF</aktion><alterzustand>0</alterzustand><ap>0</ap><asp>0</asp><bemerkung></bemerkung><date>22.05.2016 22:26</date><kp>0</kp><kommentar>50 AP</kommentar><lep>0</lep><neuerzustand>0</neuerzustand><object>Regeneration I</object><version>HS 5.5.1</version></ereignis><ereignis><aktion>SF</aktion><alterzustand>0</alterzustand><ap>0</ap><asp>0</asp><bemerkung></bemerkung><date>22.05.2016 22:26</date><kp>0</kp><kommentar>150 AP</kommentar><lep>0</lep><neuerzustand>0</neuerzustand><object>Stabzauber: Hammer des Magus</object><version>HS 5.5.1</version></ereignis><ereignis><aktion>SF</aktion><alterzustand>0</alterzustand><ap>0</ap><asp>0</asp><bemerkung></bemerkung><date>22.05.2016 22:26</date><kp>0</kp><kommentar>100 AP</kommentar><lep>0</lep><neuerzustand>0</neuerzustand><object>Zauberzeichen</object><version>HS 5.5.1</version></ereignis><ereignis><aktion>VORTEILE</aktion><alterzustand>0</alterzustand><ap>0</ap><asp>0</asp><bemerkung></bemerkung><date>22.05.2016 22:26</date><kp>0</kp><kommentar>-5 GP</kommentar><lep>0</lep><neuerzustand>0</neuerzustand><object>Eingeschränkter Sinn: Geruchssinn</object><version>HS 5.5.1</version></ereignis><ereignis><aktion>VORTEILE</aktion><alterzustand>0</alterzustand><ap>0</ap><asp>0</asp><bemerkung></bemerkung><date>22.05.2016 22:26</date><kp>0</kp><kommentar>1 GP</kommentar><lep>0</lep><neuerzustand>0</neuerzustand><object>Neugier: 4</object><version>HS 5.5.1</version></ereignis><ereignis><aktion>VORTEILE</aktion><alterzustand>0</alterzustand><ap>0</ap><asp>0</asp><bemerkung></bemerkung><date>22.05.2016 22:26</date><kp>0</kp><kommentar>0 GP</kommentar><lep>0</lep><neuerzustand>0</neuerzustand><object>Verpflichtungen</object><version>HS 5.5.1</version></ereignis><ereignis><aktion>VORTEILE</aktion><alterzustand>0</alterzustand><ap>0</ap><asp>0</asp><bemerkung></bemerkung><date>22.05.2016 22:26</date><kp>0</kp><kommentar>0 GP</kommentar><lep>0</lep><neuerzustand>0</neuerzustand><object>Vollzauberer</object><version>HS 5.5.1</version></ereignis><ereignis><aktion>VORTEILE</aktion><alterzustand>0</alterzustand><ap>0</ap><asp>0</asp><bemerkung></bemerkung><date>22.05.2016 22:26</date><kp>0</kp><kommentar>-4 GP</kommentar><lep>0</lep><neuerzustand>0</neuerzustand><object>Vorurteile gegen: Dicke Menschen 8</object><version>HS 5.5.1</version></ereignis><ereignis><aktion>Lesen/Schreiben Tulamidya</aktion><alterzustand></alterzustand><ap>0</ap><asp>0</asp><bemerkung></bemerkung><date>22.05.2016 22:26</date><kp>0</kp><kommentar></kommentar><lep>0</lep><neuerzustand></neuerzustand><object>Auswahl</object><version>HS 5.5.1</version></ereignis><ereignis><aktion>Taschendiebstahl</aktion><alterzustand></alterzustand><ap>0</ap><asp>0</asp><bemerkung></bemerkung><date>22.05.2016 22:26</date><kp>0</kp><kommentar></kommentar><lep>0</lep><neuerzustand>1</neuerzustand><object>Auswahl</object><version>HS 5.5.1</version></ereignis><ereignis><aktion>Hartes schmelze! [Borbaradianer] [Borbaradianer]</aktion><alterzustand></alterzustand><ap>0</ap><asp>0</asp><bemerkung></bemerkung><date>22.05.2016 22:26</date><kp>0</kp><kommentar></kommentar><lep>0</lep><neuerzustand>1</neuerzustand><object>Auswahl</object><version>HS 5.5.1</version></ereignis><ereignis><aktion>Salander Mutander [Magier] [Magier]</aktion><alterzustand></alterzustand><ap>0</ap><asp>0</asp><bemerkung></bemerkung><date>22.05.2016 22:26</date><kp>0</kp><kommentar></kommentar><lep>0</lep><neuerzustand>4</neuerzustand><object>Auswahl</object><version>HS 5.5.1</version></ereignis><ereignis><aktion>Blick in die Gedanken [Magier] [Magier]</aktion><alterzustand></alterzustand><ap>0</ap><asp>0</asp><bemerkung></bemerkung><date>22.05.2016 22:26</date><kp>0</kp><kommentar></kommentar><lep>0</lep><neuerzustand>1</neuerzustand><object>Auswahl</object><version>HS 5.5.1</version></ereignis></ereignisse></daten>