<?xml version="1.0" encoding="UTF-8" standalone="no"?>
<?xml-stylesheet type="text/xsl" href="helden.xsl"?><helden Version="5.5.3">
<held key="1463948810023" name="Abdul ibn Nasreddin" stand="1463948837393">
<mods/>
<basis>
<geschlecht name="männlich"/>
<settings name="DSA4.1"/>
<rasse name="helden.model.rasse.Tulamide" string="Tulamide">
<groesse gewicht="67" value="172"/>
<aussehen alter="18" augenfarbe="dunkelbraun" aussehentext0="" aussehentext1="" aussehentext2="" aussehentext3="" familietext0="" familietext1="" familietext2="" familietext3="" familietext4="" familietext5="" gbjahr="1003" gbmonat="9" gbtag="22" gprest="6" gpstart="110" haarfarbe="blond" kalender="Bosparans Fall" stand="" titel=""/>
</rasse>
<kultur name="helden.model.kultur.TulamidischeStadtstaaten" schrift="Lesen/Schreiben Tulamidya" string="Tulamidische Stadtstaaten" zweitsprache="Sprachen kennen Garethi"/>
<ausbildungen>
<ausbildung art="Hauptprofession" name="helden.model.profession.Lehrmeister" string="Privater Lehrmeister: Schüler des Rafim Bey" tarnidentitaet="">
<variante name="Schüler des Rafim Bey"/>
</ausbildung>
</ausbildungen>
<verify value="1"/>
<notiz notiz0="Notizen" notiz1="" notiz10="" notiz11="" notiz2="" notiz3="" notiz4="" notiz5="" notiz6="" notiz7="" notiz8="" notiz9=""/>
<portraet value=""/>
<abenteuerpunkte value="500"/>
<freieabenteuerpunkte value="1"/>
<gilde name="keine"/>
</basis>
<eigenschaften>
<eigenschaft mod="0" name="Mut" startwert="14" value="14"/>
<eigenschaft mod="0" name="Klugheit" startwert="14" value="14"/>
<eigenschaft mod="0" name="Intuition" startwert="11" value="11"/>
<eigenschaft mod="0" name="Charisma" startwert="12" value="12"/>
<eigenschaft mod="0" name="Fingerfertigkeit" startwert="11" value="11"/>
<eigenschaft mod="0" name="Gewandtheit" startwert="8" value="8"/>
<eigenschaft mod="0" name="Konstitution" startwert="8" value="8"/>
<eigenschaft mod="0" name="Körperkraft" startwert="8" value="8"/>
<eigenschaft mod="0" name="Sozialstatus" startwert="5" value="5"/>
<eigenschaft mod="10" name="Lebensenergie" value="0"/>
<eigenschaft mod="10" name="Ausdauer" value="0"/>
<eigenschaft grossemeditation="0" mod="11" mrmod="-1" name="Astralenergie" permanent="-1" value="0"/>
<eigenschaft karmalqueste="0" mod="0" name="Karmaenergie" value="0"/>
<eigenschaft mod="-1" name="Magieresistenz" value="0"/>
<eigenschaft mod="0" name="ini" value="9"/>
<eigenschaft mod="0" name="at" value="6"/>
<eigenschaft mod="0" name="pa" value="5"/>
<eigenschaft mod="0" name="fk" value="6"/>
</eigenschaften>
<vt>
<vorteil name="Vollzauberer"/>
<vorteil name="Eingeschränkter Sinn" value="Geruchssinn"/>
<vorteil name="Neugier" value="4"/>
<vorteil name="Verpflichtungen"/>
<vorteil name="Vorurteile gegen">
<auswahl position="0" value="8"/>
<auswahl position="1" value="Dicke Menschen"/>
</vorteil>
</vt>
<sf>
<sonderfertigkeit name="Bannschwert"/>
<sonderfertigkeit name="Große Meditation"/>
<sonderfertigkeit name="Invocatio Integra"/>
<sonderfertigkeit name="Kulturkunde">
<kultur name="Tulamidenlande"/>
</sonderfertigkeit>
<sonderfertigkeit name="Merkmalskenntnis: Dämonisch"/>
<sonderfertigkeit name="Regeneration I"/>
<sonderfertigkeit name="Repräsentation: Magier"/>
<sonderfertigkeit name="Ritualkenntnis: Gildenmagie"/>
<sonderfertigkeit name="Stabzauber: Bindung"/>
<sonderfertigkeit name="Stabzauber: Hammer des Magus"/>
<sonderfertigkeit name="Zauberzeichen"/>
<sonderfertigkeit name="Zauberzeichen: Bann- und Schutzkreis gegen gehörnte Dämonen"/>
<sonderfertigkeit name="Zauberzeichen: Bann- und Schutzkreis gegen niedere Dämonen"/>
<sonderfertigkeit name="Zauberzeichen: Satinavs Siegel"/>
</sf>
<ereignisse>
<ereignis obj="max GP für Helden: 110" text="EINSTELLUNG" time="1463948812082" version="HS 5.5.1"/>
<ereignis obj="max Eigenschafts-GP für Helden: 100" text="EINSTELLUNG" time="1463948812082" version="HS 5.5.1"/>
<ereignis obj="max Eigenschafts-Wert für Helden: 14" text="EINSTELLUNG" time="1463948812082" version="HS 5.5.1"/>
<ereignis Alt="0" Neu="0" kommentar="0 GP" obj="Rasse: Tulamide" text="RKP" time="1463948812083" version="HS 5.5.1"/>
<ereignis Alt="0" Neu="0" kommentar="3 GP" obj="Kultur: Tulamidische Stadtstaaten" text="RKP" time="1463948812083" version="HS 5.5.1"/>
<ereignis Alt="0" Neu="0" kommentar="23 GP" obj="Profession: Privater Lehrmeister: Schüler des Rafim Bey" text="RKP" time="1463948812083" version="HS 5.5.1"/>
<ereignis Alt="0" Neu="14" kommentar="14 GP" obj="Mut: 14" text="EIGENSCHAFTEN" time="1463948812083" version="HS 5.5.1"/>
<ereignis Alt="0" Neu="14" kommentar="14 GP" obj="Klugheit: 14" text="EIGENSCHAFTEN" time="1463948812083" version="HS 5.5.1"/>
<ereignis Alt="0" Neu="11" kommentar="11 GP" obj="Intuition: 11" text="EIGENSCHAFTEN" time="1463948812083" version="HS 5.5.1"/>
<ereignis Alt="0" Neu="12" kommentar="12 GP" obj="Charisma: 12" text="EIGENSCHAFTEN" time="1463948812083" version="HS 5.5.1"/>
<ereignis Alt="0" Neu="11" kommentar="11 GP" obj="Fingerfertigkeit: 11" text="EIGENSCHAFTEN" time="1463948812083" version="HS 5.5.1"/>
<ereignis Alt="0" Neu="8" kommentar="8 GP" obj="Gewandtheit: 8" text="EIGENSCHAFTEN" time="1463948812083" version="HS 5.5.1"/>
<ereignis Alt="0" Neu="8" kommentar="8 GP" obj="Konstitution: 8" text="EIGENSCHAFTEN" time="1463948812083" version="HS 5.5.1"/>
<ereignis Alt="0" Neu="8" kommentar="8 GP" obj="Körperkraft: 8" text="EIGENSCHAFTEN" time="1463948812083" version="HS 5.5.1"/>
<ereignis Alt="0" Neu="5" kommentar="0 GP" obj="Sozialstatus: 5" text="EIGENSCHAFTEN" time="1463948812083" version="HS 5.5.1"/>
<ereignis Alt="0" Neu="2" kommentar="7 AP" obj="Stäbe: 2" text="TALENT" time="1463948812083" version="HS 5.5.1"/>
<ereignis Alt="0" Neu="3" kommentar="12 AP" obj="Stäbe: 3" text="TALENT" time="1463948812083" version="HS 5.5.1"/>
<ereignis Alt="0" Neu="4" kommentar="17 AP" obj="Stäbe: 4" text="TALENT" time="1463948812083" version="HS 5.5.1"/>
<ereignis Alt="0" Neu="0" kommentar="2 AP" obj="Schauspielerei: 0" text="TALENT" time="1463948812083" version="HS 5.5.1"/>
<ereignis Alt="0" Neu="1" kommentar="2 AP" obj="Schauspielerei: 1" text="TALENT" time="1463948812083" version="HS 5.5.1"/>
<ereignis Alt="0" Neu="2" kommentar="4 AP" obj="Schauspielerei: 2" text="TALENT" time="1463948812083" version="HS 5.5.1"/>
<ereignis Alt="0" Neu="3" kommentar="6 AP" obj="Schauspielerei: 3" text="TALENT" time="1463948812083" version="HS 5.5.1"/>
<ereignis Alt="0" Neu="2" kommentar="4 AP" obj="Sich verkleiden: 2" text="TALENT" time="1463948812083" version="HS 5.5.1"/>
<ereignis Alt="0" Neu="3" kommentar="6 AP" obj="Sich verkleiden: 3" text="TALENT" time="1463948812083" version="HS 5.5.1"/>
<ereignis Alt="0" Neu="1" kommentar="2 AP" obj="Wildnisleben: 1" text="TALENT" time="1463948812083" version="HS 5.5.1"/>
<ereignis Alt="0" Neu="4" kommentar="8 AP" obj="Pflanzenkunde: 4" text="TALENT" time="1463948812084" version="HS 5.5.1"/>
<ereignis Alt="0" Neu="3" kommentar="6 AP" obj="Alchimie: 3" text="TALENT" time="1463948812084" version="HS 5.5.1"/>
<ereignis Alt="0" Neu="4" kommentar="8 AP" obj="Alchimie: 4" text="TALENT" time="1463948812084" version="HS 5.5.1"/>
<ereignis Alt="0" Neu="0" kommentar="2 AP" obj="Bannbaladin [Magier]: 0" text="ZAUBER" time="1463948812084" version="HS 5.5.1"/>
<ereignis Alt="0" Neu="1" kommentar="2 AP" obj="Bannbaladin [Magier]: 1" text="ZAUBER" time="1463948812084" version="HS 5.5.1"/>
<ereignis Alt="0" Neu="2" kommentar="4 AP" obj="Bannbaladin [Magier]: 2" text="ZAUBER" time="1463948812084" version="HS 5.5.1"/>
<ereignis Alt="0" Neu="2" kommentar="7 AP" obj="Blick in die Gedanken [Magier]: 2" text="ZAUBER" time="1463948812084" version="HS 5.5.1"/>
<ereignis Alt="0" Neu="0" kommentar="100 AP" obj="Bannschwert" text="SF" time="1463948812084" version="HS 5.5.1"/>
<ereignis Alt="0" Neu="0" kommentar="50 AP" obj="Regeneration I" text="SF" time="1463948812084" version="HS 5.5.1"/>
<ereignis Alt="0" Neu="0" kommentar="150 AP" obj="Stabzauber: Hammer des Magus" text="SF" time="1463948812084" version="HS 5.5.1"/>
<ereignis Alt="0" Neu="0" kommentar="100 AP" obj="Zauberzeichen" text="SF" time="1463948812084" version="HS 5.5.1"/>
<ereignis Alt="0" Neu="0" kommentar="-5 GP" obj="Eingeschränkter Sinn: Geruchssinn" text="VORTEILE" time="1463948812084" version="HS 5.5.1"/>
<ereignis Alt="0" Neu="0" kommentar="1 GP" obj="Neugier: 4" text="VORTEILE" time="1463948812084" version="HS 5.5.1"/>
<ereignis Alt="0" Neu="0" kommentar="0 GP" obj="Verpflichtungen" text="VORTEILE" time="1463948812084" version="HS 5.5.1"/>
<ereignis Alt="0" Neu="0" kommentar="0 GP" obj="Vollzauberer" text="VORTEILE" time="1463948812084" version="HS 5.5.1"/>
<ereignis Alt="0" Neu="0" kommentar="-4 GP" obj="Vorurteile gegen: Dicke Menschen 8" text="VORTEILE" time="1463948812084" version="HS 5.5.1"/>
<ereignis obj="Auswahl" text="Lesen/Schreiben Tulamidya" time="1463948812084" version="HS 5.5.1"/>
<ereignis Neu="1" obj="Auswahl" text="Taschendiebstahl" time="1463948812084" version="HS 5.5.1"/>
<ereignis Neu="1" obj="Auswahl" text="Hartes schmelze! [Borbaradianer] [Borbaradianer]" time="1463948812084" version="HS 5.5.1"/>
<ereignis Neu="4" obj="Auswahl" text="Salander Mutander [Magier] [Magier]" time="1463948812084" version="HS 5.5.1"/>
<ereignis Neu="1" obj="Auswahl" text="Blick in die Gedanken [Magier] [Magier]" time="1463948812084" version="HS 5.5.1"/>
</ereignisse>
<talentliste>
<talent lernmethode="Gegenseitiges Lehren" name="Dolche" probe=" (GE/GE/KK)" value="2"/>
<talent lernmethode="Gegenseitiges Lehren" name="Hiebwaffen" probe=" (GE/GE/KK)" value="0"/>
<talent lernmethode="Gegenseitiges Lehren" name="Raufen" probe=" (GE/GE/KK)" value="1"/>
<talent lernmethode="Gegenseitiges Lehren" name="Ringen" probe=" (GE/GE/KK)" value="2"/>
<talent lernmethode="Gegenseitiges Lehren" name="Säbel" probe=" (GE/GE/KK)" value="1"/>
<talent lernmethode="Gegenseitiges Lehren" name="Stäbe" probe=" (GE/GE/KK)" value="4"/>
<talent lernmethode="Gegenseitiges Lehren" name="Wurfmesser" probe=" (GE/FF/KK)" value="0"/>
<talent be="BEx2" lernmethode="Gegenseitiges Lehren" name="Athletik" probe=" (GE/KO/KK)" value="0"/>
<talent be="BEx2" lernmethode="Gegenseitiges Lehren" name="Klettern" probe=" (MU/GE/KK)" value="1"/>
<talent be="BEx2" lernmethode="Gegenseitiges Lehren" name="Körperbeherrschung" probe=" (MU/IN/GE)" value="1"/>
<talent be="BE-2" lernmethode="Gegenseitiges Lehren" name="Reiten" probe=" (CH/GE/KK)" value="2"/>
<talent be="BE" lernmethode="Gegenseitiges Lehren" name="Schleichen" probe=" (MU/IN/GE)" value="1"/>
<talent be="BEx2" lernmethode="Gegenseitiges Lehren" name="Schwimmen" probe=" (GE/KO/KK)" value="0"/>
<talent be="" lernmethode="Gegenseitiges Lehren" name="Selbstbeherrschung" probe=" (MU/KO/KK)" value="2"/>
<talent be="BE-2" lernmethode="Gegenseitiges Lehren" name="Sich verstecken" probe=" (MU/IN/GE)" value="1"/>
<talent be="BE-3" lernmethode="Gegenseitiges Lehren" name="Singen" probe=" (IN/CH/CH)" value="0"/>
<talent be="0-&gt;BE" lernmethode="Gegenseitiges Lehren" name="Sinnenschärfe" probe=" (KL/IN/IN)" value="2"/>
<talent be="BEx2" lernmethode="Gegenseitiges Lehren" name="Tanzen" probe=" (CH/GE/GE)" value="1"/>
<talent be="BEx2" lernmethode="Gegenseitiges Lehren" name="Taschendiebstahl" probe=" (MU/IN/FF)" value="1"/>
<talent be="" lernmethode="Gegenseitiges Lehren" name="Zechen" probe=" (IN/KO/KK)" value="4"/>
<talent lernmethode="Gegenseitiges Lehren" name="Etikette" probe=" (KL/IN/CH)" value="3"/>
<talent lernmethode="Gegenseitiges Lehren" name="Gassenwissen" probe=" (KL/IN/CH)" value="1"/>
<talent lernmethode="Gegenseitiges Lehren" name="Lehren" probe=" (KL/IN/CH)" value="2"/>
<talent lernmethode="Gegenseitiges Lehren" name="Menschenkenntnis" probe=" (KL/IN/CH)" value="2"/>
<talent lernmethode="Gegenseitiges Lehren" name="Schauspielerei" probe=" (MU/KL/CH)" value="3"/>
<talent lernmethode="Gegenseitiges Lehren" name="Sich verkleiden" probe=" (MU/CH/GE)" value="3"/>
<talent lernmethode="Gegenseitiges Lehren" name="Überreden" probe=" (MU/IN/CH)" value="3"/>
<talent lernmethode="Gegenseitiges Lehren" name="Fährtensuchen" probe=" (KL/IN/KO)" value="0"/>
<talent lernmethode="Gegenseitiges Lehren" name="Orientierung" probe=" (KL/IN/IN)" value="2"/>
<talent lernmethode="Gegenseitiges Lehren" name="Wildnisleben" probe=" (IN/GE/KO)" value="1"/>
<talent lernmethode="Gegenseitiges Lehren" name="Brett-/Kartenspiel" probe=" (KL/KL/IN)" value="5"/>
<talent lernmethode="Gegenseitiges Lehren" name="Geschichtswissen" probe=" (KL/KL/IN)" value="3"/>
<talent lernmethode="Gegenseitiges Lehren" name="Gesteinskunde" probe=" (KL/IN/FF)" value="1"/>
<talent lernmethode="Gegenseitiges Lehren" name="Götter und Kulte" probe=" (KL/KL/IN)" value="3"/>
<talent lernmethode="Gegenseitiges Lehren" name="Magiekunde" probe=" (KL/KL/IN)" value="4"/>
<talent lernmethode="Gegenseitiges Lehren" name="Mechanik" probe=" (KL/KL/FF)" value="3"/>
<talent lernmethode="Gegenseitiges Lehren" name="Pflanzenkunde" probe=" (KL/IN/FF)" value="4"/>
<talent lernmethode="Gegenseitiges Lehren" name="Rechnen" probe=" (KL/KL/IN)" value="5"/>
<talent lernmethode="Gegenseitiges Lehren" name="Rechtskunde" probe=" (KL/KL/IN)" value="3"/>
<talent lernmethode="Gegenseitiges Lehren" name="Sagen und Legenden" probe=" (KL/IN/CH)" value="4"/>
<talent lernmethode="Gegenseitiges Lehren" name="Schätzen" probe=" (KL/IN/IN)" value="2"/>
<talent lernmethode="Gegenseitiges Lehren" name="Sternkunde" probe=" (KL/KL/IN)" value="2"/>
<talent lernmethode="Gegenseitiges Lehren" name="Tierkunde" probe=" (MU/KL/IN)" value="2"/>
<talent k="18" lernmethode="Gegenseitiges Lehren" name="Sprachen kennen Garethi" probe=" (KL/IN/CH)" value="10"/>
<talent k="18" lernmethode="Gegenseitiges Lehren" name="Sprachen kennen Tulamidya" probe=" (KL/IN/CH)" value="14"/>
<talent k="21" lernmethode="Gegenseitiges Lehren" name="Sprachen kennen Urtulamidya" probe=" (KL/IN/CH)" value="5"/>
<talent k="15" lernmethode="Gegenseitiges Lehren" name="Sprachen kennen Zhayad" probe=" (KL/IN/CH)" value="8"/>
<talent k="10" lernmethode="Gegenseitiges Lehren" name="Lesen/Schreiben Kusliker Zeichen" probe=" (KL/KL/FF)" value="5"/>
<talent k="14" lernmethode="Gegenseitiges Lehren" name="Lesen/Schreiben Tulamidya" probe=" (KL/KL/FF)" value="8"/>
<talent k="16" lernmethode="Gegenseitiges Lehren" name="Lesen/Schreiben Urtulamidya" probe=" (KL/KL/FF)" value="5"/>
<talent k="18" lernmethode="Gegenseitiges Lehren" name="Lesen/Schreiben Zhayad" probe=" (KL/KL/FF)" value="8"/>
<talent lernmethode="Gegenseitiges Lehren" name="Alchimie" probe=" (MU/KL/FF)" value="4"/>
<talent lernmethode="Gegenseitiges Lehren" name="Hauswirtschaft" probe=" (IN/CH/FF)" value="3"/>
<talent lernmethode="Gegenseitiges Lehren" name="Heilkunde: Wunden" probe=" (KL/CH/FF)" value="0"/>
<talent lernmethode="Gegenseitiges Lehren" name="Holzbearbeitung" probe=" (KL/FF/KK)" value="0"/>
<talent lernmethode="Gegenseitiges Lehren" name="Kochen" probe=" (KL/IN/FF)" value="0"/>
<talent lernmethode="Gegenseitiges Lehren" name="Lederarbeiten" probe=" (KL/FF/FF)" value="0"/>
<talent lernmethode="Gegenseitiges Lehren" name="Malen/Zeichnen" probe=" (KL/IN/FF)" value="4"/>
<talent lernmethode="Gegenseitiges Lehren" name="Schneidern" probe=" (KL/FF/FF)" value="0"/>
<talent lernmethode="Gegenseitiges Lehren" name="Winzer" probe=" (KL/FF/KK)" value="3"/>
<talent lernmethode="Gegenseitiges Lehren" name="Ritualkenntnis: Gildenmagie" probe=" (--/--/--)" value="3"/>
</talentliste>
<zauberliste>
<zauber anmerkungen="" hauszauber="true" k="C" kosten="" lernmethode="Gegenseitiges Lehren" name="Abvenenum reine Speise" probe=" (KL/KL/FF)" reichweite="" repraesentation="Magier" value="5" variante="" wirkungsdauer="" zauberdauer="" zauberkommentar=""/>
<zauber anmerkungen="" hauszauber="false" k="D" kosten="" lernmethode="Gegenseitiges Lehren" name="Analys Arkanstruktur" probe=" (KL/KL/IN)" reichweite="" repraesentation="Magier" value="1" variante="" wirkungsdauer="" zauberdauer="" zauberkommentar=""/>
<zauber anmerkungen="" hauszauber="false" k="B" kosten="" lernmethode="Gegenseitiges Lehren" name="Attributo" probe=" (KL/CH/**)" reichweite="" repraesentation="Magier" value="2" variante="" wirkungsdauer="" zauberdauer="" zauberkommentar=""/>
<zauber anmerkungen="" hauszauber="false" k="C" kosten="" lernmethode="Gegenseitiges Lehren" name="Balsam Salabunde" probe=" (KL/IN/CH)" reichweite="" repraesentation="Magier" value="1" variante="" wirkungsdauer="" zauberdauer="" zauberkommentar=""/>
<zauber anmerkungen="" hauszauber="false" k="B" kosten="" lernmethode="Gegenseitiges Lehren" name="Bannbaladin" probe=" (IN/CH/CH)" reichweite="" repraesentation="Magier" value="2" variante="" wirkungsdauer="" zauberdauer="" zauberkommentar=""/>
<zauber anmerkungen="" hauszauber="false" k="C" kosten="" lernmethode="Gegenseitiges Lehren" name="Beschwörung vereiteln" probe=" (MU/IN/CH)" reichweite="" repraesentation="Magier" value="4" variante="" wirkungsdauer="" zauberdauer="" zauberkommentar=""/>
<zauber anmerkungen="" hauszauber="false" k="D" kosten="" lernmethode="Gegenseitiges Lehren" name="Blick in die Gedanken" probe=" (KL/KL/CH)" reichweite="" repraesentation="Magier" value="2" variante="" wirkungsdauer="" zauberdauer="" zauberkommentar=""/>
<zauber anmerkungen="" hauszauber="false" k="B" kosten="" lernmethode="Gegenseitiges Lehren" name="Blitz dich find" probe=" (KL/IN/GE)" reichweite="" repraesentation="Magier" value="2" variante="" wirkungsdauer="" zauberdauer="" zauberkommentar=""/>
<zauber anmerkungen="" hauszauber="false" k="C" kosten="" lernmethode="Gegenseitiges Lehren" name="Elementarbann" probe=" (IN/CH/KO)" reichweite="" repraesentation="Magier" value="3" variante="" wirkungsdauer="" zauberdauer="" zauberkommentar=""/>
<zauber anmerkungen="" hauszauber="false" k="A" kosten="" lernmethode="Gegenseitiges Lehren" name="Flim Flam Funkel" probe=" (KL/KL/FF)" reichweite="" repraesentation="Magier" value="5" variante="" wirkungsdauer="" zauberdauer="" zauberkommentar=""/>
<zauber anmerkungen="" hauszauber="false" k="C" kosten="" lernmethode="Gegenseitiges Lehren" name="Fulminictus Donnerkeil" probe=" (IN/GE/KO)" reichweite="" repraesentation="Magier" value="3" variante="" wirkungsdauer="" zauberdauer="" zauberkommentar=""/>
<zauber anmerkungen="" hauszauber="true" k="D" kosten="" lernmethode="Gegenseitiges Lehren" name="Gardianum Zauberschild" probe=" (KL/IN/KO)" reichweite="" repraesentation="Magier" value="4" variante="" wirkungsdauer="" zauberdauer="" zauberkommentar=""/>
<zauber anmerkungen="" hauszauber="false" k="C" kosten="" lernmethode="Gegenseitiges Lehren" name="Hartes schmelze!" probe=" (MU/KL/KK)" reichweite="" repraesentation="Borbaradianer" value="1" variante="" wirkungsdauer="" zauberdauer="" zauberkommentar=""/>
<zauber anmerkungen="" hauszauber="true" k="E" kosten="" lernmethode="Gegenseitiges Lehren" name="Invocatio maior" probe=" (MU/MU/CH)" reichweite="" repraesentation="Magier" value="7" variante="" wirkungsdauer="" zauberdauer="" zauberkommentar=""/>
<zauber anmerkungen="" hauszauber="true" k="D" kosten="" lernmethode="Gegenseitiges Lehren" name="Invocatio minor" probe=" (MU/MU/CH)" reichweite="" repraesentation="Magier" value="7" variante="" wirkungsdauer="" zauberdauer="" zauberkommentar=""/>
<zauber anmerkungen="" hauszauber="true" k="D" kosten="" lernmethode="Gegenseitiges Lehren" name="Klarum Purum" probe=" (KL/KL/CH)" reichweite="" repraesentation="Magier" value="7" variante="" wirkungsdauer="" zauberdauer="" zauberkommentar=""/>
<zauber anmerkungen="" hauszauber="false" k="A" kosten="" lernmethode="Gegenseitiges Lehren" name="Manifesto Element" probe=" (KL/IN/CH)" reichweite="" repraesentation="Magier" value="3" variante="" wirkungsdauer="" zauberdauer="" zauberkommentar=""/>
<zauber anmerkungen="" hauszauber="false" k="A" kosten="" lernmethode="Gegenseitiges Lehren" name="Odem Arcanum" probe=" (KL/IN/IN)" reichweite="" repraesentation="Magier" value="5" variante="" wirkungsdauer="" zauberdauer="" zauberkommentar=""/>
<zauber anmerkungen="" hauszauber="true" k="D" kosten="" lernmethode="Gegenseitiges Lehren" name="Pentagramma Sphärenbann" probe=" (MU/MU/CH)" reichweite="" repraesentation="Magier" value="4" variante="" wirkungsdauer="" zauberdauer="" zauberkommentar=""/>
<zauber anmerkungen="" hauszauber="true" k="E" kosten="" lernmethode="Gegenseitiges Lehren" name="Salander Mutander" probe=" (KL/CH/KO)" reichweite="" repraesentation="Magier" value="4" variante="" wirkungsdauer="" zauberdauer="" zauberkommentar=""/>
</zauberliste>
<kampf>
<kampfwerte name="Dolche">
<attacke value="8"/>
<parade value="5"/>
</kampfwerte>
<kampfwerte name="Hiebwaffen">
<attacke value="6"/>
<parade value="5"/>
</kampfwerte>
<kampfwerte name="Raufen">
<attacke value="6"/>
<parade value="6"/>
</kampfwerte>
<kampfwerte name="Ringen">
<attacke value="7"/>
<parade value="6"/>
</kampfwerte>
<kampfwerte name="Säbel">
<attacke value="6"/>
<parade value="6"/>
</kampfwerte>
<kampfwerte name="Stäbe">
<attacke value="8"/>
<parade value="7"/>
</kampfwerte>
</kampf>
<gegenstände/>
<BoniWaffenlos/>
<kommentare>
<sfInfos dauer="" kosten="" probe="" sf="" sfname="Bannschwert" wirkung=""/>
<sfInfos dauer="" kosten="" probe="" sf="" sfname="Stabzauber: Bindung" wirkung=""/>
<sfInfos dauer="" kosten="" probe="" sf="" sfname="Stabzauber: Hammer des Magus" wirkung=""/>
<sfInfos dauer="" kosten="" probe="" sf="" sfname="Zauberzeichen" wirkung=""/>
<sfInfos dauer="" kosten="" probe="" sf="" sfname="Zauberzeichen: Bann- und Schutzkreis gegen gehörnte Dämonen" wirkung=""/>
<sfInfos dauer="" kosten="" probe="" sf="" sfname="Zauberzeichen: Bann- und Schutzkreis gegen niedere Dämonen" wirkung=""/>
<sfInfos dauer="" kosten="" probe="" sf="" sfname="Zauberzeichen: Satinavs Siegel" wirkung=""/>
</kommentare>
<ausrüstungen>
<heldenausruestung name="jagtwaffe" nummer="0" set="0"/>
</ausrüstungen>
<verbindungen/>
<extention/>
<geldboerse/>
<plugindata/>
</held>
<Signature xmlns="http://www.w3.org/2000/09/xmldsig#">
<SignedInfo>
<CanonicalizationMethod Algorithm="http://www.w3.org/TR/2001/REC-xml-c14n-20010315#WithComments"/>
<SignatureMethod Algorithm="http://www.w3.org/2000/09/xmldsig#dsa-sha1"/>
<Reference URI="">
<Transforms>
<Transform Algorithm="http://www.w3.org/2000/09/xmldsig#enveloped-signature"/>
</Transforms>
<DigestMethod Algorithm="http://www.w3.org/2000/09/xmldsig#sha1"/>
<DigestValue>+OSB+mMpHUPgw9ymqFjhBwh1CMo=</DigestValue>
</Reference>
</SignedInfo>
<SignatureValue>HdBuVbhcPITXsZR5BV+K6/Iv8FFdesSuCPfOFbPT3iK6OBsBuQFWYA==</SignatureValue>
<KeyInfo>
<KeyValue>
<DSAKeyValue>
<P>/KaCzo4Syrom78z3EQ5SbbB4sF7ey80etKII864WF64B81uRpH5t9jQTxeEu0ImbzRMqzVDZkVG9
xD7nN1kuFw==</P>
<Q>li7dzDacuo67Jg7mtqEm2TRuOMU=</Q>
<G>Z4Rxsnqc9E7pGknFFH2xqaryRPBaQ01khpMdLRQnG541Awtx/XPaF5Bpsy4pNWMOHCBiNU0Nogps
QW5QvnlMpA==</G>
<Y>uVrvWkzIbUdL7E80AiD0PJDX3Ck0beY5StXp1wDAA1/ePpemd6rTBNd8YoCzOovNrX016YMcTSiO
iExM4RWtJA==</Y>
</DSAKeyValue>
</KeyValue>
</KeyInfo>
</Signature>
</helden>
