<?xml version="1.0" encoding="UTF-8" standalone="no"?>
<?xml-stylesheet type="text/xsl" href="helden.xsl"?><helden Version="5.5.3">
<held key="1501064429759" name="Solaris die Wilde" stand="1501064792087">
<mods/>
<basis>
<geschlecht name="weiblich"/>
<settings name="DSA4.1"/>
<rasse name="helden.model.rasse.Tulamide" string="Tulamidin">
<groesse gewicht="65" value="170"/>
<aussehen alter="18" augenfarbe="braun" aussehentext0="" aussehentext1="" aussehentext2="" aussehentext3="" familietext0="" familietext1="" familietext2="" familietext3="" familietext4="" familietext5="" gbjahr="1003" gbmonat="3" gbtag="16" gprest="0" gpstart="110" haarfarbe="schwarz" kalender="Bosparans Fall" stand="" titel=""/>
</rasse>
<kultur name="helden.model.kultur.Maraskan" schrift="Lesen/Schreiben Kusliker Zeichen" sprache="Sprachen kennen Garethi" string="Maraskan, Dschungel" zweitsprache="Sprachen kennen Tulamidya">
<variante name="Dschungel"/>
</kultur>
<ausbildungen>
<ausbildung art="Hauptprofession" name="helden.model.profession.Entdecker" string="Entdeckerin" tarnidentitaet=""/>
</ausbildungen>
<verify value="1"/>
<notiz notiz0="Notizen" notiz1="" notiz10="" notiz11="" notiz2="" notiz3="" notiz4="" notiz5="" notiz6="" notiz7="" notiz8="" notiz9=""/>
<portraet value=""/>
<abenteuerpunkte value="2000"/>
<freieabenteuerpunkte value="48"/>
</basis>
<eigenschaften>
<eigenschaft mod="0" name="Mut" startwert="13" value="13"/>
<eigenschaft mod="0" name="Klugheit" startwert="13" value="13"/>
<eigenschaft mod="1" name="Intuition" startwert="11" value="11"/>
<eigenschaft mod="0" name="Charisma" startwert="10" value="10"/>
<eigenschaft mod="0" name="Fingerfertigkeit" startwert="12" value="12"/>
<eigenschaft mod="0" name="Gewandtheit" startwert="13" value="13"/>
<eigenschaft mod="0" name="Konstitution" startwert="14" value="14"/>
<eigenschaft mod="1" name="Körperkraft" startwert="14" value="14"/>
<eigenschaft mod="0" name="Sozialstatus" startwert="7" value="7"/>
<eigenschaft mod="11" name="Lebensenergie" value="0"/>
<eigenschaft mod="10" name="Ausdauer" value="0"/>
<eigenschaft grossemeditation="0" mod="0" mrmod="-3" name="Astralenergie" value="0"/>
<eigenschaft karmalqueste="0" mod="0" name="Karmaenergie" value="0"/>
<eigenschaft mod="-3" name="Magieresistenz" value="0"/>
<eigenschaft mod="0" name="ini" value="10"/>
<eigenschaft mod="0" name="at" value="8"/>
<eigenschaft mod="0" name="pa" value="8"/>
<eigenschaft mod="0" name="fk" value="8"/>
</eigenschaften>
<vt>
<vorteil name="Eisern"/>
<vorteil name="Herausragende Eigenschaft: Körperkraft" value="1"/>
<vorteil name="Hohe Lebenskraft" value="1"/>
<vorteil name="Angst vor Spinnen" value="5"/>
<vorteil name="Arroganz" value="7"/>
<vorteil name="Einbildungen"/>
<vorteil name="Neugier" value="10"/>
<vorteil name="Schneller alternd"/>
<vorteil name="Streitsucht" value="8"/>
<vorteil name="Vorurteile gegen">
<auswahl position="0" value="10"/>
<auswahl position="1" value="andere Frauen"/>
</vorteil>
</vt>
<sf>
<sonderfertigkeit name="Auspendeln"/>
<sonderfertigkeit name="Block"/>
<sonderfertigkeit name="Doppelschlag"/>
<sonderfertigkeit name="Eisenarm"/>
<sonderfertigkeit name="Gebirgskundig"/>
<sonderfertigkeit name="Gerade"/>
<sonderfertigkeit name="Handkante"/>
<sonderfertigkeit name="Kreuzblock"/>
<sonderfertigkeit name="Kulturkunde">
<kultur name="Maraskan"/>
</sonderfertigkeit>
<sonderfertigkeit name="Maraskankundig"/>
<sonderfertigkeit name="Schmetterschlag"/>
<sonderfertigkeit name="Schwinger"/>
<sonderfertigkeit name="Waffenloser Kampfstil: Hammerfaust"/>
<sonderfertigkeit name="Wuchtschlag"/>
</sf>
<ereignisse>
<ereignis obj="max GP für Helden: 110" text="EINSTELLUNG" time="1501064430447" version="HS 5.5.2"/>
<ereignis obj="max Eigenschafts-GP für Helden: 100" text="EINSTELLUNG" time="1501064430447" version="HS 5.5.2"/>
<ereignis obj="max Eigenschafts-Wert für Helden: 14" text="EINSTELLUNG" time="1501064430447" version="HS 5.5.2"/>
<ereignis Alt="0" Neu="0" kommentar="0 GP" obj="Rasse: Tulamidin" text="RKP" time="1501064430448" version="HS 5.5.2"/>
<ereignis Alt="0" Neu="0" kommentar="10 GP" obj="Kultur: Maraskan, Dschungel" text="RKP" time="1501064430448" version="HS 5.5.2"/>
<ereignis Alt="0" Neu="0" kommentar="6 GP" obj="Profession: Entdeckerin" text="RKP" time="1501064430448" version="HS 5.5.2"/>
<ereignis Alt="0" Neu="13" kommentar="13 GP" obj="Mut: 13" text="EIGENSCHAFTEN" time="1501064430448" version="HS 5.5.2"/>
<ereignis Alt="0" Neu="13" kommentar="13 GP" obj="Klugheit: 13" text="EIGENSCHAFTEN" time="1501064430448" version="HS 5.5.2"/>
<ereignis Alt="0" Neu="12" kommentar="11 GP" obj="Intuition: 12" text="EIGENSCHAFTEN" time="1501064430448" version="HS 5.5.2"/>
<ereignis Alt="0" Neu="10" kommentar="10 GP" obj="Charisma: 10" text="EIGENSCHAFTEN" time="1501064430448" version="HS 5.5.2"/>
<ereignis Alt="0" Neu="12" kommentar="12 GP" obj="Fingerfertigkeit: 12" text="EIGENSCHAFTEN" time="1501064430448" version="HS 5.5.2"/>
<ereignis Alt="0" Neu="13" kommentar="13 GP" obj="Gewandtheit: 13" text="EIGENSCHAFTEN" time="1501064430448" version="HS 5.5.2"/>
<ereignis Alt="0" Neu="14" kommentar="14 GP" obj="Konstitution: 14" text="EIGENSCHAFTEN" time="1501064430448" version="HS 5.5.2"/>
<ereignis Alt="0" Neu="15" kommentar="14 GP" obj="Körperkraft: 15" text="EIGENSCHAFTEN" time="1501064430448" version="HS 5.5.2"/>
<ereignis Alt="0" Neu="7" kommentar="0 GP" obj="Sozialstatus: 7" text="EIGENSCHAFTEN" time="1501064430448" version="HS 5.5.2"/>
<ereignis Alt="0" Neu="3" kommentar="9 AP" obj="Raufen: 3" text="TALENT" time="1501064430448" version="HS 5.5.2"/>
<ereignis Alt="0" Neu="4" kommentar="13 AP" obj="Raufen: 4" text="TALENT" time="1501064430448" version="HS 5.5.2"/>
<ereignis Alt="0" Neu="5" kommentar="17 AP" obj="Raufen: 5" text="TALENT" time="1501064430448" version="HS 5.5.2"/>
<ereignis Alt="0" Neu="6" kommentar="21 AP" obj="Raufen: 6" text="TALENT" time="1501064430448" version="HS 5.5.2"/>
<ereignis Alt="0" Neu="7" kommentar="25 AP" obj="Raufen: 7" text="TALENT" time="1501064430448" version="HS 5.5.2"/>
<ereignis Alt="0" Neu="8" kommentar="29 AP" obj="Raufen: 8" text="TALENT" time="1501064430448" version="HS 5.5.2"/>
<ereignis Alt="0" Neu="9" kommentar="34 AP" obj="Raufen: 9" text="TALENT" time="1501064430448" version="HS 5.5.2"/>
<ereignis Alt="0" Neu="4" kommentar="17 AP" obj="Säbel: 4" text="TALENT" time="1501064430448" version="HS 5.5.2"/>
<ereignis Alt="0" Neu="5" kommentar="22 AP" obj="Säbel: 5" text="TALENT" time="1501064430448" version="HS 5.5.2"/>
<ereignis Alt="0" Neu="6" kommentar="27 AP" obj="Säbel: 6" text="TALENT" time="1501064430448" version="HS 5.5.2"/>
<ereignis Alt="0" Neu="7" kommentar="33 AP" obj="Säbel: 7" text="TALENT" time="1501064430448" version="HS 5.5.2"/>
<ereignis Alt="0" Neu="8" kommentar="39 AP" obj="Säbel: 8" text="TALENT" time="1501064430448" version="HS 5.5.2"/>
<ereignis Alt="0" Neu="9" kommentar="45 AP" obj="Säbel: 9" text="TALENT" time="1501064430448" version="HS 5.5.2"/>
<ereignis Alt="0" Neu="10" kommentar="50 AP" obj="Säbel: 10" text="TALENT" time="1501064430448" version="HS 5.5.2"/>
<ereignis Alt="0" Neu="4" kommentar="17 AP" obj="Klettern: 4" text="TALENT" time="1501064430448" version="HS 5.5.2"/>
<ereignis Alt="0" Neu="3" kommentar="12 AP" obj="Körperbeherrschung: 3" text="TALENT" time="1501064430448" version="HS 5.5.2"/>
<ereignis Alt="0" Neu="4" kommentar="17 AP" obj="Körperbeherrschung: 4" text="TALENT" time="1501064430448" version="HS 5.5.2"/>
<ereignis Alt="0" Neu="3" kommentar="12 AP" obj="Selbstbeherrschung: 3" text="TALENT" time="1501064430448" version="HS 5.5.2"/>
<ereignis Alt="0" Neu="4" kommentar="17 AP" obj="Selbstbeherrschung: 4" text="TALENT" time="1501064430448" version="HS 5.5.2"/>
<ereignis Alt="0" Neu="0" kommentar="1 AP" obj="Sprachen kennen Alt-Imperial/Aureliani: 0" text="TALENT" time="1501064430448" version="HS 5.5.2"/>
<ereignis Alt="0" Neu="1" kommentar="1 AP" obj="Sprachen kennen Alt-Imperial/Aureliani: 1" text="TALENT" time="1501064430448" version="HS 5.5.2"/>
<ereignis Alt="0" Neu="2" kommentar="2 AP" obj="Sprachen kennen Alt-Imperial/Aureliani: 2" text="TALENT" time="1501064430448" version="HS 5.5.2"/>
<ereignis Alt="0" Neu="3" kommentar="3 AP" obj="Sprachen kennen Alt-Imperial/Aureliani: 3" text="TALENT" time="1501064430448" version="HS 5.5.2"/>
<ereignis Alt="0" Neu="4" kommentar="4 AP" obj="Sprachen kennen Alt-Imperial/Aureliani: 4" text="TALENT" time="1501064430448" version="HS 5.5.2"/>
<ereignis Alt="0" Neu="0" kommentar="1 AP" obj="Sprachen kennen Isdira: 0" text="TALENT" time="1501064430448" version="HS 5.5.2"/>
<ereignis Alt="0" Neu="1" kommentar="1 AP" obj="Sprachen kennen Isdira: 1" text="TALENT" time="1501064430448" version="HS 5.5.2"/>
<ereignis Alt="0" Neu="2" kommentar="2 AP" obj="Sprachen kennen Isdira: 2" text="TALENT" time="1501064430448" version="HS 5.5.2"/>
<ereignis Alt="0" Neu="3" kommentar="3 AP" obj="Sprachen kennen Isdira: 3" text="TALENT" time="1501064430448" version="HS 5.5.2"/>
<ereignis Alt="0" Neu="4" kommentar="4 AP" obj="Sprachen kennen Isdira: 4" text="TALENT" time="1501064430448" version="HS 5.5.2"/>
<ereignis Alt="0" Neu="0" kommentar="1 AP" obj="Sprachen kennen Rogolan: 0" text="TALENT" time="1501064430448" version="HS 5.5.2"/>
<ereignis Alt="0" Neu="1" kommentar="1 AP" obj="Sprachen kennen Rogolan: 1" text="TALENT" time="1501064430448" version="HS 5.5.2"/>
<ereignis Alt="0" Neu="2" kommentar="2 AP" obj="Sprachen kennen Rogolan: 2" text="TALENT" time="1501064430448" version="HS 5.5.2"/>
<ereignis Alt="0" Neu="3" kommentar="3 AP" obj="Sprachen kennen Rogolan: 3" text="TALENT" time="1501064430448" version="HS 5.5.2"/>
<ereignis Alt="0" Neu="4" kommentar="4 AP" obj="Sprachen kennen Rogolan: 4" text="TALENT" time="1501064430448" version="HS 5.5.2"/>
<ereignis Alt="0" Neu="0" kommentar="1 AP" obj="Lesen/Schreiben Geheiligte Glyphen von Unau: 0" text="TALENT" time="1501064430448" version="HS 5.5.2"/>
<ereignis Alt="0" Neu="1" kommentar="1 AP" obj="Lesen/Schreiben Geheiligte Glyphen von Unau: 1" text="TALENT" time="1501064430448" version="HS 5.5.2"/>
<ereignis Alt="0" Neu="2" kommentar="2 AP" obj="Lesen/Schreiben Geheiligte Glyphen von Unau: 2" text="TALENT" time="1501064430448" version="HS 5.5.2"/>
<ereignis Alt="0" Neu="3" kommentar="3 AP" obj="Lesen/Schreiben Geheiligte Glyphen von Unau: 3" text="TALENT" time="1501064430448" version="HS 5.5.2"/>
<ereignis Alt="0" Neu="4" kommentar="4 AP" obj="Lesen/Schreiben Geheiligte Glyphen von Unau: 4" text="TALENT" time="1501064430448" version="HS 5.5.2"/>
<ereignis Alt="0" Neu="0" kommentar="-5 GP" obj="Angst vor Spinnen: 5" text="VORTEILE" time="1501064430448" version="HS 5.5.2"/>
<ereignis Alt="0" Neu="0" kommentar="-2 GP" obj="Arroganz: 7" text="VORTEILE" time="1501064430448" version="HS 5.5.2"/>
<ereignis Alt="0" Neu="0" kommentar="-5 GP" obj="Einbildungen" text="VORTEILE" time="1501064430448" version="HS 5.5.2"/>
<ereignis Alt="0" Neu="0" kommentar="7 GP" obj="Eisern" text="VORTEILE" time="1501064430448" version="HS 5.5.2"/>
<ereignis Alt="0" Neu="0" kommentar="9 GP" obj="Herausragende Eigenschaft: Körperkraft: 1" text="VORTEILE" time="1501064430448" version="HS 5.5.2"/>
<ereignis Alt="0" Neu="0" kommentar="2 GP" obj="Hohe Lebenskraft: 1" text="VORTEILE" time="1501064430448" version="HS 5.5.2"/>
<ereignis Alt="0" Neu="0" kommentar="0 GP" obj="Neugier: 10" text="VORTEILE" time="1501064430448" version="HS 5.5.2"/>
<ereignis Alt="0" Neu="0" kommentar="-3 GP" obj="Schneller alternd" text="VORTEILE" time="1501064430448" version="HS 5.5.2"/>
<ereignis Alt="0" Neu="0" kommentar="-4 GP" obj="Streitsucht: 8" text="VORTEILE" time="1501064430448" version="HS 5.5.2"/>
<ereignis Alt="0" Neu="0" kommentar="-5 GP" obj="Vorurteile gegen: andere Frauen 10" text="VORTEILE" time="1501064430448" version="HS 5.5.2"/>
<ereignis obj="Auswahl" text="Kulturkunde [Nordlande]" time="1501064430448" version="HS 5.5.2"/>
<ereignis obj="Auswahl" text="Sprachen kennen Garethi" time="1501064430448" version="HS 5.5.2"/>
<ereignis Neu="1" obj="Auswahl" text="Säbel" time="1501064430448" version="HS 5.5.2"/>
<ereignis Neu="1" obj="Auswahl" text="Infanteriewaffen" time="1501064430448" version="HS 5.5.2"/>
<ereignis Neu="2" obj="Auswahl" text="Malen/Zeichnen" time="1501064430448" version="HS 5.5.2"/>
<ereignis Neu="2" obj="Auswahl" text="Säbel" time="1501064430448" version="HS 5.5.2"/>
<ereignis Neu="5" obj="Auswahl" text="Anatomie" time="1501064430448" version="HS 5.5.2"/>
<ereignis Neu="4" obj="Auswahl" text="Götter und Kulte" time="1501064430448" version="HS 5.5.2"/>
<ereignis Neu="2" obj="Auswahl" text="Sprachenkunde" time="1501064430448" version="HS 5.5.2"/>
<ereignis Neu="3" obj="Auswahl" text="Pflanzenkunde" time="1501064430448" version="HS 5.5.2"/>
<ereignis Neu="3" obj="Auswahl" text="Tierkunde" time="1501064430448" version="HS 5.5.2"/>
<ereignis Neu="6" obj="Auswahl" text="Sprachen kennen Thorwalsch" time="1501064430448" version="HS 5.5.2"/>
<ereignis Neu="6" obj="Auswahl" text="Sprachen kennen Goblinisch" time="1501064430448" version="HS 5.5.2"/>
<ereignis Neu="2" obj="Auswahl" text="Sprachen kennen Trollisch" time="1501064430448" version="HS 5.5.2"/>
<ereignis Neu="2" obj="Auswahl" text="Sprachen kennen Füchsisch" time="1501064430448" version="HS 5.5.2"/>
<ereignis Neu="4" obj="Auswahl" text="Lesen/Schreiben Altes Alaani" time="1501064430448" version="HS 5.5.2"/>
<ereignis Neu="4" obj="Auswahl" text="Lesen/Schreiben (Alt-)Imperiale Zeichen" time="1501064430448" version="HS 5.5.2"/>
<ereignis Neu="1" obj="Auswahl" text="Schlösser knacken" time="1501064430448" version="HS 5.5.2"/>
<ereignis Abenteuerpunkte="1500" kommentar="merh Gesamt AP: 1500 Verfügbare AP: 1500" obj="Abenteuerpunkte (Hinzugewinn)" text="Ereignis eingeben" time="1501064443901" version="HS 5.5.2"/>
<ereignis Abenteuerpunkte="-150" obj="Waffenloser Kampfstil: Hammerfaust" text="Sonderfertigkeit hinzugefügt" time="1501064459708" version="HS 5.5.2"/>
<ereignis Abenteuerpunkte="-200" obj="Wuchtschlag" text="Sonderfertigkeit hinzugefügt" time="1501064463365" version="HS 5.5.2"/>
<ereignis Abenteuerpunkte="-100" obj="Gebirgskundig" text="Sonderfertigkeit hinzugefügt" time="1501064481297" version="HS 5.5.2"/>
<ereignis Abenteuerpunkte="-13" Alt="3" Info="Selbststudium" Neu="4" obj="Fährtensuchen" text="Talent steigern" time="1501064502097" version="HS 5.5.2"/>
<ereignis Abenteuerpunkte="-17" Alt="4" Info="Selbststudium" Neu="5" obj="Fährtensuchen" text="Talent steigern" time="1501064502503" version="HS 5.5.2"/>
<ereignis Abenteuerpunkte="-21" Alt="5" Info="Selbststudium" Neu="6" obj="Fährtensuchen" text="Talent steigern" time="1501064503388" version="HS 5.5.2"/>
<ereignis Abenteuerpunkte="-25" Alt="6" Info="Selbststudium" Neu="7" obj="Fährtensuchen" text="Talent steigern" time="1501064503882" version="HS 5.5.2"/>
<ereignis Abenteuerpunkte="-17" Alt="4" Info="Selbststudium" Neu="5" obj="Orientierung" text="Talent steigern" time="1501064506981" version="HS 5.5.2"/>
<ereignis Abenteuerpunkte="-21" Alt="5" Info="Selbststudium" Neu="6" obj="Orientierung" text="Talent steigern" time="1501064507245" version="HS 5.5.2"/>
<ereignis Abenteuerpunkte="-25" Alt="6" Info="Selbststudium" Neu="7" obj="Orientierung" text="Talent steigern" time="1501064507579" version="HS 5.5.2"/>
<ereignis Abenteuerpunkte="-17" Alt="4" Info="Selbststudium" Neu="5" obj="Wildnisleben" text="Talent steigern" time="1501064511301" version="HS 5.5.2"/>
<ereignis Abenteuerpunkte="-21" Alt="5" Info="Selbststudium" Neu="6" obj="Wildnisleben" text="Talent steigern" time="1501064511532" version="HS 5.5.2"/>
<ereignis Abenteuerpunkte="-25" Alt="6" Info="Selbststudium" Neu="7" obj="Wildnisleben" text="Talent steigern" time="1501064511787" version="HS 5.5.2"/>
<ereignis Abenteuerpunkte="-29" Alt="7" Info="Selbststudium" Neu="8" obj="Wildnisleben" text="Talent steigern" time="1501064512018" version="HS 5.5.2"/>
<ereignis Abenteuerpunkte="-34" Alt="8" Info="Selbststudium" Neu="9" obj="Wildnisleben" text="Talent steigern" time="1501064512290" version="HS 5.5.2"/>
<ereignis Abenteuerpunkte="-38" Alt="9" Info="Selbststudium" Neu="10" obj="Wildnisleben" text="Talent steigern" time="1501064513071" version="HS 5.5.2"/>
<ereignis Abenteuerpunkte="-29" Alt="7" Info="Selbststudium" Neu="8" obj="Orientierung" text="Talent steigern" time="1501064514140" version="HS 5.5.2"/>
<ereignis Abenteuerpunkte="-29" Alt="7" Info="Selbststudium" Neu="8" obj="Fährtensuchen" text="Talent steigern" time="1501064515359" version="HS 5.5.2"/>
<ereignis Abenteuerpunkte="-8" Alt="3" Info="Gegenseitiges Lehren" Neu="4" obj="Heilkunde: Wunden" text="Talent steigern" time="1501064527536" version="HS 5.5.2"/>
<ereignis Abenteuerpunkte="-11" Alt="4" Info="Gegenseitiges Lehren" Neu="5" obj="Heilkunde: Wunden" text="Talent steigern" time="1501064527843" version="HS 5.5.2"/>
<ereignis Abenteuerpunkte="-13" Alt="3" Info="Selbststudium" Neu="4" obj="Heilkunde: Gift" text="Talent steigern" time="1501064535316" version="HS 5.5.2"/>
<ereignis Abenteuerpunkte="-17" Alt="4" Info="Selbststudium" Neu="5" obj="Heilkunde: Gift" text="Talent steigern" time="1501064536185" version="HS 5.5.2"/>
<ereignis Abenteuerpunkte="-21" Alt="5" Info="Selbststudium" Neu="6" obj="Heilkunde: Gift" text="Talent steigern" time="1501064536976" version="HS 5.5.2"/>
<ereignis Abenteuerpunkte="-25" Alt="6" Info="Selbststudium" Neu="7" obj="Heilkunde: Gift" text="Talent steigern" time="1501064537276" version="HS 5.5.2"/>
<ereignis Abenteuerpunkte="-21" Alt="5" Info="Selbststudium" Neu="6" obj="Heilkunde: Wunden" text="Talent steigern" time="1501064538265" version="HS 5.5.2"/>
<ereignis Abenteuerpunkte="-25" Alt="6" Info="Selbststudium" Neu="7" obj="Heilkunde: Wunden" text="Talent steigern" time="1501064538584" version="HS 5.5.2"/>
<ereignis Abenteuerpunkte="-2" Alt="0" Info="Selbststudium" Neu="1" obj="Kochen" text="Talent steigern" time="1501064550112" version="HS 5.5.2"/>
<ereignis Abenteuerpunkte="-6" Alt="1" Info="Selbststudium" Neu="2" obj="Kochen" text="Talent steigern" time="1501064550334" version="HS 5.5.2"/>
<ereignis Abenteuerpunkte="-9" Alt="2" Info="Selbststudium" Neu="3" obj="Kochen" text="Talent steigern" time="1501064550534" version="HS 5.5.2"/>
<ereignis Abenteuerpunkte="-13" Alt="3" Info="Selbststudium" Neu="4" obj="Kochen" text="Talent steigern" time="1501064550725" version="HS 5.5.2"/>
<ereignis Abenteuerpunkte="-17" Alt="4" Info="Selbststudium" Neu="5" obj="Kochen" text="Talent steigern" time="1501064550919" version="HS 5.5.2"/>
<ereignis Abenteuerpunkte="-21" Alt="5" Info="Selbststudium" Neu="6" obj="Kochen" text="Talent steigern" time="1501064551093" version="HS 5.5.2"/>
<ereignis Abenteuerpunkte="-25" Alt="6" Info="Selbststudium" Neu="7" obj="Kochen" text="Talent steigern" time="1501064551286" version="HS 5.5.2"/>
<ereignis Abenteuerpunkte="-29" Alt="7" Info="Selbststudium" Neu="8" obj="Kochen" text="Talent steigern" time="1501064551756" version="HS 5.5.2"/>
<ereignis Abenteuerpunkte="-6" Alt="2" Info="Selbststudium" Neu="3" obj="Sprachen kennen Füchsisch" text="Talent steigern" time="1501064559373" version="HS 5.5.2"/>
<ereignis Abenteuerpunkte="-8" Alt="3" Info="Selbststudium" Neu="4" obj="Sprachen kennen Füchsisch" text="Talent steigern" time="1501064559611" version="HS 5.5.2"/>
<ereignis Abenteuerpunkte="-17" Alt="6" Info="Selbststudium" Neu="7" obj="Sprachen kennen Thorwalsch" text="Talent steigern" time="1501064562807" version="HS 5.5.2"/>
<ereignis Abenteuerpunkte="-21" Alt="5" Info="Selbststudium" Neu="6" obj="Tierkunde" text="Talent steigern" time="1501064572235" version="HS 5.5.2"/>
<ereignis Abenteuerpunkte="-25" Alt="6" Info="Selbststudium" Neu="7" obj="Tierkunde" text="Talent steigern" time="1501064572438" version="HS 5.5.2"/>
<ereignis Abenteuerpunkte="-29" Alt="7" Info="Selbststudium" Neu="8" obj="Tierkunde" text="Talent steigern" time="1501064573484" version="HS 5.5.2"/>
<ereignis Abenteuerpunkte="-9" Alt="2" Info="Selbststudium" Neu="3" obj="Sprachenkunde" text="Talent steigern" time="1501064576465" version="HS 5.5.2"/>
<ereignis Abenteuerpunkte="-13" Alt="3" Info="Selbststudium" Neu="4" obj="Sprachenkunde" text="Talent steigern" time="1501064576637" version="HS 5.5.2"/>
<ereignis Abenteuerpunkte="-10" Neu="0" obj="Fleischer" text="Talent aktivieren" time="1501064618167" version="HS 5.5.2"/>
<ereignis Abenteuerpunkte="-2" Alt="0" Info="Selbststudium" Neu="1" obj="Fleischer" text="Talent steigern" time="1501064623920" version="HS 5.5.2"/>
<ereignis Abenteuerpunkte="-6" Alt="1" Info="Selbststudium" Neu="2" obj="Fleischer" text="Talent steigern" time="1501064624103" version="HS 5.5.2"/>
<ereignis Abenteuerpunkte="-9" Alt="2" Info="Selbststudium" Neu="3" obj="Fleischer" text="Talent steigern" time="1501064624278" version="HS 5.5.2"/>
<ereignis Abenteuerpunkte="-13" Alt="3" Info="Selbststudium" Neu="4" obj="Fleischer" text="Talent steigern" time="1501064624456" version="HS 5.5.2"/>
<ereignis Abenteuerpunkte="-17" Alt="4" Info="Selbststudium" Neu="5" obj="Fleischer" text="Talent steigern" time="1501064624645" version="HS 5.5.2"/>
<ereignis Abenteuerpunkte="-21" Alt="5" Info="Selbststudium" Neu="6" obj="Fleischer" text="Talent steigern" time="1501064624813" version="HS 5.5.2"/>
<ereignis Abenteuerpunkte="-25" Alt="6" Info="Selbststudium" Neu="7" obj="Fleischer" text="Talent steigern" time="1501064624976" version="HS 5.5.2"/>
<ereignis Abenteuerpunkte="-29" Alt="7" Info="Selbststudium" Neu="8" obj="Fleischer" text="Talent steigern" time="1501064625166" version="HS 5.5.2"/>
<ereignis Abenteuerpunkte="-34" Alt="8" Info="Selbststudium" Neu="9" obj="Fleischer" text="Talent steigern" time="1501064626017" version="HS 5.5.2"/>
<ereignis Abenteuerpunkte="-34" Alt="8" Info="Selbststudium" Neu="9" obj="Kochen" text="Talent steigern" time="1501064629942" version="HS 5.5.2"/>
<ereignis Abenteuerpunkte="-50" Alt="9;0;0" Info="Selbststudium" Neu="10;0;0" obj="Raufen" text="Nahkampftalent steigern" time="1501064643770" version="HS 5.5.2"/>
</ereignisse>
<talentliste>
<talent lernmethode="Gegenseitiges Lehren" name="Armbrust" probe=" (GE/FF/KK)" value="1"/>
<talent lernmethode="Gegenseitiges Lehren" name="Diskus" probe=" (GE/FF/KK)" value="2"/>
<talent lernmethode="Gegenseitiges Lehren" name="Dolche" probe=" (GE/GE/KK)" value="1"/>
<talent lernmethode="Gegenseitiges Lehren" name="Hiebwaffen" probe=" (GE/GE/KK)" value="0"/>
<talent lernmethode="Gegenseitiges Lehren" name="Infanteriewaffen" probe=" (GE/GE/KK)" value="1"/>
<talent lernmethode="Selbststudium" name="Raufen" probe=" (GE/GE/KK)" value="10"/>
<talent lernmethode="Gegenseitiges Lehren" name="Ringen" probe=" (GE/GE/KK)" value="0"/>
<talent lernmethode="Selbststudium" name="Säbel" probe=" (GE/GE/KK)" value="10"/>
<talent lernmethode="Gegenseitiges Lehren" name="Wurfmesser" probe=" (GE/FF/KK)" value="0"/>
<talent be="BEx2" lernmethode="Gegenseitiges Lehren" name="Athletik" probe=" (GE/KO/KK)" value="1"/>
<talent be="BEx2" lernmethode="Gegenseitiges Lehren" name="Klettern" probe=" (MU/GE/KK)" value="4"/>
<talent be="BEx2" lernmethode="Gegenseitiges Lehren" name="Körperbeherrschung" probe=" (MU/IN/GE)" value="4"/>
<talent be="BE-2" lernmethode="Gegenseitiges Lehren" name="Reiten" probe=" (CH/GE/KK)" value="3"/>
<talent be="BE" lernmethode="Gegenseitiges Lehren" name="Schleichen" probe=" (MU/IN/GE)" value="1"/>
<talent be="BEx2" lernmethode="Gegenseitiges Lehren" name="Schwimmen" probe=" (GE/KO/KK)" value="2"/>
<talent be="" lernmethode="Gegenseitiges Lehren" name="Selbstbeherrschung" probe=" (MU/KO/KK)" value="4"/>
<talent be="BE-2" lernmethode="Gegenseitiges Lehren" name="Sich verstecken" probe=" (MU/IN/GE)" value="1"/>
<talent be="BE-3" lernmethode="Gegenseitiges Lehren" name="Singen" probe=" (IN/CH/CH)" value="0"/>
<talent be="0-&gt;BE" lernmethode="Gegenseitiges Lehren" name="Sinnenschärfe" probe=" (KL/IN/IN)" value="6"/>
<talent be="BEx2" lernmethode="Gegenseitiges Lehren" name="Tanzen" probe=" (CH/GE/GE)" value="0"/>
<talent be="" lernmethode="Gegenseitiges Lehren" name="Zechen" probe=" (IN/KO/KK)" value="0"/>
<talent lernmethode="Gegenseitiges Lehren" name="Etikette" probe=" (KL/IN/CH)" value="3"/>
<talent lernmethode="Selbststudium" name="Menschenkenntnis" probe=" (KL/IN/CH)" value="2"/>
<talent lernmethode="Gegenseitiges Lehren" name="Sich verkleiden" probe=" (MU/CH/GE)" value="1"/>
<talent lernmethode="Gegenseitiges Lehren" name="Überreden" probe=" (MU/IN/CH)" value="4"/>
<talent lernmethode="Selbststudium" name="Fährtensuchen" probe=" (KL/IN/KO)" value="8"/>
<talent lernmethode="Gegenseitiges Lehren" name="Fischen/Angeln" probe=" (IN/FF/KK)" value="1"/>
<talent lernmethode="Selbststudium" name="Orientierung" probe=" (KL/IN/IN)" value="8"/>
<talent lernmethode="Gegenseitiges Lehren" name="Wettervorhersage" probe=" (KL/IN/IN)" value="2"/>
<talent lernmethode="Selbststudium" name="Wildnisleben" probe=" (IN/GE/KO)" value="10"/>
<talent lernmethode="Gegenseitiges Lehren" name="Anatomie" probe=" (MU/KL/FF)" value="5"/>
<talent lernmethode="Gegenseitiges Lehren" name="Geografie" probe=" (KL/KL/IN)" value="2"/>
<talent lernmethode="Gegenseitiges Lehren" name="Geschichtswissen" probe=" (KL/KL/IN)" value="4"/>
<talent lernmethode="Gegenseitiges Lehren" name="Götter und Kulte" probe=" (KL/KL/IN)" value="6"/>
<talent lernmethode="Gegenseitiges Lehren" name="Heraldik" probe=" (KL/KL/FF)" value="1"/>
<talent lernmethode="Gegenseitiges Lehren" name="Magiekunde" probe=" (KL/KL/IN)" value="3"/>
<talent lernmethode="Gegenseitiges Lehren" name="Mechanik" probe=" (KL/KL/FF)" value="1"/>
<talent lernmethode="Gegenseitiges Lehren" name="Pflanzenkunde" probe=" (KL/IN/FF)" value="5"/>
<talent lernmethode="Gegenseitiges Lehren" name="Philosophie" probe=" (KL/KL/IN)" value="2"/>
<talent lernmethode="Gegenseitiges Lehren" name="Rechnen" probe=" (KL/KL/IN)" value="6"/>
<talent lernmethode="Gegenseitiges Lehren" name="Rechtskunde" probe=" (KL/KL/IN)" value="1"/>
<talent lernmethode="Gegenseitiges Lehren" name="Sagen und Legenden" probe=" (KL/IN/CH)" value="4"/>
<talent lernmethode="Gegenseitiges Lehren" name="Schätzen" probe=" (KL/IN/IN)" value="3"/>
<talent lernmethode="Selbststudium" name="Sprachenkunde" probe=" (KL/KL/IN)" value="4"/>
<talent lernmethode="Gegenseitiges Lehren" name="Sternkunde" probe=" (KL/KL/IN)" value="2"/>
<talent lernmethode="Selbststudium" name="Tierkunde" probe=" (MU/KL/IN)" value="8"/>
<talent k="21" lernmethode="Gegenseitiges Lehren" name="Sprachen kennen Alt-Imperial/Aureliani" probe=" (KL/IN/CH)" value="4"/>
<talent k="12" lernmethode="Selbststudium" name="Sprachen kennen Füchsisch" probe=" (KL/IN/CH)" value="4"/>
<talent k="18" lernmethode="Gegenseitiges Lehren" name="Sprachen kennen Garethi" probe=" (KL/IN/CH)" value="11"/>
<talent k="12" lernmethode="Gegenseitiges Lehren" name="Sprachen kennen Goblinisch" probe=" (KL/IN/CH)" value="6"/>
<talent k="21" lernmethode="Gegenseitiges Lehren" name="Sprachen kennen Isdira" probe=" (KL/IN/CH)" value="4"/>
<talent k="21" lernmethode="Gegenseitiges Lehren" name="Sprachen kennen Rogolan" probe=" (KL/IN/CH)" value="4"/>
<talent k="18" lernmethode="Selbststudium" name="Sprachen kennen Thorwalsch" probe=" (KL/IN/CH)" value="7"/>
<talent k="15" lernmethode="Gegenseitiges Lehren" name="Sprachen kennen Trollisch" probe=" (KL/IN/CH)" value="2"/>
<talent k="18" lernmethode="Gegenseitiges Lehren" name="Sprachen kennen Tulamidya" probe=" (KL/IN/CH)" value="9"/>
<talent k="12" lernmethode="Gegenseitiges Lehren" name="Lesen/Schreiben (Alt-)Imperiale Zeichen" probe=" (KL/KL/FF)" value="4"/>
<talent k="18" lernmethode="Gegenseitiges Lehren" name="Lesen/Schreiben Altes Alaani" probe=" (KL/KL/FF)" value="4"/>
<talent k="13" lernmethode="Gegenseitiges Lehren" name="Lesen/Schreiben Geheiligte Glyphen von Unau" probe=" (KL/KL/FF)" value="4"/>
<talent k="10" lernmethode="Gegenseitiges Lehren" name="Lesen/Schreiben Kusliker Zeichen" probe=" (KL/KL/FF)" value="6"/>
<talent lernmethode="Gegenseitiges Lehren" name="Ackerbau" probe=" (IN/FF/KO)" value="1"/>
<talent lernmethode="Gegenseitiges Lehren" name="Boote fahren" probe=" (GE/KO/KK)" value="1"/>
<talent lernmethode="Selbststudium" name="Fleischer" probe=" (KL/FF/KK)" value="9"/>
<talent lernmethode="Selbststudium" name="Heilkunde: Gift" probe=" (MU/KL/IN)" value="7"/>
<talent lernmethode="Selbststudium" name="Heilkunde: Wunden" probe=" (KL/CH/FF)" value="7"/>
<talent lernmethode="Gegenseitiges Lehren" name="Holzbearbeitung" probe=" (KL/FF/KK)" value="1"/>
<talent lernmethode="Gegenseitiges Lehren" name="Kartografie" probe=" (KL/KL/FF)" value="5"/>
<talent lernmethode="Selbststudium" name="Kochen" probe=" (KL/IN/FF)" value="9"/>
<talent lernmethode="Gegenseitiges Lehren" name="Lederarbeiten" probe=" (KL/FF/FF)" value="1"/>
<talent lernmethode="Gegenseitiges Lehren" name="Malen/Zeichnen" probe=" (KL/IN/FF)" value="6"/>
<talent lernmethode="Gegenseitiges Lehren" name="Schlösser knacken" probe=" (IN/FF/FF)" value="1"/>
<talent lernmethode="Gegenseitiges Lehren" name="Schneidern" probe=" (KL/FF/FF)" value="0"/>
<talent lernmethode="Gegenseitiges Lehren" name="Stoffe färben" probe=" (KL/FF/KK)" value="1"/>
</talentliste>
<zauberliste/>
<kampf>
<kampfwerte name="Dolche">
<attacke value="8"/>
<parade value="9"/>
</kampfwerte>
<kampfwerte name="Hiebwaffen">
<attacke value="8"/>
<parade value="8"/>
</kampfwerte>
<kampfwerte name="Infanteriewaffen">
<attacke value="8"/>
<parade value="9"/>
</kampfwerte>
<kampfwerte name="Raufen">
<attacke value="15"/>
<parade value="11"/>
</kampfwerte>
<kampfwerte name="Ringen">
<attacke value="8"/>
<parade value="8"/>
</kampfwerte>
<kampfwerte name="Säbel">
<attacke value="14"/>
<parade value="12"/>
</kampfwerte>
</kampf>
<gegenstände/>
<BoniWaffenlos>
<boniSF sf="Waffenloser Kampfstil: Hammerfaust" talent="Raufen"/>
</BoniWaffenlos>
<kommentare/>
<ausrüstungen>
<heldenausruestung name="jagtwaffe" nummer="0" set="0"/>
</ausrüstungen>
<verbindungen/>
<extention/>
<geldboerse/>
<plugindata/>
</held>
<Signature xmlns="http://www.w3.org/2000/09/xmldsig#">
<SignedInfo>
<CanonicalizationMethod Algorithm="http://www.w3.org/TR/2001/REC-xml-c14n-20010315#WithComments"/>
<SignatureMethod Algorithm="http://www.w3.org/2000/09/xmldsig#dsa-sha1"/>
<Reference URI="">
<Transforms>
<Transform Algorithm="http://www.w3.org/2000/09/xmldsig#enveloped-signature"/>
</Transforms>
<DigestMethod Algorithm="http://www.w3.org/2000/09/xmldsig#sha1"/>
<DigestValue>M3tP7MHZrPks4QwjQ9jMr2v9VRE=</DigestValue>
</Reference>
</SignedInfo>
<SignatureValue>Tkfg3Tf+OXn1JHNzDL3jGduFEns3KZve8X0giy7F1CRfGDzt+a/qTQ==</SignatureValue>
<KeyInfo>
<KeyValue>
<DSAKeyValue>
<P>/KaCzo4Syrom78z3EQ5SbbB4sF7ey80etKII864WF64B81uRpH5t9jQTxeEu0ImbzRMqzVDZkVG9
xD7nN1kuFw==</P>
<Q>li7dzDacuo67Jg7mtqEm2TRuOMU=</Q>
<G>Z4Rxsnqc9E7pGknFFH2xqaryRPBaQ01khpMdLRQnG541Awtx/XPaF5Bpsy4pNWMOHCBiNU0Nogps
QW5QvnlMpA==</G>
<Y>uVrvWkzIbUdL7E80AiD0PJDX3Ck0beY5StXp1wDAA1/ePpemd6rTBNd8YoCzOovNrX016YMcTSiO
iExM4RWtJA==</Y>
</DSAKeyValue>
</KeyValue>
</KeyInfo>
</Signature>
</helden>
