<?xml version="1.0" encoding="UTF-8" standalone="yes"?><daten><config><rsmodell>zone</rsmodell><datum>02.07.2018</datum><uhrzeit>19:56</uhrzeit><geldkreise>false</geldkreise><metatalente>false</metatalente><zauberquellen>true</zauberquellen><namenaufseiten>false</namenaufseiten></config><angaben><augenfarbe>braun</augenfarbe><geburtstag>15. Rondra 1003 BF</geburtstag><alter>18</alter><geschlecht>männlich</geschlecht><groesse>183</groesse><gewicht>83</gewicht><haarfarbe>dunkelblond</haarfarbe><stand></stand><titel></titel><name>Bruce Smith</name><bildPfad></bildPfad><aussehen><a0></a0><a1></a1><a2></a2><a3></a3><text></text></aussehen><familie><f0></f0><f1></f1><f2></f2><f3></f3><f4></f4><f5></f5><text></text></familie><notizen><n0>Notizen</n0><n1></n1><n2></n2><n3></n3><n4></n4><n5></n5><n6></n6><n7></n7><n8></n8><n9></n9><n10></n10><n11></n11><text>Notizen</text></notizen><profession><text>Handwerker, Waffenschmied</text><textkurz>Handwerker, Waffenschmied</textkurz></profession><ap><gesamt>3475</gesamt><frei>88</frei><genutzt>3387</genutzt></ap><gp><start>110</start><rest>0</rest></gp><stufe40><akt>8</akt><max>8</max><lang>8 [8]</lang></stufe40><stufe41><akt>3</akt><max>3</max><lang>3 [3]</lang></stufe41><gilde></gilde><magisch>false</magisch><geweiht>false</geweiht><rasse>Mittelländer</rasse><kultur>Mittelländische Städte/Hafenstädte und Städte an großen Flüssen</kultur><aspregeneration></aspregeneration><leregeneration>1W6</leregeneration><heldenversion>50504</heldenversion><wundschwelle>7</wundschwelle></angaben><eigenschaften><geschwindigkeit><akt>8</akt><start>8</start><modi>0</modi><name>Geschwindigkeit</name><bereich>sonst</bereich></geschwindigkeit><mut><akt>14</akt><start>14</start><modi>0</modi><name>Mut</name><bereich>guteeigenschaft</bereich></mut><klugheit><akt>9</akt><start>8</start><modi>0</modi><name>Klugheit</name><bereich>guteeigenschaft</bereich></klugheit><intuition><akt>11</akt><start>11</start><modi>0</modi><name>Intuition</name><bereich>guteeigenschaft</bereich></intuition><charisma><akt>11</akt><start>11</start><modi>0</modi><name>Charisma</name><bereich>guteeigenschaft</bereich></charisma><fingerfertigkeit><akt>14</akt><start>14</start><modi>0</modi><name>Fingerfertigkeit</name><bereich>guteeigenschaft</bereich></fingerfertigkeit><gewandtheit><akt>14</akt><start>14</start><modi>0</modi><name>Gewandtheit</name><bereich>guteeigenschaft</bereich></gewandtheit><konstitution><akt>14</akt><start>14</start><modi>0</modi><name>Konstitution</name><bereich>guteeigenschaft</bereich></konstitution><koerperkraft><akt>17</akt><start>14</start><modi>0</modi><name>Körperkraft</name><bereich>guteeigenschaft</bereich></koerperkraft><sozialstatus><akt>5</akt><start>5</start><modi>0</modi><name>Sozialstatus</name><bereich>guteeigenschaft</bereich></sozialstatus><astralenergie><akt>0</akt><start>0</start><modi>0</modi><name>Astralenergie</name><bereich>sonst</bereich><kaufbar>0</kaufbar><gekauft>0</gekauft></astralenergie><attacke><akt>9</akt><start>8</start><modi>0</modi><name>Attacke</name><bereich>sonst</bereich></attacke><ausdauer><akt>32</akt><start>21</start><modi>10</modi><name>Ausdauer</name><bereich>sonst</bereich><kaufbar>13</kaufbar><gekauft>1</gekauft><akt50>16</akt50><akt33>11</akt33><akt25>8</akt25></ausdauer><fernkampf-basis><akt>8</akt><start>8</start><modi>0</modi><name>Fernkampf-Basis</name><bereich>sonst</bereich></fernkampf-basis><initiative><akt>11</akt><start>11</start><modi>0</modi><name>Initiative</name><bereich>sonst</bereich></initiative><karmaenergie><akt>0</akt><start>0</start><modi>0</modi><name>Karmaenergie</name><bereich>sonst</bereich><kaufbar>11</kaufbar><gekauft>0</gekauft></karmaenergie><lebensenergie><akt>33</akt><start>21</start><modi>10</modi><name>Lebensenergie</name><bereich>sonst</bereich><kaufbar>7</kaufbar><gekauft>0</gekauft><akt50>17</akt50><akt33>11</akt33><akt25>8</akt25></lebensenergie><magieresistenz><akt>3</akt><start>7</start><modi>-4</modi><name>Magieresistenz</name><bereich>sonst</bereich><kaufbar>7</kaufbar><gekauft>0</gekauft></magieresistenz><parade><akt>8</akt><start>8</start><modi>0</modi><name>Parade</name><bereich>sonst</bereich></parade></eigenschaften><münzen/><vorteile><vorteil><bezeichner>Begabung für [Talentgruppe]</bezeichner><name>Begabung für [Talentgruppe] Nahkampf</name><kommentar></kommentar><namemitkommentar>Begabung für [Talentgruppe] Nahkampf</namemitkommentar><istvorteil>true</istvorteil><istnachteil>false</istnachteil><bereich>Sonst</bereich><bereich>,BEGABUNGTALENTGRUPPE</bereich><auswahlen><auswahl>
</auswahl></auswahlen></vorteil><vorteil><bezeichner>Gerechtigkeitswahn</bezeichner><name>Gerechtigkeitswahn: 10</name><kommentar></kommentar><namemitkommentar>Gerechtigkeitswahn: 10</namemitkommentar><istvorteil>false</istvorteil><istnachteil>true</istnachteil><istschlechteeigenschaft>true</istschlechteeigenschaft><wert>10</wert><bereich>Sonst</bereich></vorteil><vorteil><bezeichner>Schlechter Ruf</bezeichner><name>Schlechter Ruf: 4</name><kommentar></kommentar><namemitkommentar>Schlechter Ruf: 4</namemitkommentar><istvorteil>false</istvorteil><istnachteil>true</istnachteil><istschlechteeigenschaft>false</istschlechteeigenschaft><wert>4</wert><bereich>Sonst</bereich></vorteil><vorteil><bezeichner>Unangenehme Stimme</bezeichner><name>Unangenehme Stimme</name><kommentar></kommentar><namemitkommentar>Unangenehme Stimme</namemitkommentar><istvorteil>false</istvorteil><istnachteil>true</istnachteil><bereich>Sonst</bereich></vorteil></vorteile><sonderfertigkeiten><sonderfertigkeit><nameausfuehrlich>Kulturkunde (Mittelreich)</nameausfuehrlich><name>Kulturkunde (Mittelreich)</name><bezeichner>Kulturkunde</bezeichner><auswahlen><auswahl><name>Mittelreich</name><feld feldname="1" nr="1">Mittelreich</feld></auswahl></auswahlen><namemitkommentar>Kulturkunde (Mittelreich)</namemitkommentar><bereich>Sonst</bereich></sonderfertigkeit><sonderfertigkeit><nameausfuehrlich>Linkhand</nameausfuehrlich><name>Linkhand</name><bezeichner>Linkhand</bezeichner><wirkung></wirkung><dauer></dauer><kosten></kosten><probe></probe><kommentar></kommentar><namemitkommentar>Linkhand</namemitkommentar><bereich>Nahkampf</bereich><bereich>Kampf</bereich></sonderfertigkeit><sonderfertigkeit><nameausfuehrlich>Meister der Improvisation</nameausfuehrlich><name>Meister der Improvisation</name><bezeichner>Meister der Improvisation</bezeichner><wirkung></wirkung><dauer></dauer><kosten></kosten><probe></probe><kommentar></kommentar><namemitkommentar>Meister der Improvisation</namemitkommentar><bereich>Sonst</bereich></sonderfertigkeit><sonderfertigkeit><nameausfuehrlich>Ortskenntnis (Jagdrevier, Stadtteil/Kleinstadt, Stadtviertel oder Ort)</nameausfuehrlich><name>Ortskenntnis (Jagdrevier, Stadtteil/Kleinstadt, Stadtviertel oder Ort)</name><bezeichner>Ortskenntnis</bezeichner><auswahlen><auswahl><name>Jagdrevier</name><feld feldname="1" nr="1">Jagdrevier</feld></auswahl><auswahl><name>Stadtteil/Kleinstadt</name><feld feldname="1" nr="1">Stadtteil/Kleinstadt</feld></auswahl><auswahl><name>Stadtviertel oder Ort</name><feld feldname="1" nr="1">Stadtviertel oder Ort</feld></auswahl></auswahlen><namemitkommentar>Ortskenntnis (Jagdrevier, Stadtteil/Kleinstadt, Stadtviertel oder Ort)</namemitkommentar><bereich>Sonst</bereich></sonderfertigkeit><sonderfertigkeit><nameausfuehrlich>Rüstungsgewöhnung I (Lederharnisch)</nameausfuehrlich><name>Rüstungsgewöhnung I (Lederharnisch)</name><bezeichner>Rüstungsgewöhnung I</bezeichner><auswahlen><auswahl><name>Lederharnisch</name><feld feldname="1" nr="1">Lederharnisch</feld></auswahl></auswahlen><namemitkommentar>Rüstungsgewöhnung I (Lederharnisch)</namemitkommentar><bereich>Nahkampf</bereich><bereich>Kampf</bereich></sonderfertigkeit><sonderfertigkeit><nameausfuehrlich>Schildkampf I</nameausfuehrlich><name>Schildkampf I</name><bezeichner>Schildkampf I</bezeichner><wirkung></wirkung><dauer></dauer><kosten></kosten><probe></probe><kommentar></kommentar><namemitkommentar>Schildkampf I</namemitkommentar><bereich>Nahkampf</bereich><bereich>Kampf</bereich></sonderfertigkeit><sonderfertigkeit><nameausfuehrlich>Schildkampf II</nameausfuehrlich><name>Schildkampf II</name><bezeichner>Schildkampf II</bezeichner><wirkung></wirkung><dauer></dauer><kosten></kosten><probe></probe><kommentar></kommentar><namemitkommentar>Schildkampf II</namemitkommentar><bereich>Nahkampf</bereich><bereich>Kampf</bereich></sonderfertigkeit><sonderfertigkeit><nameausfuehrlich>Talentspezialisierung Grobschmied (Waffenschmied)</nameausfuehrlich><name>Talentspezialisierung Grobschmied (Waffenschmied)</name><bezeichner>Talentspezialisierung Grobschmied (Waffenschmied)</bezeichner><wirkung></wirkung><dauer></dauer><kosten></kosten><probe></probe><kommentar></kommentar><namemitkommentar>Talentspezialisierung Grobschmied (Waffenschmied)</namemitkommentar><bereich>Talentspezialisierung</bereich></sonderfertigkeit><sonderfertigkeit><nameausfuehrlich>Wuchtschlag</nameausfuehrlich><name>Wuchtschlag</name><bezeichner>Wuchtschlag</bezeichner><wirkung></wirkung><dauer></dauer><kosten></kosten><probe></probe><kommentar></kommentar><namemitkommentar>Wuchtschlag</namemitkommentar><bereich>Nahkampf</bereich><bereich>Kampf</bereich></sonderfertigkeit></sonderfertigkeiten><verbilligtesonderfertigkeiten/><talentliste><talent><name>Armbrust</name><meisterhandwerk>false</meisterhandwerk><leittalent>false</leittalent><basis>false</basis><nameausfuehrlich>Armbrust</nameausfuehrlich><wert>1</wert><probe>GE/FF/KK</probe><probenwerte>14/14/17</probenwerte><nameausfuehrlichmitprobe>Armbrust (GE/FF/KK)</nameausfuehrlichmitprobe><at>9</at><pa></pa><behinderung>BE-5</behinderung><mirakelplus>false</mirakelplus><mirakelminus>false</mirakelminus><metatalent>false</metatalent><bereich>Kampf</bereich><komplexität>C</komplexität><lernkomplexität>D</lernkomplexität><spezialisierungen></spezialisierungen></talent><talent><name>Bogen</name><meisterhandwerk>false</meisterhandwerk><leittalent>false</leittalent><basis>false</basis><nameausfuehrlich>Bogen</nameausfuehrlich><wert>2</wert><probe>GE/FF/KK</probe><probenwerte>14/14/17</probenwerte><nameausfuehrlichmitprobe>Bogen (GE/FF/KK)</nameausfuehrlichmitprobe><at>10</at><pa></pa><behinderung>BE-3</behinderung><mirakelplus>false</mirakelplus><mirakelminus>false</mirakelminus><metatalent>false</metatalent><bereich>Kampf</bereich><komplexität>E</komplexität><lernkomplexität>E</lernkomplexität><spezialisierungen></spezialisierungen></talent><talent><name>Dolche</name><meisterhandwerk>false</meisterhandwerk><leittalent>false</leittalent><basis>true</basis><nameausfuehrlich>Dolche  (B)</nameausfuehrlich><wert>2</wert><probe>GE/GE/KK</probe><probenwerte>14/14/17</probenwerte><nameausfuehrlichmitprobe>Dolche  (B)(GE/GE/KK)</nameausfuehrlichmitprobe><at>11</at><pa>8</pa><behinderung>BE-1</behinderung><mirakelplus>false</mirakelplus><mirakelminus>false</mirakelminus><metatalent>false</metatalent><bereich>Kampf</bereich><komplexität>D</komplexität><lernkomplexität>C</lernkomplexität><spezialisierungen></spezialisierungen></talent><talent><name>Hiebwaffen</name><meisterhandwerk>false</meisterhandwerk><leittalent>false</leittalent><basis>true</basis><nameausfuehrlich>Hiebwaffen  (B)</nameausfuehrlich><wert>5</wert><probe>GE/GE/KK</probe><probenwerte>14/14/17</probenwerte><nameausfuehrlichmitprobe>Hiebwaffen  (B)(GE/GE/KK)</nameausfuehrlichmitprobe><at>13</at><pa>9</pa><behinderung>BE-4</behinderung><mirakelplus>false</mirakelplus><mirakelminus>false</mirakelminus><metatalent>false</metatalent><bereich>Kampf</bereich><komplexität>D</komplexität><lernkomplexität>C</lernkomplexität><spezialisierungen></spezialisierungen></talent><talent><name>Raufen</name><meisterhandwerk>false</meisterhandwerk><leittalent>false</leittalent><basis>true</basis><nameausfuehrlich>Raufen  (B)</nameausfuehrlich><wert>7</wert><probe>GE/GE/KK</probe><probenwerte>14/14/17</probenwerte><nameausfuehrlichmitprobe>Raufen  (B)(GE/GE/KK)</nameausfuehrlichmitprobe><at>13</at><pa>11</pa><behinderung>BE</behinderung><mirakelplus>false</mirakelplus><mirakelminus>false</mirakelminus><metatalent>false</metatalent><bereich>Kampf</bereich><komplexität>C</komplexität><lernkomplexität>B</lernkomplexität><spezialisierungen></spezialisierungen></talent><talent><name>Ringen</name><meisterhandwerk>false</meisterhandwerk><leittalent>false</leittalent><basis>true</basis><nameausfuehrlich>Ringen  (B)</nameausfuehrlich><wert>5</wert><probe>GE/GE/KK</probe><probenwerte>14/14/17</probenwerte><nameausfuehrlichmitprobe>Ringen  (B)(GE/GE/KK)</nameausfuehrlichmitprobe><at>12</at><pa>10</pa><behinderung>BE</behinderung><mirakelplus>false</mirakelplus><mirakelminus>false</mirakelminus><metatalent>false</metatalent><bereich>Kampf</bereich><komplexität>D</komplexität><lernkomplexität>C</lernkomplexität><spezialisierungen></spezialisierungen></talent><talent><name>Säbel</name><meisterhandwerk>false</meisterhandwerk><leittalent>false</leittalent><basis>true</basis><nameausfuehrlich>Säbel  (B)</nameausfuehrlich><wert>0</wert><probe>GE/GE/KK</probe><probenwerte>14/14/17</probenwerte><nameausfuehrlichmitprobe>Säbel  (B)(GE/GE/KK)</nameausfuehrlichmitprobe><at>9</at><pa>8</pa><behinderung>BE-2</behinderung><mirakelplus>false</mirakelplus><mirakelminus>false</mirakelminus><metatalent>false</metatalent><bereich>Kampf</bereich><komplexität>D</komplexität><lernkomplexität>C</lernkomplexität><spezialisierungen></spezialisierungen></talent><talent><name>Schwerter</name><meisterhandwerk>false</meisterhandwerk><leittalent>false</leittalent><basis>false</basis><nameausfuehrlich>Schwerter</nameausfuehrlich><wert>14</wert><probe>GE/GE/KK</probe><probenwerte>14/14/17</probenwerte><nameausfuehrlichmitprobe>Schwerter (GE/GE/KK)</nameausfuehrlichmitprobe><at>18</at><pa>13</pa><behinderung>BE-2</behinderung><mirakelplus>false</mirakelplus><mirakelminus>false</mirakelminus><metatalent>false</metatalent><bereich>Kampf</bereich><komplexität>E</komplexität><lernkomplexität>F</lernkomplexität><spezialisierungen></spezialisierungen></talent><talent><name>Wurfmesser</name><meisterhandwerk>false</meisterhandwerk><leittalent>false</leittalent><basis>true</basis><nameausfuehrlich>Wurfmesser  (B)</nameausfuehrlich><wert>0</wert><probe>GE/FF/KK</probe><probenwerte>14/14/17</probenwerte><nameausfuehrlichmitprobe>Wurfmesser  (B)(GE/FF/KK)</nameausfuehrlichmitprobe><at>8</at><pa></pa><behinderung>BE-3</behinderung><mirakelplus>false</mirakelplus><mirakelminus>false</mirakelminus><metatalent>false</metatalent><bereich>Kampf</bereich><komplexität>C</komplexität><lernkomplexität>C</lernkomplexität><spezialisierungen></spezialisierungen></talent><talent><name>Athletik</name><meisterhandwerk>false</meisterhandwerk><leittalent>false</leittalent><basis>true</basis><nameausfuehrlich>Athletik  (B)</nameausfuehrlich><wert>8</wert><probe>GE/KO/KK</probe><probenwerte>14/14/17</probenwerte><nameausfuehrlichmitprobe>Athletik  (B)(GE/KO/KK)</nameausfuehrlichmitprobe><behinderung>BEx2</behinderung><mirakelplus>false</mirakelplus><mirakelminus>false</mirakelminus><metatalent>false</metatalent><bereich>Körperlich</bereich><komplexität>D</komplexität><lernkomplexität>D</lernkomplexität><spezialisierungen></spezialisierungen></talent><talent><name>Klettern</name><meisterhandwerk>false</meisterhandwerk><leittalent>false</leittalent><basis>true</basis><nameausfuehrlich>Klettern  (B)</nameausfuehrlich><wert>4</wert><probe>MU/GE/KK</probe><probenwerte>14/14/17</probenwerte><nameausfuehrlichmitprobe>Klettern  (B)(MU/GE/KK)</nameausfuehrlichmitprobe><behinderung>BEx2</behinderung><mirakelplus>false</mirakelplus><mirakelminus>false</mirakelminus><metatalent>false</metatalent><bereich>Körperlich</bereich><komplexität>D</komplexität><lernkomplexität>D</lernkomplexität><spezialisierungen></spezialisierungen></talent><talent><name>Körperbeherrschung</name><meisterhandwerk>false</meisterhandwerk><leittalent>false</leittalent><basis>true</basis><nameausfuehrlich>Körperbeherrschung  (B)</nameausfuehrlich><wert>7</wert><probe>MU/IN/GE</probe><probenwerte>14/11/14</probenwerte><nameausfuehrlichmitprobe>Körperbeherrschung  (B)(MU/IN/GE)</nameausfuehrlichmitprobe><behinderung>BEx2</behinderung><mirakelplus>false</mirakelplus><mirakelminus>false</mirakelminus><metatalent>false</metatalent><bereich>Körperlich</bereich><komplexität>D</komplexität><lernkomplexität>D</lernkomplexität><spezialisierungen></spezialisierungen></talent><talent><name>Reiten</name><meisterhandwerk>false</meisterhandwerk><leittalent>false</leittalent><basis>false</basis><nameausfuehrlich>Reiten</nameausfuehrlich><wert>6</wert><probe>CH/GE/KK</probe><probenwerte>11/14/17</probenwerte><nameausfuehrlichmitprobe>Reiten (CH/GE/KK)</nameausfuehrlichmitprobe><behinderung>BE-2</behinderung><mirakelplus>false</mirakelplus><mirakelminus>false</mirakelminus><metatalent>false</metatalent><bereich>Körperlich</bereich><komplexität>D</komplexität><lernkomplexität>D</lernkomplexität><spezialisierungen></spezialisierungen></talent><talent><name>Schleichen</name><meisterhandwerk>false</meisterhandwerk><leittalent>false</leittalent><basis>true</basis><nameausfuehrlich>Schleichen  (B)</nameausfuehrlich><wert>2</wert><probe>MU/IN/GE</probe><probenwerte>14/11/14</probenwerte><nameausfuehrlichmitprobe>Schleichen  (B)(MU/IN/GE)</nameausfuehrlichmitprobe><behinderung>BE</behinderung><mirakelplus>false</mirakelplus><mirakelminus>false</mirakelminus><metatalent>false</metatalent><bereich>Körperlich</bereich><komplexität>D</komplexität><lernkomplexität>D</lernkomplexität><spezialisierungen></spezialisierungen></talent><talent><name>Schwimmen</name><meisterhandwerk>false</meisterhandwerk><leittalent>false</leittalent><basis>true</basis><nameausfuehrlich>Schwimmen  (B)</nameausfuehrlich><wert>2</wert><probe>GE/KO/KK</probe><probenwerte>14/14/17</probenwerte><nameausfuehrlichmitprobe>Schwimmen  (B)(GE/KO/KK)</nameausfuehrlichmitprobe><behinderung>BEx2</behinderung><mirakelplus>false</mirakelplus><mirakelminus>false</mirakelminus><metatalent>false</metatalent><bereich>Körperlich</bereich><komplexität>D</komplexität><lernkomplexität>D</lernkomplexität><spezialisierungen></spezialisierungen></talent><talent><name>Selbstbeherrschung</name><meisterhandwerk>false</meisterhandwerk><leittalent>false</leittalent><basis>true</basis><nameausfuehrlich>Selbstbeherrschung  (B)</nameausfuehrlich><wert>2</wert><probe>MU/KO/KK</probe><probenwerte>14/14/17</probenwerte><nameausfuehrlichmitprobe>Selbstbeherrschung  (B)(MU/KO/KK)</nameausfuehrlichmitprobe><behinderung></behinderung><mirakelplus>false</mirakelplus><mirakelminus>false</mirakelminus><metatalent>false</metatalent><bereich>Körperlich</bereich><komplexität>D</komplexität><lernkomplexität>D</lernkomplexität><spezialisierungen></spezialisierungen></talent><talent><name>Sich verstecken</name><meisterhandwerk>false</meisterhandwerk><leittalent>false</leittalent><basis>true</basis><nameausfuehrlich>Sich verstecken  (B)</nameausfuehrlich><wert>0</wert><probe>MU/IN/GE</probe><probenwerte>14/11/14</probenwerte><nameausfuehrlichmitprobe>Sich verstecken  (B)(MU/IN/GE)</nameausfuehrlichmitprobe><behinderung>BE-2</behinderung><mirakelplus>false</mirakelplus><mirakelminus>false</mirakelminus><metatalent>false</metatalent><bereich>Körperlich</bereich><komplexität>D</komplexität><lernkomplexität>D</lernkomplexität><spezialisierungen></spezialisierungen></talent><talent><name>Singen</name><meisterhandwerk>false</meisterhandwerk><leittalent>false</leittalent><basis>true</basis><nameausfuehrlich>Singen  (B)</nameausfuehrlich><wert>0</wert><probe>IN/CH/CH</probe><probenwerte>11/11/11</probenwerte><nameausfuehrlichmitprobe>Singen  (B)(IN/CH/CH)</nameausfuehrlichmitprobe><behinderung>BE-3</behinderung><mirakelplus>false</mirakelplus><mirakelminus>false</mirakelminus><metatalent>false</metatalent><bereich>Körperlich</bereich><komplexität>D</komplexität><lernkomplexität>D</lernkomplexität><spezialisierungen></spezialisierungen></talent><talent><name>Sinnenschärfe</name><meisterhandwerk>false</meisterhandwerk><leittalent>false</leittalent><basis>true</basis><nameausfuehrlich>Sinnenschärfe  (B)</nameausfuehrlich><wert>7</wert><probe>KL/IN/IN</probe><probenwerte>9/11/11</probenwerte><nameausfuehrlichmitprobe>Sinnenschärfe  (B)(KL/IN/IN)</nameausfuehrlichmitprobe><behinderung>0-&gt;BE</behinderung><mirakelplus>false</mirakelplus><mirakelminus>false</mirakelminus><metatalent>false</metatalent><bereich>Körperlich</bereich><komplexität>D</komplexität><lernkomplexität>D</lernkomplexität><spezialisierungen></spezialisierungen></talent><talent><name>Tanzen</name><meisterhandwerk>false</meisterhandwerk><leittalent>false</leittalent><basis>true</basis><nameausfuehrlich>Tanzen  (B)</nameausfuehrlich><wert>1</wert><probe>CH/GE/GE</probe><probenwerte>11/14/14</probenwerte><nameausfuehrlichmitprobe>Tanzen  (B)(CH/GE/GE)</nameausfuehrlichmitprobe><behinderung>BEx2</behinderung><mirakelplus>false</mirakelplus><mirakelminus>false</mirakelminus><metatalent>false</metatalent><bereich>Körperlich</bereich><komplexität>D</komplexität><lernkomplexität>D</lernkomplexität><spezialisierungen></spezialisierungen></talent><talent><name>Zechen</name><meisterhandwerk>false</meisterhandwerk><leittalent>false</leittalent><basis>true</basis><nameausfuehrlich>Zechen  (B)</nameausfuehrlich><wert>3</wert><probe>IN/KO/KK</probe><probenwerte>11/14/17</probenwerte><nameausfuehrlichmitprobe>Zechen  (B)(IN/KO/KK)</nameausfuehrlichmitprobe><behinderung></behinderung><mirakelplus>false</mirakelplus><mirakelminus>false</mirakelminus><metatalent>false</metatalent><bereich>Körperlich</bereich><komplexität>D</komplexität><lernkomplexität>D</lernkomplexität><spezialisierungen></spezialisierungen></talent><talent><name>Etikette</name><meisterhandwerk>false</meisterhandwerk><leittalent>false</leittalent><basis>false</basis><nameausfuehrlich>Etikette</nameausfuehrlich><wert>2</wert><probe>KL/IN/CH</probe><probenwerte>9/11/11</probenwerte><nameausfuehrlichmitprobe>Etikette (KL/IN/CH)</nameausfuehrlichmitprobe><behinderung></behinderung><mirakelplus>false</mirakelplus><mirakelminus>false</mirakelminus><metatalent>false</metatalent><bereich>Gesellschaft</bereich><komplexität>B</komplexität><lernkomplexität>B</lernkomplexität><spezialisierungen></spezialisierungen></talent><talent><name>Gassenwissen</name><meisterhandwerk>false</meisterhandwerk><leittalent>false</leittalent><basis>false</basis><nameausfuehrlich>Gassenwissen</nameausfuehrlich><wert>2</wert><probe>KL/IN/CH</probe><probenwerte>9/11/11</probenwerte><nameausfuehrlichmitprobe>Gassenwissen (KL/IN/CH)</nameausfuehrlichmitprobe><behinderung></behinderung><mirakelplus>false</mirakelplus><mirakelminus>false</mirakelminus><metatalent>false</metatalent><bereich>Gesellschaft</bereich><komplexität>B</komplexität><lernkomplexität>B</lernkomplexität><spezialisierungen></spezialisierungen></talent><talent><name>Lehren</name><meisterhandwerk>false</meisterhandwerk><leittalent>false</leittalent><basis>false</basis><nameausfuehrlich>Lehren</nameausfuehrlich><wert>2</wert><probe>KL/IN/CH</probe><probenwerte>9/11/11</probenwerte><nameausfuehrlichmitprobe>Lehren (KL/IN/CH)</nameausfuehrlichmitprobe><behinderung></behinderung><mirakelplus>false</mirakelplus><mirakelminus>false</mirakelminus><metatalent>false</metatalent><bereich>Gesellschaft</bereich><komplexität>B</komplexität><lernkomplexität>B</lernkomplexität><spezialisierungen></spezialisierungen></talent><talent><name>Menschenkenntnis</name><meisterhandwerk>false</meisterhandwerk><leittalent>false</leittalent><basis>true</basis><nameausfuehrlich>Menschenkenntnis  (B)</nameausfuehrlich><wert>4</wert><probe>KL/IN/CH</probe><probenwerte>9/11/11</probenwerte><nameausfuehrlichmitprobe>Menschenkenntnis  (B)(KL/IN/CH)</nameausfuehrlichmitprobe><behinderung></behinderung><mirakelplus>false</mirakelplus><mirakelminus>false</mirakelminus><metatalent>false</metatalent><bereich>Gesellschaft</bereich><komplexität>B</komplexität><lernkomplexität>B</lernkomplexität><spezialisierungen></spezialisierungen></talent><talent><name>Überreden</name><meisterhandwerk>false</meisterhandwerk><leittalent>false</leittalent><basis>true</basis><nameausfuehrlich>Überreden  (B)</nameausfuehrlich><wert>4</wert><probe>MU/IN/CH</probe><probenwerte>14/11/11</probenwerte><nameausfuehrlichmitprobe>Überreden  (B)(MU/IN/CH)</nameausfuehrlichmitprobe><behinderung></behinderung><mirakelplus>false</mirakelplus><mirakelminus>false</mirakelminus><metatalent>false</metatalent><bereich>Gesellschaft</bereich><komplexität>B</komplexität><lernkomplexität>B</lernkomplexität><spezialisierungen></spezialisierungen></talent><talent><name>Fährtensuchen</name><meisterhandwerk>false</meisterhandwerk><leittalent>false</leittalent><basis>true</basis><nameausfuehrlich>Fährtensuchen  (B)</nameausfuehrlich><wert>1</wert><probe>KL/IN/KO</probe><probenwerte>9/11/14</probenwerte><nameausfuehrlichmitprobe>Fährtensuchen  (B)(KL/IN/KO)</nameausfuehrlichmitprobe><behinderung></behinderung><mirakelplus>false</mirakelplus><mirakelminus>false</mirakelminus><metatalent>false</metatalent><bereich>Natur</bereich><komplexität>B</komplexität><lernkomplexität>B</lernkomplexität><spezialisierungen></spezialisierungen></talent><talent><name>Fesseln/Entfesseln</name><meisterhandwerk>false</meisterhandwerk><leittalent>false</leittalent><basis>false</basis><nameausfuehrlich>Fesseln/Entfesseln</nameausfuehrlich><wert>5</wert><probe>FF/GE/KK</probe><probenwerte>14/14/17</probenwerte><nameausfuehrlichmitprobe>Fesseln/Entfesseln (FF/GE/KK)</nameausfuehrlichmitprobe><behinderung>-/BE</behinderung><mirakelplus>false</mirakelplus><mirakelminus>false</mirakelminus><metatalent>false</metatalent><bereich>Natur</bereich><komplexität>B</komplexität><lernkomplexität>B</lernkomplexität><spezialisierungen></spezialisierungen></talent><talent><name>Fischen/Angeln</name><meisterhandwerk>false</meisterhandwerk><leittalent>false</leittalent><basis>false</basis><nameausfuehrlich>Fischen/Angeln</nameausfuehrlich><wert>1</wert><probe>IN/FF/KK</probe><probenwerte>11/14/17</probenwerte><nameausfuehrlichmitprobe>Fischen/Angeln (IN/FF/KK)</nameausfuehrlichmitprobe><behinderung></behinderung><mirakelplus>false</mirakelplus><mirakelminus>false</mirakelminus><metatalent>false</metatalent><bereich>Natur</bereich><komplexität>B</komplexität><lernkomplexität>B</lernkomplexität><spezialisierungen></spezialisierungen></talent><talent><name>Orientierung</name><meisterhandwerk>false</meisterhandwerk><leittalent>false</leittalent><basis>true</basis><nameausfuehrlich>Orientierung  (B)</nameausfuehrlich><wert>8</wert><probe>KL/IN/IN</probe><probenwerte>9/11/11</probenwerte><nameausfuehrlichmitprobe>Orientierung  (B)(KL/IN/IN)</nameausfuehrlichmitprobe><behinderung></behinderung><mirakelplus>false</mirakelplus><mirakelminus>false</mirakelminus><metatalent>false</metatalent><bereich>Natur</bereich><komplexität>B</komplexität><lernkomplexität>B</lernkomplexität><spezialisierungen></spezialisierungen></talent><talent><name>Wildnisleben</name><meisterhandwerk>false</meisterhandwerk><leittalent>false</leittalent><basis>true</basis><nameausfuehrlich>Wildnisleben  (B)</nameausfuehrlich><wert>1</wert><probe>IN/GE/KO</probe><probenwerte>11/14/14</probenwerte><nameausfuehrlichmitprobe>Wildnisleben  (B)(IN/GE/KO)</nameausfuehrlichmitprobe><behinderung></behinderung><mirakelplus>false</mirakelplus><mirakelminus>false</mirakelminus><metatalent>false</metatalent><bereich>Natur</bereich><komplexität>B</komplexität><lernkomplexität>B</lernkomplexität><spezialisierungen></spezialisierungen></talent><talent><name>Geografie</name><meisterhandwerk>false</meisterhandwerk><leittalent>false</leittalent><basis>false</basis><nameausfuehrlich>Geografie</nameausfuehrlich><wert>1</wert><probe>KL/KL/IN</probe><probenwerte>9/9/11</probenwerte><nameausfuehrlichmitprobe>Geografie (KL/KL/IN)</nameausfuehrlichmitprobe><behinderung></behinderung><mirakelplus>false</mirakelplus><mirakelminus>false</mirakelminus><metatalent>false</metatalent><bereich>Wissen</bereich><komplexität>B</komplexität><lernkomplexität>B</lernkomplexität><spezialisierungen></spezialisierungen></talent><talent><name>Götter und Kulte</name><meisterhandwerk>false</meisterhandwerk><leittalent>false</leittalent><basis>true</basis><nameausfuehrlich>Götter und Kulte  (B)</nameausfuehrlich><wert>5</wert><probe>KL/KL/IN</probe><probenwerte>9/9/11</probenwerte><nameausfuehrlichmitprobe>Götter und Kulte  (B)(KL/KL/IN)</nameausfuehrlichmitprobe><behinderung></behinderung><mirakelplus>false</mirakelplus><mirakelminus>false</mirakelminus><metatalent>false</metatalent><bereich>Wissen</bereich><komplexität>B</komplexität><lernkomplexität>B</lernkomplexität><spezialisierungen></spezialisierungen></talent><talent><name>Heraldik</name><meisterhandwerk>false</meisterhandwerk><leittalent>false</leittalent><basis>false</basis><nameausfuehrlich>Heraldik</nameausfuehrlich><wert>1</wert><probe>KL/KL/FF</probe><probenwerte>9/9/14</probenwerte><nameausfuehrlichmitprobe>Heraldik (KL/KL/FF)</nameausfuehrlichmitprobe><behinderung></behinderung><mirakelplus>false</mirakelplus><mirakelminus>false</mirakelminus><metatalent>false</metatalent><bereich>Wissen</bereich><komplexität>B</komplexität><lernkomplexität>B</lernkomplexität><spezialisierungen></spezialisierungen></talent><talent><name>Kriegskunst</name><meisterhandwerk>false</meisterhandwerk><leittalent>false</leittalent><basis>false</basis><nameausfuehrlich>Kriegskunst</nameausfuehrlich><wert>7</wert><probe>MU/KL/CH</probe><probenwerte>14/9/11</probenwerte><nameausfuehrlichmitprobe>Kriegskunst (MU/KL/CH)</nameausfuehrlichmitprobe><behinderung></behinderung><mirakelplus>false</mirakelplus><mirakelminus>false</mirakelminus><metatalent>false</metatalent><bereich>Wissen</bereich><komplexität>B</komplexität><lernkomplexität>B</lernkomplexität><spezialisierungen></spezialisierungen></talent><talent><name>Rechnen</name><meisterhandwerk>false</meisterhandwerk><leittalent>false</leittalent><basis>true</basis><nameausfuehrlich>Rechnen  (B)</nameausfuehrlich><wert>4</wert><probe>KL/KL/IN</probe><probenwerte>9/9/11</probenwerte><nameausfuehrlichmitprobe>Rechnen  (B)(KL/KL/IN)</nameausfuehrlichmitprobe><behinderung></behinderung><mirakelplus>false</mirakelplus><mirakelminus>false</mirakelminus><metatalent>false</metatalent><bereich>Wissen</bereich><komplexität>B</komplexität><lernkomplexität>B</lernkomplexität><spezialisierungen></spezialisierungen></talent><talent><name>Rechtskunde</name><meisterhandwerk>false</meisterhandwerk><leittalent>false</leittalent><basis>false</basis><nameausfuehrlich>Rechtskunde</nameausfuehrlich><wert>2</wert><probe>KL/KL/IN</probe><probenwerte>9/9/11</probenwerte><nameausfuehrlichmitprobe>Rechtskunde (KL/KL/IN)</nameausfuehrlichmitprobe><behinderung></behinderung><mirakelplus>false</mirakelplus><mirakelminus>false</mirakelminus><metatalent>false</metatalent><bereich>Wissen</bereich><komplexität>B</komplexität><lernkomplexität>B</lernkomplexität><spezialisierungen></spezialisierungen></talent><talent><name>Sagen und Legenden</name><meisterhandwerk>false</meisterhandwerk><leittalent>false</leittalent><basis>true</basis><nameausfuehrlich>Sagen und Legenden  (B)</nameausfuehrlich><wert>4</wert><probe>KL/IN/CH</probe><probenwerte>9/11/11</probenwerte><nameausfuehrlichmitprobe>Sagen und Legenden  (B)(KL/IN/CH)</nameausfuehrlichmitprobe><behinderung></behinderung><mirakelplus>false</mirakelplus><mirakelminus>false</mirakelminus><metatalent>false</metatalent><bereich>Wissen</bereich><komplexität>B</komplexität><lernkomplexität>B</lernkomplexität><spezialisierungen></spezialisierungen></talent><talent><name>Schätzen</name><meisterhandwerk>false</meisterhandwerk><leittalent>false</leittalent><basis>false</basis><nameausfuehrlich>Schätzen</nameausfuehrlich><wert>2</wert><probe>KL/IN/IN</probe><probenwerte>9/11/11</probenwerte><nameausfuehrlichmitprobe>Schätzen (KL/IN/IN)</nameausfuehrlichmitprobe><behinderung></behinderung><mirakelplus>false</mirakelplus><mirakelminus>false</mirakelminus><metatalent>false</metatalent><bereich>Wissen</bereich><komplexität>B</komplexität><lernkomplexität>B</lernkomplexität><spezialisierungen></spezialisierungen></talent><talent><name>Garethi</name><meisterhandwerk>false</meisterhandwerk><leittalent>false</leittalent><basis>false</basis><nameausfuehrlich>Garethi</nameausfuehrlich><wert>6</wert><probe>KL/IN/CH</probe><probenwerte>9/11/11</probenwerte><nameausfuehrlichmitprobe>Garethi (KL/IN/CH)</nameausfuehrlichmitprobe><sprachkomplexität>18</sprachkomplexität><muttersprache>true</muttersprache><behinderung></behinderung><mirakelplus>false</mirakelplus><mirakelminus>false</mirakelminus><metatalent>false</metatalent><bereich>Sprachen</bereich><komplexität>A</komplexität><lernkomplexität>A</lernkomplexität><spezialisierungen></spezialisierungen></talent><talent><name>Rogolan</name><meisterhandwerk>false</meisterhandwerk><leittalent>false</leittalent><basis>false</basis><nameausfuehrlich>Rogolan</nameausfuehrlich><wert>3</wert><probe>KL/IN/CH</probe><probenwerte>9/11/11</probenwerte><nameausfuehrlichmitprobe>Rogolan (KL/IN/CH)</nameausfuehrlichmitprobe><sprachkomplexität>21</sprachkomplexität><behinderung></behinderung><mirakelplus>false</mirakelplus><mirakelminus>false</mirakelminus><metatalent>false</metatalent><bereich>Sprachen</bereich><komplexität>A</komplexität><lernkomplexität>B</lernkomplexität><spezialisierungen></spezialisierungen></talent><talent><name>L/S Kusliker Zeichen</name><meisterhandwerk>false</meisterhandwerk><leittalent>false</leittalent><basis>false</basis><nameausfuehrlich>L/S Kusliker Zeichen</nameausfuehrlich><wert>3</wert><probe>KL/KL/FF</probe><probenwerte>9/9/14</probenwerte><nameausfuehrlichmitprobe>L/S Kusliker Zeichen (KL/KL/FF)</nameausfuehrlichmitprobe><sprachkomplexität>10</sprachkomplexität><schriftmuttersprache>true</schriftmuttersprache><behinderung></behinderung><mirakelplus>false</mirakelplus><mirakelminus>false</mirakelminus><metatalent>false</metatalent><bereich>Schriften</bereich><komplexität>A</komplexität><lernkomplexität>A</lernkomplexität><spezialisierungen></spezialisierungen></talent><talent><name>Bogenbau</name><meisterhandwerk>false</meisterhandwerk><leittalent>false</leittalent><basis>false</basis><nameausfuehrlich>Bogenbau</nameausfuehrlich><wert>4</wert><probe>KL/IN/FF</probe><probenwerte>9/11/14</probenwerte><nameausfuehrlichmitprobe>Bogenbau (KL/IN/FF)</nameausfuehrlichmitprobe><behinderung></behinderung><mirakelplus>false</mirakelplus><mirakelminus>false</mirakelminus><metatalent>false</metatalent><bereich>Handwerk</bereich><komplexität>B</komplexität><lernkomplexität>B</lernkomplexität><spezialisierungen></spezialisierungen></talent><talent><name>Boote fahren</name><meisterhandwerk>false</meisterhandwerk><leittalent>false</leittalent><basis>false</basis><nameausfuehrlich>Boote fahren</nameausfuehrlich><wert>3</wert><probe>GE/KO/KK</probe><probenwerte>14/14/17</probenwerte><nameausfuehrlichmitprobe>Boote fahren (GE/KO/KK)</nameausfuehrlichmitprobe><behinderung></behinderung><mirakelplus>false</mirakelplus><mirakelminus>false</mirakelminus><metatalent>false</metatalent><bereich>Handwerk</bereich><komplexität>B</komplexität><lernkomplexität>B</lernkomplexität><spezialisierungen></spezialisierungen></talent><talent><name>Grobschmied</name><meisterhandwerk>false</meisterhandwerk><leittalent>false</leittalent><basis>false</basis><nameausfuehrlich>Grobschmied  (Waffenschmied)</nameausfuehrlich><wert>13</wert><probe>FF/KO/KK</probe><probenwerte>14/14/17</probenwerte><nameausfuehrlichmitprobe>Grobschmied  (Waffenschmied)(FF/KO/KK)</nameausfuehrlichmitprobe><behinderung></behinderung><mirakelplus>false</mirakelplus><mirakelminus>false</mirakelminus><metatalent>false</metatalent><bereich>Handwerk</bereich><komplexität>B</komplexität><lernkomplexität>A</lernkomplexität><spezialisierungen>Waffenschmied</spezialisierungen></talent><talent><name>Hauswirtschaft</name><meisterhandwerk>false</meisterhandwerk><leittalent>false</leittalent><basis>false</basis><nameausfuehrlich>Hauswirtschaft</nameausfuehrlich><wert>3</wert><probe>IN/CH/FF</probe><probenwerte>11/11/14</probenwerte><nameausfuehrlichmitprobe>Hauswirtschaft (IN/CH/FF)</nameausfuehrlichmitprobe><behinderung></behinderung><mirakelplus>false</mirakelplus><mirakelminus>false</mirakelminus><metatalent>false</metatalent><bereich>Handwerk</bereich><komplexität>B</komplexität><lernkomplexität>B</lernkomplexität><spezialisierungen></spezialisierungen></talent><talent><name>Heilkunde: Wunden</name><meisterhandwerk>false</meisterhandwerk><leittalent>false</leittalent><basis>true</basis><nameausfuehrlich>Heilkunde: Wunden  (B)</nameausfuehrlich><wert>3</wert><probe>KL/CH/FF</probe><probenwerte>9/11/14</probenwerte><nameausfuehrlichmitprobe>Heilkunde: Wunden  (B)(KL/CH/FF)</nameausfuehrlichmitprobe><behinderung></behinderung><mirakelplus>false</mirakelplus><mirakelminus>false</mirakelminus><metatalent>false</metatalent><bereich>Handwerk</bereich><komplexität>B</komplexität><lernkomplexität>B</lernkomplexität><spezialisierungen></spezialisierungen></talent><talent><name>Holzbearbeitung</name><meisterhandwerk>false</meisterhandwerk><leittalent>false</leittalent><basis>true</basis><nameausfuehrlich>Holzbearbeitung  (B)</nameausfuehrlich><wert>1</wert><probe>KL/FF/KK</probe><probenwerte>9/14/17</probenwerte><nameausfuehrlichmitprobe>Holzbearbeitung  (B)(KL/FF/KK)</nameausfuehrlichmitprobe><behinderung></behinderung><mirakelplus>false</mirakelplus><mirakelminus>false</mirakelminus><metatalent>false</metatalent><bereich>Handwerk</bereich><komplexität>B</komplexität><lernkomplexität>B</lernkomplexität><spezialisierungen></spezialisierungen></talent><talent><name>Kochen</name><meisterhandwerk>false</meisterhandwerk><leittalent>false</leittalent><basis>true</basis><nameausfuehrlich>Kochen  (B)</nameausfuehrlich><wert>0</wert><probe>KL/IN/FF</probe><probenwerte>9/11/14</probenwerte><nameausfuehrlichmitprobe>Kochen  (B)(KL/IN/FF)</nameausfuehrlichmitprobe><behinderung></behinderung><mirakelplus>false</mirakelplus><mirakelminus>false</mirakelminus><metatalent>false</metatalent><bereich>Handwerk</bereich><komplexität>B</komplexität><lernkomplexität>B</lernkomplexität><spezialisierungen></spezialisierungen></talent><talent><name>Lederarbeiten</name><meisterhandwerk>false</meisterhandwerk><leittalent>false</leittalent><basis>true</basis><nameausfuehrlich>Lederarbeiten  (B)</nameausfuehrlich><wert>3</wert><probe>KL/FF/FF</probe><probenwerte>9/14/14</probenwerte><nameausfuehrlichmitprobe>Lederarbeiten  (B)(KL/FF/FF)</nameausfuehrlichmitprobe><behinderung></behinderung><mirakelplus>false</mirakelplus><mirakelminus>false</mirakelminus><metatalent>false</metatalent><bereich>Handwerk</bereich><komplexität>B</komplexität><lernkomplexität>B</lernkomplexität><spezialisierungen></spezialisierungen></talent><talent><name>Malen/Zeichnen</name><meisterhandwerk>false</meisterhandwerk><leittalent>false</leittalent><basis>true</basis><nameausfuehrlich>Malen/Zeichnen  (B)</nameausfuehrlich><wert>1</wert><probe>KL/IN/FF</probe><probenwerte>9/11/14</probenwerte><nameausfuehrlichmitprobe>Malen/Zeichnen  (B)(KL/IN/FF)</nameausfuehrlichmitprobe><behinderung></behinderung><mirakelplus>false</mirakelplus><mirakelminus>false</mirakelminus><metatalent>false</metatalent><bereich>Handwerk</bereich><komplexität>B</komplexität><lernkomplexität>B</lernkomplexität><spezialisierungen></spezialisierungen></talent><talent><name>Metallguss</name><meisterhandwerk>false</meisterhandwerk><leittalent>false</leittalent><basis>false</basis><nameausfuehrlich>Metallguss</nameausfuehrlich><wert>3</wert><probe>KL/FF/KK</probe><probenwerte>9/14/17</probenwerte><nameausfuehrlichmitprobe>Metallguss (KL/FF/KK)</nameausfuehrlichmitprobe><behinderung></behinderung><mirakelplus>false</mirakelplus><mirakelminus>false</mirakelminus><metatalent>false</metatalent><bereich>Handwerk</bereich><komplexität>B</komplexität><lernkomplexität>B</lernkomplexität><spezialisierungen></spezialisierungen></talent><talent><name>Schneidern</name><meisterhandwerk>false</meisterhandwerk><leittalent>false</leittalent><basis>true</basis><nameausfuehrlich>Schneidern  (B)</nameausfuehrlich><wert>0</wert><probe>KL/FF/FF</probe><probenwerte>9/14/14</probenwerte><nameausfuehrlichmitprobe>Schneidern  (B)(KL/FF/FF)</nameausfuehrlichmitprobe><behinderung></behinderung><mirakelplus>false</mirakelplus><mirakelminus>false</mirakelminus><metatalent>false</metatalent><bereich>Handwerk</bereich><komplexität>B</komplexität><lernkomplexität>B</lernkomplexität><spezialisierungen></spezialisierungen></talent><talent><name>Seefahrt</name><meisterhandwerk>false</meisterhandwerk><leittalent>false</leittalent><basis>false</basis><nameausfuehrlich>Seefahrt</nameausfuehrlich><wert>2</wert><probe>FF/GE/KK</probe><probenwerte>14/14/17</probenwerte><nameausfuehrlichmitprobe>Seefahrt (FF/GE/KK)</nameausfuehrlichmitprobe><behinderung></behinderung><mirakelplus>false</mirakelplus><mirakelminus>false</mirakelminus><metatalent>false</metatalent><bereich>Handwerk</bereich><komplexität>B</komplexität><lernkomplexität>B</lernkomplexität><spezialisierungen></spezialisierungen></talent></talentliste><zauberliste/><gegenstaende><gegenstand><name>(Lang-)Schwert</name><anzahl>1</anzahl><grundlage>(Lang-)Schwert</grundlage><gewicht>80.0</gewicht><gesamtgewicht>80.0</gesamtgewicht><angelegt>true</angelegt><angelegt1>false</angelegt1><angelegt2>false</angelegt2><einzelpreis>18000</einzelpreis><gesamtpreis>18000</gesamtpreis><quelle buch="AA" seite="27">AA: 27</quelle><details/><arten>Nahkampfwaffe</arten></gegenstand><gegenstand><name>Holzschild</name><anzahl>1</anzahl><grundlage>Holzschild</grundlage><gewicht>140.0</gewicht><gesamtgewicht>140.0</gesamtgewicht><angelegt>true</angelegt><angelegt1>false</angelegt1><angelegt2>false</angelegt2><einzelpreis>4000</einzelpreis><gesamtpreis>4000</gesamtpreis><quelle buch="AA" seite="96">AA: 96</quelle><details/><arten>Schild</arten></gegenstand></gegenstaende><verbindungen/><kampfsets><kampfset inbenutzung="true" nr="1" tzm="true" defaultrsmodel="true"><raufen><at>13</at><pa>11</pa><tp>1W+2</tp></raufen><ringen><at>12</at><pa>10</pa><tp>1W+2</tp></ringen><ausweichen>8</ausweichen><ausweichenausweichenmod>0</ausweichenausweichenmod><ausweichenakrobatikmod>0</ausweichenakrobatikmod><ausweichenmod>0</ausweichenmod><geschwindigkeitinklbe>8</geschwindigkeitinklbe><ini>11</ini><ruestungzonen><kopf>0</kopf><brust>0</brust><ruecken>0</ruecken><gesamt>0</gesamt><bauch>0</bauch><linkerarm>0</linkerarm><rechterarm>0</rechterarm><linkesbein>0</linkesbein><rechtesbein>0</rechtesbein><gesamtschutz>0</gesamtschutz><gesamtzonenschutz>0</gesamtzonenschutz><behinderung>0</behinderung></ruestungzonen><nahkampfwaffen inbenutzung="true"><nahkampfwaffe><nummer>1</nummer><möglich>true</möglich><name>(Lang-)Schwert</name><spalte2>Sc/BE-2</spalte2><dk>N </dk><tp>1W+4</tp><tpkk schrittweite="4" schwelle="11">11 / 4</tpkk><ini>0</ini><wm>0 / 0</wm><at>18</at><pa>13</pa><tpinkl>1W+5</tpinkl><bereich>nahkampf</bereich><bfmin>1</bfmin><bfakt>1</bfakt><waffentalentkurz>Sc</waffentalentkurz><waffentalent>Schwerter</waffentalent><be>BE-2</be></nahkampfwaffe></nahkampfwaffen><fernkampfwaffen inbenutzung="false"/><schilder inbenutzung="true"><schild><nummer>1</nummer><name>Holzschild</name><ini>-1</ini><mod>-1/ 3</mod><pa>16</pa><bfmin>3</bfmin><bfakt>3</bfakt><bf>3/3</bf><typ>Schild</typ></schild></schilder><ruestungen inbenutzung="false"/></kampfset><kampfset inbenutzung="true" nr="1" tzm="false" defaultrsmodel="false"><raufen><at>13</at><pa>11</pa><tp>1W+2</tp></raufen><ringen><at>12</at><pa>10</pa><tp>1W+2</tp></ringen><ausweichen>8</ausweichen><ausweichenausweichenmod>0</ausweichenausweichenmod><ausweichenakrobatikmod>0</ausweichenakrobatikmod><ausweichenmod>0</ausweichenmod><geschwindigkeitinklbe>8</geschwindigkeitinklbe><ini>11</ini><ruestungeinfach><gesamt>0</gesamt><behinderung>0</behinderung></ruestungeinfach><nahkampfwaffen inbenutzung="true"><nahkampfwaffe><nummer>1</nummer><möglich>true</möglich><name>(Lang-)Schwert</name><spalte2>Sc/BE-2</spalte2><dk>N </dk><tp>1W+4</tp><tpkk schrittweite="4" schwelle="11">11 / 4</tpkk><ini>0</ini><wm>0 / 0</wm><at>18</at><pa>13</pa><tpinkl>1W+5</tpinkl><bereich>nahkampf</bereich><bfmin>1</bfmin><bfakt>1</bfakt><waffentalentkurz>Sc</waffentalentkurz><waffentalent>Schwerter</waffentalent><be>BE-2</be></nahkampfwaffe></nahkampfwaffen><fernkampfwaffen inbenutzung="false"/><schilder inbenutzung="true"><schild><nummer>1</nummer><name>Holzschild</name><ini>-1</ini><mod>-1/ 3</mod><pa>16</pa><bfmin>3</bfmin><bfakt>3</bfakt><bf>3/3</bf><typ>Schild</typ></schild></schilder><ruestungen inbenutzung="false"/></kampfset><kampfset inbenutzung="false" nr="2" tzm="true" defaultrsmodel="true"><raufen><at>13</at><pa>11</pa><tp>1W+2</tp></raufen><ringen><at>12</at><pa>10</pa><tp>1W+2</tp></ringen><ausweichen>8</ausweichen><ausweichenausweichenmod>0</ausweichenausweichenmod><ausweichenakrobatikmod>0</ausweichenakrobatikmod><ausweichenmod>0</ausweichenmod><geschwindigkeitinklbe>8</geschwindigkeitinklbe><ini>11</ini><ruestungzonen><kopf>0</kopf><brust>0</brust><ruecken>0</ruecken><gesamt>0</gesamt><bauch>0</bauch><linkerarm>0</linkerarm><rechterarm>0</rechterarm><linkesbein>0</linkesbein><rechtesbein>0</rechtesbein><gesamtschutz>0</gesamtschutz><gesamtzonenschutz>0</gesamtzonenschutz><behinderung>0</behinderung></ruestungzonen><nahkampfwaffen inbenutzung="false"/><fernkampfwaffen inbenutzung="false"/><schilder inbenutzung="false"/><ruestungen inbenutzung="false"/></kampfset><kampfset inbenutzung="false" nr="2" tzm="false" defaultrsmodel="false"><raufen><at>13</at><pa>11</pa><tp>1W+2</tp></raufen><ringen><at>12</at><pa>10</pa><tp>1W+2</tp></ringen><ausweichen>8</ausweichen><ausweichenausweichenmod>0</ausweichenausweichenmod><ausweichenakrobatikmod>0</ausweichenakrobatikmod><ausweichenmod>0</ausweichenmod><geschwindigkeitinklbe>8</geschwindigkeitinklbe><ini>11</ini><ruestungeinfach><gesamt>0</gesamt><behinderung>0</behinderung></ruestungeinfach><nahkampfwaffen inbenutzung="false"/><fernkampfwaffen inbenutzung="false"/><schilder inbenutzung="false"/><ruestungen inbenutzung="false"/></kampfset><kampfset inbenutzung="false" nr="3" tzm="true" defaultrsmodel="true"><raufen><at>13</at><pa>11</pa><tp>1W+2</tp></raufen><ringen><at>12</at><pa>10</pa><tp>1W+2</tp></ringen><ausweichen>8</ausweichen><ausweichenausweichenmod>0</ausweichenausweichenmod><ausweichenakrobatikmod>0</ausweichenakrobatikmod><ausweichenmod>0</ausweichenmod><geschwindigkeitinklbe>8</geschwindigkeitinklbe><ini>11</ini><ruestungzonen><kopf>0</kopf><brust>0</brust><ruecken>0</ruecken><gesamt>0</gesamt><bauch>0</bauch><linkerarm>0</linkerarm><rechterarm>0</rechterarm><linkesbein>0</linkesbein><rechtesbein>0</rechtesbein><gesamtschutz>0</gesamtschutz><gesamtzonenschutz>0</gesamtzonenschutz><behinderung>0</behinderung></ruestungzonen><nahkampfwaffen inbenutzung="false"/><fernkampfwaffen inbenutzung="false"/><schilder inbenutzung="false"/><ruestungen inbenutzung="false"/></kampfset><kampfset inbenutzung="false" nr="3" tzm="false" defaultrsmodel="false"><raufen><at>13</at><pa>11</pa><tp>1W+2</tp></raufen><ringen><at>12</at><pa>10</pa><tp>1W+2</tp></ringen><ausweichen>8</ausweichen><ausweichenausweichenmod>0</ausweichenausweichenmod><ausweichenakrobatikmod>0</ausweichenakrobatikmod><ausweichenmod>0</ausweichenmod><geschwindigkeitinklbe>8</geschwindigkeitinklbe><ini>11</ini><ruestungeinfach><gesamt>0</gesamt><behinderung>0</behinderung></ruestungeinfach><nahkampfwaffen inbenutzung="false"/><fernkampfwaffen inbenutzung="false"/><schilder inbenutzung="false"/><ruestungen inbenutzung="false"/></kampfset></kampfsets><ereignisse><ereignis><aktion>EINSTELLUNG</aktion><alterzustand></alterzustand><ap>0</ap><asp>0</asp><bemerkung></bemerkung><date>26.09.2015 17:32</date><kp>0</kp><kommentar></kommentar><lep>0</lep><neuerzustand></neuerzustand><object>max GP für Helden: 110</object><version>HS 5.5.1</version></ereignis><ereignis><aktion>EINSTELLUNG</aktion><alterzustand></alterzustand><ap>0</ap><asp>0</asp><bemerkung></bemerkung><date>26.09.2015 17:32</date><kp>0</kp><kommentar></kommentar><lep>0</lep><neuerzustand></neuerzustand><object>max Eigenschafts-GP für Helden: 100</object><version>HS 5.5.1</version></ereignis><ereignis><aktion>EINSTELLUNG</aktion><alterzustand></alterzustand><ap>0</ap><asp>0</asp><bemerkung></bemerkung><date>26.09.2015 17:32</date><kp>0</kp><kommentar></kommentar><lep>0</lep><neuerzustand></neuerzustand><object>max Eigenschafts-Wert für Helden: 14</object><version>HS 5.5.1</version></ereignis><ereignis><aktion>RKP</aktion><alterzustand>0</alterzustand><ap>0</ap><asp>0</asp><bemerkung></bemerkung><date>26.09.2015 17:32</date><kp>0</kp><kommentar>0 GP</kommentar><lep>0</lep><neuerzustand>0</neuerzustand><object>Rasse: Mittelländer</object><version>HS 5.5.1</version></ereignis><ereignis><aktion>RKP</aktion><alterzustand>0</alterzustand><ap>0</ap><asp>0</asp><bemerkung></bemerkung><date>26.09.2015 17:32</date><kp>0</kp><kommentar>3 GP</kommentar><lep>0</lep><neuerzustand>0</neuerzustand><object>Kultur: Mittelländische Städte/Hafenstädte und Städte an großen Flüssen</object><version>HS 5.5.1</version></ereignis><ereignis><aktion>RKP</aktion><alterzustand>0</alterzustand><ap>0</ap><asp>0</asp><bemerkung></bemerkung><date>26.09.2015 17:32</date><kp>0</kp><kommentar>1 GP</kommentar><lep>0</lep><neuerzustand>0</neuerzustand><object>Profession: Handwerker, Waffenschmied</object><version>HS 5.5.1</version></ereignis><ereignis><aktion>EIGENSCHAFTEN</aktion><alterzustand>0</alterzustand><ap>0</ap><asp>0</asp><bemerkung></bemerkung><date>26.09.2015 17:32</date><kp>0</kp><kommentar>14 GP</kommentar><lep>0</lep><neuerzustand>14</neuerzustand><object>Mut: 14</object><version>HS 5.5.1</version></ereignis><ereignis><aktion>EIGENSCHAFTEN</aktion><alterzustand>0</alterzustand><ap>0</ap><asp>0</asp><bemerkung></bemerkung><date>26.09.2015 17:32</date><kp>0</kp><kommentar>8 GP</kommentar><lep>0</lep><neuerzustand>8</neuerzustand><object>Klugheit: 8</object><version>HS 5.5.1</version></ereignis><ereignis><aktion>EIGENSCHAFTEN</aktion><alterzustand>0</alterzustand><ap>0</ap><asp>0</asp><bemerkung></bemerkung><date>26.09.2015 17:32</date><kp>0</kp><kommentar>11 GP</kommentar><lep>0</lep><neuerzustand>11</neuerzustand><object>Intuition: 11</object><version>HS 5.5.1</version></ereignis><ereignis><aktion>EIGENSCHAFTEN</aktion><alterzustand>0</alterzustand><ap>0</ap><asp>0</asp><bemerkung></bemerkung><date>26.09.2015 17:32</date><kp>0</kp><kommentar>11 GP</kommentar><lep>0</lep><neuerzustand>11</neuerzustand><object>Charisma: 11</object><version>HS 5.5.1</version></ereignis><ereignis><aktion>EIGENSCHAFTEN</aktion><alterzustand>0</alterzustand><ap>0</ap><asp>0</asp><bemerkung></bemerkung><date>26.09.2015 17:32</date><kp>0</kp><kommentar>14 GP</kommentar><lep>0</lep><neuerzustand>14</neuerzustand><object>Fingerfertigkeit: 14</object><version>HS 5.5.1</version></ereignis><ereignis><aktion>EIGENSCHAFTEN</aktion><alterzustand>0</alterzustand><ap>0</ap><asp>0</asp><bemerkung></bemerkung><date>26.09.2015 17:32</date><kp>0</kp><kommentar>14 GP</kommentar><lep>0</lep><neuerzustand>14</neuerzustand><object>Gewandtheit: 14</object><version>HS 5.5.1</version></ereignis><ereignis><aktion>EIGENSCHAFTEN</aktion><alterzustand>0</alterzustand><ap>0</ap><asp>0</asp><bemerkung></bemerkung><date>26.09.2015 17:32</date><kp>0</kp><kommentar>14 GP</kommentar><lep>0</lep><neuerzustand>14</neuerzustand><object>Konstitution: 14</object><version>HS 5.5.1</version></ereignis><ereignis><aktion>EIGENSCHAFTEN</aktion><alterzustand>0</alterzustand><ap>0</ap><asp>0</asp><bemerkung></bemerkung><date>26.09.2015 17:32</date><kp>0</kp><kommentar>14 GP</kommentar><lep>0</lep><neuerzustand>14</neuerzustand><object>Körperkraft: 14</object><version>HS 5.5.1</version></ereignis><ereignis><aktion>EIGENSCHAFTEN</aktion><alterzustand>0</alterzustand><ap>0</ap><asp>0</asp><bemerkung></bemerkung><date>26.09.2015 17:32</date><kp>0</kp><kommentar>0 GP</kommentar><lep>0</lep><neuerzustand>5</neuerzustand><object>Sozialstatus: 5</object><version>HS 5.5.1</version></ereignis><ereignis><aktion>TALENT</aktion><alterzustand>0</alterzustand><ap>0</ap><asp>0</asp><bemerkung></bemerkung><date>26.09.2015 17:32</date><kp>0</kp><kommentar>13 AP</kommentar><lep>0</lep><neuerzustand>4</neuerzustand><object>Infanteriewaffen: 4</object><version>HS 5.5.1</version></ereignis><ereignis><aktion>TALENT</aktion><alterzustand>0</alterzustand><ap>0</ap><asp>0</asp><bemerkung></bemerkung><date>26.09.2015 17:32</date><kp>0</kp><kommentar>17 AP</kommentar><lep>0</lep><neuerzustand>5</neuerzustand><object>Infanteriewaffen: 5</object><version>HS 5.5.1</version></ereignis><ereignis><aktion>TALENT</aktion><alterzustand>0</alterzustand><ap>0</ap><asp>0</asp><bemerkung></bemerkung><date>26.09.2015 17:32</date><kp>0</kp><kommentar>21 AP</kommentar><lep>0</lep><neuerzustand>6</neuerzustand><object>Infanteriewaffen: 6</object><version>HS 5.5.1</version></ereignis><ereignis><aktion>TALENT</aktion><alterzustand>0</alterzustand><ap>0</ap><asp>0</asp><bemerkung></bemerkung><date>26.09.2015 17:32</date><kp>0</kp><kommentar>25 AP</kommentar><lep>0</lep><neuerzustand>7</neuerzustand><object>Infanteriewaffen: 7</object><version>HS 5.5.1</version></ereignis><ereignis><aktion>TALENT</aktion><alterzustand>0</alterzustand><ap>0</ap><asp>0</asp><bemerkung></bemerkung><date>26.09.2015 17:32</date><kp>0</kp><kommentar>29 AP</kommentar><lep>0</lep><neuerzustand>8</neuerzustand><object>Infanteriewaffen: 8</object><version>HS 5.5.1</version></ereignis><ereignis><aktion>TALENT</aktion><alterzustand>0</alterzustand><ap>0</ap><asp>0</asp><bemerkung></bemerkung><date>26.09.2015 17:32</date><kp>0</kp><kommentar>34 AP</kommentar><lep>0</lep><neuerzustand>9</neuerzustand><object>Infanteriewaffen: 9</object><version>HS 5.5.1</version></ereignis><ereignis><aktion>TALENT</aktion><alterzustand>0</alterzustand><ap>0</ap><asp>0</asp><bemerkung></bemerkung><date>26.09.2015 17:32</date><kp>0</kp><kommentar>38 AP</kommentar><lep>0</lep><neuerzustand>10</neuerzustand><object>Infanteriewaffen: 10</object><version>HS 5.5.1</version></ereignis><ereignis><aktion>TALENT</aktion><alterzustand>0</alterzustand><ap>0</ap><asp>0</asp><bemerkung></bemerkung><date>26.09.2015 17:32</date><kp>0</kp><kommentar>8 AP</kommentar><lep>0</lep><neuerzustand>4</neuerzustand><object>Raufen: 4</object><version>HS 5.5.1</version></ereignis><ereignis><aktion>TALENT</aktion><alterzustand>0</alterzustand><ap>0</ap><asp>0</asp><bemerkung></bemerkung><date>26.09.2015 17:32</date><kp>0</kp><kommentar>11 AP</kommentar><lep>0</lep><neuerzustand>5</neuerzustand><object>Raufen: 5</object><version>HS 5.5.1</version></ereignis><ereignis><aktion>TALENT</aktion><alterzustand>0</alterzustand><ap>0</ap><asp>0</asp><bemerkung></bemerkung><date>26.09.2015 17:32</date><kp>0</kp><kommentar>14 AP</kommentar><lep>0</lep><neuerzustand>6</neuerzustand><object>Raufen: 6</object><version>HS 5.5.1</version></ereignis><ereignis><aktion>TALENT</aktion><alterzustand>0</alterzustand><ap>0</ap><asp>0</asp><bemerkung></bemerkung><date>26.09.2015 17:32</date><kp>0</kp><kommentar>3 AP</kommentar><lep>0</lep><neuerzustand>1</neuerzustand><object>Athletik: 1</object><version>HS 5.5.1</version></ereignis><ereignis><aktion>TALENT</aktion><alterzustand>0</alterzustand><ap>0</ap><asp>0</asp><bemerkung></bemerkung><date>26.09.2015 17:32</date><kp>0</kp><kommentar>7 AP</kommentar><lep>0</lep><neuerzustand>2</neuerzustand><object>Athletik: 2</object><version>HS 5.5.1</version></ereignis><ereignis><aktion>TALENT</aktion><alterzustand>0</alterzustand><ap>0</ap><asp>0</asp><bemerkung></bemerkung><date>26.09.2015 17:32</date><kp>0</kp><kommentar>12 AP</kommentar><lep>0</lep><neuerzustand>3</neuerzustand><object>Athletik: 3</object><version>HS 5.5.1</version></ereignis><ereignis><aktion>TALENT</aktion><alterzustand>0</alterzustand><ap>0</ap><asp>0</asp><bemerkung></bemerkung><date>26.09.2015 17:32</date><kp>0</kp><kommentar>17 AP</kommentar><lep>0</lep><neuerzustand>4</neuerzustand><object>Athletik: 4</object><version>HS 5.5.1</version></ereignis><ereignis><aktion>TALENT</aktion><alterzustand>0</alterzustand><ap>0</ap><asp>0</asp><bemerkung></bemerkung><date>26.09.2015 17:32</date><kp>0</kp><kommentar>22 AP</kommentar><lep>0</lep><neuerzustand>5</neuerzustand><object>Athletik: 5</object><version>HS 5.5.1</version></ereignis><ereignis><aktion>TALENT</aktion><alterzustand>0</alterzustand><ap>0</ap><asp>0</asp><bemerkung></bemerkung><date>26.09.2015 17:32</date><kp>0</kp><kommentar>27 AP</kommentar><lep>0</lep><neuerzustand>6</neuerzustand><object>Athletik: 6</object><version>HS 5.5.1</version></ereignis><ereignis><aktion>TALENT</aktion><alterzustand>0</alterzustand><ap>0</ap><asp>0</asp><bemerkung></bemerkung><date>26.09.2015 17:32</date><kp>0</kp><kommentar>33 AP</kommentar><lep>0</lep><neuerzustand>7</neuerzustand><object>Athletik: 7</object><version>HS 5.5.1</version></ereignis><ereignis><aktion>TALENT</aktion><alterzustand>0</alterzustand><ap>0</ap><asp>0</asp><bemerkung></bemerkung><date>26.09.2015 17:32</date><kp>0</kp><kommentar>39 AP</kommentar><lep>0</lep><neuerzustand>8</neuerzustand><object>Athletik: 8</object><version>HS 5.5.1</version></ereignis><ereignis><aktion>TALENT</aktion><alterzustand>0</alterzustand><ap>0</ap><asp>0</asp><bemerkung></bemerkung><date>26.09.2015 17:32</date><kp>0</kp><kommentar>3 AP</kommentar><lep>0</lep><neuerzustand>1</neuerzustand><object>Klettern: 1</object><version>HS 5.5.1</version></ereignis><ereignis><aktion>TALENT</aktion><alterzustand>0</alterzustand><ap>0</ap><asp>0</asp><bemerkung></bemerkung><date>26.09.2015 17:32</date><kp>0</kp><kommentar>7 AP</kommentar><lep>0</lep><neuerzustand>2</neuerzustand><object>Körperbeherrschung: 2</object><version>HS 5.5.1</version></ereignis><ereignis><aktion>VORTEILE</aktion><alterzustand>0</alterzustand><ap>0</ap><asp>0</asp><bemerkung></bemerkung><date>26.09.2015 17:32</date><kp>0</kp><kommentar>20 GP</kommentar><lep>0</lep><neuerzustand>0</neuerzustand><object>Begabung für [Talentgruppe]: Nahkampf</object><version>HS 5.5.1</version></ereignis><ereignis><aktion>VORTEILE</aktion><alterzustand>0</alterzustand><ap>0</ap><asp>0</asp><bemerkung></bemerkung><date>26.09.2015 17:32</date><kp>0</kp><kommentar>-5 GP</kommentar><lep>0</lep><neuerzustand>0</neuerzustand><object>Gerechtigkeitswahn: 10</object><version>HS 5.5.1</version></ereignis><ereignis><aktion>VORTEILE</aktion><alterzustand>0</alterzustand><ap>0</ap><asp>0</asp><bemerkung></bemerkung><date>26.09.2015 17:32</date><kp>0</kp><kommentar>-4 GP</kommentar><lep>0</lep><neuerzustand>0</neuerzustand><object>Schlechter Ruf: 4</object><version>HS 5.5.1</version></ereignis><ereignis><aktion>VORTEILE</aktion><alterzustand>0</alterzustand><ap>0</ap><asp>0</asp><bemerkung></bemerkung><date>26.09.2015 17:32</date><kp>0</kp><kommentar>-5 GP</kommentar><lep>0</lep><neuerzustand>0</neuerzustand><object>Unangenehme Stimme</object><version>HS 5.5.1</version></ereignis><ereignis><aktion>Talentspezialisierung Grobschmied (Waffenschmied)</aktion><alterzustand></alterzustand><ap>0</ap><asp>0</asp><bemerkung></bemerkung><date>26.09.2015 17:32</date><kp>0</kp><kommentar></kommentar><lep>0</lep><neuerzustand></neuerzustand><object>Auswahl</object><version>HS 5.5.1</version></ereignis><ereignis><aktion>Armbrust</aktion><alterzustand></alterzustand><ap>0</ap><asp>0</asp><bemerkung></bemerkung><date>26.09.2015 17:32</date><kp>0</kp><kommentar></kommentar><lep>0</lep><neuerzustand>1</neuerzustand><object>Auswahl</object><version>HS 5.5.1</version></ereignis><ereignis><aktion>Sprachen kennen Rogolan</aktion><alterzustand></alterzustand><ap>0</ap><asp>0</asp><bemerkung></bemerkung><date>26.09.2015 17:32</date><kp>0</kp><kommentar></kommentar><lep>0</lep><neuerzustand>3</neuerzustand><object>Auswahl</object><version>HS 5.5.1</version></ereignis><ereignis><aktion>Hauswirtschaft</aktion><alterzustand></alterzustand><ap>0</ap><asp>0</asp><bemerkung></bemerkung><date>26.09.2015 17:32</date><kp>0</kp><kommentar></kommentar><lep>0</lep><neuerzustand>1</neuerzustand><object>Auswahl</object><version>HS 5.5.1</version></ereignis><ereignis><aktion>Bogen</aktion><alterzustand></alterzustand><ap>0</ap><asp>0</asp><bemerkung></bemerkung><date>26.09.2015 17:32</date><kp>0</kp><kommentar></kommentar><lep>0</lep><neuerzustand>2</neuerzustand><object>Auswahl</object><version>HS 5.5.1</version></ereignis><ereignis><aktion>Infanteriewaffen</aktion><alterzustand></alterzustand><ap>0</ap><asp>0</asp><bemerkung></bemerkung><date>26.09.2015 17:32</date><kp>0</kp><kommentar></kommentar><lep>0</lep><neuerzustand>2</neuerzustand><object>Auswahl</object><version>HS 5.5.1</version></ereignis><ereignis><aktion>Bogenbau</aktion><alterzustand></alterzustand><ap>0</ap><asp>0</asp><bemerkung></bemerkung><date>26.09.2015 17:32</date><kp>0</kp><kommentar></kommentar><lep>0</lep><neuerzustand>4</neuerzustand><object>Auswahl</object><version>HS 5.5.1</version></ereignis><ereignis><aktion>Grobschmied</aktion><alterzustand></alterzustand><ap>0</ap><asp>0</asp><bemerkung></bemerkung><date>26.09.2015 17:32</date><kp>0</kp><kommentar></kommentar><lep>0</lep><neuerzustand>4</neuerzustand><object>Auswahl</object><version>HS 5.5.1</version></ereignis><ereignis><aktion>Heilkunde: Wunden</aktion><alterzustand></alterzustand><ap>0</ap><asp>0</asp><bemerkung></bemerkung><date>26.09.2015 17:32</date><kp>0</kp><kommentar></kommentar><lep>0</lep><neuerzustand>2</neuerzustand><object>Auswahl</object><version>HS 5.5.1</version></ereignis><ereignis><aktion>Lederarbeiten</aktion><alterzustand></alterzustand><ap>0</ap><asp>0</asp><bemerkung></bemerkung><date>26.09.2015 17:32</date><kp>0</kp><kommentar></kommentar><lep>0</lep><neuerzustand>2</neuerzustand><object>Auswahl</object><version>HS 5.5.1</version></ereignis><ereignis><aktion>Metallguss</aktion><alterzustand></alterzustand><ap>0</ap><asp>0</asp><bemerkung></bemerkung><date>26.09.2015 17:32</date><kp>0</kp><kommentar></kommentar><lep>0</lep><neuerzustand>2</neuerzustand><object>Auswahl</object><version>HS 5.5.1</version></ereignis><ereignis><aktion>Kriegskunst</aktion><alterzustand></alterzustand><ap>0</ap><asp>0</asp><bemerkung></bemerkung><date>26.09.2015 17:32</date><kp>0</kp><kommentar></kommentar><lep>0</lep><neuerzustand>2</neuerzustand><object>Auswahl</object><version>HS 5.5.1</version></ereignis><ereignis><aktion>Boote fahren</aktion><alterzustand></alterzustand><ap>0</ap><asp>0</asp><bemerkung></bemerkung><date>26.09.2015 17:32</date><kp>0</kp><kommentar></kommentar><lep>0</lep><neuerzustand>1</neuerzustand><object>Auswahl</object><version>HS 5.5.1</version></ereignis><ereignis><aktion>Hauswirtschaft</aktion><alterzustand></alterzustand><ap>0</ap><asp>0</asp><bemerkung></bemerkung><date>26.09.2015 17:32</date><kp>0</kp><kommentar></kommentar><lep>0</lep><neuerzustand>2</neuerzustand><object>Auswahl</object><version>HS 5.5.1</version></ereignis><ereignis><aktion>Ereignis eingeben</aktion><alterzustand></alterzustand><ap>170</ap><asp>0</asp><bemerkung></bemerkung><date>22.11.2015 13:44</date><kp>0</kp><kommentar>In den Fängen des Eises Gesamt AP: 170 Verfügbare AP: 170</kommentar><lep>0</lep><neuerzustand></neuerzustand><object>Abenteuerpunkte (Hinzugewinn)</object><version>HS 5.5.1</version></ereignis><ereignis><aktion>Eigenschaft steigern</aktion><alterzustand>0</alterzustand><ap>-3</ap><asp>0</asp><bemerkung>SE</bemerkung><date>22.11.2015 13:45</date><kp>0</kp><kommentar></kommentar><lep>0</lep><neuerzustand>1</neuerzustand><object>Ausdauer</object><version>HS 5.5.1</version></ereignis><ereignis><aktion>Nahkampftalent steigern</aktion><alterzustand>6;3;3</alterzustand><ap>-8</ap><asp>0</asp><bemerkung>SE, Gegenseitiges Lehren</bemerkung><date>22.11.2015 13:46</date><kp>0</kp><kommentar></kommentar><lep>0</lep><neuerzustand>7;3;3</neuerzustand><object>Raufen</object><version>HS 5.5.1</version></ereignis><ereignis><aktion>Talent steigern</aktion><alterzustand>0</alterzustand><ap>-1</ap><asp>0</asp><bemerkung>SE, Gegenseitiges Lehren</bemerkung><date>22.11.2015 13:47</date><kp>0</kp><kommentar></kommentar><lep>0</lep><neuerzustand>1</neuerzustand><object>Wildnisleben</object><version>HS 5.5.1</version></ereignis><ereignis><aktion>Talent steigern</aktion><alterzustand>3</alterzustand><ap>-4</ap><asp>0</asp><bemerkung>SE, Gegenseitiges Lehren</bemerkung><date>22.11.2015 13:47</date><kp>0</kp><kommentar></kommentar><lep>0</lep><neuerzustand>4</neuerzustand><object>Götter und Kulte</object><version>HS 5.5.1</version></ereignis><ereignis><aktion>Talent steigern</aktion><alterzustand>2</alterzustand><ap>-12</ap><asp>0</asp><bemerkung>Gegenseitiges Lehren</bemerkung><date>22.11.2015 13:53</date><kp>0</kp><kommentar></kommentar><lep>0</lep><neuerzustand>3</neuerzustand><object>Körperbeherrschung</object><version>HS 5.5.1</version></ereignis><ereignis><aktion>Talent steigern</aktion><alterzustand>3</alterzustand><ap>-17</ap><asp>0</asp><bemerkung>Gegenseitiges Lehren</bemerkung><date>22.11.2015 13:53</date><kp>0</kp><kommentar></kommentar><lep>0</lep><neuerzustand>4</neuerzustand><object>Körperbeherrschung</object><version>HS 5.5.1</version></ereignis><ereignis><aktion>Talent steigern</aktion><alterzustand>4</alterzustand><ap>-22</ap><asp>0</asp><bemerkung>Gegenseitiges Lehren</bemerkung><date>22.11.2015 13:53</date><kp>0</kp><kommentar></kommentar><lep>0</lep><neuerzustand>5</neuerzustand><object>Körperbeherrschung</object><version>HS 5.5.1</version></ereignis><ereignis><aktion>Talent steigern</aktion><alterzustand>2</alterzustand><ap>-6</ap><asp>0</asp><bemerkung>Gegenseitiges Lehren</bemerkung><date>22.11.2015 13:55</date><kp>0</kp><kommentar></kommentar><lep>0</lep><neuerzustand>3</neuerzustand><object>Kriegskunst</object><version>HS 5.5.1</version></ereignis><ereignis><aktion>Talent steigern</aktion><alterzustand>3</alterzustand><ap>-8</ap><asp>0</asp><bemerkung>Gegenseitiges Lehren</bemerkung><date>22.11.2015 13:55</date><kp>0</kp><kommentar></kommentar><lep>0</lep><neuerzustand>4</neuerzustand><object>Kriegskunst</object><version>HS 5.5.1</version></ereignis><ereignis><aktion>Ereignis eingeben</aktion><alterzustand></alterzustand><ap>360</ap><asp>0</asp><bemerkung></bemerkung><date>01.04.2016 14:49</date><kp>0</kp><kommentar> Gesamt AP: 360 Verfügbare AP: 360</kommentar><lep>0</lep><neuerzustand></neuerzustand><object>Abenteuerpunkte (Hinzugewinn)</object><version>HS 5.5.1</version></ereignis><ereignis><aktion>Nahkampftalent steigern</aktion><alterzustand>10;5;5</alterzustand><ap>-28</ap><asp>0</asp><bemerkung>SE, Gegenseitiges Lehren</bemerkung><date>01.04.2016 14:53</date><kp>0</kp><kommentar></kommentar><lep>0</lep><neuerzustand>11;5;5</neuerzustand><object>Infanteriewaffen</object><version>HS 5.5.1</version></ereignis><ereignis><aktion>Talent steigern</aktion><alterzustand>1</alterzustand><ap>-6</ap><asp>0</asp><bemerkung>SE, Gegenseitiges Lehren</bemerkung><date>01.04.2016 14:53</date><kp>0</kp><kommentar></kommentar><lep>0</lep><neuerzustand>2</neuerzustand><object>Schwimmen</object><version>HS 5.5.1</version></ereignis><ereignis><aktion>Talent steigern</aktion><alterzustand>1</alterzustand><ap>-2</ap><asp>0</asp><bemerkung>SE, Gegenseitiges Lehren</bemerkung><date>01.04.2016 14:53</date><kp>0</kp><kommentar></kommentar><lep>0</lep><neuerzustand>2</neuerzustand><object>Fesseln/Entfesseln</object><version>HS 5.5.1</version></ereignis><ereignis><aktion>Talent steigern</aktion><alterzustand>3</alterzustand><ap>-4</ap><asp>0</asp><bemerkung>SE, Gegenseitiges Lehren</bemerkung><date>01.04.2016 14:53</date><kp>0</kp><kommentar></kommentar><lep>0</lep><neuerzustand>4</neuerzustand><object>Sagen und Legenden</object><version>HS 5.5.1</version></ereignis><ereignis><aktion>Talent steigern</aktion><alterzustand>2</alterzustand><ap>-3</ap><asp>0</asp><bemerkung>SE, Gegenseitiges Lehren</bemerkung><date>01.04.2016 14:54</date><kp>0</kp><kommentar></kommentar><lep>0</lep><neuerzustand>3</neuerzustand><object>Boote fahren</object><version>HS 5.5.1</version></ereignis><ereignis><aktion>Talent steigern</aktion><alterzustand>1</alterzustand><ap>-2</ap><asp>0</asp><bemerkung>SE, Gegenseitiges Lehren</bemerkung><date>01.04.2016 14:54</date><kp>0</kp><kommentar></kommentar><lep>0</lep><neuerzustand>2</neuerzustand><object>Seefahrt</object><version>HS 5.5.1</version></ereignis><ereignis><aktion>Talent steigern</aktion><alterzustand>1</alterzustand><ap>-7</ap><asp>0</asp><bemerkung>Gegenseitiges Lehren</bemerkung><date>01.04.2016 14:54</date><kp>0</kp><kommentar></kommentar><lep>0</lep><neuerzustand>2</neuerzustand><object>Sinnenschärfe</object><version>HS 5.5.1</version></ereignis><ereignis><aktion>Talent steigern</aktion><alterzustand>2</alterzustand><ap>-12</ap><asp>0</asp><bemerkung>Gegenseitiges Lehren</bemerkung><date>01.04.2016 14:54</date><kp>0</kp><kommentar></kommentar><lep>0</lep><neuerzustand>3</neuerzustand><object>Sinnenschärfe</object><version>HS 5.5.1</version></ereignis><ereignis><aktion>Talent steigern</aktion><alterzustand>3</alterzustand><ap>-17</ap><asp>0</asp><bemerkung>Gegenseitiges Lehren</bemerkung><date>01.04.2016 14:54</date><kp>0</kp><kommentar></kommentar><lep>0</lep><neuerzustand>4</neuerzustand><object>Sinnenschärfe</object><version>HS 5.5.1</version></ereignis><ereignis><aktion>Talent steigern</aktion><alterzustand>4</alterzustand><ap>-22</ap><asp>0</asp><bemerkung>Gegenseitiges Lehren</bemerkung><date>01.04.2016 14:54</date><kp>0</kp><kommentar></kommentar><lep>0</lep><neuerzustand>5</neuerzustand><object>Sinnenschärfe</object><version>HS 5.5.1</version></ereignis><ereignis><aktion>Talent steigern</aktion><alterzustand>5</alterzustand><ap>-27</ap><asp>0</asp><bemerkung>Gegenseitiges Lehren</bemerkung><date>01.04.2016 14:54</date><kp>0</kp><kommentar></kommentar><lep>0</lep><neuerzustand>6</neuerzustand><object>Sinnenschärfe</object><version>HS 5.5.1</version></ereignis><ereignis><aktion>Talent steigern</aktion><alterzustand>6</alterzustand><ap>-33</ap><asp>0</asp><bemerkung>Gegenseitiges Lehren</bemerkung><date>01.04.2016 14:54</date><kp>0</kp><kommentar></kommentar><lep>0</lep><neuerzustand>7</neuerzustand><object>Sinnenschärfe</object><version>HS 5.5.1</version></ereignis><ereignis><aktion>Talent steigern</aktion><alterzustand>0</alterzustand><ap>-2</ap><asp>0</asp><bemerkung>Gegenseitiges Lehren</bemerkung><date>01.04.2016 14:56</date><kp>0</kp><kommentar></kommentar><lep>0</lep><neuerzustand>1</neuerzustand><object>Orientierung</object><version>HS 5.5.1</version></ereignis><ereignis><aktion>Talent steigern</aktion><alterzustand>1</alterzustand><ap>-4</ap><asp>0</asp><bemerkung>Gegenseitiges Lehren</bemerkung><date>01.04.2016 14:56</date><kp>0</kp><kommentar></kommentar><lep>0</lep><neuerzustand>2</neuerzustand><object>Orientierung</object><version>HS 5.5.1</version></ereignis><ereignis><aktion>Talent steigern</aktion><alterzustand>2</alterzustand><ap>-6</ap><asp>0</asp><bemerkung>Gegenseitiges Lehren</bemerkung><date>01.04.2016 14:56</date><kp>0</kp><kommentar></kommentar><lep>0</lep><neuerzustand>3</neuerzustand><object>Orientierung</object><version>HS 5.5.1</version></ereignis><ereignis><aktion>Talent steigern</aktion><alterzustand>3</alterzustand><ap>-8</ap><asp>0</asp><bemerkung>Gegenseitiges Lehren</bemerkung><date>01.04.2016 14:56</date><kp>0</kp><kommentar></kommentar><lep>0</lep><neuerzustand>4</neuerzustand><object>Orientierung</object><version>HS 5.5.1</version></ereignis><ereignis><aktion>Talent steigern</aktion><alterzustand>4</alterzustand><ap>-11</ap><asp>0</asp><bemerkung>Gegenseitiges Lehren</bemerkung><date>01.04.2016 14:56</date><kp>0</kp><kommentar></kommentar><lep>0</lep><neuerzustand>5</neuerzustand><object>Orientierung</object><version>HS 5.5.1</version></ereignis><ereignis><aktion>Talent steigern</aktion><alterzustand>5</alterzustand><ap>-14</ap><asp>0</asp><bemerkung>Gegenseitiges Lehren</bemerkung><date>01.04.2016 14:56</date><kp>0</kp><kommentar></kommentar><lep>0</lep><neuerzustand>6</neuerzustand><object>Orientierung</object><version>HS 5.5.1</version></ereignis><ereignis><aktion>Talent steigern</aktion><alterzustand>6</alterzustand><ap>-17</ap><asp>0</asp><bemerkung>Gegenseitiges Lehren</bemerkung><date>01.04.2016 14:56</date><kp>0</kp><kommentar></kommentar><lep>0</lep><neuerzustand>7</neuerzustand><object>Orientierung</object><version>HS 5.5.1</version></ereignis><ereignis><aktion>Talent steigern</aktion><alterzustand>4</alterzustand><ap>-11</ap><asp>0</asp><bemerkung>Gegenseitiges Lehren</bemerkung><date>01.04.2016 14:56</date><kp>0</kp><kommentar></kommentar><lep>0</lep><neuerzustand>5</neuerzustand><object>Kriegskunst</object><version>HS 5.5.1</version></ereignis><ereignis><aktion>Talent steigern</aktion><alterzustand>5</alterzustand><ap>-14</ap><asp>0</asp><bemerkung>Gegenseitiges Lehren</bemerkung><date>01.04.2016 14:56</date><kp>0</kp><kommentar></kommentar><lep>0</lep><neuerzustand>6</neuerzustand><object>Kriegskunst</object><version>HS 5.5.1</version></ereignis><ereignis><aktion>Talent steigern</aktion><alterzustand>6</alterzustand><ap>-17</ap><asp>0</asp><bemerkung>Gegenseitiges Lehren</bemerkung><date>01.04.2016 14:56</date><kp>0</kp><kommentar></kommentar><lep>0</lep><neuerzustand>7</neuerzustand><object>Kriegskunst</object><version>HS 5.5.1</version></ereignis><ereignis><aktion>Talent steigern</aktion><alterzustand>2</alterzustand><ap>-6</ap><asp>0</asp><bemerkung>Gegenseitiges Lehren</bemerkung><date>01.04.2016 14:59</date><kp>0</kp><kommentar></kommentar><lep>0</lep><neuerzustand>3</neuerzustand><object>Fesseln/Entfesseln</object><version>HS 5.5.1</version></ereignis><ereignis><aktion>Talent steigern</aktion><alterzustand>3</alterzustand><ap>-8</ap><asp>0</asp><bemerkung>Gegenseitiges Lehren</bemerkung><date>01.04.2016 14:59</date><kp>0</kp><kommentar></kommentar><lep>0</lep><neuerzustand>4</neuerzustand><object>Fesseln/Entfesseln</object><version>HS 5.5.1</version></ereignis><ereignis><aktion>Talent steigern</aktion><alterzustand>4</alterzustand><ap>-11</ap><asp>0</asp><bemerkung>Gegenseitiges Lehren</bemerkung><date>01.04.2016 15:00</date><kp>0</kp><kommentar></kommentar><lep>0</lep><neuerzustand>5</neuerzustand><object>Fesseln/Entfesseln</object><version>HS 5.5.1</version></ereignis><ereignis><aktion>Nahkampftalent steigern</aktion><alterzustand>2;2;0</alterzustand><ap>-9</ap><asp>0</asp><bemerkung>Gegenseitiges Lehren</bemerkung><date>01.04.2016 15:00</date><kp>0</kp><kommentar></kommentar><lep>0</lep><neuerzustand>3;2;0</neuerzustand><object>Hiebwaffen</object><version>HS 5.5.1</version></ereignis><ereignis><aktion>Nahkampftalent steigern</aktion><alterzustand>3;2;0</alterzustand><ap>-13</ap><asp>0</asp><bemerkung>Gegenseitiges Lehren</bemerkung><date>01.04.2016 15:00</date><kp>0</kp><kommentar></kommentar><lep>0</lep><neuerzustand>4;2;0</neuerzustand><object>Hiebwaffen</object><version>HS 5.5.1</version></ereignis><ereignis><aktion>Nahkampftalent steigern</aktion><alterzustand>4;2;0</alterzustand><ap>-17</ap><asp>0</asp><bemerkung>Gegenseitiges Lehren</bemerkung><date>01.04.2016 15:00</date><kp>0</kp><kommentar></kommentar><lep>0</lep><neuerzustand>5;2;0</neuerzustand><object>Hiebwaffen</object><version>HS 5.5.1</version></ereignis><ereignis><aktion>Talent steigern</aktion><alterzustand>5</alterzustand><ap>-27</ap><asp>0</asp><bemerkung>Gegenseitiges Lehren</bemerkung><date>01.04.2016 15:01</date><kp>0</kp><kommentar></kommentar><lep>0</lep><neuerzustand>6</neuerzustand><object>Körperbeherrschung</object><version>HS 5.5.1</version></ereignis><ereignis><aktion>Nahkampftalent steigern</aktion><alterzustand>2;1;1</alterzustand><ap>-9</ap><asp>0</asp><bemerkung>Gegenseitiges Lehren</bemerkung><date>01.04.2016 15:01</date><kp>0</kp><kommentar></kommentar><lep>0</lep><neuerzustand>3;1;1</neuerzustand><object>Ringen</object><version>HS 5.5.1</version></ereignis><ereignis><aktion>Nahkampftalent steigern</aktion><alterzustand>3;1;1</alterzustand><ap>-13</ap><asp>0</asp><bemerkung>Gegenseitiges Lehren</bemerkung><date>01.04.2016 15:02</date><kp>0</kp><kommentar></kommentar><lep>0</lep><neuerzustand>4;1;1</neuerzustand><object>Ringen</object><version>HS 5.5.1</version></ereignis><ereignis><aktion>Nahkampftalent steigern</aktion><alterzustand>4;1;1</alterzustand><ap>-17</ap><asp>0</asp><bemerkung>Gegenseitiges Lehren</bemerkung><date>01.04.2016 15:02</date><kp>0</kp><kommentar></kommentar><lep>0</lep><neuerzustand>5;1;1</neuerzustand><object>Ringen</object><version>HS 5.5.1</version></ereignis><ereignis><aktion>Talent steigern</aktion><alterzustand>1</alterzustand><ap>-7</ap><asp>0</asp><bemerkung>Gegenseitiges Lehren</bemerkung><date>01.04.2016 15:02</date><kp>0</kp><kommentar></kommentar><lep>0</lep><neuerzustand>2</neuerzustand><object>Klettern</object><version>HS 5.5.1</version></ereignis><ereignis><aktion>Talent steigern</aktion><alterzustand>2</alterzustand><ap>-12</ap><asp>0</asp><bemerkung>Gegenseitiges Lehren</bemerkung><date>01.04.2016 15:02</date><kp>0</kp><kommentar></kommentar><lep>0</lep><neuerzustand>3</neuerzustand><object>Klettern</object><version>HS 5.5.1</version></ereignis><ereignis><aktion>Talent steigern</aktion><alterzustand>3</alterzustand><ap>-17</ap><asp>0</asp><bemerkung>Gegenseitiges Lehren</bemerkung><date>01.04.2016 15:02</date><kp>0</kp><kommentar></kommentar><lep>0</lep><neuerzustand>4</neuerzustand><object>Klettern</object><version>HS 5.5.1</version></ereignis><ereignis><aktion>Talent steigern</aktion><alterzustand>1</alterzustand><ap>-7</ap><asp>0</asp><bemerkung>Gegenseitiges Lehren</bemerkung><date>01.04.2016 15:05</date><kp>0</kp><kommentar></kommentar><lep>0</lep><neuerzustand>2</neuerzustand><object>Selbstbeherrschung</object><version>HS 5.5.1</version></ereignis><ereignis><aktion>Talent steigern</aktion><alterzustand>0</alterzustand><ap>-2</ap><asp>0</asp><bemerkung>Gegenseitiges Lehren</bemerkung><date>01.04.2016 15:05</date><kp>0</kp><kommentar></kommentar><lep>0</lep><neuerzustand>1</neuerzustand><object>Fährtensuchen</object><version>HS 5.5.1</version></ereignis><ereignis><aktion>Talent steigern</aktion><alterzustand>2</alterzustand><ap>-6</ap><asp>0</asp><bemerkung>Gegenseitiges Lehren</bemerkung><date>01.04.2016 15:05</date><kp>0</kp><kommentar></kommentar><lep>0</lep><neuerzustand>3</neuerzustand><object>Metallguss</object><version>HS 5.5.1</version></ereignis><ereignis><aktion>Ereignis eingeben</aktion><alterzustand></alterzustand><ap>250</ap><asp>0</asp><bemerkung></bemerkung><date>12.05.2016 21:49</date><kp>0</kp><kommentar> Gesamt AP: 250 Verfügbare AP: 250</kommentar><lep>0</lep><neuerzustand></neuerzustand><object>Abenteuerpunkte (Hinzugewinn)</object><version>HS 5.5.1</version></ereignis><ereignis><aktion>Eigenschaft steigern</aktion><alterzustand>14</alterzustand><ap>-210</ap><asp>0</asp><bemerkung>SE</bemerkung><date>12.05.2016 21:50</date><kp>0</kp><kommentar></kommentar><lep>0</lep><neuerzustand>15</neuerzustand><object>Körperkraft</object><version>HS 5.5.1</version></ereignis><ereignis><aktion>Talent steigern</aktion><alterzustand>6</alterzustand><ap>-33</ap><asp>0</asp><bemerkung>Gegenseitiges Lehren</bemerkung><date>12.05.2016 21:52</date><kp>0</kp><kommentar></kommentar><lep>0</lep><neuerzustand>7</neuerzustand><object>Körperbeherrschung</object><version>HS 5.5.1</version></ereignis><ereignis><aktion>Ereignis eingeben</aktion><alterzustand></alterzustand><ap>250</ap><asp>0</asp><bemerkung></bemerkung><date>02.06.2016 18:51</date><kp>0</kp><kommentar> Gesamt AP: 250 Verfügbare AP: 250</kommentar><lep>0</lep><neuerzustand></neuerzustand><object>Abenteuerpunkte (Hinzugewinn)</object><version>HS 5.5.1</version></ereignis><ereignis><aktion>Sonderfertigkeit hinzugefügt</aktion><alterzustand></alterzustand><ap>-150</ap><asp>0</asp><bemerkung></bemerkung><date>02.06.2016 18:52</date><kp>0</kp><kommentar></kommentar><lep>0</lep><neuerzustand></neuerzustand><object>Linkhand</object><version>HS 5.5.1</version></ereignis><ereignis><aktion>Sonderfertigkeit hinzugefügt</aktion><alterzustand></alterzustand><ap>-100</ap><asp>0</asp><bemerkung></bemerkung><date>02.06.2016 18:52</date><kp>0</kp><kommentar></kommentar><lep>0</lep><neuerzustand></neuerzustand><object>Schildkampf I</object><version>HS 5.5.1</version></ereignis><ereignis><aktion>Ereignis eingeben</aktion><alterzustand></alterzustand><ap>300</ap><asp>0</asp><bemerkung></bemerkung><date>23.07.2016 13:37</date><kp>0</kp><kommentar> Gesamt AP: 300 Verfügbare AP: 300</kommentar><lep>0</lep><neuerzustand></neuerzustand><object>Abenteuerpunkte (Hinzugewinn)</object><version>HS 5.5.1</version></ereignis><ereignis><aktion>Talent steigern</aktion><alterzustand>11</alterzustand><ap>-16</ap><asp>0</asp><bemerkung>Lehrmeister</bemerkung><date>23.07.2016 13:37</date><kp>0</kp><kommentar></kommentar><lep>0</lep><neuerzustand>12</neuerzustand><object>Grobschmied</object><version>HS 5.5.1</version></ereignis><ereignis><aktion>Talent steigern</aktion><alterzustand>12</alterzustand><ap>-17</ap><asp>0</asp><bemerkung>Lehrmeister</bemerkung><date>23.07.2016 13:37</date><kp>0</kp><kommentar></kommentar><lep>0</lep><neuerzustand>13</neuerzustand><object>Grobschmied</object><version>HS 5.5.1</version></ereignis><ereignis><aktion>Talent steigern</aktion><alterzustand>2</alterzustand><ap>-9</ap><asp>0</asp><bemerkung>SE, Gegenseitiges Lehren</bemerkung><date>23.07.2016 13:37</date><kp>0</kp><kommentar></kommentar><lep>0</lep><neuerzustand>3</neuerzustand><object>Zechen</object><version>HS 5.5.1</version></ereignis><ereignis><aktion>Sonderfertigkeit hinzugefügt</aktion><alterzustand></alterzustand><ap>-200</ap><asp>0</asp><bemerkung></bemerkung><date>23.07.2016 13:51</date><kp>0</kp><kommentar></kommentar><lep>0</lep><neuerzustand></neuerzustand><object>Schildkampf II</object><version>HS 5.5.1</version></ereignis><ereignis><aktion>Talent entfernt</aktion><alterzustand></alterzustand><ap>0</ap><asp>0</asp><bemerkung></bemerkung><date>23.09.2016 18:16</date><kp>0</kp><kommentar>Editor</kommentar><lep>0</lep><neuerzustand></neuerzustand><object>Infanteriewaffen</object><version>HS 5.5.1</version></ereignis><ereignis><aktion>Talent aktivieren</aktion><alterzustand></alterzustand><ap>0</ap><asp>0</asp><bemerkung></bemerkung><date>23.09.2016 18:16</date><kp>0</kp><kommentar>Editor</kommentar><lep>0</lep><neuerzustand></neuerzustand><object>Schwerter</object><version>HS 5.5.1</version></ereignis><ereignis><aktion>Talent steigern</aktion><alterzustand>0</alterzustand><ap>0</ap><asp>0</asp><bemerkung></bemerkung><date>23.09.2016 18:16</date><kp>0</kp><kommentar>Editor</kommentar><lep>0</lep><neuerzustand>11</neuerzustand><object>Schwerter</object><version>HS 5.5.1</version></ereignis><ereignis><aktion>Ereignis eingeben</aktion><alterzustand></alterzustand><ap>220</ap><asp>0</asp><bemerkung></bemerkung><date>10.10.2016 15:50</date><kp>0</kp><kommentar> Gesamt AP: 220 Verfügbare AP: 220</kommentar><lep>0</lep><neuerzustand></neuerzustand><object>Abenteuerpunkte (Hinzugewinn)</object><version>HS 5.5.1</version></ereignis><ereignis><aktion>Sonderfertigkeit hinzugefügt</aktion><alterzustand></alterzustand><ap>-150</ap><asp>0</asp><bemerkung></bemerkung><date>12.10.2016 15:21</date><kp>0</kp><kommentar></kommentar><lep>0</lep><neuerzustand></neuerzustand><object>Rüstungsgewöhnung I (Lederharnisch)</object><version>HS 5.5.1</version></ereignis><ereignis><aktion>Ereignis eingeben</aktion><alterzustand></alterzustand><ap>120</ap><asp>0</asp><bemerkung></bemerkung><date>28.10.2016 22:18</date><kp>0</kp><kommentar> Gesamt AP: 120 Verfügbare AP: 120</kommentar><lep>0</lep><neuerzustand></neuerzustand><object>Abenteuerpunkte (Hinzugewinn)</object><version>HS 5.5.1</version></ereignis><ereignis><aktion>Nahkampftalent steigern</aktion><alterzustand>11;6;5</alterzustand><ap>-80</ap><asp>0</asp><bemerkung>SE, Selbststudium</bemerkung><date>28.10.2016 22:19</date><kp>0</kp><kommentar></kommentar><lep>0</lep><neuerzustand>12;6;5</neuerzustand><object>Schwerter</object><version>HS 5.5.1</version></ereignis><ereignis><aktion>Ereignis eingeben</aktion><alterzustand></alterzustand><ap>300</ap><asp>0</asp><bemerkung></bemerkung><date>04.12.2016 19:15</date><kp>0</kp><kommentar> Gesamt AP: 300 Verfügbare AP: 300</kommentar><lep>0</lep><neuerzustand></neuerzustand><object>Abenteuerpunkte (Hinzugewinn)</object><version>HS 5.5.2</version></ereignis><ereignis><aktion>Nahkampftalent steigern</aktion><alterzustand>12;7;5</alterzustand><ap>-130</ap><asp>0</asp><bemerkung>Selbststudium</bemerkung><date>04.12.2016 19:15</date><kp>0</kp><kommentar></kommentar><lep>0</lep><neuerzustand>13;7;5</neuerzustand><object>Schwerter</object><version>HS 5.5.2</version></ereignis><ereignis><aktion>Eigenschaft steigern</aktion><alterzustand>8</alterzustand><ap>-220</ap><asp>0</asp><bemerkung></bemerkung><date>04.12.2016 19:16</date><kp>0</kp><kommentar></kommentar><lep>0</lep><neuerzustand>9</neuerzustand><object>Klugheit</object><version>HS 5.5.2</version></ereignis><ereignis><aktion>Talent aktivieren</aktion><alterzustand></alterzustand><ap>-20</ap><asp>0</asp><bemerkung></bemerkung><date>04.12.2016 19:17</date><kp>0</kp><kommentar></kommentar><lep>0</lep><neuerzustand>0</neuerzustand><object>Reiten</object><version>HS 5.5.2</version></ereignis><ereignis><aktion>Talent steigern</aktion><alterzustand>0</alterzustand><ap>-3</ap><asp>0</asp><bemerkung>Gegenseitiges Lehren</bemerkung><date>04.12.2016 19:18</date><kp>0</kp><kommentar></kommentar><lep>0</lep><neuerzustand>1</neuerzustand><object>Reiten</object><version>HS 5.5.2</version></ereignis><ereignis><aktion>Talent steigern</aktion><alterzustand>1</alterzustand><ap>-7</ap><asp>0</asp><bemerkung>Gegenseitiges Lehren</bemerkung><date>04.12.2016 19:18</date><kp>0</kp><kommentar></kommentar><lep>0</lep><neuerzustand>2</neuerzustand><object>Reiten</object><version>HS 5.5.2</version></ereignis><ereignis><aktion>Talent steigern</aktion><alterzustand>2</alterzustand><ap>-12</ap><asp>0</asp><bemerkung>Gegenseitiges Lehren</bemerkung><date>04.12.2016 19:18</date><kp>0</kp><kommentar></kommentar><lep>0</lep><neuerzustand>3</neuerzustand><object>Reiten</object><version>HS 5.5.2</version></ereignis><ereignis><aktion>Talent steigern</aktion><alterzustand>3</alterzustand><ap>-17</ap><asp>0</asp><bemerkung>Gegenseitiges Lehren</bemerkung><date>04.12.2016 19:18</date><kp>0</kp><kommentar></kommentar><lep>0</lep><neuerzustand>4</neuerzustand><object>Reiten</object><version>HS 5.5.2</version></ereignis><ereignis><aktion>Talent steigern</aktion><alterzustand>4</alterzustand><ap>-22</ap><asp>0</asp><bemerkung>Gegenseitiges Lehren</bemerkung><date>04.12.2016 19:18</date><kp>0</kp><kommentar></kommentar><lep>0</lep><neuerzustand>5</neuerzustand><object>Reiten</object><version>HS 5.5.2</version></ereignis><ereignis><aktion>Talent steigern</aktion><alterzustand>5</alterzustand><ap>-27</ap><asp>0</asp><bemerkung>Gegenseitiges Lehren</bemerkung><date>04.12.2016 19:18</date><kp>0</kp><kommentar></kommentar><lep>0</lep><neuerzustand>6</neuerzustand><object>Reiten</object><version>HS 5.5.2</version></ereignis><ereignis><aktion>Ereignis eingeben</aktion><alterzustand></alterzustand><ap>210</ap><asp>0</asp><bemerkung></bemerkung><date>18.03.2017 14:45</date><kp>0</kp><kommentar> Gesamt AP: 210 Verfügbare AP: 210</kommentar><lep>0</lep><neuerzustand></neuerzustand><object>Abenteuerpunkte (Hinzugewinn)</object><version>HS 5.5.2</version></ereignis><ereignis><aktion>Nahkampftalent steigern</aktion><alterzustand>13;8;5</alterzustand><ap>-140</ap><asp>0</asp><bemerkung>Selbststudium</bemerkung><date>18.03.2017 14:50</date><kp>0</kp><kommentar></kommentar><lep>0</lep><neuerzustand>14;8;5</neuerzustand><object>Schwerter</object><version>HS 5.5.2</version></ereignis><ereignis><aktion>Ereignis eingeben</aktion><alterzustand></alterzustand><ap>150</ap><asp>0</asp><bemerkung></bemerkung><date>28.04.2017 18:37</date><kp>0</kp><kommentar> Gesamt AP: 150 Verfügbare AP: 150</kommentar><lep>0</lep><neuerzustand></neuerzustand><object>Abenteuerpunkte (Hinzugewinn)</object><version>HS 5.5.2</version></ereignis><ereignis><aktion>Ereignis eingeben</aktion><alterzustand></alterzustand><ap>90</ap><asp>0</asp><bemerkung></bemerkung><date>06.05.2017 15:09</date><kp>0</kp><kommentar> Gesamt AP: 90 Verfügbare AP: 90</kommentar><lep>0</lep><neuerzustand></neuerzustand><object>Abenteuerpunkte (Hinzugewinn)</object><version>HS 5.5.2</version></ereignis><ereignis><aktion>Ereignis eingeben</aktion><alterzustand></alterzustand><ap>100</ap><asp>0</asp><bemerkung></bemerkung><date>10.06.2017 13:39</date><kp>0</kp><kommentar> Gesamt AP: 100 Verfügbare AP: 100</kommentar><lep>0</lep><neuerzustand></neuerzustand><object>Abenteuerpunkte (Hinzugewinn)</object><version>HS 5.5.2</version></ereignis><ereignis><aktion>Ereignis eingeben</aktion><alterzustand></alterzustand><ap>100</ap><asp>0</asp><bemerkung></bemerkung><date>23.06.2017 23:28</date><kp>0</kp><kommentar> Gesamt AP: 100 Verfügbare AP: 100</kommentar><lep>0</lep><neuerzustand></neuerzustand><object>Abenteuerpunkte (Hinzugewinn)</object><version>HS 5.5.2</version></ereignis><ereignis><aktion>Eigenschaft steigern</aktion><alterzustand>15</alterzustand><ap>-450</ap><asp>0</asp><bemerkung></bemerkung><date>23.06.2017 23:28</date><kp>0</kp><kommentar></kommentar><lep>0</lep><neuerzustand>16</neuerzustand><object>Körperkraft</object><version>HS 5.5.2</version></ereignis><ereignis><aktion>Ereignis eingeben</aktion><alterzustand></alterzustand><ap>75</ap><asp>0</asp><bemerkung></bemerkung><date>15.07.2017 00:31</date><kp>0</kp><kommentar> Gesamt AP: 75 Verfügbare AP: 75</kommentar><lep>0</lep><neuerzustand></neuerzustand><object>Abenteuerpunkte (Hinzugewinn)</object><version>HS 5.5.2</version></ereignis><ereignis><aktion>Ereignis eingeben</aktion><alterzustand></alterzustand><ap>400</ap><asp>0</asp><bemerkung></bemerkung><date>09.09.2017 00:40</date><kp>0</kp><kommentar> Gesamt AP: 400 Verfügbare AP: 400</kommentar><lep>0</lep><neuerzustand></neuerzustand><object>Abenteuerpunkte (Hinzugewinn)</object><version>HS 5.5.2</version></ereignis><ereignis><aktion>Eigenschaft steigern</aktion><alterzustand>16</alterzustand><ap>-240</ap><asp>0</asp><bemerkung>SE</bemerkung><date>09.09.2017 00:40</date><kp>0</kp><kommentar></kommentar><lep>0</lep><neuerzustand>17</neuerzustand><object>Körperkraft</object><version>HS 5.5.2</version></ereignis><ereignis><aktion>Sonderfertigkeit hinzugefügt</aktion><alterzustand></alterzustand><ap>-200</ap><asp>0</asp><bemerkung></bemerkung><date>09.09.2017 00:42</date><kp>0</kp><kommentar></kommentar><lep>0</lep><neuerzustand></neuerzustand><object>Wuchtschlag</object><version>HS 5.5.2</version></ereignis><ereignis><aktion>Talent steigern</aktion><alterzustand>0</alterzustand><ap>-2</ap><asp>0</asp><bemerkung>SE, Gegenseitiges Lehren</bemerkung><date>09.09.2017 00:43</date><kp>0</kp><kommentar></kommentar><lep>0</lep><neuerzustand>1</neuerzustand><object>Schleichen</object><version>HS 5.5.2</version></ereignis><ereignis><aktion>Talent steigern</aktion><alterzustand>1</alterzustand><ap>-7</ap><asp>0</asp><bemerkung>Gegenseitiges Lehren</bemerkung><date>09.09.2017 00:43</date><kp>0</kp><kommentar></kommentar><lep>0</lep><neuerzustand>2</neuerzustand><object>Schleichen</object><version>HS 5.5.2</version></ereignis><ereignis><aktion>Talent steigern</aktion><alterzustand>7</alterzustand><ap>-10</ap><asp>0</asp><bemerkung>SE, Gegenseitiges Lehren</bemerkung><date>09.09.2017 00:43</date><kp>0</kp><kommentar></kommentar><lep>0</lep><neuerzustand>8</neuerzustand><object>Orientierung</object><version>HS 5.5.2</version></ereignis><ereignis><aktion>Talent steigern</aktion><alterzustand>4</alterzustand><ap>-6</ap><asp>0</asp><bemerkung>SE, Gegenseitiges Lehren</bemerkung><date>09.09.2017 00:44</date><kp>0</kp><kommentar></kommentar><lep>0</lep><neuerzustand>5</neuerzustand><object>Götter und Kulte</object><version>HS 5.5.2</version></ereignis></ereignisse></daten>