<?xml version="1.0" encoding="UTF-8" standalone="yes"?><daten><config><rsmodell>zone</rsmodell><datum>02.07.2018</datum><uhrzeit>19:55</uhrzeit><geldkreise>false</geldkreise><metatalente>false</metatalente><zauberquellen>true</zauberquellen><namenaufseiten>false</namenaufseiten></config><angaben><augenfarbe>grün</augenfarbe><geburtstag>16. Boron 1003 BF</geburtstag><alter>20</alter><geschlecht>männlich</geschlecht><groesse>189</groesse><gewicht>69</gewicht><haarfarbe>braun</haarfarbe><stand></stand><titel></titel><name>Rank Grabensalb</name><bildPfad></bildPfad><aussehen><a0></a0><a1></a1><a2></a2><a3></a3><text></text></aussehen><familie><f0></f0><f1></f1><f2></f2><f3></f3><f4></f4><f5></f5><text></text></familie><notizen><n0>Notizen</n0><n1></n1><n2></n2><n3></n3><n4></n4><n5></n5><n6></n6><n7></n7><n8></n8><n9></n9><n10></n10><n11></n11><text>Notizen</text></notizen><profession><text>Druide: Mehrer der Macht</text><textkurz>Druide</textkurz></profession><ap><gesamt>480</gesamt><frei>17</frei><genutzt>463</genutzt></ap><gp><start>110</start><rest>0</rest></gp><stufe40><akt>3</akt><max>3</max><lang>3 [3]</lang></stufe40><stufe41><akt>0</akt><max>0</max><lang>0 [0]</lang></stufe41><gilde></gilde><magisch>true</magisch><geweiht>false</geweiht><rasse>Halbelf: Halbelf, in menschlicher Kultur aufgewachsen</rasse><kultur>Mittelländische Städte/Städte mit wichtigem Tempel/Pilgerstätte</kultur><aspregeneration>1W6</aspregeneration><leregeneration>1W6</leregeneration><heldenversion>50504</heldenversion><wundschwelle>4</wundschwelle></angaben><eigenschaften><geschwindigkeit><akt>7</akt><start>7</start><modi>0</modi><name>Geschwindigkeit</name><bereich>sonst</bereich></geschwindigkeit><mut><akt>13</akt><start>13</start><modi>0</modi><name>Mut</name><bereich>guteeigenschaft</bereich></mut><klugheit><akt>13</akt><start>13</start><modi>0</modi><name>Klugheit</name><bereich>guteeigenschaft</bereich></klugheit><intuition><akt>11</akt><start>11</start><modi>0</modi><name>Intuition</name><bereich>guteeigenschaft</bereich></intuition><charisma><akt>11</akt><start>11</start><modi>0</modi><name>Charisma</name><bereich>guteeigenschaft</bereich></charisma><fingerfertigkeit><akt>8</akt><start>8</start><modi>0</modi><name>Fingerfertigkeit</name><bereich>guteeigenschaft</bereich></fingerfertigkeit><gewandtheit><akt>9</akt><start>8</start><modi>1</modi><name>Gewandtheit</name><bereich>guteeigenschaft</bereich></gewandtheit><konstitution><akt>8</akt><start>8</start><modi>0</modi><name>Konstitution</name><bereich>guteeigenschaft</bereich></konstitution><koerperkraft><akt>8</akt><start>9</start><modi>-1</modi><name>Körperkraft</name><bereich>guteeigenschaft</bereich></koerperkraft><sozialstatus><akt>3</akt><start>3</start><modi>0</modi><name>Sozialstatus</name><bereich>guteeigenschaft</bereich></sozialstatus><astralenergie><akt>33</akt><start>18</start><modi>15</modi><name>Astralenergie</name><bereich>sonst</bereich><kaufbar>11</kaufbar><gekauft>0</gekauft><ausvornachteile>2</ausvornachteile><muinch2>18</muinch2><aussonderfertigkeiten>0</aussonderfertigkeiten><professionmod>13</professionmod><grossemeditation>0</grossemeditation><pasprueckkaufbar>0</pasprueckkaufbar><aktinklrueckkaufbarepasp>33</aktinklrueckkaufbarepasp></astralenergie><attacke><akt>6</akt><start>6</start><modi>0</modi><name>Attacke</name><bereich>sonst</bereich></attacke><ausdauer><akt>25</akt><start>15</start><modi>10</modi><name>Ausdauer</name><bereich>sonst</bereich><kaufbar>8</kaufbar><gekauft>0</gekauft><akt50>13</akt50><akt33>8</akt33><akt25>6</akt25></ausdauer><fernkampf-basis><akt>5</akt><start>6</start><modi>0</modi><name>Fernkampf-Basis</name><bereich>sonst</bereich></fernkampf-basis><initiative><akt>9</akt><start>9</start><modi>0</modi><name>Initiative</name><bereich>sonst</bereich></initiative><karmaenergie><akt>0</akt><start>0</start><modi>0</modi><name>Karmaenergie</name><bereich>sonst</bereich><kaufbar>11</kaufbar><gekauft>0</gekauft></karmaenergie><lebensenergie><akt>20</akt><start>13</start><modi>8</modi><name>Lebensenergie</name><bereich>sonst</bereich><kaufbar>4</kaufbar><gekauft>0</gekauft><akt50>10</akt50><akt33>7</akt33><akt25>5</akt25></lebensenergie><magieresistenz><akt>5</akt><start>7</start><modi>-2</modi><name>Magieresistenz</name><bereich>sonst</bereich><kaufbar>7</kaufbar><gekauft>0</gekauft></magieresistenz><parade><akt>6</akt><start>6</start><modi>0</modi><name>Parade</name><bereich>sonst</bereich></parade></eigenschaften><münzen/><vorteile><vorteil><bezeichner>Astralmacht</bezeichner><name>Astralmacht: 2</name><kommentar></kommentar><namemitkommentar>Astralmacht: 2</namemitkommentar><istvorteil>true</istvorteil><istnachteil>false</istnachteil><istschlechteeigenschaft>false</istschlechteeigenschaft><wert>2</wert><bereich>Magisch</bereich></vorteil><vorteil><bezeichner>Geräuschhexerei</bezeichner><name>Geräuschhexerei</name><kommentar></kommentar><namemitkommentar>Geräuschhexerei</namemitkommentar><istvorteil>true</istvorteil><istnachteil>false</istnachteil><istgabe>true</istgabe><bereich>Magisch</bereich></vorteil><vorteil><bezeichner>Gutaussehend</bezeichner><name>Gutaussehend</name><kommentar></kommentar><namemitkommentar>Gutaussehend</namemitkommentar><istvorteil>true</istvorteil><istnachteil>false</istnachteil><bereich>Sonst</bereich></vorteil><vorteil><bezeichner>Gutes Gedächtnis</bezeichner><name>Gutes Gedächtnis</name><kommentar></kommentar><namemitkommentar>Gutes Gedächtnis</namemitkommentar><istvorteil>true</istvorteil><istnachteil>false</istnachteil><bereich>Sonst</bereich></vorteil><vorteil><bezeichner>Koboldfreund</bezeichner><name>Koboldfreund</name><kommentar></kommentar><namemitkommentar>Koboldfreund</namemitkommentar><istvorteil>true</istvorteil><istnachteil>false</istnachteil><bereich>Sonst</bereich></vorteil><vorteil><bezeichner>Vollzauberer</bezeichner><name>Vollzauberer</name><kommentar></kommentar><namemitkommentar>Vollzauberer</namemitkommentar><istvorteil>true</istvorteil><istnachteil>false</istnachteil><bereich>Magisch</bereich></vorteil><vorteil><bezeichner>Unverträglichkeit mit verarbeitetem Metall</bezeichner><name>Unverträglichkeit mit verarbeitetem Metall</name><kommentar></kommentar><namemitkommentar>Unverträglichkeit mit verarbeitetem Metall</namemitkommentar><istvorteil>false</istvorteil><istnachteil>true</istnachteil><bereich>Magisch</bereich></vorteil><vorteil><bezeichner>Vorurteile gegen</bezeichner><name>Vorurteile gegen Frauen 8</name><kommentar></kommentar><namemitkommentar>Vorurteile gegen Frauen 8</namemitkommentar><istvorteil>false</istvorteil><istnachteil>true</istnachteil><istschlechteeigenschaft>true</istschlechteeigenschaft><bereich>Sonst</bereich><auswahlen><auswahl>
</auswahl></auswahlen></vorteil></vorteile><sonderfertigkeiten><sonderfertigkeit><nameausfuehrlich>Druidenrache</nameausfuehrlich><name>Druidenrache</name><bezeichner>Druidenrache</bezeichner><wirkung></wirkung><dauer></dauer><kosten></kosten><probe></probe><kommentar></kommentar><namemitkommentar>Druidenrache</namemitkommentar><bereich>Magisch</bereich><bereich>SonstMagisch</bereich></sonderfertigkeit><sonderfertigkeit><nameausfuehrlich>Druidisches Dolchritual: Lebenskraft</nameausfuehrlich><name>Druidisches Dolchritual: Lebenskraft</name><bezeichner>Druidisches Dolchritual: Lebenskraft</bezeichner><wirkung></wirkung><dauer></dauer><kosten></kosten><probe></probe><kommentar></kommentar><namemitkommentar>Druidisches Dolchritual: Lebenskraft</namemitkommentar><bereich>Magisch</bereich><bereich>Ritual</bereich></sonderfertigkeit><sonderfertigkeit><nameausfuehrlich>Druidisches Dolchritual: Weg</nameausfuehrlich><name>Druidisches Dolchritual: Weg</name><bezeichner>Druidisches Dolchritual: Weg</bezeichner><wirkung></wirkung><dauer></dauer><kosten></kosten><probe></probe><kommentar></kommentar><namemitkommentar>Druidisches Dolchritual: Weg</namemitkommentar><bereich>Magisch</bereich><bereich>Ritual</bereich></sonderfertigkeit><sonderfertigkeit><nameausfuehrlich>Druidisches Dolchritual: Weihe</nameausfuehrlich><name>Druidisches Dolchritual: Weihe</name><bezeichner>Druidisches Dolchritual: Weihe</bezeichner><wirkung></wirkung><dauer></dauer><kosten></kosten><probe></probe><kommentar></kommentar><namemitkommentar>Druidisches Dolchritual: Weihe</namemitkommentar><bereich>Magisch</bereich><bereich>Ritual</bereich></sonderfertigkeit><sonderfertigkeit><nameausfuehrlich>Druidisches Herrschaftsritual: Kristall der Herrschaft</nameausfuehrlich><name>Druidisches Herrschaftsritual: Kristall der Herrschaft</name><bezeichner>Druidisches Herrschaftsritual: Kristall der Herrschaft</bezeichner><wirkung></wirkung><dauer></dauer><kosten></kosten><probe></probe><kommentar></kommentar><namemitkommentar>Druidisches Herrschaftsritual: Kristall der Herrschaft</namemitkommentar><bereich>Magisch</bereich><bereich>Ritual</bereich></sonderfertigkeit><sonderfertigkeit><nameausfuehrlich>Druidisches Herrschaftsritual: Miniatur der Herrschaft</nameausfuehrlich><name>Druidisches Herrschaftsritual: Miniatur der Herrschaft</name><bezeichner>Druidisches Herrschaftsritual: Miniatur der Herrschaft</bezeichner><wirkung></wirkung><dauer></dauer><kosten></kosten><probe></probe><kommentar></kommentar><namemitkommentar>Druidisches Herrschaftsritual: Miniatur der Herrschaft</namemitkommentar><bereich>Magisch</bereich><bereich>Ritual</bereich></sonderfertigkeit><sonderfertigkeit><nameausfuehrlich>Große Meditation</nameausfuehrlich><name>Große Meditation</name><bezeichner>Große Meditation</bezeichner><wirkung></wirkung><dauer></dauer><kosten></kosten><probe></probe><kommentar></kommentar><namemitkommentar>Große Meditation</namemitkommentar><bereich>Magisch</bereich><bereich>SonstMagisch</bereich></sonderfertigkeit><sonderfertigkeit><nameausfuehrlich>Kulturkunde (Mittelreich)</nameausfuehrlich><name>Kulturkunde (Mittelreich)</name><bezeichner>Kulturkunde</bezeichner><auswahlen><auswahl><name>Mittelreich</name><feld feldname="1" nr="1">Mittelreich</feld></auswahl></auswahlen><namemitkommentar>Kulturkunde (Mittelreich)</namemitkommentar><bereich>Sonst</bereich></sonderfertigkeit><sonderfertigkeit><nameausfuehrlich>Merkmalskenntnis: Einfluss</nameausfuehrlich><name>Einfluss</name><bezeichner>Merkmalskenntnis: Einfluss</bezeichner><wirkung></wirkung><dauer></dauer><kosten></kosten><probe></probe><kommentar></kommentar><namemitkommentar>Einfluss</namemitkommentar><bereich>Magisch</bereich><bereich>Merkmalskenntnis</bereich></sonderfertigkeit><sonderfertigkeit><nameausfuehrlich>Merkmalskenntnis: Herrschaft</nameausfuehrlich><name>Herrschaft</name><bezeichner>Merkmalskenntnis: Herrschaft</bezeichner><wirkung></wirkung><dauer></dauer><kosten></kosten><probe></probe><kommentar></kommentar><namemitkommentar>Herrschaft</namemitkommentar><bereich>Magisch</bereich><bereich>Merkmalskenntnis</bereich></sonderfertigkeit><sonderfertigkeit><nameausfuehrlich>Ortskenntnis (Stadtteil/Kleinstadt)</nameausfuehrlich><name>Ortskenntnis (Stadtteil/Kleinstadt)</name><bezeichner>Ortskenntnis</bezeichner><auswahlen><auswahl><name>Stadtteil/Kleinstadt</name><feld feldname="1" nr="1">Stadtteil/Kleinstadt</feld></auswahl></auswahlen><namemitkommentar>Ortskenntnis (Stadtteil/Kleinstadt)</namemitkommentar><bereich>Sonst</bereich></sonderfertigkeit><sonderfertigkeit><nameausfuehrlich>Repräsentation: Druide</nameausfuehrlich><name>Druide</name><bezeichner>Repräsentation: Druide</bezeichner><wirkung></wirkung><dauer></dauer><kosten></kosten><probe></probe><kommentar></kommentar><namemitkommentar>Druide</namemitkommentar><bereich>Magisch</bereich><bereich>Repräsentation</bereich></sonderfertigkeit><sonderfertigkeit><nameausfuehrlich>Ritualkenntnis: Druide</nameausfuehrlich><name>Ritualkenntnis: Druide</name><bezeichner>Ritualkenntnis: Druide</bezeichner><wirkung></wirkung><dauer></dauer><kosten></kosten><probe></probe><kommentar></kommentar><namemitkommentar>Ritualkenntnis: Druide</namemitkommentar><bereich>Magisch</bereich><bereich>Ritualkenntnis</bereich></sonderfertigkeit><sonderfertigkeit><nameausfuehrlich>Verbotene Pforten</nameausfuehrlich><name>Verbotene Pforten</name><bezeichner>Verbotene Pforten</bezeichner><wirkung></wirkung><dauer></dauer><kosten></kosten><probe></probe><kommentar></kommentar><namemitkommentar>Verbotene Pforten</namemitkommentar><bereich>Magisch</bereich><bereich>SonstMagisch</bereich></sonderfertigkeit></sonderfertigkeiten><verbilligtesonderfertigkeiten/><talentliste><talent><name>Dolche</name><meisterhandwerk>false</meisterhandwerk><leittalent>false</leittalent><basis>true</basis><nameausfuehrlich>Dolche  (B)</nameausfuehrlich><wert>4</wert><probe>GE/GE/KK</probe><probenwerte>9/9/8</probenwerte><nameausfuehrlichmitprobe>Dolche  (B)(GE/GE/KK)</nameausfuehrlichmitprobe><at>6</at><pa>6</pa><behinderung>BE-1</behinderung><mirakelplus>false</mirakelplus><mirakelminus>false</mirakelminus><metatalent>false</metatalent><bereich>Kampf</bereich><komplexität>D</komplexität><lernkomplexität>D</lernkomplexität><spezialisierungen></spezialisierungen></talent><talent><name>Hiebwaffen</name><meisterhandwerk>false</meisterhandwerk><leittalent>false</leittalent><basis>true</basis><nameausfuehrlich>Hiebwaffen  (B)</nameausfuehrlich><wert>2</wert><probe>GE/GE/KK</probe><probenwerte>9/9/8</probenwerte><nameausfuehrlichmitprobe>Hiebwaffen  (B)(GE/GE/KK)</nameausfuehrlichmitprobe><at>6</at><pa>6</pa><behinderung>BE-4</behinderung><mirakelplus>false</mirakelplus><mirakelminus>false</mirakelminus><metatalent>false</metatalent><bereich>Kampf</bereich><komplexität>D</komplexität><lernkomplexität>D</lernkomplexität><spezialisierungen></spezialisierungen></talent><talent><name>Infanteriewaffen</name><meisterhandwerk>false</meisterhandwerk><leittalent>false</leittalent><basis>false</basis><nameausfuehrlich>Infanteriewaffen</nameausfuehrlich><wert>1</wert><probe>GE/GE/KK</probe><probenwerte>9/9/8</probenwerte><nameausfuehrlichmitprobe>Infanteriewaffen (GE/GE/KK)</nameausfuehrlichmitprobe><at>6</at><pa>6</pa><behinderung>BE-3</behinderung><mirakelplus>false</mirakelplus><mirakelminus>false</mirakelminus><metatalent>false</metatalent><bereich>Kampf</bereich><komplexität>D</komplexität><lernkomplexität>D</lernkomplexität><spezialisierungen></spezialisierungen></talent><talent><name>Raufen</name><meisterhandwerk>false</meisterhandwerk><leittalent>false</leittalent><basis>true</basis><nameausfuehrlich>Raufen  (B)</nameausfuehrlich><wert>1</wert><probe>GE/GE/KK</probe><probenwerte>9/9/8</probenwerte><nameausfuehrlichmitprobe>Raufen  (B)(GE/GE/KK)</nameausfuehrlichmitprobe><at>6</at><pa>6</pa><behinderung>BE</behinderung><mirakelplus>false</mirakelplus><mirakelminus>false</mirakelminus><metatalent>false</metatalent><bereich>Kampf</bereich><komplexität>C</komplexität><lernkomplexität>C</lernkomplexität><spezialisierungen></spezialisierungen></talent><talent><name>Ringen</name><meisterhandwerk>false</meisterhandwerk><leittalent>false</leittalent><basis>true</basis><nameausfuehrlich>Ringen  (B)</nameausfuehrlich><wert>0</wert><probe>GE/GE/KK</probe><probenwerte>9/9/8</probenwerte><nameausfuehrlichmitprobe>Ringen  (B)(GE/GE/KK)</nameausfuehrlichmitprobe><at>6</at><pa>6</pa><behinderung>BE</behinderung><mirakelplus>false</mirakelplus><mirakelminus>false</mirakelminus><metatalent>false</metatalent><bereich>Kampf</bereich><komplexität>D</komplexität><lernkomplexität>D</lernkomplexität><spezialisierungen></spezialisierungen></talent><talent><name>Säbel</name><meisterhandwerk>false</meisterhandwerk><leittalent>false</leittalent><basis>true</basis><nameausfuehrlich>Säbel  (B)</nameausfuehrlich><wert>0</wert><probe>GE/GE/KK</probe><probenwerte>9/9/8</probenwerte><nameausfuehrlichmitprobe>Säbel  (B)(GE/GE/KK)</nameausfuehrlichmitprobe><at>6</at><pa>6</pa><behinderung>BE-2</behinderung><mirakelplus>false</mirakelplus><mirakelminus>false</mirakelminus><metatalent>false</metatalent><bereich>Kampf</bereich><komplexität>D</komplexität><lernkomplexität>D</lernkomplexität><spezialisierungen></spezialisierungen></talent><talent><name>Wurfmesser</name><meisterhandwerk>false</meisterhandwerk><leittalent>false</leittalent><basis>true</basis><nameausfuehrlich>Wurfmesser  (B)</nameausfuehrlich><wert>1</wert><probe>GE/FF/KK</probe><probenwerte>9/8/8</probenwerte><nameausfuehrlichmitprobe>Wurfmesser  (B)(GE/FF/KK)</nameausfuehrlichmitprobe><at>6</at><pa></pa><behinderung>BE-3</behinderung><mirakelplus>false</mirakelplus><mirakelminus>false</mirakelminus><metatalent>false</metatalent><bereich>Kampf</bereich><komplexität>C</komplexität><lernkomplexität>C</lernkomplexität><spezialisierungen></spezialisierungen></talent><talent><name>Athletik</name><meisterhandwerk>false</meisterhandwerk><leittalent>false</leittalent><basis>true</basis><nameausfuehrlich>Athletik  (B)</nameausfuehrlich><wert>0</wert><probe>GE/KO/KK</probe><probenwerte>9/8/8</probenwerte><nameausfuehrlichmitprobe>Athletik  (B)(GE/KO/KK)</nameausfuehrlichmitprobe><behinderung>BEx2</behinderung><mirakelplus>false</mirakelplus><mirakelminus>false</mirakelminus><metatalent>false</metatalent><bereich>Körperlich</bereich><komplexität>D</komplexität><lernkomplexität>D</lernkomplexität><spezialisierungen></spezialisierungen></talent><talent><name>Klettern</name><meisterhandwerk>false</meisterhandwerk><leittalent>false</leittalent><basis>true</basis><nameausfuehrlich>Klettern  (B)</nameausfuehrlich><wert>0</wert><probe>MU/GE/KK</probe><probenwerte>13/9/8</probenwerte><nameausfuehrlichmitprobe>Klettern  (B)(MU/GE/KK)</nameausfuehrlichmitprobe><behinderung>BEx2</behinderung><mirakelplus>false</mirakelplus><mirakelminus>false</mirakelminus><metatalent>false</metatalent><bereich>Körperlich</bereich><komplexität>D</komplexität><lernkomplexität>D</lernkomplexität><spezialisierungen></spezialisierungen></talent><talent><name>Körperbeherrschung</name><meisterhandwerk>false</meisterhandwerk><leittalent>false</leittalent><basis>true</basis><nameausfuehrlich>Körperbeherrschung  (B)</nameausfuehrlich><wert>2</wert><probe>MU/IN/GE</probe><probenwerte>13/11/9</probenwerte><nameausfuehrlichmitprobe>Körperbeherrschung  (B)(MU/IN/GE)</nameausfuehrlichmitprobe><behinderung>BEx2</behinderung><mirakelplus>false</mirakelplus><mirakelminus>false</mirakelminus><metatalent>false</metatalent><bereich>Körperlich</bereich><komplexität>D</komplexität><lernkomplexität>D</lernkomplexität><spezialisierungen></spezialisierungen></talent><talent><name>Schleichen</name><meisterhandwerk>false</meisterhandwerk><leittalent>false</leittalent><basis>true</basis><nameausfuehrlich>Schleichen  (B)</nameausfuehrlich><wert>2</wert><probe>MU/IN/GE</probe><probenwerte>13/11/9</probenwerte><nameausfuehrlichmitprobe>Schleichen  (B)(MU/IN/GE)</nameausfuehrlichmitprobe><behinderung>BE</behinderung><mirakelplus>false</mirakelplus><mirakelminus>false</mirakelminus><metatalent>false</metatalent><bereich>Körperlich</bereich><komplexität>D</komplexität><lernkomplexität>D</lernkomplexität><spezialisierungen></spezialisierungen></talent><talent><name>Schwimmen</name><meisterhandwerk>false</meisterhandwerk><leittalent>false</leittalent><basis>true</basis><nameausfuehrlich>Schwimmen  (B)</nameausfuehrlich><wert>0</wert><probe>GE/KO/KK</probe><probenwerte>9/8/8</probenwerte><nameausfuehrlichmitprobe>Schwimmen  (B)(GE/KO/KK)</nameausfuehrlichmitprobe><behinderung>BEx2</behinderung><mirakelplus>false</mirakelplus><mirakelminus>false</mirakelminus><metatalent>false</metatalent><bereich>Körperlich</bereich><komplexität>D</komplexität><lernkomplexität>D</lernkomplexität><spezialisierungen></spezialisierungen></talent><talent><name>Selbstbeherrschung</name><meisterhandwerk>false</meisterhandwerk><leittalent>false</leittalent><basis>true</basis><nameausfuehrlich>Selbstbeherrschung  (B)</nameausfuehrlich><wert>4</wert><probe>MU/KO/KK</probe><probenwerte>13/8/8</probenwerte><nameausfuehrlichmitprobe>Selbstbeherrschung  (B)(MU/KO/KK)</nameausfuehrlichmitprobe><behinderung></behinderung><mirakelplus>false</mirakelplus><mirakelminus>false</mirakelminus><metatalent>false</metatalent><bereich>Körperlich</bereich><komplexität>D</komplexität><lernkomplexität>D</lernkomplexität><spezialisierungen></spezialisierungen></talent><talent><name>Sich verstecken</name><meisterhandwerk>false</meisterhandwerk><leittalent>false</leittalent><basis>true</basis><nameausfuehrlich>Sich verstecken  (B)</nameausfuehrlich><wert>1</wert><probe>MU/IN/GE</probe><probenwerte>13/11/9</probenwerte><nameausfuehrlichmitprobe>Sich verstecken  (B)(MU/IN/GE)</nameausfuehrlichmitprobe><behinderung>BE-2</behinderung><mirakelplus>false</mirakelplus><mirakelminus>false</mirakelminus><metatalent>false</metatalent><bereich>Körperlich</bereich><komplexität>D</komplexität><lernkomplexität>D</lernkomplexität><spezialisierungen></spezialisierungen></talent><talent><name>Singen</name><meisterhandwerk>false</meisterhandwerk><leittalent>false</leittalent><basis>true</basis><nameausfuehrlich>Singen  (B)</nameausfuehrlich><wert>1</wert><probe>IN/CH/CH</probe><probenwerte>11/11/11</probenwerte><nameausfuehrlichmitprobe>Singen  (B)(IN/CH/CH)</nameausfuehrlichmitprobe><behinderung>BE-3</behinderung><mirakelplus>false</mirakelplus><mirakelminus>false</mirakelminus><metatalent>false</metatalent><bereich>Körperlich</bereich><komplexität>D</komplexität><lernkomplexität>D</lernkomplexität><spezialisierungen></spezialisierungen></talent><talent><name>Sinnenschärfe</name><meisterhandwerk>false</meisterhandwerk><leittalent>false</leittalent><basis>true</basis><nameausfuehrlich>Sinnenschärfe  (B)</nameausfuehrlich><wert>4</wert><probe>KL/IN/IN</probe><probenwerte>13/11/11</probenwerte><nameausfuehrlichmitprobe>Sinnenschärfe  (B)(KL/IN/IN)</nameausfuehrlichmitprobe><behinderung>0-&gt;BE</behinderung><mirakelplus>false</mirakelplus><mirakelminus>false</mirakelminus><metatalent>false</metatalent><bereich>Körperlich</bereich><komplexität>D</komplexität><lernkomplexität>D</lernkomplexität><spezialisierungen></spezialisierungen></talent><talent><name>Tanzen</name><meisterhandwerk>false</meisterhandwerk><leittalent>false</leittalent><basis>true</basis><nameausfuehrlich>Tanzen  (B)</nameausfuehrlich><wert>1</wert><probe>CH/GE/GE</probe><probenwerte>11/9/9</probenwerte><nameausfuehrlichmitprobe>Tanzen  (B)(CH/GE/GE)</nameausfuehrlichmitprobe><behinderung>BEx2</behinderung><mirakelplus>false</mirakelplus><mirakelminus>false</mirakelminus><metatalent>false</metatalent><bereich>Körperlich</bereich><komplexität>D</komplexität><lernkomplexität>D</lernkomplexität><spezialisierungen></spezialisierungen></talent><talent><name>Zechen</name><meisterhandwerk>false</meisterhandwerk><leittalent>false</leittalent><basis>true</basis><nameausfuehrlich>Zechen  (B)</nameausfuehrlich><wert>2</wert><probe>IN/KO/KK</probe><probenwerte>11/8/8</probenwerte><nameausfuehrlichmitprobe>Zechen  (B)(IN/KO/KK)</nameausfuehrlichmitprobe><behinderung></behinderung><mirakelplus>false</mirakelplus><mirakelminus>false</mirakelminus><metatalent>false</metatalent><bereich>Körperlich</bereich><komplexität>D</komplexität><lernkomplexität>D</lernkomplexität><spezialisierungen></spezialisierungen></talent><talent><name>Etikette</name><meisterhandwerk>false</meisterhandwerk><leittalent>false</leittalent><basis>false</basis><nameausfuehrlich>Etikette</nameausfuehrlich><wert>1</wert><probe>KL/IN/CH</probe><probenwerte>13/11/11</probenwerte><nameausfuehrlichmitprobe>Etikette (KL/IN/CH)</nameausfuehrlichmitprobe><behinderung></behinderung><mirakelplus>false</mirakelplus><mirakelminus>false</mirakelminus><metatalent>false</metatalent><bereich>Gesellschaft</bereich><komplexität>B</komplexität><lernkomplexität>B</lernkomplexität><spezialisierungen></spezialisierungen></talent><talent><name>Gassenwissen</name><meisterhandwerk>false</meisterhandwerk><leittalent>false</leittalent><basis>false</basis><nameausfuehrlich>Gassenwissen</nameausfuehrlich><wert>2</wert><probe>KL/IN/CH</probe><probenwerte>13/11/11</probenwerte><nameausfuehrlichmitprobe>Gassenwissen (KL/IN/CH)</nameausfuehrlichmitprobe><behinderung></behinderung><mirakelplus>false</mirakelplus><mirakelminus>false</mirakelminus><metatalent>false</metatalent><bereich>Gesellschaft</bereich><komplexität>B</komplexität><lernkomplexität>B</lernkomplexität><spezialisierungen></spezialisierungen></talent><talent><name>Menschenkenntnis</name><meisterhandwerk>false</meisterhandwerk><leittalent>false</leittalent><basis>true</basis><nameausfuehrlich>Menschenkenntnis  (B)</nameausfuehrlich><wert>3</wert><probe>KL/IN/CH</probe><probenwerte>13/11/11</probenwerte><nameausfuehrlichmitprobe>Menschenkenntnis  (B)(KL/IN/CH)</nameausfuehrlichmitprobe><behinderung></behinderung><mirakelplus>false</mirakelplus><mirakelminus>false</mirakelminus><metatalent>false</metatalent><bereich>Gesellschaft</bereich><komplexität>B</komplexität><lernkomplexität>B</lernkomplexität><spezialisierungen></spezialisierungen></talent><talent><name>Sich verkleiden</name><meisterhandwerk>false</meisterhandwerk><leittalent>false</leittalent><basis>false</basis><nameausfuehrlich>Sich verkleiden</nameausfuehrlich><wert>2</wert><probe>MU/CH/GE</probe><probenwerte>13/11/9</probenwerte><nameausfuehrlichmitprobe>Sich verkleiden (MU/CH/GE)</nameausfuehrlichmitprobe><behinderung></behinderung><mirakelplus>false</mirakelplus><mirakelminus>false</mirakelminus><metatalent>false</metatalent><bereich>Gesellschaft</bereich><komplexität>B</komplexität><lernkomplexität>B</lernkomplexität><spezialisierungen></spezialisierungen></talent><talent><name>Überreden</name><meisterhandwerk>false</meisterhandwerk><leittalent>false</leittalent><basis>true</basis><nameausfuehrlich>Überreden  (B)</nameausfuehrlich><wert>5</wert><probe>MU/IN/CH</probe><probenwerte>13/11/11</probenwerte><nameausfuehrlichmitprobe>Überreden  (B)(MU/IN/CH)</nameausfuehrlichmitprobe><behinderung></behinderung><mirakelplus>false</mirakelplus><mirakelminus>false</mirakelminus><metatalent>false</metatalent><bereich>Gesellschaft</bereich><komplexität>B</komplexität><lernkomplexität>B</lernkomplexität><spezialisierungen></spezialisierungen></talent><talent><name>Ansitzjagd incl Waffe</name><meisterhandwerk>false</meisterhandwerk><leittalent>false</leittalent><basis>false</basis><nameausfuehrlich>Ansitzjagd incl Waffe</nameausfuehrlich><wert>0</wert><probe>MU/IN/GE</probe><probenwerte>13/11/9</probenwerte><nameausfuehrlichmitprobe>Ansitzjagd incl Waffe (MU/IN/GE)</nameausfuehrlichmitprobe><behinderung></behinderung><mirakelplus>false</mirakelplus><mirakelminus>false</mirakelminus><metatalent>true</metatalent><bereich>Natur</bereich><komplexität>B</komplexität><lernkomplexität>B</lernkomplexität><spezialisierungen></spezialisierungen></talent><talent><name>Fährtensuchen</name><meisterhandwerk>false</meisterhandwerk><leittalent>false</leittalent><basis>true</basis><nameausfuehrlich>Fährtensuchen  (B)</nameausfuehrlich><wert>2</wert><probe>KL/IN/KO</probe><probenwerte>13/11/8</probenwerte><nameausfuehrlichmitprobe>Fährtensuchen  (B)(KL/IN/KO)</nameausfuehrlichmitprobe><behinderung></behinderung><mirakelplus>false</mirakelplus><mirakelminus>false</mirakelminus><metatalent>false</metatalent><bereich>Natur</bereich><komplexität>B</komplexität><lernkomplexität>B</lernkomplexität><spezialisierungen></spezialisierungen></talent><talent><name>Fallen stellen</name><meisterhandwerk>false</meisterhandwerk><leittalent>false</leittalent><basis>false</basis><nameausfuehrlich>Fallen stellen</nameausfuehrlich><wert>0</wert><probe>KL/FF/KK</probe><probenwerte>13/8/8</probenwerte><nameausfuehrlichmitprobe>Fallen stellen (KL/FF/KK)</nameausfuehrlichmitprobe><behinderung></behinderung><mirakelplus>false</mirakelplus><mirakelminus>false</mirakelminus><metatalent>false</metatalent><bereich>Natur</bereich><komplexität>B</komplexität><lernkomplexität>B</lernkomplexität><spezialisierungen></spezialisierungen></talent><talent><name>Kräuter suchen</name><meisterhandwerk>false</meisterhandwerk><leittalent>false</leittalent><basis>false</basis><nameausfuehrlich>Kräuter suchen</nameausfuehrlich><wert>0</wert><probe>MU/IN/FF</probe><probenwerte>13/11/8</probenwerte><nameausfuehrlichmitprobe>Kräuter suchen (MU/IN/FF)</nameausfuehrlichmitprobe><behinderung></behinderung><mirakelplus>false</mirakelplus><mirakelminus>false</mirakelminus><metatalent>true</metatalent><bereich>Natur</bereich><komplexität>B</komplexität><lernkomplexität>B</lernkomplexität><spezialisierungen></spezialisierungen></talent><talent><name>Nahrung sammeln</name><meisterhandwerk>false</meisterhandwerk><leittalent>false</leittalent><basis>false</basis><nameausfuehrlich>Nahrung sammeln</nameausfuehrlich><wert>0</wert><probe>MU/IN/FF</probe><probenwerte>13/11/8</probenwerte><nameausfuehrlichmitprobe>Nahrung sammeln (MU/IN/FF)</nameausfuehrlichmitprobe><behinderung></behinderung><mirakelplus>false</mirakelplus><mirakelminus>false</mirakelminus><metatalent>true</metatalent><bereich>Natur</bereich><komplexität>B</komplexität><lernkomplexität>B</lernkomplexität><spezialisierungen></spezialisierungen></talent><talent><name>Orientierung</name><meisterhandwerk>false</meisterhandwerk><leittalent>false</leittalent><basis>true</basis><nameausfuehrlich>Orientierung  (B)</nameausfuehrlich><wert>2</wert><probe>KL/IN/IN</probe><probenwerte>13/11/11</probenwerte><nameausfuehrlichmitprobe>Orientierung  (B)(KL/IN/IN)</nameausfuehrlichmitprobe><behinderung></behinderung><mirakelplus>false</mirakelplus><mirakelminus>false</mirakelminus><metatalent>false</metatalent><bereich>Natur</bereich><komplexität>B</komplexität><lernkomplexität>B</lernkomplexität><spezialisierungen></spezialisierungen></talent><talent><name>Pirschjagd incl Waffe</name><meisterhandwerk>false</meisterhandwerk><leittalent>false</leittalent><basis>false</basis><nameausfuehrlich>Pirschjagd incl Waffe</nameausfuehrlich><wert>0</wert><probe>MU/IN/GE</probe><probenwerte>13/11/9</probenwerte><nameausfuehrlichmitprobe>Pirschjagd incl Waffe (MU/IN/GE)</nameausfuehrlichmitprobe><behinderung></behinderung><mirakelplus>false</mirakelplus><mirakelminus>false</mirakelminus><metatalent>true</metatalent><bereich>Natur</bereich><komplexität>B</komplexität><lernkomplexität>B</lernkomplexität><spezialisierungen></spezialisierungen></talent><talent><name>Wildnisleben</name><meisterhandwerk>false</meisterhandwerk><leittalent>false</leittalent><basis>true</basis><nameausfuehrlich>Wildnisleben  (B)</nameausfuehrlich><wert>0</wert><probe>IN/GE/KO</probe><probenwerte>11/9/8</probenwerte><nameausfuehrlichmitprobe>Wildnisleben  (B)(IN/GE/KO)</nameausfuehrlichmitprobe><behinderung></behinderung><mirakelplus>false</mirakelplus><mirakelminus>false</mirakelminus><metatalent>false</metatalent><bereich>Natur</bereich><komplexität>B</komplexität><lernkomplexität>B</lernkomplexität><spezialisierungen></spezialisierungen></talent><talent><name>Geografie</name><meisterhandwerk>false</meisterhandwerk><leittalent>false</leittalent><basis>false</basis><nameausfuehrlich>Geografie</nameausfuehrlich><wert>1</wert><probe>KL/KL/IN</probe><probenwerte>13/13/11</probenwerte><nameausfuehrlichmitprobe>Geografie (KL/KL/IN)</nameausfuehrlichmitprobe><behinderung></behinderung><mirakelplus>false</mirakelplus><mirakelminus>false</mirakelminus><metatalent>false</metatalent><bereich>Wissen</bereich><komplexität>B</komplexität><lernkomplexität>B</lernkomplexität><spezialisierungen></spezialisierungen></talent><talent><name>Geschichtswissen</name><meisterhandwerk>false</meisterhandwerk><leittalent>false</leittalent><basis>false</basis><nameausfuehrlich>Geschichtswissen</nameausfuehrlich><wert>1</wert><probe>KL/KL/IN</probe><probenwerte>13/13/11</probenwerte><nameausfuehrlichmitprobe>Geschichtswissen (KL/KL/IN)</nameausfuehrlichmitprobe><behinderung></behinderung><mirakelplus>false</mirakelplus><mirakelminus>false</mirakelminus><metatalent>false</metatalent><bereich>Wissen</bereich><komplexität>B</komplexität><lernkomplexität>B</lernkomplexität><spezialisierungen></spezialisierungen></talent><talent><name>Gesteinskunde</name><meisterhandwerk>false</meisterhandwerk><leittalent>false</leittalent><basis>false</basis><nameausfuehrlich>Gesteinskunde</nameausfuehrlich><wert>3</wert><probe>KL/IN/FF</probe><probenwerte>13/11/8</probenwerte><nameausfuehrlichmitprobe>Gesteinskunde (KL/IN/FF)</nameausfuehrlichmitprobe><behinderung></behinderung><mirakelplus>false</mirakelplus><mirakelminus>false</mirakelminus><metatalent>false</metatalent><bereich>Wissen</bereich><komplexität>B</komplexität><lernkomplexität>B</lernkomplexität><spezialisierungen></spezialisierungen></talent><talent><name>Götter und Kulte</name><meisterhandwerk>false</meisterhandwerk><leittalent>false</leittalent><basis>true</basis><nameausfuehrlich>Götter und Kulte  (B)</nameausfuehrlich><wert>5</wert><probe>KL/KL/IN</probe><probenwerte>13/13/11</probenwerte><nameausfuehrlichmitprobe>Götter und Kulte  (B)(KL/KL/IN)</nameausfuehrlichmitprobe><behinderung></behinderung><mirakelplus>false</mirakelplus><mirakelminus>false</mirakelminus><metatalent>false</metatalent><bereich>Wissen</bereich><komplexität>B</komplexität><lernkomplexität>B</lernkomplexität><spezialisierungen></spezialisierungen></talent><talent><name>Heraldik</name><meisterhandwerk>false</meisterhandwerk><leittalent>false</leittalent><basis>false</basis><nameausfuehrlich>Heraldik</nameausfuehrlich><wert>1</wert><probe>KL/KL/FF</probe><probenwerte>13/13/8</probenwerte><nameausfuehrlichmitprobe>Heraldik (KL/KL/FF)</nameausfuehrlichmitprobe><behinderung></behinderung><mirakelplus>false</mirakelplus><mirakelminus>false</mirakelminus><metatalent>false</metatalent><bereich>Wissen</bereich><komplexität>B</komplexität><lernkomplexität>B</lernkomplexität><spezialisierungen></spezialisierungen></talent><talent><name>Magiekunde</name><meisterhandwerk>false</meisterhandwerk><leittalent>false</leittalent><basis>false</basis><nameausfuehrlich>Magiekunde</nameausfuehrlich><wert>4</wert><probe>KL/KL/IN</probe><probenwerte>13/13/11</probenwerte><nameausfuehrlichmitprobe>Magiekunde (KL/KL/IN)</nameausfuehrlichmitprobe><behinderung></behinderung><mirakelplus>false</mirakelplus><mirakelminus>false</mirakelminus><metatalent>false</metatalent><bereich>Wissen</bereich><komplexität>B</komplexität><lernkomplexität>B</lernkomplexität><spezialisierungen></spezialisierungen></talent><talent><name>Pflanzenkunde</name><meisterhandwerk>false</meisterhandwerk><leittalent>false</leittalent><basis>false</basis><nameausfuehrlich>Pflanzenkunde</nameausfuehrlich><wert>5</wert><probe>KL/IN/FF</probe><probenwerte>13/11/8</probenwerte><nameausfuehrlichmitprobe>Pflanzenkunde (KL/IN/FF)</nameausfuehrlichmitprobe><behinderung></behinderung><mirakelplus>false</mirakelplus><mirakelminus>false</mirakelminus><metatalent>false</metatalent><bereich>Wissen</bereich><komplexität>B</komplexität><lernkomplexität>B</lernkomplexität><spezialisierungen></spezialisierungen></talent><talent><name>Rechnen</name><meisterhandwerk>false</meisterhandwerk><leittalent>false</leittalent><basis>true</basis><nameausfuehrlich>Rechnen  (B)</nameausfuehrlich><wert>3</wert><probe>KL/KL/IN</probe><probenwerte>13/13/11</probenwerte><nameausfuehrlichmitprobe>Rechnen  (B)(KL/KL/IN)</nameausfuehrlichmitprobe><behinderung></behinderung><mirakelplus>false</mirakelplus><mirakelminus>false</mirakelminus><metatalent>false</metatalent><bereich>Wissen</bereich><komplexität>B</komplexität><lernkomplexität>B</lernkomplexität><spezialisierungen></spezialisierungen></talent><talent><name>Rechtskunde</name><meisterhandwerk>false</meisterhandwerk><leittalent>false</leittalent><basis>false</basis><nameausfuehrlich>Rechtskunde</nameausfuehrlich><wert>2</wert><probe>KL/KL/IN</probe><probenwerte>13/13/11</probenwerte><nameausfuehrlichmitprobe>Rechtskunde (KL/KL/IN)</nameausfuehrlichmitprobe><behinderung></behinderung><mirakelplus>false</mirakelplus><mirakelminus>false</mirakelminus><metatalent>false</metatalent><bereich>Wissen</bereich><komplexität>B</komplexität><lernkomplexität>B</lernkomplexität><spezialisierungen></spezialisierungen></talent><talent><name>Sagen und Legenden</name><meisterhandwerk>false</meisterhandwerk><leittalent>false</leittalent><basis>true</basis><nameausfuehrlich>Sagen und Legenden  (B)</nameausfuehrlich><wert>4</wert><probe>KL/IN/CH</probe><probenwerte>13/11/11</probenwerte><nameausfuehrlichmitprobe>Sagen und Legenden  (B)(KL/IN/CH)</nameausfuehrlichmitprobe><behinderung></behinderung><mirakelplus>false</mirakelplus><mirakelminus>false</mirakelminus><metatalent>false</metatalent><bereich>Wissen</bereich><komplexität>B</komplexität><lernkomplexität>B</lernkomplexität><spezialisierungen></spezialisierungen></talent><talent><name>Sternkunde</name><meisterhandwerk>false</meisterhandwerk><leittalent>false</leittalent><basis>false</basis><nameausfuehrlich>Sternkunde</nameausfuehrlich><wert>8</wert><probe>KL/KL/IN</probe><probenwerte>13/13/11</probenwerte><nameausfuehrlichmitprobe>Sternkunde (KL/KL/IN)</nameausfuehrlichmitprobe><behinderung></behinderung><mirakelplus>false</mirakelplus><mirakelminus>false</mirakelminus><metatalent>false</metatalent><bereich>Wissen</bereich><komplexität>B</komplexität><lernkomplexität>B</lernkomplexität><spezialisierungen></spezialisierungen></talent><talent><name>Tierkunde</name><meisterhandwerk>false</meisterhandwerk><leittalent>false</leittalent><basis>false</basis><nameausfuehrlich>Tierkunde</nameausfuehrlich><wert>3</wert><probe>MU/KL/IN</probe><probenwerte>13/13/11</probenwerte><nameausfuehrlichmitprobe>Tierkunde (MU/KL/IN)</nameausfuehrlichmitprobe><behinderung></behinderung><mirakelplus>false</mirakelplus><mirakelminus>false</mirakelminus><metatalent>false</metatalent><bereich>Wissen</bereich><komplexität>B</komplexität><lernkomplexität>B</lernkomplexität><spezialisierungen></spezialisierungen></talent><talent><name>Garethi</name><meisterhandwerk>false</meisterhandwerk><leittalent>false</leittalent><basis>false</basis><nameausfuehrlich>Garethi</nameausfuehrlich><wert>11</wert><probe>KL/IN/CH</probe><probenwerte>13/11/11</probenwerte><nameausfuehrlichmitprobe>Garethi (KL/IN/CH)</nameausfuehrlichmitprobe><sprachkomplexität>18</sprachkomplexität><muttersprache>true</muttersprache><behinderung></behinderung><mirakelplus>false</mirakelplus><mirakelminus>false</mirakelminus><metatalent>false</metatalent><bereich>Sprachen</bereich><komplexität>A</komplexität><lernkomplexität>A</lernkomplexität><spezialisierungen></spezialisierungen></talent><talent><name>Rogolan</name><meisterhandwerk>false</meisterhandwerk><leittalent>false</leittalent><basis>false</basis><nameausfuehrlich>Rogolan</nameausfuehrlich><wert>4</wert><probe>KL/IN/CH</probe><probenwerte>13/11/11</probenwerte><nameausfuehrlichmitprobe>Rogolan (KL/IN/CH)</nameausfuehrlichmitprobe><sprachkomplexität>21</sprachkomplexität><behinderung></behinderung><mirakelplus>false</mirakelplus><mirakelminus>false</mirakelminus><metatalent>false</metatalent><bereich>Sprachen</bereich><komplexität>A</komplexität><lernkomplexität>B</lernkomplexität><spezialisierungen></spezialisierungen></talent><talent><name>Thorwalsch</name><meisterhandwerk>false</meisterhandwerk><leittalent>false</leittalent><basis>false</basis><nameausfuehrlich>Thorwalsch</nameausfuehrlich><wert>3</wert><probe>KL/IN/CH</probe><probenwerte>13/11/11</probenwerte><nameausfuehrlichmitprobe>Thorwalsch (KL/IN/CH)</nameausfuehrlichmitprobe><sprachkomplexität>18</sprachkomplexität><behinderung></behinderung><mirakelplus>false</mirakelplus><mirakelminus>false</mirakelminus><metatalent>false</metatalent><bereich>Sprachen</bereich><komplexität>A</komplexität><lernkomplexität>A</lernkomplexität><spezialisierungen></spezialisierungen></talent><talent><name>L/S Kusliker Zeichen</name><meisterhandwerk>false</meisterhandwerk><leittalent>false</leittalent><basis>false</basis><nameausfuehrlich>L/S Kusliker Zeichen</nameausfuehrlich><wert>4</wert><probe>KL/KL/FF</probe><probenwerte>13/13/8</probenwerte><nameausfuehrlichmitprobe>L/S Kusliker Zeichen (KL/KL/FF)</nameausfuehrlichmitprobe><sprachkomplexität>10</sprachkomplexität><schriftmuttersprache>true</schriftmuttersprache><behinderung></behinderung><mirakelplus>false</mirakelplus><mirakelminus>false</mirakelminus><metatalent>false</metatalent><bereich>Schriften</bereich><komplexität>A</komplexität><lernkomplexität>A</lernkomplexität><spezialisierungen></spezialisierungen></talent><talent><name>Ackerbau</name><meisterhandwerk>false</meisterhandwerk><leittalent>false</leittalent><basis>false</basis><nameausfuehrlich>Ackerbau</nameausfuehrlich><wert>1</wert><probe>IN/FF/KO</probe><probenwerte>11/8/8</probenwerte><nameausfuehrlichmitprobe>Ackerbau (IN/FF/KO)</nameausfuehrlichmitprobe><behinderung></behinderung><mirakelplus>false</mirakelplus><mirakelminus>false</mirakelminus><metatalent>false</metatalent><bereich>Handwerk</bereich><komplexität>B</komplexität><lernkomplexität>B</lernkomplexität><spezialisierungen></spezialisierungen></talent><talent><name>Feuersteinbearbeitung</name><meisterhandwerk>false</meisterhandwerk><leittalent>false</leittalent><basis>false</basis><nameausfuehrlich>Feuersteinbearbeitung</nameausfuehrlich><wert>5</wert><probe>KL/FF/FF</probe><probenwerte>13/8/8</probenwerte><nameausfuehrlichmitprobe>Feuersteinbearbeitung (KL/FF/FF)</nameausfuehrlichmitprobe><behinderung></behinderung><mirakelplus>false</mirakelplus><mirakelminus>false</mirakelminus><metatalent>false</metatalent><bereich>Handwerk</bereich><komplexität>B</komplexität><lernkomplexität>B</lernkomplexität><spezialisierungen></spezialisierungen></talent><talent><name>Heilkunde: Krankheiten</name><meisterhandwerk>false</meisterhandwerk><leittalent>false</leittalent><basis>false</basis><nameausfuehrlich>Heilkunde: Krankheiten</nameausfuehrlich><wert>3</wert><probe>MU/KL/CH</probe><probenwerte>13/13/11</probenwerte><nameausfuehrlichmitprobe>Heilkunde: Krankheiten (MU/KL/CH)</nameausfuehrlichmitprobe><behinderung></behinderung><mirakelplus>false</mirakelplus><mirakelminus>false</mirakelminus><metatalent>false</metatalent><bereich>Handwerk</bereich><komplexität>B</komplexität><lernkomplexität>B</lernkomplexität><spezialisierungen></spezialisierungen></talent><talent><name>Heilkunde: Wunden</name><meisterhandwerk>false</meisterhandwerk><leittalent>false</leittalent><basis>true</basis><nameausfuehrlich>Heilkunde: Wunden  (B)</nameausfuehrlich><wert>2</wert><probe>KL/CH/FF</probe><probenwerte>13/11/8</probenwerte><nameausfuehrlichmitprobe>Heilkunde: Wunden  (B)(KL/CH/FF)</nameausfuehrlichmitprobe><behinderung></behinderung><mirakelplus>false</mirakelplus><mirakelminus>false</mirakelminus><metatalent>false</metatalent><bereich>Handwerk</bereich><komplexität>B</komplexität><lernkomplexität>B</lernkomplexität><spezialisierungen></spezialisierungen></talent><talent><name>Holzbearbeitung</name><meisterhandwerk>false</meisterhandwerk><leittalent>false</leittalent><basis>true</basis><nameausfuehrlich>Holzbearbeitung  (B)</nameausfuehrlich><wert>3</wert><probe>KL/FF/KK</probe><probenwerte>13/8/8</probenwerte><nameausfuehrlichmitprobe>Holzbearbeitung  (B)(KL/FF/KK)</nameausfuehrlichmitprobe><behinderung></behinderung><mirakelplus>false</mirakelplus><mirakelminus>false</mirakelminus><metatalent>false</metatalent><bereich>Handwerk</bereich><komplexität>B</komplexität><lernkomplexität>B</lernkomplexität><spezialisierungen></spezialisierungen></talent><talent><name>Kochen</name><meisterhandwerk>false</meisterhandwerk><leittalent>false</leittalent><basis>true</basis><nameausfuehrlich>Kochen  (B)</nameausfuehrlich><wert>2</wert><probe>KL/IN/FF</probe><probenwerte>13/11/8</probenwerte><nameausfuehrlichmitprobe>Kochen  (B)(KL/IN/FF)</nameausfuehrlichmitprobe><behinderung></behinderung><mirakelplus>false</mirakelplus><mirakelminus>false</mirakelminus><metatalent>false</metatalent><bereich>Handwerk</bereich><komplexität>B</komplexität><lernkomplexität>B</lernkomplexität><spezialisierungen></spezialisierungen></talent><talent><name>Lederarbeiten</name><meisterhandwerk>false</meisterhandwerk><leittalent>false</leittalent><basis>true</basis><nameausfuehrlich>Lederarbeiten  (B)</nameausfuehrlich><wert>1</wert><probe>KL/FF/FF</probe><probenwerte>13/8/8</probenwerte><nameausfuehrlichmitprobe>Lederarbeiten  (B)(KL/FF/FF)</nameausfuehrlichmitprobe><behinderung></behinderung><mirakelplus>false</mirakelplus><mirakelminus>false</mirakelminus><metatalent>false</metatalent><bereich>Handwerk</bereich><komplexität>B</komplexität><lernkomplexität>B</lernkomplexität><spezialisierungen></spezialisierungen></talent><talent><name>Malen/Zeichnen</name><meisterhandwerk>false</meisterhandwerk><leittalent>false</leittalent><basis>true</basis><nameausfuehrlich>Malen/Zeichnen  (B)</nameausfuehrlich><wert>0</wert><probe>KL/IN/FF</probe><probenwerte>13/11/8</probenwerte><nameausfuehrlichmitprobe>Malen/Zeichnen  (B)(KL/IN/FF)</nameausfuehrlichmitprobe><behinderung></behinderung><mirakelplus>false</mirakelplus><mirakelminus>false</mirakelminus><metatalent>false</metatalent><bereich>Handwerk</bereich><komplexität>B</komplexität><lernkomplexität>B</lernkomplexität><spezialisierungen></spezialisierungen></talent><talent><name>Schneidern</name><meisterhandwerk>false</meisterhandwerk><leittalent>false</leittalent><basis>true</basis><nameausfuehrlich>Schneidern  (B)</nameausfuehrlich><wert>1</wert><probe>KL/FF/FF</probe><probenwerte>13/8/8</probenwerte><nameausfuehrlichmitprobe>Schneidern  (B)(KL/FF/FF)</nameausfuehrlichmitprobe><behinderung></behinderung><mirakelplus>false</mirakelplus><mirakelminus>false</mirakelminus><metatalent>false</metatalent><bereich>Handwerk</bereich><komplexität>B</komplexität><lernkomplexität>B</lernkomplexität><spezialisierungen></spezialisierungen></talent><talent><name>Geräuschhexerei</name><meisterhandwerk>false</meisterhandwerk><leittalent>false</leittalent><basis>false</basis><nameausfuehrlich>Geräuschhexerei</nameausfuehrlich><wert>3</wert><probe>IN/CH/KO</probe><probenwerte>11/11/8</probenwerte><nameausfuehrlichmitprobe>Geräuschhexerei (IN/CH/KO)</nameausfuehrlichmitprobe><behinderung></behinderung><mirakelplus>false</mirakelplus><mirakelminus>false</mirakelminus><metatalent>false</metatalent><bereich>Gaben</bereich><komplexität>F</komplexität><lernkomplexität>F</lernkomplexität><spezialisierungen></spezialisierungen></talent><talent><name>Druide</name><meisterhandwerk>false</meisterhandwerk><leittalent>false</leittalent><basis>false</basis><nameausfuehrlich>Druide</nameausfuehrlich><wert>4</wert><probe>--/--/--</probe><probenwerte>1000/1000/1000</probenwerte><nameausfuehrlichmitprobe>Druide (--/--/--)</nameausfuehrlichmitprobe><behinderung></behinderung><mirakelplus>false</mirakelplus><mirakelminus>false</mirakelminus><metatalent>false</metatalent><bereich>Ritualkenntnis</bereich><komplexität>E</komplexität><lernkomplexität>E</lernkomplexität><spezialisierungen></spezialisierungen></talent></talentliste><zauberliste><zauber><name>Abvenenum reine Speise</name><variante></variante><namemitvariante>Abvenenum reine Speise</namemitvariante><nameausfuehrlich>Abvenenum reine Speise</nameausfuehrlich><wert>0</wert><spezialisierungen></spezialisierungen><probe>KL/KL/FF</probe><probenwerte>13/13/8</probenwerte><bereich>Zauber</bereich><komplexität>C</komplexität><lernkomplexität>C</lernkomplexität><hauszauber>false</hauszauber><hauszauberformatiert> </hauszauberformatiert><repräsentation>Druide</repräsentation><merkmale>Objk</merkmale><zauberdauer></zauberdauer><kosten></kosten><reichweite></reichweite><wirkungsdauer></wirkungsdauer><anmerkung></anmerkung><quelle buch="LCD" seite="11">LCD: 11</quelle><kontrollwert></kontrollwert><mr>+Mod</mr></zauber><zauber><name>Attributo</name><variante></variante><namemitvariante>Attributo</namemitvariante><nameausfuehrlich>Attributo</nameausfuehrlich><wert>2</wert><spezialisierungen></spezialisierungen><probe>KL/CH/**</probe><probenwerte>13/11/0</probenwerte><bereich>Zauber</bereich><komplexität>B</komplexität><lernkomplexität>B</lernkomplexität><hauszauber>false</hauszauber><hauszauberformatiert> </hauszauberformatiert><repräsentation>Druide</repräsentation><merkmale>Eign</merkmale><zauberdauer></zauberdauer><kosten></kosten><reichweite></reichweite><wirkungsdauer></wirkungsdauer><anmerkung></anmerkung><quelle buch="LCD" seite="30">LCD: 30</quelle><kontrollwert></kontrollwert><mr></mr></zauber><zauber><name>Blick durch fremde Augen</name><variante></variante><namemitvariante>Blick durch fremde Augen</namemitvariante><nameausfuehrlich>Blick durch fremde Augen</nameausfuehrlich><wert>2</wert><spezialisierungen></spezialisierungen><probe>MU/IN/CH</probe><probenwerte>13/11/11</probenwerte><bereich>Zauber</bereich><komplexität>E</komplexität><lernkomplexität>E</lernkomplexität><hauszauber>false</hauszauber><hauszauberformatiert> </hauszauberformatiert><repräsentation>Druide</repräsentation><merkmale>Hell, Vers</merkmale><zauberdauer></zauberdauer><kosten></kosten><reichweite></reichweite><wirkungsdauer></wirkungsdauer><anmerkung></anmerkung><quelle buch="LCD" seite="46">LCD: 46</quelle><kontrollwert></kontrollwert><mr>+MR</mr></zauber><zauber><name>Böser Blick</name><variante></variante><namemitvariante>Böser Blick</namemitvariante><nameausfuehrlich>Böser Blick</nameausfuehrlich><wert>7</wert><spezialisierungen></spezialisierungen><probe>MU/CH/CH</probe><probenwerte>13/11/11</probenwerte><bereich>Zauber</bereich><komplexität>C</komplexität><lernkomplexität>A</lernkomplexität><hauszauber>true</hauszauber><hauszauberformatiert>X</hauszauberformatiert><repräsentation>Druide</repräsentation><merkmale>Einfl</merkmale><zauberdauer></zauberdauer><kosten></kosten><reichweite></reichweite><wirkungsdauer></wirkungsdauer><anmerkung></anmerkung><quelle buch="LCD" seite="50">LCD: 50</quelle><kontrollwert></kontrollwert><mr>+MR</mr></zauber><zauber><name>Einfluss bannen</name><variante></variante><namemitvariante>Einfluss bannen</namemitvariante><nameausfuehrlich>Einfluss bannen</nameausfuehrlich><wert>4</wert><spezialisierungen></spezialisierungen><probe>IN/CH/CH</probe><probenwerte>11/11/11</probenwerte><bereich>Zauber</bereich><komplexität>B</komplexität><lernkomplexität>A+</lernkomplexität><hauszauber>true</hauszauber><hauszauberformatiert>X</hauszauberformatiert><repräsentation>Druide</repräsentation><merkmale>Anti, Einfl</merkmale><zauberdauer></zauberdauer><kosten></kosten><reichweite></reichweite><wirkungsdauer></wirkungsdauer><anmerkung></anmerkung><quelle buch="LCD" seite="75">LCD: 75</quelle><kontrollwert></kontrollwert><mr>+Mod</mr></zauber><zauber><name>Eisenrost und Patina</name><variante></variante><namemitvariante>Eisenrost und Patina</namemitvariante><nameausfuehrlich>Eisenrost und Patina</nameausfuehrlich><wert>2</wert><spezialisierungen></spezialisierungen><probe>KL/CH/GE</probe><probenwerte>13/11/9</probenwerte><bereich>Zauber</bereich><komplexität>C</komplexität><lernkomplexität>C</lernkomplexität><hauszauber>false</hauszauber><hauszauberformatiert> </hauszauberformatiert><repräsentation>Druide</repräsentation><merkmale>Objk, Temp</merkmale><zauberdauer></zauberdauer><kosten></kosten><reichweite></reichweite><wirkungsdauer></wirkungsdauer><anmerkung></anmerkung><quelle buch="LCD" seite="77">LCD: 77</quelle><kontrollwert></kontrollwert><mr></mr></zauber><zauber><name>Große Verwirrung</name><variante></variante><namemitvariante>Große Verwirrung</namemitvariante><nameausfuehrlich>Große Verwirrung</nameausfuehrlich><wert>5</wert><spezialisierungen></spezialisierungen><probe>KL/KL/CH</probe><probenwerte>13/13/11</probenwerte><bereich>Zauber</bereich><komplexität>C</komplexität><lernkomplexität>B</lernkomplexität><hauszauber>true</hauszauber><hauszauberformatiert>X</hauszauberformatiert><repräsentation>Druide</repräsentation><merkmale>Eign</merkmale><zauberdauer></zauberdauer><kosten></kosten><reichweite></reichweite><wirkungsdauer></wirkungsdauer><anmerkung></anmerkung><quelle buch="LCD" seite="101">LCD: 101</quelle><kontrollwert></kontrollwert><mr>+MR</mr></zauber><zauber><name>Halluzination</name><variante></variante><namemitvariante>Halluzination</namemitvariante><nameausfuehrlich>Halluzination</nameausfuehrlich><wert>6</wert><spezialisierungen></spezialisierungen><probe>KL/IN/CH</probe><probenwerte>13/11/11</probenwerte><bereich>Zauber</bereich><komplexität>C</komplexität><lernkomplexität>A</lernkomplexität><hauszauber>true</hauszauber><hauszauberformatiert>X</hauszauberformatiert><repräsentation>Druide</repräsentation><merkmale>Herr</merkmale><zauberdauer></zauberdauer><kosten></kosten><reichweite></reichweite><wirkungsdauer></wirkungsdauer><anmerkung></anmerkung><quelle buch="LCD" seite="102">LCD: 102</quelle><kontrollwert></kontrollwert><mr>+MR</mr></zauber><zauber><name>Harmlose Gestalt</name><variante></variante><namemitvariante>Harmlose Gestalt</namemitvariante><nameausfuehrlich>Harmlose Gestalt</nameausfuehrlich><wert>4</wert><spezialisierungen></spezialisierungen><probe>KL/CH/GE</probe><probenwerte>13/11/9</probenwerte><bereich>Zauber</bereich><komplexität>C</komplexität><lernkomplexität>B</lernkomplexität><hauszauber>false</hauszauber><hauszauberformatiert> </hauszauberformatiert><repräsentation>Druide</repräsentation><merkmale>Einfl, Illu</merkmale><zauberdauer></zauberdauer><kosten></kosten><reichweite></reichweite><wirkungsdauer></wirkungsdauer><anmerkung></anmerkung><quelle buch="LCD" seite="103">LCD: 103</quelle><kontrollwert></kontrollwert><mr></mr></zauber><zauber><name>Hellsicht trüben</name><variante></variante><namemitvariante>Hellsicht trüben</namemitvariante><nameausfuehrlich>Hellsicht trüben</nameausfuehrlich><wert>7</wert><spezialisierungen></spezialisierungen><probe>KL/IN/CH</probe><probenwerte>13/11/11</probenwerte><bereich>Zauber</bereich><komplexität>C</komplexität><lernkomplexität>B</lernkomplexität><hauszauber>true</hauszauber><hauszauberformatiert>X</hauszauberformatiert><repräsentation>Druide</repräsentation><merkmale>Anti, Hell</merkmale><zauberdauer></zauberdauer><kosten></kosten><reichweite></reichweite><wirkungsdauer></wirkungsdauer><anmerkung></anmerkung><quelle buch="LCD" seite="108">LCD: 108</quelle><kontrollwert></kontrollwert><mr>+MR</mr></zauber><zauber><name>Magischer Raub</name><variante></variante><namemitvariante>Magischer Raub</namemitvariante><nameausfuehrlich>Magischer Raub</nameausfuehrlich><wert>4</wert><spezialisierungen></spezialisierungen><probe>MU/KL/KO</probe><probenwerte>13/13/8</probenwerte><bereich>Zauber</bereich><komplexität>D</komplexität><lernkomplexität>C</lernkomplexität><hauszauber>true</hauszauber><hauszauberformatiert>X</hauszauberformatiert><repräsentation>Druide</repräsentation><merkmale>Krft, Vers</merkmale><zauberdauer></zauberdauer><kosten></kosten><reichweite></reichweite><wirkungsdauer></wirkungsdauer><anmerkung></anmerkung><quelle buch="LCD" seite="171">LCD: 171</quelle><kontrollwert></kontrollwert><mr>+MR</mr></zauber><zauber><name>Nebelleib</name><variante></variante><namemitvariante>Nebelleib</namemitvariante><nameausfuehrlich>Nebelleib</nameausfuehrlich><wert>5</wert><spezialisierungen></spezialisierungen><probe>MU/IN/KO</probe><probenwerte>13/11/8</probenwerte><bereich>Zauber</bereich><komplexität>D</komplexität><lernkomplexität>C</lernkomplexität><hauszauber>true</hauszauber><hauszauberformatiert>X</hauszauberformatiert><repräsentation>Druide</repräsentation><merkmale>Elem (Luf), Elem (Was), Form</merkmale><zauberdauer></zauberdauer><kosten></kosten><reichweite></reichweite><wirkungsdauer></wirkungsdauer><anmerkung></anmerkung><quelle buch="LCD" seite="186">LCD: 186</quelle><kontrollwert></kontrollwert><mr></mr></zauber><zauber><name>Objectovoco</name><variante></variante><namemitvariante>Objectovoco</namemitvariante><nameausfuehrlich>Objectovoco</nameausfuehrlich><wert>1</wert><spezialisierungen></spezialisierungen><probe>KL/IN/CH</probe><probenwerte>13/11/11</probenwerte><bereich>Zauber</bereich><komplexität>C</komplexität><lernkomplexität>C</lernkomplexität><hauszauber>false</hauszauber><hauszauberformatiert> </hauszauberformatiert><repräsentation>Druide</repräsentation><merkmale>Vers</merkmale><zauberdauer></zauberdauer><kosten></kosten><reichweite></reichweite><wirkungsdauer></wirkungsdauer><anmerkung></anmerkung><quelle buch="LCD" seite="193">LCD: 193</quelle><kontrollwert></kontrollwert><mr></mr></zauber><zauber><name>Odem Arcanum</name><variante></variante><namemitvariante>Odem Arcanum</namemitvariante><nameausfuehrlich>Odem Arcanum</nameausfuehrlich><wert>4</wert><spezialisierungen></spezialisierungen><probe>KL/IN/IN</probe><probenwerte>13/11/11</probenwerte><bereich>Zauber</bereich><komplexität>A</komplexität><lernkomplexität>A</lernkomplexität><hauszauber>false</hauszauber><hauszauberformatiert> </hauszauberformatiert><repräsentation>Druide</repräsentation><merkmale>Hell, Krft</merkmale><zauberdauer></zauberdauer><kosten></kosten><reichweite></reichweite><wirkungsdauer></wirkungsdauer><anmerkung></anmerkung><quelle buch="LCD" seite="197">LCD: 197</quelle><kontrollwert></kontrollwert><mr>+Mod</mr></zauber><zauber><name>Respondami</name><variante></variante><namemitvariante>Respondami</namemitvariante><nameausfuehrlich>Respondami</nameausfuehrlich><wert>3</wert><spezialisierungen></spezialisierungen><probe>MU/IN/CH</probe><probenwerte>13/11/11</probenwerte><bereich>Zauber</bereich><komplexität>B</komplexität><lernkomplexität>A</lernkomplexität><hauszauber>false</hauszauber><hauszauberformatiert> </hauszauberformatiert><repräsentation>Druide</repräsentation><merkmale>Herr</merkmale><zauberdauer></zauberdauer><kosten></kosten><reichweite></reichweite><wirkungsdauer></wirkungsdauer><anmerkung></anmerkung><quelle buch="LCD" seite="218">LCD: 218</quelle><kontrollwert></kontrollwert><mr>+MR</mr></zauber><zauber><name>Sensibar Empathicus</name><variante></variante><namemitvariante>Sensibar Empathicus</namemitvariante><nameausfuehrlich>Sensibar Empathicus</nameausfuehrlich><wert>2</wert><spezialisierungen></spezialisierungen><probe>KL/IN/CH</probe><probenwerte>13/11/11</probenwerte><bereich>Zauber</bereich><komplexität>C</komplexität><lernkomplexität>C</lernkomplexität><hauszauber>false</hauszauber><hauszauberformatiert> </hauszauberformatiert><repräsentation>Druide</repräsentation><merkmale>Hell</merkmale><zauberdauer></zauberdauer><kosten></kosten><reichweite></reichweite><wirkungsdauer></wirkungsdauer><anmerkung></anmerkung><quelle buch="LCD" seite="239">LCD: 239</quelle><kontrollwert></kontrollwert><mr>+MR</mr></zauber><zauber><name>Zunge lähmen</name><variante></variante><namemitvariante>Zunge lähmen</namemitvariante><nameausfuehrlich>Zunge lähmen</nameausfuehrlich><wert>2</wert><spezialisierungen></spezialisierungen><probe>MU/CH/FF</probe><probenwerte>13/11/8</probenwerte><bereich>Zauber</bereich><komplexität>B</komplexität><lernkomplexität>B</lernkomplexität><hauszauber>false</hauszauber><hauszauberformatiert> </hauszauberformatiert><repräsentation>Druide</repräsentation><merkmale>Eign</merkmale><zauberdauer></zauberdauer><kosten></kosten><reichweite></reichweite><wirkungsdauer></wirkungsdauer><anmerkung></anmerkung><quelle buch="LCD" seite="297">LCD: 297</quelle><kontrollwert></kontrollwert><mr>+MR</mr></zauber><zauber><name>Zwingtanz</name><variante></variante><namemitvariante>Zwingtanz</namemitvariante><nameausfuehrlich>Zwingtanz</nameausfuehrlich><wert>1</wert><spezialisierungen></spezialisierungen><probe>MU/KL/CH</probe><probenwerte>13/13/11</probenwerte><bereich>Zauber</bereich><komplexität>D</komplexität><lernkomplexität>C</lernkomplexität><hauszauber>false</hauszauber><hauszauberformatiert> </hauszauberformatiert><repräsentation>Druide</repräsentation><merkmale>Herr</merkmale><zauberdauer></zauberdauer><kosten></kosten><reichweite></reichweite><wirkungsdauer></wirkungsdauer><anmerkung></anmerkung><quelle buch="LCD" seite="298">LCD: 298</quelle><kontrollwert></kontrollwert><mr>+MR</mr></zauber></zauberliste><gegenstaende/><verbindungen/><kampfsets><kampfset inbenutzung="false" nr="1" tzm="true" defaultrsmodel="true"><raufen><at>6</at><pa>6</pa><tp>1W+0</tp></raufen><ringen><at>6</at><pa>6</pa><tp>1W+0</tp></ringen><ausweichen>6</ausweichen><ausweichenausweichenmod>0</ausweichenausweichenmod><ausweichenakrobatikmod>0</ausweichenakrobatikmod><ausweichenmod>0</ausweichenmod><geschwindigkeitinklbe>7</geschwindigkeitinklbe><ini>9</ini><ruestungzonen><kopf>0</kopf><brust>0</brust><ruecken>0</ruecken><gesamt>0</gesamt><bauch>0</bauch><linkerarm>0</linkerarm><rechterarm>0</rechterarm><linkesbein>0</linkesbein><rechtesbein>0</rechtesbein><gesamtschutz>0</gesamtschutz><gesamtzonenschutz>0</gesamtzonenschutz><behinderung>0</behinderung></ruestungzonen><nahkampfwaffen inbenutzung="false"/><fernkampfwaffen inbenutzung="false"/><schilder inbenutzung="false"/><ruestungen inbenutzung="false"/></kampfset><kampfset inbenutzung="false" nr="1" tzm="false" defaultrsmodel="false"><raufen><at>6</at><pa>6</pa><tp>1W+0</tp></raufen><ringen><at>6</at><pa>6</pa><tp>1W+0</tp></ringen><ausweichen>6</ausweichen><ausweichenausweichenmod>0</ausweichenausweichenmod><ausweichenakrobatikmod>0</ausweichenakrobatikmod><ausweichenmod>0</ausweichenmod><geschwindigkeitinklbe>7</geschwindigkeitinklbe><ini>9</ini><ruestungeinfach><gesamt>0</gesamt><behinderung>0</behinderung></ruestungeinfach><nahkampfwaffen inbenutzung="false"/><fernkampfwaffen inbenutzung="false"/><schilder inbenutzung="false"/><ruestungen inbenutzung="false"/></kampfset><kampfset inbenutzung="false" nr="2" tzm="true" defaultrsmodel="true"><raufen><at>6</at><pa>6</pa><tp>1W+0</tp></raufen><ringen><at>6</at><pa>6</pa><tp>1W+0</tp></ringen><ausweichen>6</ausweichen><ausweichenausweichenmod>0</ausweichenausweichenmod><ausweichenakrobatikmod>0</ausweichenakrobatikmod><ausweichenmod>0</ausweichenmod><geschwindigkeitinklbe>7</geschwindigkeitinklbe><ini>9</ini><ruestungzonen><kopf>0</kopf><brust>0</brust><ruecken>0</ruecken><gesamt>0</gesamt><bauch>0</bauch><linkerarm>0</linkerarm><rechterarm>0</rechterarm><linkesbein>0</linkesbein><rechtesbein>0</rechtesbein><gesamtschutz>0</gesamtschutz><gesamtzonenschutz>0</gesamtzonenschutz><behinderung>0</behinderung></ruestungzonen><nahkampfwaffen inbenutzung="false"/><fernkampfwaffen inbenutzung="false"/><schilder inbenutzung="false"/><ruestungen inbenutzung="false"/></kampfset><kampfset inbenutzung="false" nr="2" tzm="false" defaultrsmodel="false"><raufen><at>6</at><pa>6</pa><tp>1W+0</tp></raufen><ringen><at>6</at><pa>6</pa><tp>1W+0</tp></ringen><ausweichen>6</ausweichen><ausweichenausweichenmod>0</ausweichenausweichenmod><ausweichenakrobatikmod>0</ausweichenakrobatikmod><ausweichenmod>0</ausweichenmod><geschwindigkeitinklbe>7</geschwindigkeitinklbe><ini>9</ini><ruestungeinfach><gesamt>0</gesamt><behinderung>0</behinderung></ruestungeinfach><nahkampfwaffen inbenutzung="false"/><fernkampfwaffen inbenutzung="false"/><schilder inbenutzung="false"/><ruestungen inbenutzung="false"/></kampfset><kampfset inbenutzung="false" nr="3" tzm="true" defaultrsmodel="true"><raufen><at>6</at><pa>6</pa><tp>1W+0</tp></raufen><ringen><at>6</at><pa>6</pa><tp>1W+0</tp></ringen><ausweichen>6</ausweichen><ausweichenausweichenmod>0</ausweichenausweichenmod><ausweichenakrobatikmod>0</ausweichenakrobatikmod><ausweichenmod>0</ausweichenmod><geschwindigkeitinklbe>7</geschwindigkeitinklbe><ini>9</ini><ruestungzonen><kopf>0</kopf><brust>0</brust><ruecken>0</ruecken><gesamt>0</gesamt><bauch>0</bauch><linkerarm>0</linkerarm><rechterarm>0</rechterarm><linkesbein>0</linkesbein><rechtesbein>0</rechtesbein><gesamtschutz>0</gesamtschutz><gesamtzonenschutz>0</gesamtzonenschutz><behinderung>0</behinderung></ruestungzonen><nahkampfwaffen inbenutzung="false"/><fernkampfwaffen inbenutzung="false"/><schilder inbenutzung="false"/><ruestungen inbenutzung="false"/></kampfset><kampfset inbenutzung="false" nr="3" tzm="false" defaultrsmodel="false"><raufen><at>6</at><pa>6</pa><tp>1W+0</tp></raufen><ringen><at>6</at><pa>6</pa><tp>1W+0</tp></ringen><ausweichen>6</ausweichen><ausweichenausweichenmod>0</ausweichenausweichenmod><ausweichenakrobatikmod>0</ausweichenakrobatikmod><ausweichenmod>0</ausweichenmod><geschwindigkeitinklbe>7</geschwindigkeitinklbe><ini>9</ini><ruestungeinfach><gesamt>0</gesamt><behinderung>0</behinderung></ruestungeinfach><nahkampfwaffen inbenutzung="false"/><fernkampfwaffen inbenutzung="false"/><schilder inbenutzung="false"/><ruestungen inbenutzung="false"/></kampfset></kampfsets><ereignisse><ereignis><aktion>EINSTELLUNG</aktion><alterzustand></alterzustand><ap>0</ap><asp>0</asp><bemerkung></bemerkung><date>22.05.2016 20:07</date><kp>0</kp><kommentar></kommentar><lep>0</lep><neuerzustand></neuerzustand><object>max GP für Helden: 110</object><version>HS 5.5.1</version></ereignis><ereignis><aktion>EINSTELLUNG</aktion><alterzustand></alterzustand><ap>0</ap><asp>0</asp><bemerkung></bemerkung><date>22.05.2016 20:07</date><kp>0</kp><kommentar></kommentar><lep>0</lep><neuerzustand></neuerzustand><object>max Eigenschafts-GP für Helden: 100</object><version>HS 5.5.1</version></ereignis><ereignis><aktion>EINSTELLUNG</aktion><alterzustand></alterzustand><ap>0</ap><asp>0</asp><bemerkung></bemerkung><date>22.05.2016 20:07</date><kp>0</kp><kommentar></kommentar><lep>0</lep><neuerzustand></neuerzustand><object>max Eigenschafts-Wert für Helden: 14</object><version>HS 5.5.1</version></ereignis><ereignis><aktion>Meistergenehmigung notwendig</aktion><alterzustand></alterzustand><ap>0</ap><asp>0</asp><bemerkung></bemerkung><date>22.05.2016 20:07</date><kp>0</kp><kommentar></kommentar><lep>0</lep><neuerzustand></neuerzustand><object>Bei dieser Profession kann es sein, dass der Vorteil Viertelzauberer des Halbelfen nicht mehr genutzt werden darf! (siehe WDH 258)</object><version>HS 5.5.1</version></ereignis><ereignis><aktion>Meistergenehmigung notwendig</aktion><alterzustand></alterzustand><ap>0</ap><asp>0</asp><bemerkung></bemerkung><date>22.05.2016 20:07</date><kp>0</kp><kommentar></kommentar><lep>0</lep><neuerzustand></neuerzustand><object>Wegen doppelter, ersetzter Vor-/Nachteile oder anderen Sonderregeln wurden -2 GP frei. Bitte WDH S.12 bzw. die Anmerkungen bei den jeweiligen RKP beachten.</object><version>HS 5.5.1</version></ereignis><ereignis><aktion>Meistergenehmigung notwendig</aktion><alterzustand></alterzustand><ap>0</ap><asp>0</asp><bemerkung></bemerkung><date>22.05.2016 20:07</date><kp>0</kp><kommentar></kommentar><lep>0</lep><neuerzustand></neuerzustand><object>Eine größere Menge (17) AP wurde nicht genutzt und dem Helden gut geschrieben</object><version>HS 5.5.1</version></ereignis><ereignis><aktion>RKP</aktion><alterzustand>0</alterzustand><ap>0</ap><asp>0</asp><bemerkung></bemerkung><date>22.05.2016 20:07</date><kp>0</kp><kommentar>3 GP</kommentar><lep>0</lep><neuerzustand>0</neuerzustand><object>Rasse: Halbelf: Halbelf, in menschlicher Kultur aufgewachsen</object><version>HS 5.5.1</version></ereignis><ereignis><aktion>RKP</aktion><alterzustand>0</alterzustand><ap>0</ap><asp>0</asp><bemerkung></bemerkung><date>22.05.2016 20:07</date><kp>0</kp><kommentar>2 GP</kommentar><lep>0</lep><neuerzustand>0</neuerzustand><object>Kultur: Mittelländische Städte/Städte mit wichtigem Tempel/Pilgerstätte</object><version>HS 5.5.1</version></ereignis><ereignis><aktion>RKP</aktion><alterzustand>0</alterzustand><ap>0</ap><asp>0</asp><bemerkung></bemerkung><date>22.05.2016 20:07</date><kp>0</kp><kommentar>15 GP</kommentar><lep>0</lep><neuerzustand>0</neuerzustand><object>Profession: Druide: Mehrer der Macht</object><version>HS 5.5.1</version></ereignis><ereignis><aktion>EIGENSCHAFTEN</aktion><alterzustand>0</alterzustand><ap>0</ap><asp>0</asp><bemerkung></bemerkung><date>22.05.2016 20:07</date><kp>0</kp><kommentar>13 GP</kommentar><lep>0</lep><neuerzustand>13</neuerzustand><object>Mut: 13</object><version>HS 5.5.1</version></ereignis><ereignis><aktion>EIGENSCHAFTEN</aktion><alterzustand>0</alterzustand><ap>0</ap><asp>0</asp><bemerkung></bemerkung><date>22.05.2016 20:07</date><kp>0</kp><kommentar>13 GP</kommentar><lep>0</lep><neuerzustand>13</neuerzustand><object>Klugheit: 13</object><version>HS 5.5.1</version></ereignis><ereignis><aktion>EIGENSCHAFTEN</aktion><alterzustand>0</alterzustand><ap>0</ap><asp>0</asp><bemerkung></bemerkung><date>22.05.2016 20:07</date><kp>0</kp><kommentar>11 GP</kommentar><lep>0</lep><neuerzustand>11</neuerzustand><object>Intuition: 11</object><version>HS 5.5.1</version></ereignis><ereignis><aktion>EIGENSCHAFTEN</aktion><alterzustand>0</alterzustand><ap>0</ap><asp>0</asp><bemerkung></bemerkung><date>22.05.2016 20:07</date><kp>0</kp><kommentar>11 GP</kommentar><lep>0</lep><neuerzustand>11</neuerzustand><object>Charisma: 11</object><version>HS 5.5.1</version></ereignis><ereignis><aktion>EIGENSCHAFTEN</aktion><alterzustand>0</alterzustand><ap>0</ap><asp>0</asp><bemerkung></bemerkung><date>22.05.2016 20:07</date><kp>0</kp><kommentar>8 GP</kommentar><lep>0</lep><neuerzustand>8</neuerzustand><object>Fingerfertigkeit: 8</object><version>HS 5.5.1</version></ereignis><ereignis><aktion>EIGENSCHAFTEN</aktion><alterzustand>0</alterzustand><ap>0</ap><asp>0</asp><bemerkung></bemerkung><date>22.05.2016 20:07</date><kp>0</kp><kommentar>8 GP</kommentar><lep>0</lep><neuerzustand>9</neuerzustand><object>Gewandtheit: 9</object><version>HS 5.5.1</version></ereignis><ereignis><aktion>EIGENSCHAFTEN</aktion><alterzustand>0</alterzustand><ap>0</ap><asp>0</asp><bemerkung></bemerkung><date>22.05.2016 20:07</date><kp>0</kp><kommentar>8 GP</kommentar><lep>0</lep><neuerzustand>8</neuerzustand><object>Konstitution: 8</object><version>HS 5.5.1</version></ereignis><ereignis><aktion>EIGENSCHAFTEN</aktion><alterzustand>0</alterzustand><ap>0</ap><asp>0</asp><bemerkung></bemerkung><date>22.05.2016 20:07</date><kp>0</kp><kommentar>9 GP</kommentar><lep>0</lep><neuerzustand>8</neuerzustand><object>Körperkraft: 8</object><version>HS 5.5.1</version></ereignis><ereignis><aktion>EIGENSCHAFTEN</aktion><alterzustand>0</alterzustand><ap>0</ap><asp>0</asp><bemerkung></bemerkung><date>22.05.2016 20:07</date><kp>0</kp><kommentar>0 GP</kommentar><lep>0</lep><neuerzustand>3</neuerzustand><object>Sozialstatus: 3</object><version>HS 5.5.1</version></ereignis><ereignis><aktion>TALENT</aktion><alterzustand>0</alterzustand><ap>0</ap><asp>0</asp><bemerkung></bemerkung><date>22.05.2016 20:07</date><kp>0</kp><kommentar>17 AP</kommentar><lep>0</lep><neuerzustand>4</neuerzustand><object>Dolche: 4</object><version>HS 5.5.1</version></ereignis><ereignis><aktion>TALENT</aktion><alterzustand>0</alterzustand><ap>0</ap><asp>0</asp><bemerkung></bemerkung><date>22.05.2016 20:07</date><kp>0</kp><kommentar>2 AP</kommentar><lep>0</lep><neuerzustand>1</neuerzustand><object>Fährtensuchen: 1</object><version>HS 5.5.1</version></ereignis><ereignis><aktion>TALENT</aktion><alterzustand>0</alterzustand><ap>0</ap><asp>0</asp><bemerkung></bemerkung><date>22.05.2016 20:07</date><kp>0</kp><kommentar>4 AP</kommentar><lep>0</lep><neuerzustand>2</neuerzustand><object>Fährtensuchen: 2</object><version>HS 5.5.1</version></ereignis><ereignis><aktion>TALENT</aktion><alterzustand>0</alterzustand><ap>0</ap><asp>0</asp><bemerkung></bemerkung><date>22.05.2016 20:07</date><kp>0</kp><kommentar>2 AP</kommentar><lep>0</lep><neuerzustand>0</neuerzustand><object>Fallen stellen: 0</object><version>HS 5.5.1</version></ereignis><ereignis><aktion>TALENT</aktion><alterzustand>0</alterzustand><ap>0</ap><asp>0</asp><bemerkung></bemerkung><date>22.05.2016 20:07</date><kp>0</kp><kommentar>16 AP</kommentar><lep>0</lep><neuerzustand>4</neuerzustand><object>Ritualkenntnis: Druide: 4</object><version>HS 5.5.1</version></ereignis><ereignis><aktion>ZAUBER</aktion><alterzustand>0</alterzustand><ap>0</ap><asp>0</asp><bemerkung></bemerkung><date>22.05.2016 20:07</date><kp>0</kp><kommentar>2 AP</kommentar><lep>0</lep><neuerzustand>0</neuerzustand><object>Abvenenum reine Speise [Druide]: 0</object><version>HS 5.5.1</version></ereignis><ereignis><aktion>SF</aktion><alterzustand>0</alterzustand><ap>0</ap><asp>0</asp><bemerkung></bemerkung><date>22.05.2016 20:07</date><kp>0</kp><kommentar>75 AP</kommentar><lep>0</lep><neuerzustand>0</neuerzustand><object>Druidisches Dolchritual: Lebenskraft</object><version>HS 5.5.1</version></ereignis><ereignis><aktion>SF</aktion><alterzustand>0</alterzustand><ap>0</ap><asp>0</asp><bemerkung></bemerkung><date>22.05.2016 20:07</date><kp>0</kp><kommentar>19 AP</kommentar><lep>0</lep><neuerzustand>0</neuerzustand><object>Druidisches Dolchritual: Weg</object><version>HS 5.5.1</version></ereignis><ereignis><aktion>SF</aktion><alterzustand>0</alterzustand><ap>0</ap><asp>0</asp><bemerkung></bemerkung><date>22.05.2016 20:07</date><kp>0</kp><kommentar>113 AP</kommentar><lep>0</lep><neuerzustand>0</neuerzustand><object>Druidisches Herrschaftsritual: Kristall der Herrschaft</object><version>HS 5.5.1</version></ereignis><ereignis><aktion>SF</aktion><alterzustand>0</alterzustand><ap>0</ap><asp>0</asp><bemerkung></bemerkung><date>22.05.2016 20:07</date><kp>0</kp><kommentar>113 AP</kommentar><lep>0</lep><neuerzustand>0</neuerzustand><object>Druidisches Herrschaftsritual: Miniatur der Herrschaft</object><version>HS 5.5.1</version></ereignis><ereignis><aktion>SF</aktion><alterzustand>0</alterzustand><ap>0</ap><asp>0</asp><bemerkung></bemerkung><date>22.05.2016 20:07</date><kp>0</kp><kommentar>100 AP</kommentar><lep>0</lep><neuerzustand>0</neuerzustand><object>Merkmalskenntnis: Herrschaft</object><version>HS 5.5.1</version></ereignis><ereignis><aktion>VORTEILE</aktion><alterzustand>0</alterzustand><ap>0</ap><asp>0</asp><bemerkung></bemerkung><date>22.05.2016 20:07</date><kp>0</kp><kommentar>-2 GP</kommentar><lep>0</lep><neuerzustand>0</neuerzustand><object>Doppelter oder ersetzter Vor-/Nachteil: Viertelzauberer</object><version>HS 5.5.1</version></ereignis><ereignis><aktion>VORTEILE</aktion><alterzustand>0</alterzustand><ap>0</ap><asp>0</asp><bemerkung></bemerkung><date>22.05.2016 20:07</date><kp>0</kp><kommentar>2 GP</kommentar><lep>0</lep><neuerzustand>0</neuerzustand><object>Astralmacht: 2</object><version>HS 5.5.1</version></ereignis><ereignis><aktion>VORTEILE</aktion><alterzustand>0</alterzustand><ap>0</ap><asp>0</asp><bemerkung></bemerkung><date>22.05.2016 20:07</date><kp>0</kp><kommentar>3 GP</kommentar><lep>0</lep><neuerzustand>0</neuerzustand><object>Geräuschhexerei</object><version>HS 5.5.1</version></ereignis><ereignis><aktion>VORTEILE</aktion><alterzustand>0</alterzustand><ap>0</ap><asp>0</asp><bemerkung></bemerkung><date>22.05.2016 20:07</date><kp>0</kp><kommentar>0 GP</kommentar><lep>0</lep><neuerzustand>0</neuerzustand><object>Gutaussehend</object><version>HS 5.5.1</version></ereignis><ereignis><aktion>VORTEILE</aktion><alterzustand>0</alterzustand><ap>0</ap><asp>0</asp><bemerkung></bemerkung><date>22.05.2016 20:07</date><kp>0</kp><kommentar>0 GP</kommentar><lep>0</lep><neuerzustand>0</neuerzustand><object>Gutes Gedächtnis</object><version>HS 5.5.1</version></ereignis><ereignis><aktion>VORTEILE</aktion><alterzustand>0</alterzustand><ap>0</ap><asp>0</asp><bemerkung></bemerkung><date>22.05.2016 20:07</date><kp>0</kp><kommentar>10 GP</kommentar><lep>0</lep><neuerzustand>0</neuerzustand><object>Koboldfreund</object><version>HS 5.5.1</version></ereignis><ereignis><aktion>VORTEILE</aktion><alterzustand>0</alterzustand><ap>0</ap><asp>0</asp><bemerkung></bemerkung><date>22.05.2016 20:07</date><kp>0</kp><kommentar>0 GP</kommentar><lep>0</lep><neuerzustand>0</neuerzustand><object>Unverträglichkeit mit verarbeitetem Metall</object><version>HS 5.5.1</version></ereignis><ereignis><aktion>VORTEILE</aktion><alterzustand>0</alterzustand><ap>0</ap><asp>0</asp><bemerkung></bemerkung><date>22.05.2016 20:07</date><kp>0</kp><kommentar>0 GP</kommentar><lep>0</lep><neuerzustand>0</neuerzustand><object>Vollzauberer</object><version>HS 5.5.1</version></ereignis><ereignis><aktion>VORTEILE</aktion><alterzustand>0</alterzustand><ap>0</ap><asp>0</asp><bemerkung></bemerkung><date>22.05.2016 20:07</date><kp>0</kp><kommentar>-4 GP</kommentar><lep>0</lep><neuerzustand>0</neuerzustand><object>Vorurteile gegen: Frauen 8</object><version>HS 5.5.1</version></ereignis><ereignis><aktion>Merkmalskenntnis: Einfluss</aktion><alterzustand></alterzustand><ap>0</ap><asp>0</asp><bemerkung></bemerkung><date>22.05.2016 20:07</date><kp>0</kp><kommentar></kommentar><lep>0</lep><neuerzustand></neuerzustand><object>Auswahl</object><version>HS 5.5.1</version></ereignis><ereignis><aktion>Wurfmesser</aktion><alterzustand></alterzustand><ap>0</ap><asp>0</asp><bemerkung></bemerkung><date>22.05.2016 20:07</date><kp>0</kp><kommentar></kommentar><lep>0</lep><neuerzustand>1</neuerzustand><object>Auswahl</object><version>HS 5.5.1</version></ereignis><ereignis><aktion>Sprachen kennen Rogolan</aktion><alterzustand></alterzustand><ap>0</ap><asp>0</asp><bemerkung></bemerkung><date>22.05.2016 20:07</date><kp>0</kp><kommentar></kommentar><lep>0</lep><neuerzustand>4</neuerzustand><object>Auswahl</object><version>HS 5.5.1</version></ereignis><ereignis><aktion>Sprachen kennen Thorwalsch</aktion><alterzustand></alterzustand><ap>0</ap><asp>0</asp><bemerkung></bemerkung><date>22.05.2016 20:07</date><kp>0</kp><kommentar></kommentar><lep>0</lep><neuerzustand>3</neuerzustand><object>Auswahl</object><version>HS 5.5.1</version></ereignis><ereignis><aktion>Ackerbau</aktion><alterzustand></alterzustand><ap>0</ap><asp>0</asp><bemerkung></bemerkung><date>22.05.2016 20:07</date><kp>0</kp><kommentar></kommentar><lep>0</lep><neuerzustand>1</neuerzustand><object>Auswahl</object><version>HS 5.5.1</version></ereignis><ereignis><aktion>Sternkunde</aktion><alterzustand></alterzustand><ap>0</ap><asp>0</asp><bemerkung></bemerkung><date>22.05.2016 20:07</date><kp>0</kp><kommentar></kommentar><lep>0</lep><neuerzustand>5</neuerzustand><object>Auswahl</object><version>HS 5.5.1</version></ereignis><ereignis><aktion>Einfluss bannen [Druide] [Druide]</aktion><alterzustand></alterzustand><ap>0</ap><asp>0</asp><bemerkung></bemerkung><date>22.05.2016 20:07</date><kp>0</kp><kommentar></kommentar><lep>0</lep><neuerzustand>4</neuerzustand><object>Auswahl</object><version>HS 5.5.1</version></ereignis></ereignisse></daten>