<?xml version="1.0" encoding="UTF-8" standalone="no"?>
<?xml-stylesheet type="text/xsl" href="helden.xsl"?><helden Version="5.5.3">
<held key="1463940433515" name="Rank Grabensalb" stand="1463940433574">
<mods/>
<basis>
<geschlecht name="männlich"/>
<settings name="DSA4.1"/>
<rasse name="helden.model.rasse.Halbelf" string="Halbelf: Halbelf, in menschlicher Kultur aufgewachsen">
<groesse gewicht="69" value="189"/>
<aussehen alter="20" augenfarbe="grün" aussehentext0="" aussehentext1="" aussehentext2="" aussehentext3="" familietext0="" familietext1="" familietext2="" familietext3="" familietext4="" familietext5="" gbjahr="1003" gbmonat="5" gbtag="16" gprest="0" gpstart="110" haarfarbe="braun" kalender="Bosparans Fall" stand="" titel=""/>
<variante name="Halbelf"/>
<variante name="in menschlicher Kultur aufgewachsen"/>
</rasse>
<kultur name="helden.model.kultur.Garetien" string="Mittelländische Städte/Städte mit wichtigem Tempel/Pilgerstätte">
<variante name="Städte mit wichtigem Tempel/Pilgerstätte"/>
</kultur>
<ausbildungen>
<ausbildung art="Hauptprofession" name="helden.model.profession.Druide" string="Druide: Mehrer der Macht" tarnidentitaet="">
<variante name="Mehrer der Macht"/>
</ausbildung>
</ausbildungen>
<verify value="1"/>
<notiz notiz0="Notizen" notiz1="" notiz10="" notiz11="" notiz2="" notiz3="" notiz4="" notiz5="" notiz6="" notiz7="" notiz8="" notiz9=""/>
<portraet value=""/>
<abenteuerpunkte value="480"/>
<freieabenteuerpunkte value="17"/>
</basis>
<eigenschaften>
<eigenschaft mod="0" name="Mut" startwert="13" value="13"/>
<eigenschaft mod="0" name="Klugheit" startwert="13" value="13"/>
<eigenschaft mod="0" name="Intuition" startwert="11" value="11"/>
<eigenschaft mod="0" name="Charisma" startwert="11" value="11"/>
<eigenschaft mod="0" name="Fingerfertigkeit" startwert="8" value="8"/>
<eigenschaft mod="1" name="Gewandtheit" startwert="8" value="8"/>
<eigenschaft mod="0" name="Konstitution" startwert="8" value="8"/>
<eigenschaft mod="-1" name="Körperkraft" startwert="9" value="9"/>
<eigenschaft mod="0" name="Sozialstatus" startwert="3" value="3"/>
<eigenschaft mod="8" name="Lebensenergie" value="0"/>
<eigenschaft mod="10" name="Ausdauer" value="0"/>
<eigenschaft grossemeditation="0" mod="15" mrmod="-2" name="Astralenergie" value="0"/>
<eigenschaft karmalqueste="0" mod="0" name="Karmaenergie" value="0"/>
<eigenschaft mod="-2" name="Magieresistenz" value="0"/>
<eigenschaft mod="0" name="ini" value="9"/>
<eigenschaft mod="0" name="at" value="6"/>
<eigenschaft mod="0" name="pa" value="6"/>
<eigenschaft mod="0" name="fk" value="5"/>
</eigenschaften>
<vt>
<vorteil name="Astralmacht" value="2"/>
<vorteil name="Geräuschhexerei"/>
<vorteil name="Gutaussehend"/>
<vorteil name="Gutes Gedächtnis"/>
<vorteil name="Koboldfreund"/>
<vorteil name="Vollzauberer"/>
<vorteil name="Unverträglichkeit mit verarbeitetem Metall"/>
<vorteil name="Vorurteile gegen">
<auswahl position="0" value="8"/>
<auswahl position="1" value="Frauen"/>
</vorteil>
</vt>
<sf>
<sonderfertigkeit name="Druidenrache"/>
<sonderfertigkeit name="Druidisches Dolchritual: Lebenskraft"/>
<sonderfertigkeit name="Druidisches Dolchritual: Weg"/>
<sonderfertigkeit name="Druidisches Dolchritual: Weihe"/>
<sonderfertigkeit name="Druidisches Herrschaftsritual: Kristall der Herrschaft"/>
<sonderfertigkeit name="Druidisches Herrschaftsritual: Miniatur der Herrschaft"/>
<sonderfertigkeit name="Große Meditation"/>
<sonderfertigkeit name="Kulturkunde">
<kultur name="Mittelreich"/>
</sonderfertigkeit>
<sonderfertigkeit name="Merkmalskenntnis: Einfluss"/>
<sonderfertigkeit name="Merkmalskenntnis: Herrschaft"/>
<sonderfertigkeit name="Ortskenntnis">
<auswahl name="Stadtteil/Kleinstadt"/>
</sonderfertigkeit>
<sonderfertigkeit name="Repräsentation: Druide"/>
<sonderfertigkeit name="Ritualkenntnis: Druide"/>
<sonderfertigkeit name="Verbotene Pforten"/>
</sf>
<ereignisse>
<ereignis obj="max GP für Helden: 110" text="EINSTELLUNG" time="1463940433573" version="HS 5.5.1"/>
<ereignis obj="max Eigenschafts-GP für Helden: 100" text="EINSTELLUNG" time="1463940433573" version="HS 5.5.1"/>
<ereignis obj="max Eigenschafts-Wert für Helden: 14" text="EINSTELLUNG" time="1463940433573" version="HS 5.5.1"/>
<ereignis obj="Bei dieser Profession kann es sein, dass der Vorteil Viertelzauberer des Halbelfen nicht mehr genutzt werden darf! (siehe WDH 258)" text="Meistergenehmigung notwendig" time="1463940433574" version="HS 5.5.1"/>
<ereignis obj="Wegen doppelter, ersetzter Vor-/Nachteile oder anderen Sonderregeln wurden -2 GP frei. Bitte WDH S.12 bzw. die Anmerkungen bei den jeweiligen RKP beachten." text="Meistergenehmigung notwendig" time="1463940433574" version="HS 5.5.1"/>
<ereignis obj="Eine größere Menge (17) AP wurde nicht genutzt und dem Helden gut geschrieben" text="Meistergenehmigung notwendig" time="1463940433574" version="HS 5.5.1"/>
<ereignis Alt="0" Neu="0" kommentar="3 GP" obj="Rasse: Halbelf: Halbelf, in menschlicher Kultur aufgewachsen" text="RKP" time="1463940433574" version="HS 5.5.1"/>
<ereignis Alt="0" Neu="0" kommentar="2 GP" obj="Kultur: Mittelländische Städte/Städte mit wichtigem Tempel/Pilgerstätte" text="RKP" time="1463940433574" version="HS 5.5.1"/>
<ereignis Alt="0" Neu="0" kommentar="15 GP" obj="Profession: Druide: Mehrer der Macht" text="RKP" time="1463940433574" version="HS 5.5.1"/>
<ereignis Alt="0" Neu="13" kommentar="13 GP" obj="Mut: 13" text="EIGENSCHAFTEN" time="1463940433574" version="HS 5.5.1"/>
<ereignis Alt="0" Neu="13" kommentar="13 GP" obj="Klugheit: 13" text="EIGENSCHAFTEN" time="1463940433574" version="HS 5.5.1"/>
<ereignis Alt="0" Neu="11" kommentar="11 GP" obj="Intuition: 11" text="EIGENSCHAFTEN" time="1463940433574" version="HS 5.5.1"/>
<ereignis Alt="0" Neu="11" kommentar="11 GP" obj="Charisma: 11" text="EIGENSCHAFTEN" time="1463940433574" version="HS 5.5.1"/>
<ereignis Alt="0" Neu="8" kommentar="8 GP" obj="Fingerfertigkeit: 8" text="EIGENSCHAFTEN" time="1463940433574" version="HS 5.5.1"/>
<ereignis Alt="0" Neu="9" kommentar="8 GP" obj="Gewandtheit: 9" text="EIGENSCHAFTEN" time="1463940433574" version="HS 5.5.1"/>
<ereignis Alt="0" Neu="8" kommentar="8 GP" obj="Konstitution: 8" text="EIGENSCHAFTEN" time="1463940433574" version="HS 5.5.1"/>
<ereignis Alt="0" Neu="8" kommentar="9 GP" obj="Körperkraft: 8" text="EIGENSCHAFTEN" time="1463940433574" version="HS 5.5.1"/>
<ereignis Alt="0" Neu="3" kommentar="0 GP" obj="Sozialstatus: 3" text="EIGENSCHAFTEN" time="1463940433574" version="HS 5.5.1"/>
<ereignis Alt="0" Neu="4" kommentar="17 AP" obj="Dolche: 4" text="TALENT" time="1463940433574" version="HS 5.5.1"/>
<ereignis Alt="0" Neu="1" kommentar="2 AP" obj="Fährtensuchen: 1" text="TALENT" time="1463940433574" version="HS 5.5.1"/>
<ereignis Alt="0" Neu="2" kommentar="4 AP" obj="Fährtensuchen: 2" text="TALENT" time="1463940433574" version="HS 5.5.1"/>
<ereignis Alt="0" Neu="0" kommentar="2 AP" obj="Fallen stellen: 0" text="TALENT" time="1463940433574" version="HS 5.5.1"/>
<ereignis Alt="0" Neu="4" kommentar="16 AP" obj="Ritualkenntnis: Druide: 4" text="TALENT" time="1463940433574" version="HS 5.5.1"/>
<ereignis Alt="0" Neu="0" kommentar="2 AP" obj="Abvenenum reine Speise [Druide]: 0" text="ZAUBER" time="1463940433574" version="HS 5.5.1"/>
<ereignis Alt="0" Neu="0" kommentar="75 AP" obj="Druidisches Dolchritual: Lebenskraft" text="SF" time="1463940433574" version="HS 5.5.1"/>
<ereignis Alt="0" Neu="0" kommentar="19 AP" obj="Druidisches Dolchritual: Weg" text="SF" time="1463940433574" version="HS 5.5.1"/>
<ereignis Alt="0" Neu="0" kommentar="113 AP" obj="Druidisches Herrschaftsritual: Kristall der Herrschaft" text="SF" time="1463940433574" version="HS 5.5.1"/>
<ereignis Alt="0" Neu="0" kommentar="113 AP" obj="Druidisches Herrschaftsritual: Miniatur der Herrschaft" text="SF" time="1463940433574" version="HS 5.5.1"/>
<ereignis Alt="0" Neu="0" kommentar="100 AP" obj="Merkmalskenntnis: Herrschaft" text="SF" time="1463940433574" version="HS 5.5.1"/>
<ereignis Alt="0" Neu="0" kommentar="-2 GP" obj="Doppelter oder ersetzter Vor-/Nachteil: Viertelzauberer" text="VORTEILE" time="1463940433574" version="HS 5.5.1"/>
<ereignis Alt="0" Neu="0" kommentar="2 GP" obj="Astralmacht: 2" text="VORTEILE" time="1463940433574" version="HS 5.5.1"/>
<ereignis Alt="0" Neu="0" kommentar="3 GP" obj="Geräuschhexerei" text="VORTEILE" time="1463940433574" version="HS 5.5.1"/>
<ereignis Alt="0" Neu="0" kommentar="0 GP" obj="Gutaussehend" text="VORTEILE" time="1463940433574" version="HS 5.5.1"/>
<ereignis Alt="0" Neu="0" kommentar="0 GP" obj="Gutes Gedächtnis" text="VORTEILE" time="1463940433574" version="HS 5.5.1"/>
<ereignis Alt="0" Neu="0" kommentar="10 GP" obj="Koboldfreund" text="VORTEILE" time="1463940433574" version="HS 5.5.1"/>
<ereignis Alt="0" Neu="0" kommentar="0 GP" obj="Unverträglichkeit mit verarbeitetem Metall" text="VORTEILE" time="1463940433574" version="HS 5.5.1"/>
<ereignis Alt="0" Neu="0" kommentar="0 GP" obj="Vollzauberer" text="VORTEILE" time="1463940433574" version="HS 5.5.1"/>
<ereignis Alt="0" Neu="0" kommentar="-4 GP" obj="Vorurteile gegen: Frauen 8" text="VORTEILE" time="1463940433574" version="HS 5.5.1"/>
<ereignis obj="Auswahl" text="Merkmalskenntnis: Einfluss" time="1463940433574" version="HS 5.5.1"/>
<ereignis Neu="1" obj="Auswahl" text="Wurfmesser" time="1463940433574" version="HS 5.5.1"/>
<ereignis Neu="4" obj="Auswahl" text="Sprachen kennen Rogolan" time="1463940433574" version="HS 5.5.1"/>
<ereignis Neu="3" obj="Auswahl" text="Sprachen kennen Thorwalsch" time="1463940433574" version="HS 5.5.1"/>
<ereignis Neu="1" obj="Auswahl" text="Ackerbau" time="1463940433574" version="HS 5.5.1"/>
<ereignis Neu="5" obj="Auswahl" text="Sternkunde" time="1463940433574" version="HS 5.5.1"/>
<ereignis Neu="4" obj="Auswahl" text="Einfluss bannen [Druide] [Druide]" time="1463940433574" version="HS 5.5.1"/>
</ereignisse>
<talentliste>
<talent lernmethode="Gegenseitiges Lehren" name="Dolche" probe=" (GE/GE/KK)" value="4"/>
<talent lernmethode="Gegenseitiges Lehren" name="Hiebwaffen" probe=" (GE/GE/KK)" value="2"/>
<talent lernmethode="Gegenseitiges Lehren" name="Infanteriewaffen" probe=" (GE/GE/KK)" value="1"/>
<talent lernmethode="Gegenseitiges Lehren" name="Raufen" probe=" (GE/GE/KK)" value="1"/>
<talent lernmethode="Gegenseitiges Lehren" name="Ringen" probe=" (GE/GE/KK)" value="0"/>
<talent lernmethode="Gegenseitiges Lehren" name="Säbel" probe=" (GE/GE/KK)" value="0"/>
<talent lernmethode="Gegenseitiges Lehren" name="Wurfmesser" probe=" (GE/FF/KK)" value="1"/>
<talent be="BEx2" lernmethode="Gegenseitiges Lehren" name="Athletik" probe=" (GE/KO/KK)" value="0"/>
<talent be="BEx2" lernmethode="Gegenseitiges Lehren" name="Klettern" probe=" (MU/GE/KK)" value="0"/>
<talent be="BEx2" lernmethode="Gegenseitiges Lehren" name="Körperbeherrschung" probe=" (MU/IN/GE)" value="2"/>
<talent be="BE" lernmethode="Gegenseitiges Lehren" name="Schleichen" probe=" (MU/IN/GE)" value="2"/>
<talent be="BEx2" lernmethode="Gegenseitiges Lehren" name="Schwimmen" probe=" (GE/KO/KK)" value="0"/>
<talent be="" lernmethode="Gegenseitiges Lehren" name="Selbstbeherrschung" probe=" (MU/KO/KK)" value="4"/>
<talent be="BE-2" lernmethode="Gegenseitiges Lehren" name="Sich verstecken" probe=" (MU/IN/GE)" value="1"/>
<talent be="BE-3" lernmethode="Gegenseitiges Lehren" name="Singen" probe=" (IN/CH/CH)" value="1"/>
<talent be="0-&gt;BE" lernmethode="Gegenseitiges Lehren" name="Sinnenschärfe" probe=" (KL/IN/IN)" value="4"/>
<talent be="BEx2" lernmethode="Gegenseitiges Lehren" name="Tanzen" probe=" (CH/GE/GE)" value="1"/>
<talent be="" lernmethode="Gegenseitiges Lehren" name="Zechen" probe=" (IN/KO/KK)" value="2"/>
<talent lernmethode="Gegenseitiges Lehren" name="Etikette" probe=" (KL/IN/CH)" value="1"/>
<talent lernmethode="Gegenseitiges Lehren" name="Gassenwissen" probe=" (KL/IN/CH)" value="2"/>
<talent lernmethode="Gegenseitiges Lehren" name="Menschenkenntnis" probe=" (KL/IN/CH)" value="3"/>
<talent lernmethode="Gegenseitiges Lehren" name="Sich verkleiden" probe=" (MU/CH/GE)" value="2"/>
<talent lernmethode="Gegenseitiges Lehren" name="Überreden" probe=" (MU/IN/CH)" value="5"/>
<talent lernmethode="Gegenseitiges Lehren" name="Fährtensuchen" probe=" (KL/IN/KO)" value="2"/>
<talent lernmethode="Gegenseitiges Lehren" name="Fallen stellen" probe=" (KL/FF/KK)" value="0"/>
<talent lernmethode="Gegenseitiges Lehren" name="Orientierung" probe=" (KL/IN/IN)" value="2"/>
<talent lernmethode="Gegenseitiges Lehren" name="Wildnisleben" probe=" (IN/GE/KO)" value="0"/>
<talent lernmethode="Gegenseitiges Lehren" name="Geografie" probe=" (KL/KL/IN)" value="1"/>
<talent lernmethode="Gegenseitiges Lehren" name="Geschichtswissen" probe=" (KL/KL/IN)" value="1"/>
<talent lernmethode="Gegenseitiges Lehren" name="Gesteinskunde" probe=" (KL/IN/FF)" value="3"/>
<talent lernmethode="Gegenseitiges Lehren" name="Götter und Kulte" probe=" (KL/KL/IN)" value="5"/>
<talent lernmethode="Gegenseitiges Lehren" name="Heraldik" probe=" (KL/KL/FF)" value="1"/>
<talent lernmethode="Gegenseitiges Lehren" name="Magiekunde" probe=" (KL/KL/IN)" value="4"/>
<talent lernmethode="Gegenseitiges Lehren" name="Pflanzenkunde" probe=" (KL/IN/FF)" value="5"/>
<talent lernmethode="Gegenseitiges Lehren" name="Rechnen" probe=" (KL/KL/IN)" value="3"/>
<talent lernmethode="Gegenseitiges Lehren" name="Rechtskunde" probe=" (KL/KL/IN)" value="2"/>
<talent lernmethode="Gegenseitiges Lehren" name="Sagen und Legenden" probe=" (KL/IN/CH)" value="4"/>
<talent lernmethode="Gegenseitiges Lehren" name="Sternkunde" probe=" (KL/KL/IN)" value="8"/>
<talent lernmethode="Gegenseitiges Lehren" name="Tierkunde" probe=" (MU/KL/IN)" value="3"/>
<talent k="18" lernmethode="Gegenseitiges Lehren" name="Sprachen kennen Garethi" probe=" (KL/IN/CH)" value="11"/>
<talent k="21" lernmethode="Gegenseitiges Lehren" name="Sprachen kennen Rogolan" probe=" (KL/IN/CH)" value="4"/>
<talent k="18" lernmethode="Gegenseitiges Lehren" name="Sprachen kennen Thorwalsch" probe=" (KL/IN/CH)" value="3"/>
<talent k="10" lernmethode="Gegenseitiges Lehren" name="Lesen/Schreiben Kusliker Zeichen" probe=" (KL/KL/FF)" value="4"/>
<talent lernmethode="Gegenseitiges Lehren" name="Ackerbau" probe=" (IN/FF/KO)" value="1"/>
<talent lernmethode="Gegenseitiges Lehren" name="Feuersteinbearbeitung" probe=" (KL/FF/FF)" value="5"/>
<talent lernmethode="Gegenseitiges Lehren" name="Heilkunde: Krankheiten" probe=" (MU/KL/CH)" value="3"/>
<talent lernmethode="Gegenseitiges Lehren" name="Heilkunde: Wunden" probe=" (KL/CH/FF)" value="2"/>
<talent lernmethode="Gegenseitiges Lehren" name="Holzbearbeitung" probe=" (KL/FF/KK)" value="3"/>
<talent lernmethode="Gegenseitiges Lehren" name="Kochen" probe=" (KL/IN/FF)" value="2"/>
<talent lernmethode="Gegenseitiges Lehren" name="Lederarbeiten" probe=" (KL/FF/FF)" value="1"/>
<talent lernmethode="Gegenseitiges Lehren" name="Malen/Zeichnen" probe=" (KL/IN/FF)" value="0"/>
<talent lernmethode="Gegenseitiges Lehren" name="Schneidern" probe=" (KL/FF/FF)" value="1"/>
<talent lernmethode="Gegenseitiges Lehren" name="Geräuschhexerei" probe=" (IN/CH/KO)" value="3"/>
<talent lernmethode="Gegenseitiges Lehren" name="Ritualkenntnis: Druide" probe=" (--/--/--)" value="4"/>
</talentliste>
<zauberliste>
<zauber anmerkungen="" hauszauber="false" k="C" kosten="" lernmethode="Gegenseitiges Lehren" name="Abvenenum reine Speise" probe=" (KL/KL/FF)" reichweite="" repraesentation="Druide" value="0" variante="" wirkungsdauer="" zauberdauer="" zauberkommentar=""/>
<zauber anmerkungen="" hauszauber="false" k="B" kosten="" lernmethode="Gegenseitiges Lehren" name="Attributo" probe=" (KL/CH/**)" reichweite="" repraesentation="Druide" value="2" variante="" wirkungsdauer="" zauberdauer="" zauberkommentar=""/>
<zauber anmerkungen="" hauszauber="false" k="E" kosten="" lernmethode="Gegenseitiges Lehren" name="Blick durch fremde Augen" probe=" (MU/IN/CH)" reichweite="" repraesentation="Druide" value="2" variante="" wirkungsdauer="" zauberdauer="" zauberkommentar=""/>
<zauber anmerkungen="" hauszauber="true" k="C" kosten="" lernmethode="Gegenseitiges Lehren" name="Böser Blick" probe=" (MU/CH/CH)" reichweite="" repraesentation="Druide" value="7" variante="" wirkungsdauer="" zauberdauer="" zauberkommentar=""/>
<zauber anmerkungen="" hauszauber="true" k="B" kosten="" lernmethode="Gegenseitiges Lehren" name="Einfluss bannen" probe=" (IN/CH/CH)" reichweite="" repraesentation="Druide" value="4" variante="" wirkungsdauer="" zauberdauer="" zauberkommentar=""/>
<zauber anmerkungen="" hauszauber="false" k="C" kosten="" lernmethode="Gegenseitiges Lehren" name="Eisenrost und Patina" probe=" (KL/CH/GE)" reichweite="" repraesentation="Druide" value="2" variante="" wirkungsdauer="" zauberdauer="" zauberkommentar=""/>
<zauber anmerkungen="" hauszauber="true" k="C" kosten="" lernmethode="Gegenseitiges Lehren" name="Große Verwirrung" probe=" (KL/KL/CH)" reichweite="" repraesentation="Druide" value="5" variante="" wirkungsdauer="" zauberdauer="" zauberkommentar=""/>
<zauber anmerkungen="" hauszauber="true" k="C" kosten="" lernmethode="Gegenseitiges Lehren" name="Halluzination" probe=" (KL/IN/CH)" reichweite="" repraesentation="Druide" value="6" variante="" wirkungsdauer="" zauberdauer="" zauberkommentar=""/>
<zauber anmerkungen="" hauszauber="false" k="C" kosten="" lernmethode="Gegenseitiges Lehren" name="Harmlose Gestalt" probe=" (KL/CH/GE)" reichweite="" repraesentation="Druide" value="4" variante="" wirkungsdauer="" zauberdauer="" zauberkommentar=""/>
<zauber anmerkungen="" hauszauber="true" k="C" kosten="" lernmethode="Gegenseitiges Lehren" name="Hellsicht trüben" probe=" (KL/IN/CH)" reichweite="" repraesentation="Druide" value="7" variante="" wirkungsdauer="" zauberdauer="" zauberkommentar=""/>
<zauber anmerkungen="" hauszauber="true" k="D" kosten="" lernmethode="Gegenseitiges Lehren" name="Magischer Raub" probe=" (MU/KL/KO)" reichweite="" repraesentation="Druide" value="4" variante="" wirkungsdauer="" zauberdauer="" zauberkommentar=""/>
<zauber anmerkungen="" hauszauber="true" k="D" kosten="" lernmethode="Gegenseitiges Lehren" name="Nebelleib" probe=" (MU/IN/KO)" reichweite="" repraesentation="Druide" value="5" variante="" wirkungsdauer="" zauberdauer="" zauberkommentar=""/>
<zauber anmerkungen="" hauszauber="false" k="C" kosten="" lernmethode="Gegenseitiges Lehren" name="Objectovoco" probe=" (KL/IN/CH)" reichweite="" repraesentation="Druide" value="1" variante="" wirkungsdauer="" zauberdauer="" zauberkommentar=""/>
<zauber anmerkungen="" hauszauber="false" k="A" kosten="" lernmethode="Gegenseitiges Lehren" name="Odem Arcanum" probe=" (KL/IN/IN)" reichweite="" repraesentation="Druide" value="4" variante="" wirkungsdauer="" zauberdauer="" zauberkommentar=""/>
<zauber anmerkungen="" hauszauber="false" k="B" kosten="" lernmethode="Gegenseitiges Lehren" name="Respondami" probe=" (MU/IN/CH)" reichweite="" repraesentation="Druide" value="3" variante="" wirkungsdauer="" zauberdauer="" zauberkommentar=""/>
<zauber anmerkungen="" hauszauber="false" k="C" kosten="" lernmethode="Gegenseitiges Lehren" name="Sensibar Empathicus" probe=" (KL/IN/CH)" reichweite="" repraesentation="Druide" value="2" variante="" wirkungsdauer="" zauberdauer="" zauberkommentar=""/>
<zauber anmerkungen="" hauszauber="false" k="B" kosten="" lernmethode="Gegenseitiges Lehren" name="Zunge lähmen" probe=" (MU/CH/FF)" reichweite="" repraesentation="Druide" value="2" variante="" wirkungsdauer="" zauberdauer="" zauberkommentar=""/>
<zauber anmerkungen="" hauszauber="false" k="D" kosten="" lernmethode="Gegenseitiges Lehren" name="Zwingtanz" probe=" (MU/KL/CH)" reichweite="" repraesentation="Druide" value="1" variante="" wirkungsdauer="" zauberdauer="" zauberkommentar=""/>
</zauberliste>
<kampf>
<kampfwerte name="Dolche">
<attacke value="6"/>
<parade value="6"/>
</kampfwerte>
<kampfwerte name="Hiebwaffen">
<attacke value="6"/>
<parade value="6"/>
</kampfwerte>
<kampfwerte name="Infanteriewaffen">
<attacke value="6"/>
<parade value="6"/>
</kampfwerte>
<kampfwerte name="Raufen">
<attacke value="6"/>
<parade value="6"/>
</kampfwerte>
<kampfwerte name="Ringen">
<attacke value="6"/>
<parade value="6"/>
</kampfwerte>
<kampfwerte name="Säbel">
<attacke value="6"/>
<parade value="6"/>
</kampfwerte>
</kampf>
<gegenstände/>
<BoniWaffenlos/>
<kommentare>
<sfInfos dauer="" kosten="" probe="" sf="" sfname="Druidisches Dolchritual: Lebenskraft" wirkung=""/>
<sfInfos dauer="" kosten="" probe="" sf="" sfname="Druidisches Dolchritual: Weg" wirkung=""/>
<sfInfos dauer="" kosten="" probe="" sf="" sfname="Druidisches Dolchritual: Weihe" wirkung=""/>
<sfInfos dauer="" kosten="" probe="" sf="" sfname="Druidisches Herrschaftsritual: Kristall der Herrschaft" wirkung=""/>
<sfInfos dauer="" kosten="" probe="" sf="" sfname="Druidisches Herrschaftsritual: Miniatur der Herrschaft" wirkung=""/>
</kommentare>
<ausrüstungen>
<heldenausruestung name="jagtwaffe" nummer="0" set="0"/>
</ausrüstungen>
<verbindungen/>
<extention/>
<geldboerse/>
<plugindata/>
</held>
<Signature xmlns="http://www.w3.org/2000/09/xmldsig#">
<SignedInfo>
<CanonicalizationMethod Algorithm="http://www.w3.org/TR/2001/REC-xml-c14n-20010315#WithComments"/>
<SignatureMethod Algorithm="http://www.w3.org/2000/09/xmldsig#dsa-sha1"/>
<Reference URI="">
<Transforms>
<Transform Algorithm="http://www.w3.org/2000/09/xmldsig#enveloped-signature"/>
</Transforms>
<DigestMethod Algorithm="http://www.w3.org/2000/09/xmldsig#sha1"/>
<DigestValue>rAvivWMClJYKaFYHtR3vOaoZiv4=</DigestValue>
</Reference>
</SignedInfo>
<SignatureValue>QVDY3GOW7L9F4K1y5BOAHAtkCg+BdcCFNDD52YMYJqVwSd3ya8PTNQ==</SignatureValue>
<KeyInfo>
<KeyValue>
<DSAKeyValue>
<P>/KaCzo4Syrom78z3EQ5SbbB4sF7ey80etKII864WF64B81uRpH5t9jQTxeEu0ImbzRMqzVDZkVG9
xD7nN1kuFw==</P>
<Q>li7dzDacuo67Jg7mtqEm2TRuOMU=</Q>
<G>Z4Rxsnqc9E7pGknFFH2xqaryRPBaQ01khpMdLRQnG541Awtx/XPaF5Bpsy4pNWMOHCBiNU0Nogps
QW5QvnlMpA==</G>
<Y>uVrvWkzIbUdL7E80AiD0PJDX3Ck0beY5StXp1wDAA1/ePpemd6rTBNd8YoCzOovNrX016YMcTSiO
iExM4RWtJA==</Y>
</DSAKeyValue>
</KeyValue>
</KeyInfo>
</Signature>
</helden>
