<?xml version="1.0" encoding="UTF-8" standalone="no"?>
<?xml-stylesheet type="text/xsl" href="helden.xsl"?><helden Version="5.5.3">
<held key="1523174955068" name="Sharina Vansanti" stand="1523175024477">
<mods/>
<basis>
<geschlecht name="weiblich"/>
<settings name="DSA4.1"/>
<rasse name="helden.model.rasse.Mittellaender" string="Mittelländerin">
<groesse gewicht="73" value="173"/>
<aussehen alter="16" augenfarbe="grün" aussehentext0="" aussehentext1="" aussehentext2="" aussehentext3="" familietext0="" familietext1="" familietext2="" familietext3="" familietext4="" familietext5="" gbjahr="1003" gbmonat="10" gbtag="10" gprest="3" gpstart="110" haarfarbe="braun" kalender="Bosparans Fall" stand="" titel=""/>
</rasse>
<kultur name="helden.model.kultur.Horasreich" string="Horasreich, An einer wichtigen Handelsroute">
<variante name="An einer wichtigen Handelsroute"/>
</kultur>
<ausbildungen>
<ausbildung art="Hauptprofession" name="helden.model.profession.Haendler" string="Händlerin: Großhändlerin" tarnidentitaet="">
<variante name="Großhändlerin"/>
</ausbildung>
</ausbildungen>
<verify value="1"/>
<notiz notiz0="Notizen" notiz1="" notiz10="" notiz11="" notiz2="" notiz3="" notiz4="" notiz5="" notiz6="" notiz7="" notiz8="" notiz9=""/>
<portraet value=""/>
<abenteuerpunkte value="500"/>
<freieabenteuerpunkte value="0"/>
</basis>
<eigenschaften>
<eigenschaft mod="0" name="Mut" startwert="12" value="12"/>
<eigenschaft mod="0" name="Klugheit" startwert="13" value="13"/>
<eigenschaft mod="0" name="Intuition" startwert="12" value="12"/>
<eigenschaft mod="0" name="Charisma" startwert="14" value="14"/>
<eigenschaft mod="0" name="Fingerfertigkeit" startwert="12" value="12"/>
<eigenschaft mod="0" name="Gewandtheit" startwert="12" value="12"/>
<eigenschaft mod="0" name="Konstitution" startwert="12" value="12"/>
<eigenschaft mod="0" name="Körperkraft" startwert="13" value="13"/>
<eigenschaft mod="0" name="Sozialstatus" startwert="7" value="7"/>
<eigenschaft mod="10" name="Lebensenergie" value="0"/>
<eigenschaft mod="10" name="Ausdauer" value="0"/>
<eigenschaft grossemeditation="0" mod="0" mrmod="-4" name="Astralenergie" value="0"/>
<eigenschaft karmalqueste="0" mod="0" name="Karmaenergie" value="0"/>
<eigenschaft mod="-4" name="Magieresistenz" value="0"/>
<eigenschaft mod="0" name="ini" value="10"/>
<eigenschaft mod="0" name="at" value="7"/>
<eigenschaft mod="0" name="pa" value="7"/>
<eigenschaft mod="0" name="fk" value="7"/>
</eigenschaften>
<vt>
<vorteil name="Ausrüstungsvorteil" value="5"/>
<vorteil name="Herausragendes Aussehen"/>
<vorteil name="Goldgier" value="7"/>
<vorteil name="Höhenangst" value="6"/>
</vt>
<sf>
<sonderfertigkeit name="Kulturkunde">
<kultur name="Horasreich"/>
</sonderfertigkeit>
<sonderfertigkeit name="Nandusgefälliges Wissen"/>
<sonderfertigkeit name="Ortskenntnis">
<auswahl name="Kleinstadt/Stadtteil"/>
</sonderfertigkeit>
<sonderfertigkeit name="Talentspezialisierung Überreden (Feilschen)">
<talent name="Überreden"/>
<spezialisierung name="Feilschen"/>
</sonderfertigkeit>
<sonderfertigkeit name="Wuchtschlag"/>
</sf>
<ereignisse>
<ereignis obj="max GP für Helden: 110" text="EINSTELLUNG" time="1523174956705" version="HS 5.5.3"/>
<ereignis obj="max Eigenschafts-GP für Helden: 100" text="EINSTELLUNG" time="1523174956705" version="HS 5.5.3"/>
<ereignis obj="max Eigenschafts-Wert für Helden: 14" text="EINSTELLUNG" time="1523174956705" version="HS 5.5.3"/>
<ereignis Alt="0" Neu="0" kommentar="0 GP" obj="Rasse: Mittelländerin" text="RKP" time="1523174956706" version="HS 5.5.3"/>
<ereignis Alt="0" Neu="0" kommentar="5 GP" obj="Kultur: Horasreich, An einer wichtigen Handelsroute" text="RKP" time="1523174956706" version="HS 5.5.3"/>
<ereignis Alt="0" Neu="0" kommentar="0 GP" obj="Profession: Händlerin: Großhändlerin" text="RKP" time="1523174956706" version="HS 5.5.3"/>
<ereignis Alt="0" Neu="12" kommentar="12 GP" obj="Mut: 12" text="EIGENSCHAFTEN" time="1523174956706" version="HS 5.5.3"/>
<ereignis Alt="0" Neu="13" kommentar="13 GP" obj="Klugheit: 13" text="EIGENSCHAFTEN" time="1523174956706" version="HS 5.5.3"/>
<ereignis Alt="0" Neu="12" kommentar="12 GP" obj="Intuition: 12" text="EIGENSCHAFTEN" time="1523174956706" version="HS 5.5.3"/>
<ereignis Alt="0" Neu="14" kommentar="14 GP" obj="Charisma: 14" text="EIGENSCHAFTEN" time="1523174956706" version="HS 5.5.3"/>
<ereignis Alt="0" Neu="12" kommentar="12 GP" obj="Fingerfertigkeit: 12" text="EIGENSCHAFTEN" time="1523174956706" version="HS 5.5.3"/>
<ereignis Alt="0" Neu="12" kommentar="12 GP" obj="Gewandtheit: 12" text="EIGENSCHAFTEN" time="1523174956706" version="HS 5.5.3"/>
<ereignis Alt="0" Neu="12" kommentar="12 GP" obj="Konstitution: 12" text="EIGENSCHAFTEN" time="1523174956706" version="HS 5.5.3"/>
<ereignis Alt="0" Neu="13" kommentar="13 GP" obj="Körperkraft: 13" text="EIGENSCHAFTEN" time="1523174956706" version="HS 5.5.3"/>
<ereignis Alt="0" Neu="7" kommentar="0 GP" obj="Sozialstatus: 7" text="EIGENSCHAFTEN" time="1523174956706" version="HS 5.5.3"/>
<ereignis Alt="0" Neu="0" kommentar="5 AP" obj="Schwerter: 0" text="TALENT" time="1523174956706" version="HS 5.5.3"/>
<ereignis Alt="0" Neu="1" kommentar="4 AP" obj="Schwerter: 1" text="TALENT" time="1523174956706" version="HS 5.5.3"/>
<ereignis Alt="0" Neu="2" kommentar="9 AP" obj="Schwerter: 2" text="TALENT" time="1523174956706" version="HS 5.5.3"/>
<ereignis Alt="0" Neu="3" kommentar="15 AP" obj="Schwerter: 3" text="TALENT" time="1523174956706" version="HS 5.5.3"/>
<ereignis Alt="0" Neu="4" kommentar="21 AP" obj="Schwerter: 4" text="TALENT" time="1523174956706" version="HS 5.5.3"/>
<ereignis Alt="0" Neu="5" kommentar="28 AP" obj="Schwerter: 5" text="TALENT" time="1523174956706" version="HS 5.5.3"/>
<ereignis Alt="0" Neu="6" kommentar="34 AP" obj="Schwerter: 6" text="TALENT" time="1523174956706" version="HS 5.5.3"/>
<ereignis Alt="0" Neu="7" kommentar="41 AP" obj="Schwerter: 7" text="TALENT" time="1523174956706" version="HS 5.5.3"/>
<ereignis Alt="0" Neu="8" kommentar="48 AP" obj="Schwerter: 8" text="TALENT" time="1523174956706" version="HS 5.5.3"/>
<ereignis Alt="0" Neu="1" kommentar="3 AP" obj="Athletik: 1" text="TALENT" time="1523174956706" version="HS 5.5.3"/>
<ereignis Alt="0" Neu="2" kommentar="7 AP" obj="Athletik: 2" text="TALENT" time="1523174956706" version="HS 5.5.3"/>
<ereignis Alt="0" Neu="3" kommentar="12 AP" obj="Athletik: 3" text="TALENT" time="1523174956706" version="HS 5.5.3"/>
<ereignis Alt="0" Neu="4" kommentar="17 AP" obj="Athletik: 4" text="TALENT" time="1523174956706" version="HS 5.5.3"/>
<ereignis Alt="0" Neu="1" kommentar="3 AP" obj="Klettern: 1" text="TALENT" time="1523174956706" version="HS 5.5.3"/>
<ereignis Alt="0" Neu="2" kommentar="7 AP" obj="Klettern: 2" text="TALENT" time="1523174956706" version="HS 5.5.3"/>
<ereignis Alt="0" Neu="3" kommentar="12 AP" obj="Klettern: 3" text="TALENT" time="1523174956706" version="HS 5.5.3"/>
<ereignis Alt="0" Neu="4" kommentar="17 AP" obj="Klettern: 4" text="TALENT" time="1523174956706" version="HS 5.5.3"/>
<ereignis Alt="0" Neu="2" kommentar="7 AP" obj="Tanzen: 2" text="TALENT" time="1523174956706" version="HS 5.5.3"/>
<ereignis Alt="0" Neu="3" kommentar="6 AP" obj="Betören: 3" text="TALENT" time="1523174956706" version="HS 5.5.3"/>
<ereignis Alt="0" Neu="4" kommentar="8 AP" obj="Betören: 4" text="TALENT" time="1523174956706" version="HS 5.5.3"/>
<ereignis Alt="0" Neu="8" kommentar="19 AP" obj="Überreden: 8" text="TALENT" time="1523174956706" version="HS 5.5.3"/>
<ereignis Alt="0" Neu="9" kommentar="22 AP" obj="Überreden: 9" text="TALENT" time="1523174956706" version="HS 5.5.3"/>
<ereignis Alt="0" Neu="10" kommentar="25 AP" obj="Überreden: 10" text="TALENT" time="1523174956706" version="HS 5.5.3"/>
<ereignis Alt="0" Neu="11" kommentar="28 AP" obj="Überreden: 11" text="TALENT" time="1523174956706" version="HS 5.5.3"/>
<ereignis Alt="0" Neu="1" kommentar="2 AP" obj="Orientierung: 1" text="TALENT" time="1523174956706" version="HS 5.5.3"/>
<ereignis Alt="0" Neu="4" kommentar="8 AP" obj="Bergbau: 4" text="TALENT" time="1523174956706" version="HS 5.5.3"/>
<ereignis Alt="0" Neu="5" kommentar="11 AP" obj="Bergbau: 5" text="TALENT" time="1523174956706" version="HS 5.5.3"/>
<ereignis Alt="0" Neu="6" kommentar="14 AP" obj="Bergbau: 6" text="TALENT" time="1523174956706" version="HS 5.5.3"/>
<ereignis Alt="0" Neu="7" kommentar="17 AP" obj="Bergbau: 7" text="TALENT" time="1523174956706" version="HS 5.5.3"/>
<ereignis Alt="0" Neu="8" kommentar="19 AP" obj="Bergbau: 8" text="TALENT" time="1523174956706" version="HS 5.5.3"/>
<ereignis Alt="0" Neu="8" kommentar="19 AP" obj="Handel: 8" text="TALENT" time="1523174956706" version="HS 5.5.3"/>
<ereignis Alt="0" Neu="1" kommentar="2 AP" obj="Heilkunde: Wunden: 1" text="TALENT" time="1523174956706" version="HS 5.5.3"/>
<ereignis Alt="0" Neu="2" kommentar="4 AP" obj="Heilkunde: Wunden: 2" text="TALENT" time="1523174956706" version="HS 5.5.3"/>
<ereignis Alt="0" Neu="3" kommentar="6 AP" obj="Heilkunde: Wunden: 3" text="TALENT" time="1523174956706" version="HS 5.5.3"/>
<ereignis Alt="0" Neu="0" kommentar="2 GP" obj="Nandusgefälliges Wissen" text="SF" time="1523174956706" version="HS 5.5.3"/>
<ereignis Alt="0" Neu="0" kommentar="4 GP" obj="Wuchtschlag" text="SF" time="1523174956706" version="HS 5.5.3"/>
<ereignis Alt="0" Neu="0" kommentar="0 GP" obj="Ausrüstungsvorteil: 5" text="VORTEILE" time="1523174956706" version="HS 5.5.3"/>
<ereignis Alt="0" Neu="0" kommentar="-7 GP" obj="Goldgier: 7" text="VORTEILE" time="1523174956706" version="HS 5.5.3"/>
<ereignis Alt="0" Neu="0" kommentar="12 GP" obj="Herausragendes Aussehen" text="VORTEILE" time="1523174956706" version="HS 5.5.3"/>
<ereignis Alt="0" Neu="0" kommentar="-9 GP" obj="Höhenangst: 6" text="VORTEILE" time="1523174956706" version="HS 5.5.3"/>
<ereignis Neu="5" obj="Auswahl" text="Sprachen kennen Rogolan" time="1523174956706" version="HS 5.5.3"/>
<ereignis Neu="1" obj="Auswahl" text="Hauswirtschaft" time="1523174956706" version="HS 5.5.3"/>
<ereignis Neu="2" obj="Auswahl" text="Sprachen kennen Neckergesang" time="1523174956706" version="HS 5.5.3"/>
<ereignis Neu="7" obj="Auswahl" text="Lesen/Schreiben Kusliker Zeichen" time="1523174956706" version="HS 5.5.3"/>
<ereignis Neu="4" obj="Auswahl" text="Sprachen kennen Isdira" time="1523174956706" version="HS 5.5.3"/>
<ereignis Neu="3" obj="Auswahl" text="Bergbau" time="1523174956706" version="HS 5.5.3"/>
</ereignisse>
<talentliste>
<talent lernmethode="Gegenseitiges Lehren" name="Armbrust" probe=" (GE/FF/KK)" value="1"/>
<talent lernmethode="Gegenseitiges Lehren" name="Dolche" probe=" (GE/GE/KK)" value="2"/>
<talent lernmethode="Gegenseitiges Lehren" name="Fechtwaffen" probe=" (GE/GE/KK)" value="1"/>
<talent lernmethode="Gegenseitiges Lehren" name="Hiebwaffen" probe=" (GE/GE/KK)" value="2"/>
<talent lernmethode="Gegenseitiges Lehren" name="Infanteriewaffen" probe=" (GE/GE/KK)" value="1"/>
<talent lernmethode="Gegenseitiges Lehren" name="Raufen" probe=" (GE/GE/KK)" value="2"/>
<talent lernmethode="Gegenseitiges Lehren" name="Ringen" probe=" (GE/GE/KK)" value="2"/>
<talent lernmethode="Gegenseitiges Lehren" name="Säbel" probe=" (GE/GE/KK)" value="0"/>
<talent lernmethode="Gegenseitiges Lehren" name="Schwerter" probe=" (GE/GE/KK)" value="8"/>
<talent lernmethode="Gegenseitiges Lehren" name="Wurfmesser" probe=" (GE/FF/KK)" value="0"/>
<talent be="BEx2" lernmethode="Gegenseitiges Lehren" name="Athletik" probe=" (GE/KO/KK)" value="4"/>
<talent be="BEx2" lernmethode="Gegenseitiges Lehren" name="Klettern" probe=" (MU/GE/KK)" value="4"/>
<talent be="BEx2" lernmethode="Gegenseitiges Lehren" name="Körperbeherrschung" probe=" (MU/IN/GE)" value="0"/>
<talent be="BE-2" lernmethode="Gegenseitiges Lehren" name="Reiten" probe=" (CH/GE/KK)" value="3"/>
<talent be="BE" lernmethode="Gegenseitiges Lehren" name="Schleichen" probe=" (MU/IN/GE)" value="0"/>
<talent be="BEx2" lernmethode="Gegenseitiges Lehren" name="Schwimmen" probe=" (GE/KO/KK)" value="1"/>
<talent be="" lernmethode="Gegenseitiges Lehren" name="Selbstbeherrschung" probe=" (MU/KO/KK)" value="2"/>
<talent be="BE-2" lernmethode="Gegenseitiges Lehren" name="Sich verstecken" probe=" (MU/IN/GE)" value="0"/>
<talent be="BE-3" lernmethode="Gegenseitiges Lehren" name="Singen" probe=" (IN/CH/CH)" value="0"/>
<talent be="0-&gt;BE" lernmethode="Gegenseitiges Lehren" name="Sinnenschärfe" probe=" (KL/IN/IN)" value="1"/>
<talent be="BEx2" lernmethode="Gegenseitiges Lehren" name="Tanzen" probe=" (CH/GE/GE)" value="2"/>
<talent be="" lernmethode="Gegenseitiges Lehren" name="Zechen" probe=" (IN/KO/KK)" value="0"/>
<talent lernmethode="Gegenseitiges Lehren" name="Betören" probe=" (IN/CH/CH)" value="4"/>
<talent lernmethode="Gegenseitiges Lehren" name="Etikette" probe=" (KL/IN/CH)" value="7"/>
<talent lernmethode="Gegenseitiges Lehren" name="Gassenwissen" probe=" (KL/IN/CH)" value="4"/>
<talent lernmethode="Gegenseitiges Lehren" name="Menschenkenntnis" probe=" (KL/IN/CH)" value="7"/>
<talent lernmethode="Gegenseitiges Lehren" name="Überreden" probe=" (MU/IN/CH)" value="11"/>
<talent lernmethode="Gegenseitiges Lehren" name="Fährtensuchen" probe=" (KL/IN/KO)" value="0"/>
<talent lernmethode="Gegenseitiges Lehren" name="Orientierung" probe=" (KL/IN/IN)" value="1"/>
<talent lernmethode="Gegenseitiges Lehren" name="Wildnisleben" probe=" (IN/GE/KO)" value="0"/>
<talent lernmethode="Gegenseitiges Lehren" name="Geografie" probe=" (KL/KL/IN)" value="3"/>
<talent lernmethode="Gegenseitiges Lehren" name="Geschichtswissen" probe=" (KL/KL/IN)" value="1"/>
<talent lernmethode="Gegenseitiges Lehren" name="Götter und Kulte" probe=" (KL/KL/IN)" value="2"/>
<talent lernmethode="Gegenseitiges Lehren" name="Mechanik" probe=" (KL/KL/FF)" value="1"/>
<talent lernmethode="Gegenseitiges Lehren" name="Rechnen" probe=" (KL/KL/IN)" value="8"/>
<talent lernmethode="Gegenseitiges Lehren" name="Rechtskunde" probe=" (KL/KL/IN)" value="4"/>
<talent lernmethode="Gegenseitiges Lehren" name="Sagen und Legenden" probe=" (KL/IN/CH)" value="5"/>
<talent lernmethode="Gegenseitiges Lehren" name="Schätzen" probe=" (KL/IN/IN)" value="5"/>
<talent k="18" lernmethode="Gegenseitiges Lehren" name="Sprachen kennen Garethi" probe=" (KL/IN/CH)" value="11"/>
<talent k="21" lernmethode="Gegenseitiges Lehren" name="Sprachen kennen Isdira" probe=" (KL/IN/CH)" value="4"/>
<talent k="24" lernmethode="Gegenseitiges Lehren" name="Sprachen kennen Neckergesang" probe=" (KL/IN/CH)" value="2"/>
<talent k="21" lernmethode="Gegenseitiges Lehren" name="Sprachen kennen Rogolan" probe=" (KL/IN/CH)" value="5"/>
<talent k="10" lernmethode="Gegenseitiges Lehren" name="Lesen/Schreiben Kusliker Zeichen" probe=" (KL/KL/FF)" value="9"/>
<talent lernmethode="Gegenseitiges Lehren" name="Bergbau" probe=" (IN/KO/KK)" value="8"/>
<talent lernmethode="Gegenseitiges Lehren" name="Fahrzeug lenken" probe=" (IN/CH/FF)" value="2"/>
<talent lernmethode="Gegenseitiges Lehren" name="Handel" probe=" (KL/IN/CH)" value="8"/>
<talent lernmethode="Gegenseitiges Lehren" name="Hauswirtschaft" probe=" (IN/CH/FF)" value="3"/>
<talent lernmethode="Gegenseitiges Lehren" name="Heilkunde: Wunden" probe=" (KL/CH/FF)" value="3"/>
<talent lernmethode="Gegenseitiges Lehren" name="Holzbearbeitung" probe=" (KL/FF/KK)" value="1"/>
<talent lernmethode="Gegenseitiges Lehren" name="Kochen" probe=" (KL/IN/FF)" value="0"/>
<talent lernmethode="Gegenseitiges Lehren" name="Lederarbeiten" probe=" (KL/FF/FF)" value="0"/>
<talent lernmethode="Gegenseitiges Lehren" name="Malen/Zeichnen" probe=" (KL/IN/FF)" value="0"/>
<talent lernmethode="Gegenseitiges Lehren" name="Schneidern" probe=" (KL/FF/FF)" value="0"/>
</talentliste>
<zauberliste/>
<kampf>
<kampfwerte name="Dolche">
<attacke value="8"/>
<parade value="8"/>
</kampfwerte>
<kampfwerte name="Fechtwaffen">
<attacke value="8"/>
<parade value="7"/>
</kampfwerte>
<kampfwerte name="Hiebwaffen">
<attacke value="9"/>
<parade value="7"/>
</kampfwerte>
<kampfwerte name="Infanteriewaffen">
<attacke value="8"/>
<parade value="7"/>
</kampfwerte>
<kampfwerte name="Raufen">
<attacke value="9"/>
<parade value="7"/>
</kampfwerte>
<kampfwerte name="Ringen">
<attacke value="9"/>
<parade value="7"/>
</kampfwerte>
<kampfwerte name="Säbel">
<attacke value="7"/>
<parade value="7"/>
</kampfwerte>
<kampfwerte name="Schwerter">
<attacke value="13"/>
<parade value="9"/>
</kampfwerte>
</kampf>
<gegenstände/>
<BoniWaffenlos/>
<kommentare/>
<ausrüstungen>
<heldenausruestung name="jagtwaffe" nummer="0" set="0"/>
</ausrüstungen>
<verbindungen/>
<extention/>
<geldboerse/>
<plugindata/>
</held>
<Signature xmlns="http://www.w3.org/2000/09/xmldsig#">
<SignedInfo>
<CanonicalizationMethod Algorithm="http://www.w3.org/TR/2001/REC-xml-c14n-20010315#WithComments"/>
<SignatureMethod Algorithm="http://www.w3.org/2000/09/xmldsig#dsa-sha1"/>
<Reference URI="">
<Transforms>
<Transform Algorithm="http://www.w3.org/2000/09/xmldsig#enveloped-signature"/>
</Transforms>
<DigestMethod Algorithm="http://www.w3.org/2000/09/xmldsig#sha1"/>
<DigestValue>OXgaHleXLW1Kbe8waLlOFEiy4Lg=</DigestValue>
</Reference>
</SignedInfo>
<SignatureValue>QzHU7qOJwnehGyWWfoCpqw0clxuI97qggSAxz2EoMA7wFIsZxk/vmw==</SignatureValue>
<KeyInfo>
<KeyValue>
<DSAKeyValue>
<P>/KaCzo4Syrom78z3EQ5SbbB4sF7ey80etKII864WF64B81uRpH5t9jQTxeEu0ImbzRMqzVDZkVG9
xD7nN1kuFw==</P>
<Q>li7dzDacuo67Jg7mtqEm2TRuOMU=</Q>
<G>Z4Rxsnqc9E7pGknFFH2xqaryRPBaQ01khpMdLRQnG541Awtx/XPaF5Bpsy4pNWMOHCBiNU0Nogps
QW5QvnlMpA==</G>
<Y>uVrvWkzIbUdL7E80AiD0PJDX3Ck0beY5StXp1wDAA1/ePpemd6rTBNd8YoCzOovNrX016YMcTSiO
iExM4RWtJA==</Y>
</DSAKeyValue>
</KeyValue>
</KeyInfo>
</Signature>
</helden>
