<?xml version="1.0" encoding="UTF-8" standalone="no"?>
<?xml-stylesheet type="text/xsl" href="helden.xsl"?><helden Version="5.5.3">
<held key="1498638024501" name="medikus" stand="1498638103112">
<mods/>
<basis>
<geschlecht name="männlich"/>
<settings name="DSA4.1"/>
<rasse name="helden.model.rasse.Mittellaender" string="Mittelländer">
<groesse gewicht="74" value="174"/>
<aussehen alter="20" augenfarbe="braun" aussehentext0="" aussehentext1="" aussehentext2="" aussehentext3="" familietext0="" familietext1="" familietext2="" familietext3="" familietext4="" familietext5="" gbjahr="1003" gbmonat="8" gbtag="17" gprest="3" gpstart="110" haarfarbe="weißblond" kalender="Bosparans Fall" stand="" titel=""/>
</rasse>
<kultur name="helden.model.kultur.Garetien" string="Mittelländische Städte/Hafenstädte und Städte an großen Flüssen">
<variante name="Hafenstädte und Städte an großen Flüssen"/>
</kultur>
<ausbildungen>
<ausbildung art="Hauptprofession" name="helden.model.profession.Gelehrter" string="Gelehrter: Medicus" tarnidentitaet="">
<variante name="Medicus"/>
</ausbildung>
</ausbildungen>
<verify value="1"/>
<notiz notiz0="Notizen" notiz1="" notiz10="" notiz11="" notiz2="" notiz3="" notiz4="" notiz5="" notiz6="" notiz7="" notiz8="" notiz9=""/>
<portraet value=""/>
<abenteuerpunkte value="520"/>
<freieabenteuerpunkte value="0"/>
</basis>
<eigenschaften>
<eigenschaft mod="0" name="Mut" startwert="12" value="12"/>
<eigenschaft mod="0" name="Klugheit" startwert="14" value="14"/>
<eigenschaft mod="0" name="Intuition" startwert="12" value="12"/>
<eigenschaft mod="0" name="Charisma" startwert="13" value="13"/>
<eigenschaft mod="0" name="Fingerfertigkeit" startwert="14" value="14"/>
<eigenschaft mod="0" name="Gewandtheit" startwert="10" value="10"/>
<eigenschaft mod="0" name="Konstitution" startwert="12" value="12"/>
<eigenschaft mod="0" name="Körperkraft" startwert="13" value="13"/>
<eigenschaft mod="0" name="Sozialstatus" startwert="7" value="7"/>
<eigenschaft mod="10" name="Lebensenergie" value="0"/>
<eigenschaft mod="10" name="Ausdauer" value="0"/>
<eigenschaft grossemeditation="0" mod="0" mrmod="-4" name="Astralenergie" value="0"/>
<eigenschaft karmalqueste="0" mod="0" name="Karmaenergie" value="0"/>
<eigenschaft mod="-4" name="Magieresistenz" value="0"/>
<eigenschaft mod="0" name="ini" value="9"/>
<eigenschaft mod="0" name="at" value="7"/>
<eigenschaft mod="0" name="pa" value="7"/>
<eigenschaft mod="0" name="fk" value="8"/>
</eigenschaften>
<vt>
<vorteil name="Akademische Ausbildung (Gelehrter)"/>
<vorteil name="Eisern"/>
<vorteil name="Gutes Gedächtnis"/>
<vorteil name="Arroganz" value="5"/>
<vorteil name="Neugier" value="10"/>
<vorteil name="Vorurteile gegen">
<auswahl position="0" value="10"/>
<auswahl position="1" value="frauen"/>
</vorteil>
<vorteil name="Vorurteile gegen">
<auswahl position="0" value="10"/>
<auswahl position="1" value="orks"/>
</vorteil>
</vt>
<sf>
<sonderfertigkeit name="Auspendeln"/>
<sonderfertigkeit name="Block"/>
<sonderfertigkeit name="Doppelschlag"/>
<sonderfertigkeit name="Eisenarm"/>
<sonderfertigkeit name="Gerade"/>
<sonderfertigkeit name="Handkante"/>
<sonderfertigkeit name="Kreuzblock"/>
<sonderfertigkeit name="Kulturkunde">
<kultur name="Mittelreich"/>
</sonderfertigkeit>
<sonderfertigkeit name="Meister der Improvisation"/>
<sonderfertigkeit name="Nandusgefälliges Wissen"/>
<sonderfertigkeit name="Ortskenntnis">
<auswahl name="Stadtteil/Kleinstadt"/>
</sonderfertigkeit>
<sonderfertigkeit name="Schmetterschlag"/>
<sonderfertigkeit name="Schwinger"/>
<sonderfertigkeit name="Waffenloser Kampfstil: Hammerfaust"/>
<sonderfertigkeit name="Wuchtschlag"/>
</sf>
<ereignisse>
<ereignis obj="max GP für Helden: 110" text="EINSTELLUNG" time="1498638025916" version="HS 5.5.2"/>
<ereignis obj="max Eigenschafts-GP für Helden: 100" text="EINSTELLUNG" time="1498638025916" version="HS 5.5.2"/>
<ereignis obj="max Eigenschafts-Wert für Helden: 14" text="EINSTELLUNG" time="1498638025916" version="HS 5.5.2"/>
<ereignis Alt="0" Neu="0" kommentar="0 GP" obj="Rasse: Mittelländer" text="RKP" time="1498638025916" version="HS 5.5.2"/>
<ereignis Alt="0" Neu="0" kommentar="3 GP" obj="Kultur: Mittelländische Städte/Hafenstädte und Städte an großen Flüssen" text="RKP" time="1498638025916" version="HS 5.5.2"/>
<ereignis Alt="0" Neu="0" kommentar="4 GP" obj="Profession: Gelehrter: Medicus" text="RKP" time="1498638025916" version="HS 5.5.2"/>
<ereignis Alt="0" Neu="12" kommentar="12 GP" obj="Mut: 12" text="EIGENSCHAFTEN" time="1498638025916" version="HS 5.5.2"/>
<ereignis Alt="0" Neu="14" kommentar="14 GP" obj="Klugheit: 14" text="EIGENSCHAFTEN" time="1498638025916" version="HS 5.5.2"/>
<ereignis Alt="0" Neu="12" kommentar="12 GP" obj="Intuition: 12" text="EIGENSCHAFTEN" time="1498638025916" version="HS 5.5.2"/>
<ereignis Alt="0" Neu="13" kommentar="13 GP" obj="Charisma: 13" text="EIGENSCHAFTEN" time="1498638025916" version="HS 5.5.2"/>
<ereignis Alt="0" Neu="14" kommentar="14 GP" obj="Fingerfertigkeit: 14" text="EIGENSCHAFTEN" time="1498638025916" version="HS 5.5.2"/>
<ereignis Alt="0" Neu="10" kommentar="10 GP" obj="Gewandtheit: 10" text="EIGENSCHAFTEN" time="1498638025916" version="HS 5.5.2"/>
<ereignis Alt="0" Neu="12" kommentar="12 GP" obj="Konstitution: 12" text="EIGENSCHAFTEN" time="1498638025916" version="HS 5.5.2"/>
<ereignis Alt="0" Neu="13" kommentar="13 GP" obj="Körperkraft: 13" text="EIGENSCHAFTEN" time="1498638025916" version="HS 5.5.2"/>
<ereignis Alt="0" Neu="7" kommentar="0 GP" obj="Sozialstatus: 7" text="EIGENSCHAFTEN" time="1498638025916" version="HS 5.5.2"/>
<ereignis Alt="0" Neu="2" kommentar="7 AP" obj="Infanteriewaffen: 2" text="TALENT" time="1498638025916" version="HS 5.5.2"/>
<ereignis Alt="0" Neu="3" kommentar="12 AP" obj="Infanteriewaffen: 3" text="TALENT" time="1498638025916" version="HS 5.5.2"/>
<ereignis Alt="0" Neu="4" kommentar="17 AP" obj="Infanteriewaffen: 4" text="TALENT" time="1498638025916" version="HS 5.5.2"/>
<ereignis Alt="0" Neu="5" kommentar="22 AP" obj="Infanteriewaffen: 5" text="TALENT" time="1498638025916" version="HS 5.5.2"/>
<ereignis Alt="0" Neu="6" kommentar="27 AP" obj="Infanteriewaffen: 6" text="TALENT" time="1498638025916" version="HS 5.5.2"/>
<ereignis Alt="0" Neu="7" kommentar="33 AP" obj="Infanteriewaffen: 7" text="TALENT" time="1498638025916" version="HS 5.5.2"/>
<ereignis Alt="0" Neu="8" kommentar="39 AP" obj="Infanteriewaffen: 8" text="TALENT" time="1498638025916" version="HS 5.5.2"/>
<ereignis Alt="0" Neu="9" kommentar="45 AP" obj="Infanteriewaffen: 9" text="TALENT" time="1498638025916" version="HS 5.5.2"/>
<ereignis Alt="0" Neu="3" kommentar="9 AP" obj="Raufen: 3" text="TALENT" time="1498638025916" version="HS 5.5.2"/>
<ereignis Alt="0" Neu="4" kommentar="13 AP" obj="Raufen: 4" text="TALENT" time="1498638025916" version="HS 5.5.2"/>
<ereignis Alt="0" Neu="5" kommentar="17 AP" obj="Raufen: 5" text="TALENT" time="1498638025916" version="HS 5.5.2"/>
<ereignis Alt="0" Neu="6" kommentar="21 AP" obj="Raufen: 6" text="TALENT" time="1498638025916" version="HS 5.5.2"/>
<ereignis Alt="0" Neu="7" kommentar="25 AP" obj="Raufen: 7" text="TALENT" time="1498638025916" version="HS 5.5.2"/>
<ereignis Alt="0" Neu="8" kommentar="29 AP" obj="Raufen: 8" text="TALENT" time="1498638025916" version="HS 5.5.2"/>
<ereignis Alt="0" Neu="1" kommentar="3 AP" obj="Athletik: 1" text="TALENT" time="1498638025916" version="HS 5.5.2"/>
<ereignis Alt="0" Neu="2" kommentar="7 AP" obj="Athletik: 2" text="TALENT" time="1498638025916" version="HS 5.5.2"/>
<ereignis Alt="0" Neu="3" kommentar="12 AP" obj="Athletik: 3" text="TALENT" time="1498638025916" version="HS 5.5.2"/>
<ereignis Alt="0" Neu="1" kommentar="3 AP" obj="Klettern: 1" text="TALENT" time="1498638025916" version="HS 5.5.2"/>
<ereignis Alt="0" Neu="2" kommentar="7 AP" obj="Klettern: 2" text="TALENT" time="1498638025916" version="HS 5.5.2"/>
<ereignis Alt="0" Neu="3" kommentar="12 AP" obj="Klettern: 3" text="TALENT" time="1498638025916" version="HS 5.5.2"/>
<ereignis Alt="0" Neu="1" kommentar="3 AP" obj="Körperbeherrschung: 1" text="TALENT" time="1498638025916" version="HS 5.5.2"/>
<ereignis Alt="0" Neu="2" kommentar="7 AP" obj="Körperbeherrschung: 2" text="TALENT" time="1498638025916" version="HS 5.5.2"/>
<ereignis Alt="0" Neu="3" kommentar="12 AP" obj="Körperbeherrschung: 3" text="TALENT" time="1498638025916" version="HS 5.5.2"/>
<ereignis Alt="0" Neu="4" kommentar="17 AP" obj="Körperbeherrschung: 4" text="TALENT" time="1498638025916" version="HS 5.5.2"/>
<ereignis Alt="0" Neu="5" kommentar="22 AP" obj="Körperbeherrschung: 5" text="TALENT" time="1498638025916" version="HS 5.5.2"/>
<ereignis Alt="0" Neu="2" kommentar="7 AP" obj="Schwimmen: 2" text="TALENT" time="1498638025916" version="HS 5.5.2"/>
<ereignis Alt="0" Neu="3" kommentar="12 AP" obj="Schwimmen: 3" text="TALENT" time="1498638025916" version="HS 5.5.2"/>
<ereignis Alt="0" Neu="2" kommentar="7 AP" obj="Selbstbeherrschung: 2" text="TALENT" time="1498638025916" version="HS 5.5.2"/>
<ereignis Alt="0" Neu="3" kommentar="12 AP" obj="Selbstbeherrschung: 3" text="TALENT" time="1498638025916" version="HS 5.5.2"/>
<ereignis Alt="0" Neu="4" kommentar="17 AP" obj="Selbstbeherrschung: 4" text="TALENT" time="1498638025916" version="HS 5.5.2"/>
<ereignis Alt="0" Neu="2" kommentar="7 AP" obj="Sinnenschärfe: 2" text="TALENT" time="1498638025916" version="HS 5.5.2"/>
<ereignis Alt="0" Neu="2" kommentar="4 AP" obj="Gassenwissen: 2" text="TALENT" time="1498638025916" version="HS 5.5.2"/>
<ereignis Alt="0" Neu="6" kommentar="14 AP" obj="Heilkunde: Gift: 6" text="TALENT" time="1498638025916" version="HS 5.5.2"/>
<ereignis Alt="0" Neu="4" kommentar="8 AP" obj="Heilkunde: Krankheiten: 4" text="TALENT" time="1498638025916" version="HS 5.5.2"/>
<ereignis Alt="0" Neu="5" kommentar="11 AP" obj="Heilkunde: Krankheiten: 5" text="TALENT" time="1498638025916" version="HS 5.5.2"/>
<ereignis Alt="0" Neu="0" kommentar="4 GP" obj="Meister der Improvisation" text="SF" time="1498638025916" version="HS 5.5.2"/>
<ereignis Alt="0" Neu="0" kommentar="3 GP" obj="Waffenloser Kampfstil: Hammerfaust" text="SF" time="1498638025916" version="HS 5.5.2"/>
<ereignis Alt="0" Neu="0" kommentar="4 GP" obj="Wuchtschlag" text="SF" time="1498638025916" version="HS 5.5.2"/>
<ereignis Alt="0" Neu="0" kommentar="0 GP" obj="Akademische Ausbildung (Gelehrter)" text="VORTEILE" time="1498638025916" version="HS 5.5.2"/>
<ereignis Alt="0" Neu="0" kommentar="-5 GP" obj="Arroganz: 5" text="VORTEILE" time="1498638025916" version="HS 5.5.2"/>
<ereignis Alt="0" Neu="0" kommentar="7 GP" obj="Eisern" text="VORTEILE" time="1498638025916" version="HS 5.5.2"/>
<ereignis Alt="0" Neu="0" kommentar="7 GP" obj="Gutes Gedächtnis" text="VORTEILE" time="1498638025916" version="HS 5.5.2"/>
<ereignis Alt="0" Neu="0" kommentar="-10 GP" obj="Neugier: 10" text="VORTEILE" time="1498638025916" version="HS 5.5.2"/>
<ereignis Alt="0" Neu="0" kommentar="-5 GP" obj="Vorurteile gegen 1: frauen 10" text="VORTEILE" time="1498638025916" version="HS 5.5.2"/>
<ereignis Alt="0" Neu="0" kommentar="-5 GP" obj="Vorurteile gegen 2: orks 10" text="VORTEILE" time="1498638025916" version="HS 5.5.2"/>
<ereignis Neu="1" obj="Auswahl" text="Armbrust" time="1498638025916" version="HS 5.5.2"/>
<ereignis Neu="3" obj="Auswahl" text="Sprachen kennen Thorwalsch" time="1498638025916" version="HS 5.5.2"/>
<ereignis Neu="1" obj="Auswahl" text="Ackerbau" time="1498638025916" version="HS 5.5.2"/>
<ereignis Neu="1" obj="Auswahl" text="Hiebwaffen" time="1498638025916" version="HS 5.5.2"/>
<ereignis Neu="1" obj="Auswahl" text="Raufen" time="1498638025916" version="HS 5.5.2"/>
<ereignis Neu="6" obj="Auswahl" text="Sprachen kennen Thorwalsch" time="1498638025916" version="HS 5.5.2"/>
<ereignis Neu="8" obj="Auswahl" text="Sprachen kennen Rogolan" time="1498638025916" version="HS 5.5.2"/>
<ereignis Neu="4" obj="Auswahl" text="Lesen/Schreiben Gjalskisch" time="1498638025916" version="HS 5.5.2"/>
<ereignis Neu="5" obj="Auswahl" text="Heilkunde: Gift" time="1498638025916" version="HS 5.5.2"/>
<ereignis Neu="3" obj="Auswahl" text="Heilkunde: Krankheiten" time="1498638025916" version="HS 5.5.2"/>
<ereignis Neu="7" obj="Auswahl" text="Heilkunde: Wunden" time="1498638025916" version="HS 5.5.2"/>
<ereignis Neu="3" obj="Auswahl" text="Sprachen kennen Tulamidya" time="1498638025916" version="HS 5.5.2"/>
<ereignis Neu="3" obj="Auswahl" text="Sprachen kennen Isdira" time="1498638025916" version="HS 5.5.2"/>
<ereignis Neu="2" obj="Auswahl" text="Heilkunde: Wunden" time="1498638025916" version="HS 5.5.2"/>
<ereignis Neu="2" obj="Auswahl" text="Kochen" time="1498638025916" version="HS 5.5.2"/>
</ereignisse>
<talentliste>
<talent lernmethode="Gegenseitiges Lehren" name="Armbrust" probe=" (GE/FF/KK)" value="2"/>
<talent lernmethode="Gegenseitiges Lehren" name="Dolche" probe=" (GE/GE/KK)" value="1"/>
<talent lernmethode="Gegenseitiges Lehren" name="Hiebwaffen" probe=" (GE/GE/KK)" value="1"/>
<talent lernmethode="Gegenseitiges Lehren" name="Infanteriewaffen" probe=" (GE/GE/KK)" value="9"/>
<talent lernmethode="Gegenseitiges Lehren" name="Raufen" probe=" (GE/GE/KK)" value="8"/>
<talent lernmethode="Gegenseitiges Lehren" name="Ringen" probe=" (GE/GE/KK)" value="1"/>
<talent lernmethode="Gegenseitiges Lehren" name="Säbel" probe=" (GE/GE/KK)" value="0"/>
<talent lernmethode="Gegenseitiges Lehren" name="Wurfmesser" probe=" (GE/FF/KK)" value="0"/>
<talent be="BEx2" lernmethode="Gegenseitiges Lehren" name="Athletik" probe=" (GE/KO/KK)" value="3"/>
<talent be="BEx2" lernmethode="Gegenseitiges Lehren" name="Klettern" probe=" (MU/GE/KK)" value="3"/>
<talent be="BEx2" lernmethode="Gegenseitiges Lehren" name="Körperbeherrschung" probe=" (MU/IN/GE)" value="5"/>
<talent be="BE" lernmethode="Gegenseitiges Lehren" name="Schleichen" probe=" (MU/IN/GE)" value="0"/>
<talent be="BEx2" lernmethode="Gegenseitiges Lehren" name="Schwimmen" probe=" (GE/KO/KK)" value="3"/>
<talent be="" lernmethode="Gegenseitiges Lehren" name="Selbstbeherrschung" probe=" (MU/KO/KK)" value="4"/>
<talent be="BE-2" lernmethode="Gegenseitiges Lehren" name="Sich verstecken" probe=" (MU/IN/GE)" value="0"/>
<talent be="BE-3" lernmethode="Gegenseitiges Lehren" name="Singen" probe=" (IN/CH/CH)" value="0"/>
<talent be="0-&gt;BE" lernmethode="Gegenseitiges Lehren" name="Sinnenschärfe" probe=" (KL/IN/IN)" value="2"/>
<talent be="BEx2" lernmethode="Gegenseitiges Lehren" name="Tanzen" probe=" (CH/GE/GE)" value="1"/>
<talent be="" lernmethode="Gegenseitiges Lehren" name="Zechen" probe=" (IN/KO/KK)" value="1"/>
<talent lernmethode="Gegenseitiges Lehren" name="Etikette" probe=" (KL/IN/CH)" value="3"/>
<talent lernmethode="Gegenseitiges Lehren" name="Gassenwissen" probe=" (KL/IN/CH)" value="2"/>
<talent lernmethode="Gegenseitiges Lehren" name="Lehren" probe=" (KL/IN/CH)" value="3"/>
<talent lernmethode="Gegenseitiges Lehren" name="Menschenkenntnis" probe=" (KL/IN/CH)" value="4"/>
<talent lernmethode="Gegenseitiges Lehren" name="Schriftlicher Ausdruck" probe=" (KL/IN/IN)" value="1"/>
<talent lernmethode="Gegenseitiges Lehren" name="Überreden" probe=" (MU/IN/CH)" value="4"/>
<talent lernmethode="Gegenseitiges Lehren" name="Überzeugen" probe=" (KL/IN/CH)" value="2"/>
<talent lernmethode="Gegenseitiges Lehren" name="Fährtensuchen" probe=" (KL/IN/KO)" value="0"/>
<talent lernmethode="Gegenseitiges Lehren" name="Fesseln/Entfesseln" probe=" (FF/GE/KK)" value="3"/>
<talent lernmethode="Gegenseitiges Lehren" name="Fischen/Angeln" probe=" (IN/FF/KK)" value="1"/>
<talent lernmethode="Gegenseitiges Lehren" name="Orientierung" probe=" (KL/IN/IN)" value="0"/>
<talent lernmethode="Gegenseitiges Lehren" name="Wildnisleben" probe=" (IN/GE/KO)" value="0"/>
<talent lernmethode="Gegenseitiges Lehren" name="Anatomie" probe=" (MU/KL/FF)" value="5"/>
<talent lernmethode="Gegenseitiges Lehren" name="Geografie" probe=" (KL/KL/IN)" value="2"/>
<talent lernmethode="Gegenseitiges Lehren" name="Geschichtswissen" probe=" (KL/KL/IN)" value="2"/>
<talent lernmethode="Gegenseitiges Lehren" name="Götter und Kulte" probe=" (KL/KL/IN)" value="3"/>
<talent lernmethode="Gegenseitiges Lehren" name="Heraldik" probe=" (KL/KL/FF)" value="1"/>
<talent lernmethode="Gegenseitiges Lehren" name="Pflanzenkunde" probe=" (KL/IN/FF)" value="3"/>
<talent lernmethode="Gegenseitiges Lehren" name="Philosophie" probe=" (KL/KL/IN)" value="1"/>
<talent lernmethode="Gegenseitiges Lehren" name="Rechnen" probe=" (KL/KL/IN)" value="5"/>
<talent lernmethode="Gegenseitiges Lehren" name="Rechtskunde" probe=" (KL/KL/IN)" value="2"/>
<talent lernmethode="Gegenseitiges Lehren" name="Sagen und Legenden" probe=" (KL/IN/CH)" value="2"/>
<talent lernmethode="Gegenseitiges Lehren" name="Sprachenkunde" probe=" (KL/KL/IN)" value="1"/>
<talent k="18" lernmethode="Gegenseitiges Lehren" name="Sprachen kennen Garethi" probe=" (KL/IN/CH)" value="14"/>
<talent k="21" lernmethode="Gegenseitiges Lehren" name="Sprachen kennen Isdira" probe=" (KL/IN/CH)" value="3"/>
<talent k="21" lernmethode="Gegenseitiges Lehren" name="Sprachen kennen Rogolan" probe=" (KL/IN/CH)" value="8"/>
<talent k="18" lernmethode="Gegenseitiges Lehren" name="Sprachen kennen Thorwalsch" probe=" (KL/IN/CH)" value="9"/>
<talent k="18" lernmethode="Gegenseitiges Lehren" name="Sprachen kennen Tulamidya" probe=" (KL/IN/CH)" value="3"/>
<talent k="14" lernmethode="Gegenseitiges Lehren" name="Lesen/Schreiben Gjalskisch" probe=" (KL/KL/FF)" value="4"/>
<talent k="10" lernmethode="Gegenseitiges Lehren" name="Lesen/Schreiben Kusliker Zeichen" probe=" (KL/KL/FF)" value="6"/>
<talent lernmethode="Gegenseitiges Lehren" name="Ackerbau" probe=" (IN/FF/KO)" value="1"/>
<talent lernmethode="Gegenseitiges Lehren" name="Alchimie" probe=" (MU/KL/FF)" value="2"/>
<talent lernmethode="Gegenseitiges Lehren" name="Boote fahren" probe=" (GE/KO/KK)" value="1"/>
<talent lernmethode="Gegenseitiges Lehren" name="Heilkunde: Gift" probe=" (MU/KL/IN)" value="6"/>
<talent lernmethode="Gegenseitiges Lehren" name="Heilkunde: Krankheiten" probe=" (MU/KL/CH)" value="5"/>
<talent lernmethode="Gegenseitiges Lehren" name="Heilkunde: Wunden" probe=" (KL/CH/FF)" value="9"/>
<talent lernmethode="Gegenseitiges Lehren" name="Holzbearbeitung" probe=" (KL/FF/KK)" value="0"/>
<talent lernmethode="Gegenseitiges Lehren" name="Kochen" probe=" (KL/IN/FF)" value="6"/>
<talent lernmethode="Gegenseitiges Lehren" name="Lederarbeiten" probe=" (KL/FF/FF)" value="0"/>
<talent lernmethode="Gegenseitiges Lehren" name="Malen/Zeichnen" probe=" (KL/IN/FF)" value="3"/>
<talent lernmethode="Gegenseitiges Lehren" name="Schneidern" probe=" (KL/FF/FF)" value="0"/>
<talent lernmethode="Gegenseitiges Lehren" name="Seefahrt" probe=" (FF/GE/KK)" value="1"/>
</talentliste>
<zauberliste/>
<kampf>
<kampfwerte name="Dolche">
<attacke value="7"/>
<parade value="7"/>
</kampfwerte>
<kampfwerte name="Hiebwaffen">
<attacke value="7"/>
<parade value="7"/>
</kampfwerte>
<kampfwerte name="Infanteriewaffen">
<attacke value="14"/>
<parade value="9"/>
</kampfwerte>
<kampfwerte name="Raufen">
<attacke value="12"/>
<parade value="10"/>
</kampfwerte>
<kampfwerte name="Ringen">
<attacke value="7"/>
<parade value="7"/>
</kampfwerte>
<kampfwerte name="Säbel">
<attacke value="7"/>
<parade value="7"/>
</kampfwerte>
</kampf>
<gegenstände/>
<BoniWaffenlos>
<boniSF sf="Waffenloser Kampfstil: Hammerfaust" talent="Raufen"/>
</BoniWaffenlos>
<kommentare/>
<ausrüstungen>
<heldenausruestung name="jagtwaffe" nummer="0" set="0"/>
</ausrüstungen>
<verbindungen/>
<extention/>
<geldboerse/>
<plugindata/>
</held>
<Signature xmlns="http://www.w3.org/2000/09/xmldsig#">
<SignedInfo>
<CanonicalizationMethod Algorithm="http://www.w3.org/TR/2001/REC-xml-c14n-20010315#WithComments"/>
<SignatureMethod Algorithm="http://www.w3.org/2000/09/xmldsig#dsa-sha1"/>
<Reference URI="">
<Transforms>
<Transform Algorithm="http://www.w3.org/2000/09/xmldsig#enveloped-signature"/>
</Transforms>
<DigestMethod Algorithm="http://www.w3.org/2000/09/xmldsig#sha1"/>
<DigestValue>9QFTcyarA249fRADXIDTkay2Q+I=</DigestValue>
</Reference>
</SignedInfo>
<SignatureValue>GkAe79PxqRYdu4Li5WTNxHy8xeMP0vZ5k+060lYcu5K/M7pZ+8dJfQ==</SignatureValue>
<KeyInfo>
<KeyValue>
<DSAKeyValue>
<P>/KaCzo4Syrom78z3EQ5SbbB4sF7ey80etKII864WF64B81uRpH5t9jQTxeEu0ImbzRMqzVDZkVG9
xD7nN1kuFw==</P>
<Q>li7dzDacuo67Jg7mtqEm2TRuOMU=</Q>
<G>Z4Rxsnqc9E7pGknFFH2xqaryRPBaQ01khpMdLRQnG541Awtx/XPaF5Bpsy4pNWMOHCBiNU0Nogps
QW5QvnlMpA==</G>
<Y>uVrvWkzIbUdL7E80AiD0PJDX3Ck0beY5StXp1wDAA1/ePpemd6rTBNd8YoCzOovNrX016YMcTSiO
iExM4RWtJA==</Y>
</DSAKeyValue>
</KeyValue>
</KeyInfo>
</Signature>
</helden>
