<?xml version="1.0" encoding="UTF-8" standalone="no"?>
<?xml-stylesheet type="text/xsl" href="helden.xsl"?><helden Version="5.5.3">
<held key="1472667472822" name="Faust" stand="1472668743131">
<mods/>
<basis>
<geschlecht name="männlich"/>
<settings name="DSA4.1"/>
<rasse name="helden.model.rasse.Thorwaler" string="Thorwaler">
<groesse gewicht="92" value="187"/>
<aussehen alter="18" augenfarbe="blau" aussehentext0="" aussehentext1="" aussehentext2="" aussehentext3="" familietext0="" familietext1="" familietext2="" familietext3="" familietext4="" familietext5="" gbjahr="1003" gbmonat="11" gbtag="28" gprest="0" gpstart="110" haarfarbe="blond" kalender="Bosparans Fall" stand="" titel=""/>
<variante name="Fjarninger"/>
</rasse>
<kultur name="helden.model.kultur.Fjarninger" string="Fjarninger"/>
<ausbildungen>
<ausbildung art="Hauptprofession" name="helden.model.profession.Stammeskrieger" string="Stammeskrieger: Fjarninger" tarnidentitaet="">
<variante name="Fjarninger"/>
</ausbildung>
</ausbildungen>
<verify value="1"/>
<notiz notiz0="Notizen" notiz1="" notiz10="" notiz11="" notiz2="" notiz3="" notiz4="" notiz5="" notiz6="" notiz7="" notiz8="" notiz9=""/>
<portraet value=""/>
<abenteuerpunkte value="460"/>
<freieabenteuerpunkte value="3"/>
</basis>
<eigenschaften>
<eigenschaft mod="2" name="Mut" startwert="14" value="14"/>
<eigenschaft mod="-1" name="Klugheit" startwert="11" value="11"/>
<eigenschaft mod="0" name="Intuition" startwert="13" value="13"/>
<eigenschaft mod="0" name="Charisma" startwert="10" value="10"/>
<eigenschaft mod="0" name="Fingerfertigkeit" startwert="10" value="10"/>
<eigenschaft mod="1" name="Gewandtheit" startwert="14" value="14"/>
<eigenschaft mod="2" name="Konstitution" startwert="14" value="14"/>
<eigenschaft mod="3" name="Körperkraft" startwert="14" value="14"/>
<eigenschaft mod="0" name="Sozialstatus" startwert="3" value="3"/>
<eigenschaft mod="13" name="Lebensenergie" value="0"/>
<eigenschaft mod="18" name="Ausdauer" value="0"/>
<eigenschaft grossemeditation="0" mod="0" mrmod="-6" name="Astralenergie" value="0"/>
<eigenschaft karmalqueste="0" mod="0" name="Karmaenergie" value="0"/>
<eigenschaft mod="-6" name="Magieresistenz" value="0"/>
<eigenschaft mod="0" name="ini" value="12"/>
<eigenschaft mod="0" name="at" value="10"/>
<eigenschaft mod="0" name="pa" value="9"/>
<eigenschaft mod="0" name="fk" value="8"/>
</eigenschaften>
<vt>
<vorteil name="Balance"/>
<vorteil name="Beidhändig"/>
<vorteil name="Eisern"/>
<vorteil name="Herausragende Eigenschaft: Gewandtheit" value="1"/>
<vorteil name="Herausragende Eigenschaft: Körperkraft" value="1"/>
<vorteil name="Kälteresistenz"/>
<vorteil name="Richtungssinn"/>
<vorteil name="Aberglaube" value="12"/>
<vorteil name="Blutrausch"/>
<vorteil name="Jähzorn" value="6"/>
<vorteil name="Meeresangst" value="12"/>
<vorteil name="Prinzipientreue" value="5"/>
<vorteil name="Unfähigkeit für [Talentgruppe]" value="Gesellschaft"/>
<vorteil name="Vorurteile gegen">
<auswahl position="0" value="8"/>
<auswahl position="1" value="alkohol"/>
</vorteil>
<vorteil name="Vorurteile gegen (stark)">
<auswahl position="0" value="12"/>
<auswahl position="1" value="orks"/>
</vorteil>
</vt>
<sf>
<sonderfertigkeit name="Aufmerksamkeit"/>
<sonderfertigkeit name="Auspendeln"/>
<sonderfertigkeit name="Block"/>
<sonderfertigkeit name="Doppelschlag"/>
<sonderfertigkeit name="Eisenarm"/>
<sonderfertigkeit name="Eiskundig"/>
<sonderfertigkeit name="Gebirgskundig"/>
<sonderfertigkeit name="Gerade"/>
<sonderfertigkeit name="Handkante"/>
<sonderfertigkeit name="Kreuzblock"/>
<sonderfertigkeit name="Kulturkunde">
<kultur name="Fjarninger"/>
</sonderfertigkeit>
<sonderfertigkeit name="Rüstungsgewöhnung I">
<gegenstand name="Anaurak"/>
</sonderfertigkeit>
<sonderfertigkeit name="Schmetterschlag"/>
<sonderfertigkeit name="Schwinger"/>
<sonderfertigkeit name="Standfest"/>
<sonderfertigkeit name="Sturmangriff"/>
<sonderfertigkeit name="Talentspezialisierung Raufen (Panzerarm)">
<talent name="Raufen"/>
<spezialisierung name="Panzerarm"/>
</sonderfertigkeit>
<sonderfertigkeit name="Waffenloser Kampfstil: Hammerfaust"/>
<sonderfertigkeit name="Wuchtschlag"/>
</sf>
<ereignisse>
<ereignis obj="max GP für Helden: 110" text="EINSTELLUNG" time="1472667474979" version="HS 5.5.2"/>
<ereignis obj="max Eigenschafts-GP für Helden: 100" text="EINSTELLUNG" time="1472667474979" version="HS 5.5.2"/>
<ereignis obj="max Eigenschafts-Wert für Helden: 14" text="EINSTELLUNG" time="1472667474979" version="HS 5.5.2"/>
<ereignis Alt="0" Neu="0" kommentar="5 GP" obj="Rasse: Thorwaler" text="RKP" time="1472667474979" version="HS 5.5.2"/>
<ereignis Alt="0" Neu="0" kommentar="11 GP" obj="Kultur: Fjarninger" text="RKP" time="1472667474979" version="HS 5.5.2"/>
<ereignis Alt="0" Neu="0" kommentar="4 GP" obj="Profession: Stammeskrieger: Fjarninger" text="RKP" time="1472667474979" version="HS 5.5.2"/>
<ereignis Alt="0" Neu="16" kommentar="14 GP" obj="Mut: 16" text="EIGENSCHAFTEN" time="1472667474979" version="HS 5.5.2"/>
<ereignis Alt="0" Neu="10" kommentar="11 GP" obj="Klugheit: 10" text="EIGENSCHAFTEN" time="1472667474979" version="HS 5.5.2"/>
<ereignis Alt="0" Neu="13" kommentar="13 GP" obj="Intuition: 13" text="EIGENSCHAFTEN" time="1472667474979" version="HS 5.5.2"/>
<ereignis Alt="0" Neu="10" kommentar="10 GP" obj="Charisma: 10" text="EIGENSCHAFTEN" time="1472667474979" version="HS 5.5.2"/>
<ereignis Alt="0" Neu="10" kommentar="10 GP" obj="Fingerfertigkeit: 10" text="EIGENSCHAFTEN" time="1472667474979" version="HS 5.5.2"/>
<ereignis Alt="0" Neu="15" kommentar="14 GP" obj="Gewandtheit: 15" text="EIGENSCHAFTEN" time="1472667474979" version="HS 5.5.2"/>
<ereignis Alt="0" Neu="16" kommentar="14 GP" obj="Konstitution: 16" text="EIGENSCHAFTEN" time="1472667474979" version="HS 5.5.2"/>
<ereignis Alt="0" Neu="17" kommentar="14 GP" obj="Körperkraft: 17" text="EIGENSCHAFTEN" time="1472667474979" version="HS 5.5.2"/>
<ereignis Alt="0" Neu="3" kommentar="0 GP" obj="Sozialstatus: 3" text="EIGENSCHAFTEN" time="1472667474979" version="HS 5.5.2"/>
<ereignis Alt="0" Neu="7" kommentar="25 AP" obj="Raufen: 7" text="TALENT" time="1472667474979" version="HS 5.5.2"/>
<ereignis Alt="0" Neu="8" kommentar="29 AP" obj="Raufen: 8" text="TALENT" time="1472667474979" version="HS 5.5.2"/>
<ereignis Alt="0" Neu="9" kommentar="34 AP" obj="Raufen: 9" text="TALENT" time="1472667474979" version="HS 5.5.2"/>
<ereignis Alt="0" Neu="10" kommentar="38 AP" obj="Raufen: 10" text="TALENT" time="1472667474979" version="HS 5.5.2"/>
<ereignis Alt="0" Neu="11" kommentar="43 AP" obj="Raufen: 11" text="TALENT" time="1472667474979" version="HS 5.5.2"/>
<ereignis Alt="0" Neu="12" kommentar="47 AP" obj="Raufen: 12" text="TALENT" time="1472667474979" version="HS 5.5.2"/>
<ereignis Alt="0" Neu="13" kommentar="51 AP" obj="Raufen: 13" text="TALENT" time="1472667474979" version="HS 5.5.2"/>
<ereignis Alt="0" Neu="14" kommentar="55 AP" obj="Raufen: 14" text="TALENT" time="1472667474979" version="HS 5.5.2"/>
<ereignis Alt="0" Neu="1" kommentar="2 AP" obj="Rechnen: 1" text="TALENT" time="1472667474979" version="HS 5.5.2"/>
<ereignis Alt="0" Neu="2" kommentar="4 AP" obj="Rechnen: 2" text="TALENT" time="1472667474979" version="HS 5.5.2"/>
<ereignis Alt="0" Neu="3" kommentar="6 AP" obj="Rechnen: 3" text="TALENT" time="1472667474979" version="HS 5.5.2"/>
<ereignis Alt="0" Neu="0" kommentar="1 AP" obj="Sprachen kennen Garethi: 0" text="TALENT" time="1472667474979" version="HS 5.5.2"/>
<ereignis Alt="0" Neu="1" kommentar="1 AP" obj="Sprachen kennen Garethi: 1" text="TALENT" time="1472667474979" version="HS 5.5.2"/>
<ereignis Alt="0" Neu="2" kommentar="2 AP" obj="Sprachen kennen Garethi: 2" text="TALENT" time="1472667474979" version="HS 5.5.2"/>
<ereignis Alt="0" Neu="3" kommentar="3 AP" obj="Sprachen kennen Garethi: 3" text="TALENT" time="1472667474979" version="HS 5.5.2"/>
<ereignis Alt="0" Neu="4" kommentar="4 AP" obj="Sprachen kennen Garethi: 4" text="TALENT" time="1472667474979" version="HS 5.5.2"/>
<ereignis Alt="0" Neu="5" kommentar="6 AP" obj="Sprachen kennen Garethi: 5" text="TALENT" time="1472667474979" version="HS 5.5.2"/>
<ereignis Alt="0" Neu="6" kommentar="7 AP" obj="Sprachen kennen Garethi: 6" text="TALENT" time="1472667474979" version="HS 5.5.2"/>
<ereignis Alt="0" Neu="7" kommentar="8 AP" obj="Sprachen kennen Garethi: 7" text="TALENT" time="1472667474979" version="HS 5.5.2"/>
<ereignis Alt="0" Neu="2" kommentar="4 AP" obj="Holzbearbeitung: 2" text="TALENT" time="1472667474979" version="HS 5.5.2"/>
<ereignis Alt="0" Neu="3" kommentar="6 AP" obj="Holzbearbeitung: 3" text="TALENT" time="1472667474979" version="HS 5.5.2"/>
<ereignis Alt="0" Neu="4" kommentar="8 AP" obj="Holzbearbeitung: 4" text="TALENT" time="1472667474979" version="HS 5.5.2"/>
<ereignis Alt="0" Neu="5" kommentar="11 AP" obj="Holzbearbeitung: 5" text="TALENT" time="1472667474979" version="HS 5.5.2"/>
<ereignis Alt="0" Neu="6" kommentar="14 AP" obj="Holzbearbeitung: 6" text="TALENT" time="1472667474979" version="HS 5.5.2"/>
<ereignis Alt="0" Neu="7" kommentar="17 AP" obj="Holzbearbeitung: 7" text="TALENT" time="1472667474979" version="HS 5.5.2"/>
<ereignis Alt="0" Neu="8" kommentar="19 AP" obj="Holzbearbeitung: 8" text="TALENT" time="1472667474979" version="HS 5.5.2"/>
<ereignis Alt="0" Neu="1" kommentar="2 AP" obj="Schneidern: 1" text="TALENT" time="1472667474979" version="HS 5.5.2"/>
<ereignis Alt="0" Neu="2" kommentar="4 AP" obj="Schneidern: 2" text="TALENT" time="1472667474979" version="HS 5.5.2"/>
<ereignis Alt="0" Neu="3" kommentar="6 AP" obj="Schneidern: 3" text="TALENT" time="1472667474979" version="HS 5.5.2"/>
<ereignis Alt="0" Neu="0" kommentar="1 GP" obj="Talentspezialisierung Raufen (Panzerarm)" text="SF" time="1472667474979" version="HS 5.5.2"/>
<ereignis Alt="0" Neu="0" kommentar="2 GP" obj="Waffenloser Kampfstil: Hammerfaust" text="SF" time="1472667474979" version="HS 5.5.2"/>
<ereignis Alt="0" Neu="0" kommentar="-7 GP" obj="Aberglaube: 12" text="VORTEILE" time="1472667474979" version="HS 5.5.2"/>
<ereignis Alt="0" Neu="0" kommentar="0 GP" obj="Balance" text="VORTEILE" time="1472667474979" version="HS 5.5.2"/>
<ereignis Alt="0" Neu="0" kommentar="12 GP" obj="Beidhändig" text="VORTEILE" time="1472667474979" version="HS 5.5.2"/>
<ereignis Alt="0" Neu="0" kommentar="-15 GP" obj="Blutrausch" text="VORTEILE" time="1472667474979" version="HS 5.5.2"/>
<ereignis Alt="0" Neu="0" kommentar="7 GP" obj="Eisern" text="VORTEILE" time="1472667474979" version="HS 5.5.2"/>
<ereignis Alt="0" Neu="0" kommentar="9 GP" obj="Herausragende Eigenschaft: Gewandtheit: 1" text="VORTEILE" time="1472667474979" version="HS 5.5.2"/>
<ereignis Alt="0" Neu="0" kommentar="9 GP" obj="Herausragende Eigenschaft: Körperkraft: 1" text="VORTEILE" time="1472667474979" version="HS 5.5.2"/>
<ereignis Alt="0" Neu="0" kommentar="0 GP" obj="Jähzorn: 6" text="VORTEILE" time="1472667474979" version="HS 5.5.2"/>
<ereignis Alt="0" Neu="0" kommentar="0 GP" obj="Kälteresistenz" text="VORTEILE" time="1472667474979" version="HS 5.5.2"/>
<ereignis Alt="0" Neu="0" kommentar="-7 GP" obj="Meeresangst: 12" text="VORTEILE" time="1472667474979" version="HS 5.5.2"/>
<ereignis Alt="0" Neu="0" kommentar="-5 GP" obj="Prinzipientreue: 5" text="VORTEILE" time="1472667474979" version="HS 5.5.2"/>
<ereignis Alt="0" Neu="0" kommentar="0 GP" obj="Richtungssinn" text="VORTEILE" time="1472667474979" version="HS 5.5.2"/>
<ereignis Alt="0" Neu="0" kommentar="0 GP" obj="Unfähigkeit für [Talentgruppe]: Gesellschaft" text="VORTEILE" time="1472667474979" version="HS 5.5.2"/>
<ereignis Alt="0" Neu="0" kommentar="-4 GP" obj="Vorurteile gegen: alkohol 8" text="VORTEILE" time="1472667474979" version="HS 5.5.2"/>
<ereignis Alt="0" Neu="0" kommentar="-12 GP" obj="Vorurteile gegen (stark): orks 12" text="VORTEILE" time="1472667474979" version="HS 5.5.2"/>
<ereignis obj="Auswahl" text="Rüstungsgewöhnung I (Anaurak)" time="1472667474979" version="HS 5.5.2"/>
<ereignis Neu="4" obj="Auswahl" text="Sprachen kennen Alaani" time="1472667474979" version="HS 5.5.2"/>
<ereignis Neu="3" obj="Auswahl" text="Hiebwaffen" time="1472667474979" version="HS 5.5.2"/>
<ereignis Neu="5" obj="Auswahl" text="Zweihandhiebwaffen" time="1472667474979" version="HS 5.5.2"/>
<ereignis Neu="3" obj="Auswahl" text="Zweihandschwerter/-säbel" time="1472667474979" version="HS 5.5.2"/>
<ereignis Neu="3" obj="Auswahl" text="Wurfspeere" time="1472667474979" version="HS 5.5.2"/>
</ereignisse>
<talentliste>
<talent lernmethode="Gegenseitiges Lehren" name="Dolche" probe=" (GE/GE/KK)" value="3"/>
<talent lernmethode="Gegenseitiges Lehren" name="Hiebwaffen" probe=" (GE/GE/KK)" value="4"/>
<talent lernmethode="Selbststudium" name="Raufen" probe=" (GE/GE/KK)" value="14"/>
<talent lernmethode="Gegenseitiges Lehren" name="Ringen" probe=" (GE/GE/KK)" value="2"/>
<talent lernmethode="Gegenseitiges Lehren" name="Säbel" probe=" (GE/GE/KK)" value="0"/>
<talent lernmethode="Gegenseitiges Lehren" name="Wurfmesser" probe=" (GE/FF/KK)" value="0"/>
<talent lernmethode="Gegenseitiges Lehren" name="Wurfspeere" probe=" (GE/FF/KK)" value="4"/>
<talent lernmethode="Gegenseitiges Lehren" name="Zweihandhiebwaffen" probe=" (GE/GE/KK)" value="7"/>
<talent lernmethode="Gegenseitiges Lehren" name="Zweihandschwerter/-säbel" probe=" (GE/GE/KK)" value="3"/>
<talent be="BEx2" lernmethode="Gegenseitiges Lehren" name="Athletik" probe=" (GE/KO/KK)" value="5"/>
<talent be="BEx2" lernmethode="Gegenseitiges Lehren" name="Klettern" probe=" (MU/GE/KK)" value="2"/>
<talent be="BEx2" lernmethode="Gegenseitiges Lehren" name="Körperbeherrschung" probe=" (MU/IN/GE)" value="5"/>
<talent be="BE" lernmethode="Gegenseitiges Lehren" name="Schleichen" probe=" (MU/IN/GE)" value="2"/>
<talent be="BEx2" lernmethode="Gegenseitiges Lehren" name="Schwimmen" probe=" (GE/KO/KK)" value="0"/>
<talent be="" lernmethode="Gegenseitiges Lehren" name="Selbstbeherrschung" probe=" (MU/KO/KK)" value="6"/>
<talent be="BE-2" lernmethode="Gegenseitiges Lehren" name="Sich verstecken" probe=" (MU/IN/GE)" value="2"/>
<talent be="BE-3" lernmethode="Gegenseitiges Lehren" name="Singen" probe=" (IN/CH/CH)" value="0"/>
<talent be="0-&gt;BE" lernmethode="Gegenseitiges Lehren" name="Sinnenschärfe" probe=" (KL/IN/IN)" value="2"/>
<talent be="BE-2" lernmethode="Gegenseitiges Lehren" name="Skifahren" probe=" (GE/GE/KO)" value="1"/>
<talent be="BEx2" lernmethode="Gegenseitiges Lehren" name="Tanzen" probe=" (CH/GE/GE)" value="0"/>
<talent be="" lernmethode="Gegenseitiges Lehren" name="Zechen" probe=" (IN/KO/KK)" value="0"/>
<talent lernmethode="Gegenseitiges Lehren" name="Menschenkenntnis" probe=" (KL/IN/CH)" value="0"/>
<talent lernmethode="Gegenseitiges Lehren" name="Überreden" probe=" (MU/IN/CH)" value="0"/>
<talent lernmethode="Gegenseitiges Lehren" name="Fährtensuchen" probe=" (KL/IN/KO)" value="1"/>
<talent lernmethode="Gegenseitiges Lehren" name="Orientierung" probe=" (KL/IN/IN)" value="3"/>
<talent lernmethode="Gegenseitiges Lehren" name="Wettervorhersage" probe=" (KL/IN/IN)" value="1"/>
<talent lernmethode="Gegenseitiges Lehren" name="Wildnisleben" probe=" (IN/GE/KO)" value="4"/>
<talent lernmethode="Gegenseitiges Lehren" name="Götter und Kulte" probe=" (KL/KL/IN)" value="1"/>
<talent lernmethode="Gegenseitiges Lehren" name="Rechnen" probe=" (KL/KL/IN)" value="3"/>
<talent lernmethode="Gegenseitiges Lehren" name="Sagen und Legenden" probe=" (KL/IN/CH)" value="1"/>
<talent lernmethode="Gegenseitiges Lehren" name="Tierkunde" probe=" (MU/KL/IN)" value="3"/>
<talent k="21" lernmethode="Gegenseitiges Lehren" name="Sprachen kennen Alaani" probe=" (KL/IN/CH)" value="4"/>
<talent k="18" lernmethode="Gegenseitiges Lehren" name="Sprachen kennen Garethi" probe=" (KL/IN/CH)" value="7"/>
<talent k="18" lernmethode="Gegenseitiges Lehren" name="Sprachen kennen Thorwalsch" probe=" (KL/IN/CH)" value="8"/>
<talent k="16" lernmethode="Gegenseitiges Lehren" name="Lesen/Schreiben Hjaldingsche Runen" probe=" (KL/KL/FF)" value="0"/>
<talent lernmethode="Gegenseitiges Lehren" name="Boote fahren" probe=" (GE/KO/KK)" value="2"/>
<talent lernmethode="Gegenseitiges Lehren" name="Feuersteinbearbeitung" probe=" (KL/FF/FF)" value="1"/>
<talent lernmethode="Gegenseitiges Lehren" name="Heilkunde: Wunden" probe=" (KL/CH/FF)" value="4"/>
<talent lernmethode="Gegenseitiges Lehren" name="Holzbearbeitung" probe=" (KL/FF/KK)" value="8"/>
<talent lernmethode="Gegenseitiges Lehren" name="Kochen" probe=" (KL/IN/FF)" value="0"/>
<talent lernmethode="Gegenseitiges Lehren" name="Lederarbeiten" probe=" (KL/FF/FF)" value="1"/>
<talent lernmethode="Gegenseitiges Lehren" name="Malen/Zeichnen" probe=" (KL/IN/FF)" value="0"/>
<talent lernmethode="Gegenseitiges Lehren" name="Schneidern" probe=" (KL/FF/FF)" value="3"/>
</talentliste>
<zauberliste/>
<kampf>
<kampfwerte name="Dolche">
<attacke value="10"/>
<parade value="12"/>
</kampfwerte>
<kampfwerte name="Hiebwaffen">
<attacke value="12"/>
<parade value="11"/>
</kampfwerte>
<kampfwerte name="Raufen">
<attacke value="18"/>
<parade value="15"/>
</kampfwerte>
<kampfwerte name="Ringen">
<attacke value="10"/>
<parade value="11"/>
</kampfwerte>
<kampfwerte name="Säbel">
<attacke value="10"/>
<parade value="9"/>
</kampfwerte>
<kampfwerte name="Zweihandhiebwaffen">
<attacke value="16"/>
<parade value="10"/>
</kampfwerte>
<kampfwerte name="Zweihandschwerter/-säbel">
<attacke value="13"/>
<parade value="9"/>
</kampfwerte>
</kampf>
<gegenstände/>
<BoniWaffenlos>
<boniSF sf="Waffenloser Kampfstil: Hammerfaust" talent="Raufen"/>
</BoniWaffenlos>
<kommentare/>
<ausrüstungen>
<heldenausruestung name="jagtwaffe" nummer="0" set="0"/>
</ausrüstungen>
<verbindungen/>
<extention/>
<geldboerse/>
<plugindata/>
</held>
<Signature xmlns="http://www.w3.org/2000/09/xmldsig#">
<SignedInfo>
<CanonicalizationMethod Algorithm="http://www.w3.org/TR/2001/REC-xml-c14n-20010315#WithComments"/>
<SignatureMethod Algorithm="http://www.w3.org/2000/09/xmldsig#dsa-sha1"/>
<Reference URI="">
<Transforms>
<Transform Algorithm="http://www.w3.org/2000/09/xmldsig#enveloped-signature"/>
</Transforms>
<DigestMethod Algorithm="http://www.w3.org/2000/09/xmldsig#sha1"/>
<DigestValue>qIOG0zrnY5RxyrDKK/2kKsJEca4=</DigestValue>
</Reference>
</SignedInfo>
<SignatureValue>ClETrmPSeI4EiSmoXaGFCuxsHCAZ3cLuXSh7XkVoR+fMCQ8Vwux9IQ==</SignatureValue>
<KeyInfo>
<KeyValue>
<DSAKeyValue>
<P>/KaCzo4Syrom78z3EQ5SbbB4sF7ey80etKII864WF64B81uRpH5t9jQTxeEu0ImbzRMqzVDZkVG9
xD7nN1kuFw==</P>
<Q>li7dzDacuo67Jg7mtqEm2TRuOMU=</Q>
<G>Z4Rxsnqc9E7pGknFFH2xqaryRPBaQ01khpMdLRQnG541Awtx/XPaF5Bpsy4pNWMOHCBiNU0Nogps
QW5QvnlMpA==</G>
<Y>uVrvWkzIbUdL7E80AiD0PJDX3Ck0beY5StXp1wDAA1/ePpemd6rTBNd8YoCzOovNrX016YMcTSiO
iExM4RWtJA==</Y>
</DSAKeyValue>
</KeyValue>
</KeyInfo>
</Signature>
</helden>
