<?xml version="1.0" encoding="UTF-8" standalone="yes"?><daten><config><rsmodell>zone</rsmodell><datum>02.07.2018</datum><uhrzeit>19:57</uhrzeit><geldkreise>false</geldkreise><metatalente>false</metatalente><zauberquellen>true</zauberquellen><namenaufseiten>false</namenaufseiten></config><angaben><augenfarbe>braun</augenfarbe><geburtstag>13. Phex 988 BF</geburtstag><alter>26</alter><geschlecht>männlich</geschlecht><groesse>189</groesse><gewicht>82</gewicht><haarfarbe>dunkelbraun</haarfarbe><stand></stand><titel></titel><name>Kanzim Shizatlu</name><bildPfad></bildPfad><aussehen><a0></a0><a1></a1><a2></a2><a3></a3><text></text></aussehen><familie><f0></f0><f1></f1><f2></f2><f3></f3><f4></f4><f5></f5><text></text></familie><notizen><n0>Notizen</n0><n1></n1><n2></n2><n3></n3><n4></n4><n5></n5><n6></n6><n7></n7><n8></n8><n9></n9><n10></n10><n11></n11><text>Notizen</text></notizen><profession><text>Akademie der geistigen Kraft zu Fasar: Harter Zweig</text><textkurz>Akademie der geistigen Kraft zu Fasar</textkurz></profession><ap><gesamt>560</gesamt><frei>8</frei><genutzt>552</genutzt></ap><gp><start>110</start><rest>0</rest></gp><stufe40><akt>3</akt><max>3</max><lang>3 [3]</lang></stufe40><stufe41><akt>0</akt><max>0</max><lang>0 [0]</lang></stufe41><gilde>schwarz</gilde><magisch>true</magisch><geweiht>false</geweiht><rasse>Tulamide</rasse><kultur>Mhanadistan</kultur><aspregeneration>1W6+4</aspregeneration><leregeneration>1W6</leregeneration><heldenversion>50504</heldenversion><wundschwelle>6</wundschwelle></angaben><eigenschaften><geschwindigkeit><akt>7</akt><start>7</start><modi>0</modi><name>Geschwindigkeit</name><bereich>sonst</bereich></geschwindigkeit><mut><akt>14</akt><start>14</start><modi>0</modi><name>Mut</name><bereich>guteeigenschaft</bereich></mut><klugheit><akt>14</akt><start>14</start><modi>0</modi><name>Klugheit</name><bereich>guteeigenschaft</bereich></klugheit><intuition><akt>14</akt><start>14</start><modi>0</modi><name>Intuition</name><bereich>guteeigenschaft</bereich></intuition><charisma><akt>14</akt><start>14</start><modi>0</modi><name>Charisma</name><bereich>guteeigenschaft</bereich></charisma><fingerfertigkeit><akt>11</akt><start>11</start><modi>0</modi><name>Fingerfertigkeit</name><bereich>guteeigenschaft</bereich></fingerfertigkeit><gewandtheit><akt>10</akt><start>10</start><modi>0</modi><name>Gewandtheit</name><bereich>guteeigenschaft</bereich></gewandtheit><konstitution><akt>12</akt><start>12</start><modi>0</modi><name>Konstitution</name><bereich>guteeigenschaft</bereich></konstitution><koerperkraft><akt>11</akt><start>11</start><modi>0</modi><name>Körperkraft</name><bereich>guteeigenschaft</bereich></koerperkraft><sozialstatus><akt>7</akt><start>7</start><modi>0</modi><name>Sozialstatus</name><bereich>guteeigenschaft</bereich></sozialstatus><astralenergie><akt>39</akt><start>21</start><modi>18</modi><name>Astralenergie</name><bereich>sonst</bereich><kaufbar>14</kaufbar><gekauft>0</gekauft><ausvornachteile>0</ausvornachteile><muinch2>21</muinch2><aussonderfertigkeiten>0</aussonderfertigkeiten><professionmod>18</professionmod><grossemeditation>0</grossemeditation><pasprueckkaufbar>0</pasprueckkaufbar><aktinklrueckkaufbarepasp>39</aktinklrueckkaufbarepasp></astralenergie><attacke><akt>7</akt><start>7</start><modi>0</modi><name>Attacke</name><bereich>sonst</bereich></attacke><ausdauer><akt>28</akt><start>18</start><modi>10</modi><name>Ausdauer</name><bereich>sonst</bereich><kaufbar>12</kaufbar><gekauft>0</gekauft><akt50>14</akt50><akt33>9</akt33><akt25>7</akt25></ausdauer><fernkampf-basis><akt>7</akt><start>7</start><modi>0</modi><name>Fernkampf-Basis</name><bereich>sonst</bereich></fernkampf-basis><initiative><akt>10</akt><start>10</start><modi>0</modi><name>Initiative</name><bereich>sonst</bereich></initiative><karmaenergie><akt>0</akt><start>0</start><modi>0</modi><name>Karmaenergie</name><bereich>sonst</bereich><kaufbar>14</kaufbar><gekauft>0</gekauft></karmaenergie><lebensenergie><akt>28</akt><start>18</start><modi>10</modi><name>Lebensenergie</name><bereich>sonst</bereich><kaufbar>6</kaufbar><gekauft>0</gekauft><akt50>14</akt50><akt33>9</akt33><akt25>7</akt25></lebensenergie><magieresistenz><akt>6</akt><start>8</start><modi>-2</modi><name>Magieresistenz</name><bereich>sonst</bereich><kaufbar>7</kaufbar><gekauft>0</gekauft></magieresistenz><parade><akt>7</akt><start>7</start><modi>0</modi><name>Parade</name><bereich>sonst</bereich></parade></eigenschaften><münzen/><vorteile><vorteil><bezeichner>Akademische Ausbildung (Magier)</bezeichner><name>Akademische Ausbildung (Magier)</name><kommentar></kommentar><namemitkommentar>Akademische Ausbildung (Magier)</namemitkommentar><istvorteil>true</istvorteil><istnachteil>false</istnachteil><bereich>Magisch</bereich></vorteil><vorteil><bezeichner>Astrale Regeneration</bezeichner><name>Astrale Regeneration: 3</name><kommentar></kommentar><namemitkommentar>Astrale Regeneration: 3</namemitkommentar><istvorteil>true</istvorteil><istnachteil>false</istnachteil><istschlechteeigenschaft>false</istschlechteeigenschaft><wert>3</wert><bereich>Magisch</bereich></vorteil><vorteil><bezeichner>Begabung für [Zauber]</bezeichner><name>Begabung für [Zauber] Imperavi Handlungszwang</name><kommentar></kommentar><namemitkommentar>Begabung für [Zauber] Imperavi Handlungszwang</namemitkommentar><istvorteil>true</istvorteil><istnachteil>false</istnachteil><bereich>Magisch</bereich><bereich>,BEGABUNGFUERZAUBER</bereich><auswahlen><auswahl>
</auswahl></auswahlen></vorteil><vorteil><bezeichner>Vollzauberer</bezeichner><name>Vollzauberer</name><kommentar></kommentar><namemitkommentar>Vollzauberer</namemitkommentar><istvorteil>true</istvorteil><istnachteil>false</istnachteil><bereich>Magisch</bereich></vorteil><vorteil><bezeichner>Arroganz</bezeichner><name>Arroganz: 7</name><kommentar></kommentar><namemitkommentar>Arroganz: 7</namemitkommentar><istvorteil>false</istvorteil><istnachteil>true</istnachteil><istschlechteeigenschaft>true</istschlechteeigenschaft><wert>7</wert><bereich>Sonst</bereich></vorteil><vorteil><bezeichner>Neugier</bezeichner><name>Neugier: 9</name><kommentar></kommentar><namemitkommentar>Neugier: 9</namemitkommentar><istvorteil>false</istvorteil><istnachteil>true</istnachteil><istschlechteeigenschaft>true</istschlechteeigenschaft><wert>9</wert><bereich>Sonst</bereich></vorteil><vorteil><bezeichner>Speisegebote</bezeichner><name>Speisegebote</name><kommentar></kommentar><namemitkommentar>Speisegebote</namemitkommentar><istvorteil>false</istvorteil><istnachteil>true</istnachteil><bereich>Sonst</bereich></vorteil><vorteil><bezeichner>Sucht</bezeichner><name>Sucht Mibelrohr (8)</name><kommentar></kommentar><namemitkommentar>Sucht Mibelrohr (8)</namemitkommentar><istvorteil>false</istvorteil><istnachteil>true</istnachteil><bereich>Sonst</bereich><auswahlen><auswahl>
</auswahl></auswahlen></vorteil><vorteil><bezeichner>Thesisgebunden</bezeichner><name>Thesisgebunden (Analys Arkanstruktur, Klarum Purum)</name><kommentar></kommentar><namemitkommentar>Thesisgebunden (Analys Arkanstruktur, Klarum Purum)</namemitkommentar><istvorteil>false</istvorteil><istnachteil>true</istnachteil><bereich>Magisch</bereich><auswahlen><auswahl>
</auswahl><auswahl>
</auswahl></auswahlen></vorteil><vorteil><bezeichner>Unfähigkeit für [Talentgruppe]</bezeichner><name>Unfähigkeit für [Talentgruppe] Nahkampf</name><kommentar></kommentar><namemitkommentar>Unfähigkeit für [Talentgruppe] Nahkampf</namemitkommentar><istvorteil>false</istvorteil><istnachteil>true</istnachteil><bereich>Sonst</bereich><bereich>UNFÄHIGKEITTALENTGRUPPE</bereich><auswahlen><auswahl>
</auswahl></auswahlen></vorteil><vorteil><bezeichner>Verpflichtungen</bezeichner><name>Verpflichtungen</name><kommentar></kommentar><namemitkommentar>Verpflichtungen</namemitkommentar><istvorteil>false</istvorteil><istnachteil>true</istnachteil><bereich>Sonst</bereich></vorteil></vorteile><sonderfertigkeiten><sonderfertigkeit><nameausfuehrlich>Astrale Meditation</nameausfuehrlich><name>Astrale Meditation</name><bezeichner>Astrale Meditation</bezeichner><wirkung></wirkung><dauer></dauer><kosten></kosten><probe></probe><kommentar></kommentar><namemitkommentar>Astrale Meditation</namemitkommentar><bereich>Magisch</bereich><bereich>SonstMagisch</bereich></sonderfertigkeit><sonderfertigkeit><nameausfuehrlich>Eiserner Wille I</nameausfuehrlich><name>Eiserner Wille I</name><bezeichner>Eiserner Wille I</bezeichner><wirkung></wirkung><dauer></dauer><kosten></kosten><probe></probe><kommentar></kommentar><namemitkommentar>Eiserner Wille I</namemitkommentar><bereich>Magisch</bereich><bereich>SonstMagisch</bereich></sonderfertigkeit><sonderfertigkeit><nameausfuehrlich>Große Meditation</nameausfuehrlich><name>Große Meditation</name><bezeichner>Große Meditation</bezeichner><wirkung></wirkung><dauer></dauer><kosten></kosten><probe></probe><kommentar></kommentar><namemitkommentar>Große Meditation</namemitkommentar><bereich>Magisch</bereich><bereich>SonstMagisch</bereich></sonderfertigkeit><sonderfertigkeit><nameausfuehrlich>Kulturkunde (Tulamidenlande)</nameausfuehrlich><name>Kulturkunde (Tulamidenlande)</name><bezeichner>Kulturkunde</bezeichner><auswahlen><auswahl><name>Tulamidenlande</name><feld feldname="1" nr="1">Tulamidenlande</feld></auswahl></auswahlen><namemitkommentar>Kulturkunde (Tulamidenlande)</namemitkommentar><bereich>Sonst</bereich></sonderfertigkeit><sonderfertigkeit><nameausfuehrlich>Merkmalskenntnis: Einfluss</nameausfuehrlich><name>Einfluss</name><bezeichner>Merkmalskenntnis: Einfluss</bezeichner><wirkung></wirkung><dauer></dauer><kosten></kosten><probe></probe><kommentar></kommentar><namemitkommentar>Einfluss</namemitkommentar><bereich>Magisch</bereich><bereich>Merkmalskenntnis</bereich></sonderfertigkeit><sonderfertigkeit><nameausfuehrlich>Merkmalskenntnis: Herrschaft</nameausfuehrlich><name>Herrschaft</name><bezeichner>Merkmalskenntnis: Herrschaft</bezeichner><wirkung></wirkung><dauer></dauer><kosten></kosten><probe></probe><kommentar></kommentar><namemitkommentar>Herrschaft</namemitkommentar><bereich>Magisch</bereich><bereich>Merkmalskenntnis</bereich></sonderfertigkeit><sonderfertigkeit><nameausfuehrlich>Regeneration I</nameausfuehrlich><name>Regeneration I</name><bezeichner>Regeneration I</bezeichner><wirkung></wirkung><dauer></dauer><kosten></kosten><probe></probe><kommentar></kommentar><namemitkommentar>Regeneration I</namemitkommentar><bereich>Magisch</bereich><bereich>SonstMagisch</bereich></sonderfertigkeit><sonderfertigkeit><nameausfuehrlich>Repräsentation: Magier</nameausfuehrlich><name>Magier</name><bezeichner>Repräsentation: Magier</bezeichner><wirkung></wirkung><dauer></dauer><kosten></kosten><probe></probe><kommentar></kommentar><namemitkommentar>Magier</namemitkommentar><bereich>Magisch</bereich><bereich>Repräsentation</bereich></sonderfertigkeit><sonderfertigkeit><nameausfuehrlich>Ritualkenntnis: Gildenmagie</nameausfuehrlich><name>Ritualkenntnis: Gildenmagie</name><bezeichner>Ritualkenntnis: Gildenmagie</bezeichner><wirkung></wirkung><dauer></dauer><kosten></kosten><probe></probe><kommentar></kommentar><namemitkommentar>Ritualkenntnis: Gildenmagie</namemitkommentar><bereich>Magisch</bereich><bereich>Ritualkenntnis</bereich></sonderfertigkeit><sonderfertigkeit><nameausfuehrlich>Stabzauber: Bindung</nameausfuehrlich><name>Stabzauber: Bindung</name><bezeichner>Stabzauber: Bindung</bezeichner><wirkung></wirkung><dauer></dauer><kosten></kosten><probe></probe><kommentar></kommentar><namemitkommentar>Stabzauber: Bindung</namemitkommentar><bereich>Magisch</bereich><bereich>Ritual</bereich></sonderfertigkeit><sonderfertigkeit><nameausfuehrlich>Verbotene Pforten</nameausfuehrlich><name>Verbotene Pforten</name><bezeichner>Verbotene Pforten</bezeichner><wirkung></wirkung><dauer></dauer><kosten></kosten><probe></probe><kommentar></kommentar><namemitkommentar>Verbotene Pforten</namemitkommentar><bereich>Magisch</bereich><bereich>SonstMagisch</bereich></sonderfertigkeit><sonderfertigkeit><nameausfuehrlich>Zauberkontrolle</nameausfuehrlich><name>Zauberkontrolle</name><bezeichner>Zauberkontrolle</bezeichner><wirkung></wirkung><dauer></dauer><kosten></kosten><probe></probe><kommentar></kommentar><namemitkommentar>Zauberkontrolle</namemitkommentar><bereich>Magisch</bereich><bereich>SonstMagisch</bereich></sonderfertigkeit><sonderfertigkeit><nameausfuehrlich>Zauberroutine</nameausfuehrlich><name>Zauberroutine</name><bezeichner>Zauberroutine</bezeichner><wirkung></wirkung><dauer></dauer><kosten></kosten><probe></probe><kommentar></kommentar><namemitkommentar>Zauberroutine</namemitkommentar><bereich>Magisch</bereich><bereich>SonstMagisch</bereich></sonderfertigkeit></sonderfertigkeiten><verbilligtesonderfertigkeiten><verbilligtesonderfertigkeit><nameausfuehrlich>Eiserner Wille II</nameausfuehrlich></verbilligtesonderfertigkeit><verbilligtesonderfertigkeit><nameausfuehrlich>Merkmalskenntnis: Einfluss</nameausfuehrlich></verbilligtesonderfertigkeit><verbilligtesonderfertigkeit><nameausfuehrlich>Regeneration I</nameausfuehrlich></verbilligtesonderfertigkeit><verbilligtesonderfertigkeit><nameausfuehrlich>Regeneration II</nameausfuehrlich></verbilligtesonderfertigkeit></verbilligtesonderfertigkeiten><talentliste><talent><name>Dolche</name><meisterhandwerk>false</meisterhandwerk><leittalent>false</leittalent><basis>true</basis><nameausfuehrlich>Dolche  (B)</nameausfuehrlich><wert>4</wert><probe>GE/GE/KK</probe><probenwerte>10/10/11</probenwerte><nameausfuehrlichmitprobe>Dolche  (B)(GE/GE/KK)</nameausfuehrlichmitprobe><at>11</at><pa>7</pa><behinderung>BE-1</behinderung><mirakelplus>false</mirakelplus><mirakelminus>false</mirakelminus><metatalent>false</metatalent><bereich>Kampf</bereich><komplexität>D</komplexität><lernkomplexität>E</lernkomplexität><spezialisierungen></spezialisierungen></talent><talent><name>Hiebwaffen</name><meisterhandwerk>false</meisterhandwerk><leittalent>false</leittalent><basis>true</basis><nameausfuehrlich>Hiebwaffen  (B)</nameausfuehrlich><wert>0</wert><probe>GE/GE/KK</probe><probenwerte>10/10/11</probenwerte><nameausfuehrlichmitprobe>Hiebwaffen  (B)(GE/GE/KK)</nameausfuehrlichmitprobe><at>7</at><pa>7</pa><behinderung>BE-4</behinderung><mirakelplus>false</mirakelplus><mirakelminus>false</mirakelminus><metatalent>false</metatalent><bereich>Kampf</bereich><komplexität>D</komplexität><lernkomplexität>E</lernkomplexität><spezialisierungen></spezialisierungen></talent><talent><name>Raufen</name><meisterhandwerk>false</meisterhandwerk><leittalent>false</leittalent><basis>true</basis><nameausfuehrlich>Raufen  (B)</nameausfuehrlich><wert>1</wert><probe>GE/GE/KK</probe><probenwerte>10/10/11</probenwerte><nameausfuehrlichmitprobe>Raufen  (B)(GE/GE/KK)</nameausfuehrlichmitprobe><at>8</at><pa>7</pa><behinderung>BE</behinderung><mirakelplus>false</mirakelplus><mirakelminus>false</mirakelminus><metatalent>false</metatalent><bereich>Kampf</bereich><komplexität>C</komplexität><lernkomplexität>D</lernkomplexität><spezialisierungen></spezialisierungen></talent><talent><name>Ringen</name><meisterhandwerk>false</meisterhandwerk><leittalent>false</leittalent><basis>true</basis><nameausfuehrlich>Ringen  (B)</nameausfuehrlich><wert>3</wert><probe>GE/GE/KK</probe><probenwerte>10/10/11</probenwerte><nameausfuehrlichmitprobe>Ringen  (B)(GE/GE/KK)</nameausfuehrlichmitprobe><at>7</at><pa>10</pa><behinderung>BE</behinderung><mirakelplus>false</mirakelplus><mirakelminus>false</mirakelminus><metatalent>false</metatalent><bereich>Kampf</bereich><komplexität>D</komplexität><lernkomplexität>E</lernkomplexität><spezialisierungen></spezialisierungen></talent><talent><name>Säbel</name><meisterhandwerk>false</meisterhandwerk><leittalent>false</leittalent><basis>true</basis><nameausfuehrlich>Säbel  (B)</nameausfuehrlich><wert>0</wert><probe>GE/GE/KK</probe><probenwerte>10/10/11</probenwerte><nameausfuehrlichmitprobe>Säbel  (B)(GE/GE/KK)</nameausfuehrlichmitprobe><at>7</at><pa>7</pa><behinderung>BE-2</behinderung><mirakelplus>false</mirakelplus><mirakelminus>false</mirakelminus><metatalent>false</metatalent><bereich>Kampf</bereich><komplexität>D</komplexität><lernkomplexität>E</lernkomplexität><spezialisierungen></spezialisierungen></talent><talent><name>Speere</name><meisterhandwerk>false</meisterhandwerk><leittalent>false</leittalent><basis>false</basis><nameausfuehrlich>Speere</nameausfuehrlich><wert>1</wert><probe>GE/GE/KK</probe><probenwerte>10/10/11</probenwerte><nameausfuehrlichmitprobe>Speere (GE/GE/KK)</nameausfuehrlichmitprobe><at>8</at><pa>7</pa><behinderung>BE-3</behinderung><mirakelplus>false</mirakelplus><mirakelminus>false</mirakelminus><metatalent>false</metatalent><bereich>Kampf</bereich><komplexität>D</komplexität><lernkomplexität>E</lernkomplexität><spezialisierungen></spezialisierungen></talent><talent><name>Stäbe</name><meisterhandwerk>false</meisterhandwerk><leittalent>false</leittalent><basis>false</basis><nameausfuehrlich>Stäbe</nameausfuehrlich><wert>1</wert><probe>GE/GE/KK</probe><probenwerte>10/10/11</probenwerte><nameausfuehrlichmitprobe>Stäbe (GE/GE/KK)</nameausfuehrlichmitprobe><at>7</at><pa>8</pa><behinderung>BE-2</behinderung><mirakelplus>false</mirakelplus><mirakelminus>false</mirakelminus><metatalent>false</metatalent><bereich>Kampf</bereich><komplexität>D</komplexität><lernkomplexität>E</lernkomplexität><spezialisierungen></spezialisierungen></talent><talent><name>Wurfmesser</name><meisterhandwerk>false</meisterhandwerk><leittalent>false</leittalent><basis>true</basis><nameausfuehrlich>Wurfmesser  (B)</nameausfuehrlich><wert>0</wert><probe>GE/FF/KK</probe><probenwerte>10/11/11</probenwerte><nameausfuehrlichmitprobe>Wurfmesser  (B)(GE/FF/KK)</nameausfuehrlichmitprobe><at>7</at><pa></pa><behinderung>BE-3</behinderung><mirakelplus>false</mirakelplus><mirakelminus>false</mirakelminus><metatalent>false</metatalent><bereich>Kampf</bereich><komplexität>C</komplexität><lernkomplexität>C</lernkomplexität><spezialisierungen></spezialisierungen></talent><talent><name>Athletik</name><meisterhandwerk>false</meisterhandwerk><leittalent>false</leittalent><basis>true</basis><nameausfuehrlich>Athletik  (B)</nameausfuehrlich><wert>2</wert><probe>GE/KO/KK</probe><probenwerte>10/12/11</probenwerte><nameausfuehrlichmitprobe>Athletik  (B)(GE/KO/KK)</nameausfuehrlichmitprobe><behinderung>BEx2</behinderung><mirakelplus>false</mirakelplus><mirakelminus>false</mirakelminus><metatalent>false</metatalent><bereich>Körperlich</bereich><komplexität>D</komplexität><lernkomplexität>D</lernkomplexität><spezialisierungen></spezialisierungen></talent><talent><name>Klettern</name><meisterhandwerk>false</meisterhandwerk><leittalent>false</leittalent><basis>true</basis><nameausfuehrlich>Klettern  (B)</nameausfuehrlich><wert>2</wert><probe>MU/GE/KK</probe><probenwerte>14/10/11</probenwerte><nameausfuehrlichmitprobe>Klettern  (B)(MU/GE/KK)</nameausfuehrlichmitprobe><behinderung>BEx2</behinderung><mirakelplus>false</mirakelplus><mirakelminus>false</mirakelminus><metatalent>false</metatalent><bereich>Körperlich</bereich><komplexität>D</komplexität><lernkomplexität>D</lernkomplexität><spezialisierungen></spezialisierungen></talent><talent><name>Körperbeherrschung</name><meisterhandwerk>false</meisterhandwerk><leittalent>false</leittalent><basis>true</basis><nameausfuehrlich>Körperbeherrschung  (B)</nameausfuehrlich><wert>2</wert><probe>MU/IN/GE</probe><probenwerte>14/14/10</probenwerte><nameausfuehrlichmitprobe>Körperbeherrschung  (B)(MU/IN/GE)</nameausfuehrlichmitprobe><behinderung>BEx2</behinderung><mirakelplus>false</mirakelplus><mirakelminus>false</mirakelminus><metatalent>false</metatalent><bereich>Körperlich</bereich><komplexität>D</komplexität><lernkomplexität>D</lernkomplexität><spezialisierungen></spezialisierungen></talent><talent><name>Schleichen</name><meisterhandwerk>false</meisterhandwerk><leittalent>false</leittalent><basis>true</basis><nameausfuehrlich>Schleichen  (B)</nameausfuehrlich><wert>2</wert><probe>MU/IN/GE</probe><probenwerte>14/14/10</probenwerte><nameausfuehrlichmitprobe>Schleichen  (B)(MU/IN/GE)</nameausfuehrlichmitprobe><behinderung>BE</behinderung><mirakelplus>false</mirakelplus><mirakelminus>false</mirakelminus><metatalent>false</metatalent><bereich>Körperlich</bereich><komplexität>D</komplexität><lernkomplexität>D</lernkomplexität><spezialisierungen></spezialisierungen></talent><talent><name>Schwimmen</name><meisterhandwerk>false</meisterhandwerk><leittalent>false</leittalent><basis>true</basis><nameausfuehrlich>Schwimmen  (B)</nameausfuehrlich><wert>1</wert><probe>GE/KO/KK</probe><probenwerte>10/12/11</probenwerte><nameausfuehrlichmitprobe>Schwimmen  (B)(GE/KO/KK)</nameausfuehrlichmitprobe><behinderung>BEx2</behinderung><mirakelplus>false</mirakelplus><mirakelminus>false</mirakelminus><metatalent>false</metatalent><bereich>Körperlich</bereich><komplexität>D</komplexität><lernkomplexität>D</lernkomplexität><spezialisierungen></spezialisierungen></talent><talent><name>Selbstbeherrschung</name><meisterhandwerk>false</meisterhandwerk><leittalent>false</leittalent><basis>true</basis><nameausfuehrlich>Selbstbeherrschung  (B)</nameausfuehrlich><wert>3</wert><probe>MU/KO/KK</probe><probenwerte>14/12/11</probenwerte><nameausfuehrlichmitprobe>Selbstbeherrschung  (B)(MU/KO/KK)</nameausfuehrlichmitprobe><behinderung></behinderung><mirakelplus>false</mirakelplus><mirakelminus>false</mirakelminus><metatalent>false</metatalent><bereich>Körperlich</bereich><komplexität>D</komplexität><lernkomplexität>D</lernkomplexität><spezialisierungen></spezialisierungen></talent><talent><name>Sich verstecken</name><meisterhandwerk>false</meisterhandwerk><leittalent>false</leittalent><basis>true</basis><nameausfuehrlich>Sich verstecken  (B)</nameausfuehrlich><wert>2</wert><probe>MU/IN/GE</probe><probenwerte>14/14/10</probenwerte><nameausfuehrlichmitprobe>Sich verstecken  (B)(MU/IN/GE)</nameausfuehrlichmitprobe><behinderung>BE-2</behinderung><mirakelplus>false</mirakelplus><mirakelminus>false</mirakelminus><metatalent>false</metatalent><bereich>Körperlich</bereich><komplexität>D</komplexität><lernkomplexität>D</lernkomplexität><spezialisierungen></spezialisierungen></talent><talent><name>Singen</name><meisterhandwerk>false</meisterhandwerk><leittalent>false</leittalent><basis>true</basis><nameausfuehrlich>Singen  (B)</nameausfuehrlich><wert>0</wert><probe>IN/CH/CH</probe><probenwerte>14/14/14</probenwerte><nameausfuehrlichmitprobe>Singen  (B)(IN/CH/CH)</nameausfuehrlichmitprobe><behinderung>BE-3</behinderung><mirakelplus>false</mirakelplus><mirakelminus>false</mirakelminus><metatalent>false</metatalent><bereich>Körperlich</bereich><komplexität>D</komplexität><lernkomplexität>D</lernkomplexität><spezialisierungen></spezialisierungen></talent><talent><name>Sinnenschärfe</name><meisterhandwerk>false</meisterhandwerk><leittalent>false</leittalent><basis>true</basis><nameausfuehrlich>Sinnenschärfe  (B)</nameausfuehrlich><wert>2</wert><probe>KL/IN/IN</probe><probenwerte>14/14/14</probenwerte><nameausfuehrlichmitprobe>Sinnenschärfe  (B)(KL/IN/IN)</nameausfuehrlichmitprobe><behinderung>0-&gt;BE</behinderung><mirakelplus>false</mirakelplus><mirakelminus>false</mirakelminus><metatalent>false</metatalent><bereich>Körperlich</bereich><komplexität>D</komplexität><lernkomplexität>D</lernkomplexität><spezialisierungen></spezialisierungen></talent><talent><name>Tanzen</name><meisterhandwerk>false</meisterhandwerk><leittalent>false</leittalent><basis>true</basis><nameausfuehrlich>Tanzen  (B)</nameausfuehrlich><wert>1</wert><probe>CH/GE/GE</probe><probenwerte>14/10/10</probenwerte><nameausfuehrlichmitprobe>Tanzen  (B)(CH/GE/GE)</nameausfuehrlichmitprobe><behinderung>BEx2</behinderung><mirakelplus>false</mirakelplus><mirakelminus>false</mirakelminus><metatalent>false</metatalent><bereich>Körperlich</bereich><komplexität>D</komplexität><lernkomplexität>D</lernkomplexität><spezialisierungen></spezialisierungen></talent><talent><name>Zechen</name><meisterhandwerk>false</meisterhandwerk><leittalent>false</leittalent><basis>true</basis><nameausfuehrlich>Zechen  (B)</nameausfuehrlich><wert>0</wert><probe>IN/KO/KK</probe><probenwerte>14/12/11</probenwerte><nameausfuehrlichmitprobe>Zechen  (B)(IN/KO/KK)</nameausfuehrlichmitprobe><behinderung></behinderung><mirakelplus>false</mirakelplus><mirakelminus>false</mirakelminus><metatalent>false</metatalent><bereich>Körperlich</bereich><komplexität>D</komplexität><lernkomplexität>D</lernkomplexität><spezialisierungen></spezialisierungen></talent><talent><name>Betören</name><meisterhandwerk>false</meisterhandwerk><leittalent>false</leittalent><basis>false</basis><nameausfuehrlich>Betören</nameausfuehrlich><wert>6</wert><probe>IN/CH/CH</probe><probenwerte>14/14/14</probenwerte><nameausfuehrlichmitprobe>Betören (IN/CH/CH)</nameausfuehrlichmitprobe><behinderung></behinderung><mirakelplus>false</mirakelplus><mirakelminus>false</mirakelminus><metatalent>false</metatalent><bereich>Gesellschaft</bereich><komplexität>B</komplexität><lernkomplexität>B</lernkomplexität><spezialisierungen></spezialisierungen></talent><talent><name>Etikette</name><meisterhandwerk>false</meisterhandwerk><leittalent>false</leittalent><basis>false</basis><nameausfuehrlich>Etikette</nameausfuehrlich><wert>4</wert><probe>KL/IN/CH</probe><probenwerte>14/14/14</probenwerte><nameausfuehrlichmitprobe>Etikette (KL/IN/CH)</nameausfuehrlichmitprobe><behinderung></behinderung><mirakelplus>false</mirakelplus><mirakelminus>false</mirakelminus><metatalent>false</metatalent><bereich>Gesellschaft</bereich><komplexität>B</komplexität><lernkomplexität>B</lernkomplexität><spezialisierungen></spezialisierungen></talent><talent><name>Gassenwissen</name><meisterhandwerk>false</meisterhandwerk><leittalent>false</leittalent><basis>false</basis><nameausfuehrlich>Gassenwissen</nameausfuehrlich><wert>2</wert><probe>KL/IN/CH</probe><probenwerte>14/14/14</probenwerte><nameausfuehrlichmitprobe>Gassenwissen (KL/IN/CH)</nameausfuehrlichmitprobe><behinderung></behinderung><mirakelplus>false</mirakelplus><mirakelminus>false</mirakelminus><metatalent>false</metatalent><bereich>Gesellschaft</bereich><komplexität>B</komplexität><lernkomplexität>B</lernkomplexität><spezialisierungen></spezialisierungen></talent><talent><name>Lehren</name><meisterhandwerk>false</meisterhandwerk><leittalent>false</leittalent><basis>false</basis><nameausfuehrlich>Lehren</nameausfuehrlich><wert>4</wert><probe>KL/IN/CH</probe><probenwerte>14/14/14</probenwerte><nameausfuehrlichmitprobe>Lehren (KL/IN/CH)</nameausfuehrlichmitprobe><behinderung></behinderung><mirakelplus>false</mirakelplus><mirakelminus>false</mirakelminus><metatalent>false</metatalent><bereich>Gesellschaft</bereich><komplexität>B</komplexität><lernkomplexität>B</lernkomplexität><spezialisierungen></spezialisierungen></talent><talent><name>Menschenkenntnis</name><meisterhandwerk>false</meisterhandwerk><leittalent>false</leittalent><basis>true</basis><nameausfuehrlich>Menschenkenntnis  (B)</nameausfuehrlich><wert>6</wert><probe>KL/IN/CH</probe><probenwerte>14/14/14</probenwerte><nameausfuehrlichmitprobe>Menschenkenntnis  (B)(KL/IN/CH)</nameausfuehrlichmitprobe><behinderung></behinderung><mirakelplus>false</mirakelplus><mirakelminus>false</mirakelminus><metatalent>false</metatalent><bereich>Gesellschaft</bereich><komplexität>B</komplexität><lernkomplexität>B</lernkomplexität><spezialisierungen></spezialisierungen></talent><talent><name>Sich verkleiden</name><meisterhandwerk>false</meisterhandwerk><leittalent>false</leittalent><basis>false</basis><nameausfuehrlich>Sich verkleiden</nameausfuehrlich><wert>3</wert><probe>MU/CH/GE</probe><probenwerte>14/14/10</probenwerte><nameausfuehrlichmitprobe>Sich verkleiden (MU/CH/GE)</nameausfuehrlichmitprobe><behinderung></behinderung><mirakelplus>false</mirakelplus><mirakelminus>false</mirakelminus><metatalent>false</metatalent><bereich>Gesellschaft</bereich><komplexität>B</komplexität><lernkomplexität>B</lernkomplexität><spezialisierungen></spezialisierungen></talent><talent><name>Überreden</name><meisterhandwerk>false</meisterhandwerk><leittalent>false</leittalent><basis>true</basis><nameausfuehrlich>Überreden  (B)</nameausfuehrlich><wert>5</wert><probe>MU/IN/CH</probe><probenwerte>14/14/14</probenwerte><nameausfuehrlichmitprobe>Überreden  (B)(MU/IN/CH)</nameausfuehrlichmitprobe><behinderung></behinderung><mirakelplus>false</mirakelplus><mirakelminus>false</mirakelminus><metatalent>false</metatalent><bereich>Gesellschaft</bereich><komplexität>B</komplexität><lernkomplexität>B</lernkomplexität><spezialisierungen></spezialisierungen></talent><talent><name>Überzeugen</name><meisterhandwerk>false</meisterhandwerk><leittalent>false</leittalent><basis>false</basis><nameausfuehrlich>Überzeugen</nameausfuehrlich><wert>4</wert><probe>KL/IN/CH</probe><probenwerte>14/14/14</probenwerte><nameausfuehrlichmitprobe>Überzeugen (KL/IN/CH)</nameausfuehrlichmitprobe><behinderung></behinderung><mirakelplus>false</mirakelplus><mirakelminus>false</mirakelminus><metatalent>false</metatalent><bereich>Gesellschaft</bereich><komplexität>B</komplexität><lernkomplexität>B</lernkomplexität><spezialisierungen></spezialisierungen></talent><talent><name>Ansitzjagd incl Waffe</name><meisterhandwerk>false</meisterhandwerk><leittalent>false</leittalent><basis>false</basis><nameausfuehrlich>Ansitzjagd incl Waffe</nameausfuehrlich><wert>1</wert><probe>MU/IN/GE</probe><probenwerte>14/14/10</probenwerte><nameausfuehrlichmitprobe>Ansitzjagd incl Waffe (MU/IN/GE)</nameausfuehrlichmitprobe><behinderung></behinderung><mirakelplus>false</mirakelplus><mirakelminus>false</mirakelminus><metatalent>true</metatalent><bereich>Natur</bereich><komplexität>B</komplexität><lernkomplexität>B</lernkomplexität><spezialisierungen></spezialisierungen></talent><talent><name>Fährtensuchen</name><meisterhandwerk>false</meisterhandwerk><leittalent>false</leittalent><basis>true</basis><nameausfuehrlich>Fährtensuchen  (B)</nameausfuehrlich><wert>1</wert><probe>KL/IN/KO</probe><probenwerte>14/14/12</probenwerte><nameausfuehrlichmitprobe>Fährtensuchen  (B)(KL/IN/KO)</nameausfuehrlichmitprobe><behinderung></behinderung><mirakelplus>false</mirakelplus><mirakelminus>false</mirakelminus><metatalent>false</metatalent><bereich>Natur</bereich><komplexität>B</komplexität><lernkomplexität>B</lernkomplexität><spezialisierungen></spezialisierungen></talent><talent><name>Kräuter suchen</name><meisterhandwerk>false</meisterhandwerk><leittalent>false</leittalent><basis>false</basis><nameausfuehrlich>Kräuter suchen</nameausfuehrlich><wert>1</wert><probe>MU/IN/FF</probe><probenwerte>14/14/11</probenwerte><nameausfuehrlichmitprobe>Kräuter suchen (MU/IN/FF)</nameausfuehrlichmitprobe><behinderung></behinderung><mirakelplus>false</mirakelplus><mirakelminus>false</mirakelminus><metatalent>true</metatalent><bereich>Natur</bereich><komplexität>B</komplexität><lernkomplexität>B</lernkomplexität><spezialisierungen></spezialisierungen></talent><talent><name>Nahrung sammeln</name><meisterhandwerk>false</meisterhandwerk><leittalent>false</leittalent><basis>false</basis><nameausfuehrlich>Nahrung sammeln</nameausfuehrlich><wert>1</wert><probe>MU/IN/FF</probe><probenwerte>14/14/11</probenwerte><nameausfuehrlichmitprobe>Nahrung sammeln (MU/IN/FF)</nameausfuehrlichmitprobe><behinderung></behinderung><mirakelplus>false</mirakelplus><mirakelminus>false</mirakelminus><metatalent>true</metatalent><bereich>Natur</bereich><komplexität>B</komplexität><lernkomplexität>B</lernkomplexität><spezialisierungen></spezialisierungen></talent><talent><name>Orientierung</name><meisterhandwerk>false</meisterhandwerk><leittalent>false</leittalent><basis>true</basis><nameausfuehrlich>Orientierung  (B)</nameausfuehrlich><wert>0</wert><probe>KL/IN/IN</probe><probenwerte>14/14/14</probenwerte><nameausfuehrlichmitprobe>Orientierung  (B)(KL/IN/IN)</nameausfuehrlichmitprobe><behinderung></behinderung><mirakelplus>false</mirakelplus><mirakelminus>false</mirakelminus><metatalent>false</metatalent><bereich>Natur</bereich><komplexität>B</komplexität><lernkomplexität>B</lernkomplexität><spezialisierungen></spezialisierungen></talent><talent><name>Pirschjagd incl Waffe</name><meisterhandwerk>false</meisterhandwerk><leittalent>false</leittalent><basis>false</basis><nameausfuehrlich>Pirschjagd incl Waffe</nameausfuehrlich><wert>1</wert><probe>MU/IN/GE</probe><probenwerte>14/14/10</probenwerte><nameausfuehrlichmitprobe>Pirschjagd incl Waffe (MU/IN/GE)</nameausfuehrlichmitprobe><behinderung></behinderung><mirakelplus>false</mirakelplus><mirakelminus>false</mirakelminus><metatalent>true</metatalent><bereich>Natur</bereich><komplexität>B</komplexität><lernkomplexität>B</lernkomplexität><spezialisierungen></spezialisierungen></talent><talent><name>Wettervorhersage</name><meisterhandwerk>false</meisterhandwerk><leittalent>false</leittalent><basis>false</basis><nameausfuehrlich>Wettervorhersage</nameausfuehrlich><wert>1</wert><probe>KL/IN/IN</probe><probenwerte>14/14/14</probenwerte><nameausfuehrlichmitprobe>Wettervorhersage (KL/IN/IN)</nameausfuehrlichmitprobe><behinderung></behinderung><mirakelplus>false</mirakelplus><mirakelminus>false</mirakelminus><metatalent>false</metatalent><bereich>Natur</bereich><komplexität>B</komplexität><lernkomplexität>B</lernkomplexität><spezialisierungen></spezialisierungen></talent><talent><name>Wildnisleben</name><meisterhandwerk>false</meisterhandwerk><leittalent>false</leittalent><basis>true</basis><nameausfuehrlich>Wildnisleben  (B)</nameausfuehrlich><wert>1</wert><probe>IN/GE/KO</probe><probenwerte>14/10/12</probenwerte><nameausfuehrlichmitprobe>Wildnisleben  (B)(IN/GE/KO)</nameausfuehrlichmitprobe><behinderung></behinderung><mirakelplus>false</mirakelplus><mirakelminus>false</mirakelminus><metatalent>false</metatalent><bereich>Natur</bereich><komplexität>B</komplexität><lernkomplexität>B</lernkomplexität><spezialisierungen></spezialisierungen></talent><talent><name>Brett-/Kartenspiel</name><meisterhandwerk>false</meisterhandwerk><leittalent>false</leittalent><basis>false</basis><nameausfuehrlich>Brett-/Kartenspiel</nameausfuehrlich><wert>3</wert><probe>KL/KL/IN</probe><probenwerte>14/14/14</probenwerte><nameausfuehrlichmitprobe>Brett-/Kartenspiel (KL/KL/IN)</nameausfuehrlichmitprobe><behinderung></behinderung><mirakelplus>false</mirakelplus><mirakelminus>false</mirakelminus><metatalent>false</metatalent><bereich>Wissen</bereich><komplexität>B</komplexität><lernkomplexität>B</lernkomplexität><spezialisierungen></spezialisierungen></talent><talent><name>Geschichtswissen</name><meisterhandwerk>false</meisterhandwerk><leittalent>false</leittalent><basis>false</basis><nameausfuehrlich>Geschichtswissen</nameausfuehrlich><wert>4</wert><probe>KL/KL/IN</probe><probenwerte>14/14/14</probenwerte><nameausfuehrlichmitprobe>Geschichtswissen (KL/KL/IN)</nameausfuehrlichmitprobe><behinderung></behinderung><mirakelplus>false</mirakelplus><mirakelminus>false</mirakelminus><metatalent>false</metatalent><bereich>Wissen</bereich><komplexität>B</komplexität><lernkomplexität>B</lernkomplexität><spezialisierungen></spezialisierungen></talent><talent><name>Götter und Kulte</name><meisterhandwerk>false</meisterhandwerk><leittalent>false</leittalent><basis>true</basis><nameausfuehrlich>Götter und Kulte  (B)</nameausfuehrlich><wert>3</wert><probe>KL/KL/IN</probe><probenwerte>14/14/14</probenwerte><nameausfuehrlichmitprobe>Götter und Kulte  (B)(KL/KL/IN)</nameausfuehrlichmitprobe><behinderung></behinderung><mirakelplus>false</mirakelplus><mirakelminus>false</mirakelminus><metatalent>false</metatalent><bereich>Wissen</bereich><komplexität>B</komplexität><lernkomplexität>B</lernkomplexität><spezialisierungen></spezialisierungen></talent><talent><name>Magiekunde</name><meisterhandwerk>false</meisterhandwerk><leittalent>false</leittalent><basis>false</basis><nameausfuehrlich>Magiekunde</nameausfuehrlich><wert>6</wert><probe>KL/KL/IN</probe><probenwerte>14/14/14</probenwerte><nameausfuehrlichmitprobe>Magiekunde (KL/KL/IN)</nameausfuehrlichmitprobe><behinderung></behinderung><mirakelplus>false</mirakelplus><mirakelminus>false</mirakelminus><metatalent>false</metatalent><bereich>Wissen</bereich><komplexität>B</komplexität><lernkomplexität>B</lernkomplexität><spezialisierungen></spezialisierungen></talent><talent><name>Pflanzenkunde</name><meisterhandwerk>false</meisterhandwerk><leittalent>false</leittalent><basis>false</basis><nameausfuehrlich>Pflanzenkunde</nameausfuehrlich><wert>1</wert><probe>KL/IN/FF</probe><probenwerte>14/14/11</probenwerte><nameausfuehrlichmitprobe>Pflanzenkunde (KL/IN/FF)</nameausfuehrlichmitprobe><behinderung></behinderung><mirakelplus>false</mirakelplus><mirakelminus>false</mirakelminus><metatalent>false</metatalent><bereich>Wissen</bereich><komplexität>B</komplexität><lernkomplexität>B</lernkomplexität><spezialisierungen></spezialisierungen></talent><talent><name>Philosophie</name><meisterhandwerk>false</meisterhandwerk><leittalent>false</leittalent><basis>false</basis><nameausfuehrlich>Philosophie</nameausfuehrlich><wert>3</wert><probe>KL/KL/IN</probe><probenwerte>14/14/14</probenwerte><nameausfuehrlichmitprobe>Philosophie (KL/KL/IN)</nameausfuehrlichmitprobe><behinderung></behinderung><mirakelplus>false</mirakelplus><mirakelminus>false</mirakelminus><metatalent>false</metatalent><bereich>Wissen</bereich><komplexität>B</komplexität><lernkomplexität>B</lernkomplexität><spezialisierungen></spezialisierungen></talent><talent><name>Rechnen</name><meisterhandwerk>false</meisterhandwerk><leittalent>false</leittalent><basis>true</basis><nameausfuehrlich>Rechnen  (B)</nameausfuehrlich><wert>6</wert><probe>KL/KL/IN</probe><probenwerte>14/14/14</probenwerte><nameausfuehrlichmitprobe>Rechnen  (B)(KL/KL/IN)</nameausfuehrlichmitprobe><behinderung></behinderung><mirakelplus>false</mirakelplus><mirakelminus>false</mirakelminus><metatalent>false</metatalent><bereich>Wissen</bereich><komplexität>B</komplexität><lernkomplexität>B</lernkomplexität><spezialisierungen></spezialisierungen></talent><talent><name>Rechtskunde</name><meisterhandwerk>false</meisterhandwerk><leittalent>false</leittalent><basis>false</basis><nameausfuehrlich>Rechtskunde</nameausfuehrlich><wert>2</wert><probe>KL/KL/IN</probe><probenwerte>14/14/14</probenwerte><nameausfuehrlichmitprobe>Rechtskunde (KL/KL/IN)</nameausfuehrlichmitprobe><behinderung></behinderung><mirakelplus>false</mirakelplus><mirakelminus>false</mirakelminus><metatalent>false</metatalent><bereich>Wissen</bereich><komplexität>B</komplexität><lernkomplexität>B</lernkomplexität><spezialisierungen></spezialisierungen></talent><talent><name>Sagen und Legenden</name><meisterhandwerk>false</meisterhandwerk><leittalent>false</leittalent><basis>true</basis><nameausfuehrlich>Sagen und Legenden  (B)</nameausfuehrlich><wert>7</wert><probe>KL/IN/CH</probe><probenwerte>14/14/14</probenwerte><nameausfuehrlichmitprobe>Sagen und Legenden  (B)(KL/IN/CH)</nameausfuehrlichmitprobe><behinderung></behinderung><mirakelplus>false</mirakelplus><mirakelminus>false</mirakelminus><metatalent>false</metatalent><bereich>Wissen</bereich><komplexität>B</komplexität><lernkomplexität>B</lernkomplexität><spezialisierungen></spezialisierungen></talent><talent><name>Sternkunde</name><meisterhandwerk>false</meisterhandwerk><leittalent>false</leittalent><basis>false</basis><nameausfuehrlich>Sternkunde</nameausfuehrlich><wert>4</wert><probe>KL/KL/IN</probe><probenwerte>14/14/14</probenwerte><nameausfuehrlichmitprobe>Sternkunde (KL/KL/IN)</nameausfuehrlichmitprobe><behinderung></behinderung><mirakelplus>false</mirakelplus><mirakelminus>false</mirakelminus><metatalent>false</metatalent><bereich>Wissen</bereich><komplexität>B</komplexität><lernkomplexität>B</lernkomplexität><spezialisierungen></spezialisierungen></talent><talent><name>Tierkunde</name><meisterhandwerk>false</meisterhandwerk><leittalent>false</leittalent><basis>false</basis><nameausfuehrlich>Tierkunde</nameausfuehrlich><wert>2</wert><probe>MU/KL/IN</probe><probenwerte>14/14/14</probenwerte><nameausfuehrlichmitprobe>Tierkunde (MU/KL/IN)</nameausfuehrlichmitprobe><behinderung></behinderung><mirakelplus>false</mirakelplus><mirakelminus>false</mirakelminus><metatalent>false</metatalent><bereich>Wissen</bereich><komplexität>B</komplexität><lernkomplexität>B</lernkomplexität><spezialisierungen></spezialisierungen></talent><talent><name>Bosparano</name><meisterhandwerk>false</meisterhandwerk><leittalent>false</leittalent><basis>false</basis><nameausfuehrlich>Bosparano</nameausfuehrlich><wert>6</wert><probe>KL/IN/CH</probe><probenwerte>14/14/14</probenwerte><nameausfuehrlichmitprobe>Bosparano (KL/IN/CH)</nameausfuehrlichmitprobe><sprachkomplexität>21</sprachkomplexität><behinderung></behinderung><mirakelplus>false</mirakelplus><mirakelminus>false</mirakelminus><metatalent>false</metatalent><bereich>Sprachen</bereich><komplexität>A</komplexität><lernkomplexität>B</lernkomplexität><spezialisierungen></spezialisierungen></talent><talent><name>Garethi</name><meisterhandwerk>false</meisterhandwerk><leittalent>false</leittalent><basis>false</basis><nameausfuehrlich>Garethi</nameausfuehrlich><wert>10</wert><probe>KL/IN/CH</probe><probenwerte>14/14/14</probenwerte><nameausfuehrlichmitprobe>Garethi (KL/IN/CH)</nameausfuehrlichmitprobe><sprachkomplexität>18</sprachkomplexität><zweitlehrsprache>true</zweitlehrsprache><behinderung></behinderung><mirakelplus>false</mirakelplus><mirakelminus>false</mirakelminus><metatalent>false</metatalent><bereich>Sprachen</bereich><komplexität>A</komplexität><lernkomplexität>A</lernkomplexität><spezialisierungen></spezialisierungen></talent><talent><name>Tulamidya</name><meisterhandwerk>false</meisterhandwerk><leittalent>false</leittalent><basis>false</basis><nameausfuehrlich>Tulamidya</nameausfuehrlich><wert>16</wert><probe>KL/IN/CH</probe><probenwerte>14/14/14</probenwerte><nameausfuehrlichmitprobe>Tulamidya (KL/IN/CH)</nameausfuehrlichmitprobe><sprachkomplexität>18</sprachkomplexität><muttersprache>true</muttersprache><zweitlehrsprache>true</zweitlehrsprache><behinderung></behinderung><mirakelplus>false</mirakelplus><mirakelminus>false</mirakelminus><metatalent>false</metatalent><bereich>Sprachen</bereich><komplexität>A</komplexität><lernkomplexität>A</lernkomplexität><spezialisierungen></spezialisierungen></talent><talent><name>Urtulamidya</name><meisterhandwerk>false</meisterhandwerk><leittalent>false</leittalent><basis>false</basis><nameausfuehrlich>Urtulamidya</nameausfuehrlich><wert>7</wert><probe>KL/IN/CH</probe><probenwerte>14/14/14</probenwerte><nameausfuehrlichmitprobe>Urtulamidya (KL/IN/CH)</nameausfuehrlichmitprobe><sprachkomplexität>21</sprachkomplexität><behinderung></behinderung><mirakelplus>false</mirakelplus><mirakelminus>false</mirakelminus><metatalent>false</metatalent><bereich>Sprachen</bereich><komplexität>A</komplexität><lernkomplexität>A</lernkomplexität><spezialisierungen></spezialisierungen></talent><talent><name>Zhayad</name><meisterhandwerk>false</meisterhandwerk><leittalent>false</leittalent><basis>false</basis><nameausfuehrlich>Zhayad</nameausfuehrlich><wert>4</wert><probe>KL/IN/CH</probe><probenwerte>14/14/14</probenwerte><nameausfuehrlichmitprobe>Zhayad (KL/IN/CH)</nameausfuehrlichmitprobe><sprachkomplexität>15</sprachkomplexität><behinderung></behinderung><mirakelplus>false</mirakelplus><mirakelminus>false</mirakelminus><metatalent>false</metatalent><bereich>Sprachen</bereich><komplexität>A</komplexität><lernkomplexität>B</lernkomplexität><spezialisierungen></spezialisierungen></talent><talent><name>L/S Kusliker Zeichen</name><meisterhandwerk>false</meisterhandwerk><leittalent>false</leittalent><basis>false</basis><nameausfuehrlich>L/S Kusliker Zeichen</nameausfuehrlich><wert>8</wert><probe>KL/KL/FF</probe><probenwerte>14/14/11</probenwerte><nameausfuehrlichmitprobe>L/S Kusliker Zeichen (KL/KL/FF)</nameausfuehrlichmitprobe><sprachkomplexität>10</sprachkomplexität><schriftmuttersprache>true</schriftmuttersprache><behinderung></behinderung><mirakelplus>false</mirakelplus><mirakelminus>false</mirakelminus><metatalent>false</metatalent><bereich>Schriften</bereich><komplexität>A</komplexität><lernkomplexität>A</lernkomplexität><spezialisierungen></spezialisierungen></talent><talent><name>L/S Tulamidya</name><meisterhandwerk>false</meisterhandwerk><leittalent>false</leittalent><basis>false</basis><nameausfuehrlich>L/S Tulamidya</nameausfuehrlich><wert>8</wert><probe>KL/KL/FF</probe><probenwerte>14/14/11</probenwerte><nameausfuehrlichmitprobe>L/S Tulamidya (KL/KL/FF)</nameausfuehrlichmitprobe><sprachkomplexität>14</sprachkomplexität><behinderung></behinderung><mirakelplus>false</mirakelplus><mirakelminus>false</mirakelminus><metatalent>false</metatalent><bereich>Schriften</bereich><komplexität>A</komplexität><lernkomplexität>A</lernkomplexität><spezialisierungen></spezialisierungen></talent><talent><name>L/S Urtulamidya</name><meisterhandwerk>false</meisterhandwerk><leittalent>false</leittalent><basis>false</basis><nameausfuehrlich>L/S Urtulamidya</nameausfuehrlich><wert>6</wert><probe>KL/KL/FF</probe><probenwerte>14/14/11</probenwerte><nameausfuehrlichmitprobe>L/S Urtulamidya (KL/KL/FF)</nameausfuehrlichmitprobe><sprachkomplexität>16</sprachkomplexität><behinderung></behinderung><mirakelplus>false</mirakelplus><mirakelminus>false</mirakelminus><metatalent>false</metatalent><bereich>Schriften</bereich><komplexität>A</komplexität><lernkomplexität>A</lernkomplexität><spezialisierungen></spezialisierungen></talent><talent><name>L/S Zhayad</name><meisterhandwerk>false</meisterhandwerk><leittalent>false</leittalent><basis>false</basis><nameausfuehrlich>L/S Zhayad</nameausfuehrlich><wert>4</wert><probe>KL/KL/FF</probe><probenwerte>14/14/11</probenwerte><nameausfuehrlichmitprobe>L/S Zhayad (KL/KL/FF)</nameausfuehrlichmitprobe><sprachkomplexität>18</sprachkomplexität><behinderung></behinderung><mirakelplus>false</mirakelplus><mirakelminus>false</mirakelminus><metatalent>false</metatalent><bereich>Schriften</bereich><komplexität>A</komplexität><lernkomplexität>B</lernkomplexität><spezialisierungen></spezialisierungen></talent><talent><name>Ackerbau</name><meisterhandwerk>false</meisterhandwerk><leittalent>false</leittalent><basis>false</basis><nameausfuehrlich>Ackerbau</nameausfuehrlich><wert>1</wert><probe>IN/FF/KO</probe><probenwerte>14/11/12</probenwerte><nameausfuehrlichmitprobe>Ackerbau (IN/FF/KO)</nameausfuehrlichmitprobe><behinderung></behinderung><mirakelplus>false</mirakelplus><mirakelminus>false</mirakelminus><metatalent>false</metatalent><bereich>Handwerk</bereich><komplexität>B</komplexität><lernkomplexität>B</lernkomplexität><spezialisierungen></spezialisierungen></talent><talent><name>Alchimie</name><meisterhandwerk>false</meisterhandwerk><leittalent>false</leittalent><basis>false</basis><nameausfuehrlich>Alchimie</nameausfuehrlich><wert>3</wert><probe>MU/KL/FF</probe><probenwerte>14/14/11</probenwerte><nameausfuehrlichmitprobe>Alchimie (MU/KL/FF)</nameausfuehrlichmitprobe><behinderung></behinderung><mirakelplus>false</mirakelplus><mirakelminus>false</mirakelminus><metatalent>false</metatalent><bereich>Handwerk</bereich><komplexität>B</komplexität><lernkomplexität>B</lernkomplexität><spezialisierungen></spezialisierungen></talent><talent><name>Heilkunde: Gift</name><meisterhandwerk>false</meisterhandwerk><leittalent>false</leittalent><basis>false</basis><nameausfuehrlich>Heilkunde: Gift</nameausfuehrlich><wert>1</wert><probe>MU/KL/IN</probe><probenwerte>14/14/14</probenwerte><nameausfuehrlichmitprobe>Heilkunde: Gift (MU/KL/IN)</nameausfuehrlichmitprobe><behinderung></behinderung><mirakelplus>false</mirakelplus><mirakelminus>false</mirakelminus><metatalent>false</metatalent><bereich>Handwerk</bereich><komplexität>B</komplexität><lernkomplexität>B</lernkomplexität><spezialisierungen></spezialisierungen></talent><talent><name>Heilkunde: Seele</name><meisterhandwerk>false</meisterhandwerk><leittalent>false</leittalent><basis>false</basis><nameausfuehrlich>Heilkunde: Seele</nameausfuehrlich><wert>4</wert><probe>IN/CH/CH</probe><probenwerte>14/14/14</probenwerte><nameausfuehrlichmitprobe>Heilkunde: Seele (IN/CH/CH)</nameausfuehrlichmitprobe><behinderung></behinderung><mirakelplus>false</mirakelplus><mirakelminus>false</mirakelminus><metatalent>false</metatalent><bereich>Handwerk</bereich><komplexität>B</komplexität><lernkomplexität>B</lernkomplexität><spezialisierungen></spezialisierungen></talent><talent><name>Heilkunde: Wunden</name><meisterhandwerk>false</meisterhandwerk><leittalent>false</leittalent><basis>true</basis><nameausfuehrlich>Heilkunde: Wunden  (B)</nameausfuehrlich><wert>0</wert><probe>KL/CH/FF</probe><probenwerte>14/14/11</probenwerte><nameausfuehrlichmitprobe>Heilkunde: Wunden  (B)(KL/CH/FF)</nameausfuehrlichmitprobe><behinderung></behinderung><mirakelplus>false</mirakelplus><mirakelminus>false</mirakelminus><metatalent>false</metatalent><bereich>Handwerk</bereich><komplexität>B</komplexität><lernkomplexität>B</lernkomplexität><spezialisierungen></spezialisierungen></talent><talent><name>Holzbearbeitung</name><meisterhandwerk>false</meisterhandwerk><leittalent>false</leittalent><basis>true</basis><nameausfuehrlich>Holzbearbeitung  (B)</nameausfuehrlich><wert>5</wert><probe>KL/FF/KK</probe><probenwerte>14/11/11</probenwerte><nameausfuehrlichmitprobe>Holzbearbeitung  (B)(KL/FF/KK)</nameausfuehrlichmitprobe><behinderung></behinderung><mirakelplus>false</mirakelplus><mirakelminus>false</mirakelminus><metatalent>false</metatalent><bereich>Handwerk</bereich><komplexität>B</komplexität><lernkomplexität>B</lernkomplexität><spezialisierungen></spezialisierungen></talent><talent><name>Kochen</name><meisterhandwerk>false</meisterhandwerk><leittalent>false</leittalent><basis>true</basis><nameausfuehrlich>Kochen  (B)</nameausfuehrlich><wert>0</wert><probe>KL/IN/FF</probe><probenwerte>14/14/11</probenwerte><nameausfuehrlichmitprobe>Kochen  (B)(KL/IN/FF)</nameausfuehrlichmitprobe><behinderung></behinderung><mirakelplus>false</mirakelplus><mirakelminus>false</mirakelminus><metatalent>false</metatalent><bereich>Handwerk</bereich><komplexität>B</komplexität><lernkomplexität>B</lernkomplexität><spezialisierungen></spezialisierungen></talent><talent><name>Lederarbeiten</name><meisterhandwerk>false</meisterhandwerk><leittalent>false</leittalent><basis>true</basis><nameausfuehrlich>Lederarbeiten  (B)</nameausfuehrlich><wert>1</wert><probe>KL/FF/FF</probe><probenwerte>14/11/11</probenwerte><nameausfuehrlichmitprobe>Lederarbeiten  (B)(KL/FF/FF)</nameausfuehrlichmitprobe><behinderung></behinderung><mirakelplus>false</mirakelplus><mirakelminus>false</mirakelminus><metatalent>false</metatalent><bereich>Handwerk</bereich><komplexität>B</komplexität><lernkomplexität>B</lernkomplexität><spezialisierungen></spezialisierungen></talent><talent><name>Malen/Zeichnen</name><meisterhandwerk>false</meisterhandwerk><leittalent>false</leittalent><basis>true</basis><nameausfuehrlich>Malen/Zeichnen  (B)</nameausfuehrlich><wert>4</wert><probe>KL/IN/FF</probe><probenwerte>14/14/11</probenwerte><nameausfuehrlichmitprobe>Malen/Zeichnen  (B)(KL/IN/FF)</nameausfuehrlichmitprobe><behinderung></behinderung><mirakelplus>false</mirakelplus><mirakelminus>false</mirakelminus><metatalent>false</metatalent><bereich>Handwerk</bereich><komplexität>B</komplexität><lernkomplexität>B</lernkomplexität><spezialisierungen></spezialisierungen></talent><talent><name>Schneidern</name><meisterhandwerk>false</meisterhandwerk><leittalent>false</leittalent><basis>true</basis><nameausfuehrlich>Schneidern  (B)</nameausfuehrlich><wert>0</wert><probe>KL/FF/FF</probe><probenwerte>14/11/11</probenwerte><nameausfuehrlichmitprobe>Schneidern  (B)(KL/FF/FF)</nameausfuehrlichmitprobe><behinderung></behinderung><mirakelplus>false</mirakelplus><mirakelminus>false</mirakelminus><metatalent>false</metatalent><bereich>Handwerk</bereich><komplexität>B</komplexität><lernkomplexität>B</lernkomplexität><spezialisierungen></spezialisierungen></talent><talent><name>Viehzucht</name><meisterhandwerk>false</meisterhandwerk><leittalent>false</leittalent><basis>false</basis><nameausfuehrlich>Viehzucht</nameausfuehrlich><wert>2</wert><probe>KL/IN/KK</probe><probenwerte>14/14/11</probenwerte><nameausfuehrlichmitprobe>Viehzucht (KL/IN/KK)</nameausfuehrlichmitprobe><behinderung></behinderung><mirakelplus>false</mirakelplus><mirakelminus>false</mirakelminus><metatalent>false</metatalent><bereich>Handwerk</bereich><komplexität>B</komplexität><lernkomplexität>B</lernkomplexität><spezialisierungen></spezialisierungen></talent><talent><name>Webkunst</name><meisterhandwerk>false</meisterhandwerk><leittalent>false</leittalent><basis>false</basis><nameausfuehrlich>Webkunst</nameausfuehrlich><wert>1</wert><probe>FF/FF/KK</probe><probenwerte>11/11/11</probenwerte><nameausfuehrlichmitprobe>Webkunst (FF/FF/KK)</nameausfuehrlichmitprobe><behinderung></behinderung><mirakelplus>false</mirakelplus><mirakelminus>false</mirakelminus><metatalent>false</metatalent><bereich>Handwerk</bereich><komplexität>B</komplexität><lernkomplexität>B</lernkomplexität><spezialisierungen></spezialisierungen></talent><talent><name>Gildenmagie</name><meisterhandwerk>false</meisterhandwerk><leittalent>false</leittalent><basis>false</basis><nameausfuehrlich>Gildenmagie</nameausfuehrlich><wert>3</wert><probe>--/--/--</probe><probenwerte>1000/1000/1000</probenwerte><nameausfuehrlichmitprobe>Gildenmagie (--/--/--)</nameausfuehrlichmitprobe><behinderung></behinderung><mirakelplus>false</mirakelplus><mirakelminus>false</mirakelminus><metatalent>false</metatalent><bereich>Ritualkenntnis</bereich><komplexität>E</komplexität><lernkomplexität>E</lernkomplexität><spezialisierungen></spezialisierungen></talent></talentliste><zauberliste><zauber><name>Analys Arkanstruktur</name><variante></variante><namemitvariante>Analys Arkanstruktur</namemitvariante><nameausfuehrlich>Analys Arkanstruktur</nameausfuehrlich><wert>2</wert><spezialisierungen></spezialisierungen><probe>KL/KL/IN</probe><probenwerte>14/14/14</probenwerte><bereich>Zauber</bereich><komplexität>D</komplexität><lernkomplexität>D</lernkomplexität><hauszauber>false</hauszauber><hauszauberformatiert> </hauszauberformatiert><repräsentation>Magier</repräsentation><merkmale>Hell, Meta</merkmale><zauberdauer></zauberdauer><kosten></kosten><reichweite></reichweite><wirkungsdauer></wirkungsdauer><anmerkung></anmerkung><quelle buch="LCD" seite="22">LCD: 22</quelle><kontrollwert></kontrollwert><mr>+Mod</mr></zauber><zauber><name>Attributo</name><variante></variante><namemitvariante>Attributo</namemitvariante><nameausfuehrlich>Attributo</nameausfuehrlich><wert>2</wert><spezialisierungen></spezialisierungen><probe>KL/CH/**</probe><probenwerte>14/14/0</probenwerte><bereich>Zauber</bereich><komplexität>B</komplexität><lernkomplexität>B</lernkomplexität><hauszauber>false</hauszauber><hauszauberformatiert> </hauszauberformatiert><repräsentation>Magier</repräsentation><merkmale>Eign</merkmale><zauberdauer></zauberdauer><kosten></kosten><reichweite></reichweite><wirkungsdauer></wirkungsdauer><anmerkung></anmerkung><quelle buch="LCD" seite="30">LCD: 30</quelle><kontrollwert></kontrollwert><mr></mr></zauber><zauber><name>Band und Fessel</name><variante></variante><namemitvariante>Band und Fessel</namemitvariante><nameausfuehrlich>Band und Fessel</nameausfuehrlich><wert>2</wert><spezialisierungen></spezialisierungen><probe>KL/CH/KK</probe><probenwerte>14/14/11</probenwerte><bereich>Zauber</bereich><komplexität>C</komplexität><lernkomplexität>B</lernkomplexität><hauszauber>false</hauszauber><hauszauberformatiert> </hauszauberformatiert><repräsentation>Magier</repräsentation><merkmale>Einfl</merkmale><zauberdauer></zauberdauer><kosten></kosten><reichweite></reichweite><wirkungsdauer></wirkungsdauer><anmerkung></anmerkung><quelle buch="LCD" seite="38">LCD: 38</quelle><kontrollwert></kontrollwert><mr>+MR</mr></zauber><zauber><name>Bannbaladin</name><variante></variante><namemitvariante>Bannbaladin</namemitvariante><nameausfuehrlich>Bannbaladin</nameausfuehrlich><wert>4</wert><spezialisierungen></spezialisierungen><probe>IN/CH/CH</probe><probenwerte>14/14/14</probenwerte><bereich>Zauber</bereich><komplexität>B</komplexität><lernkomplexität>A</lernkomplexität><hauszauber>false</hauszauber><hauszauberformatiert> </hauszauberformatiert><repräsentation>Magier</repräsentation><merkmale>Einfl</merkmale><zauberdauer></zauberdauer><kosten></kosten><reichweite></reichweite><wirkungsdauer></wirkungsdauer><anmerkung></anmerkung><quelle buch="LCD" seite="39">LCD: 39</quelle><kontrollwert></kontrollwert><mr>+MR</mr></zauber><zauber><name>Beherrschung brechen</name><variante></variante><namemitvariante>Beherrschung brechen</namemitvariante><nameausfuehrlich>Beherrschung brechen</nameausfuehrlich><wert>5</wert><spezialisierungen></spezialisierungen><probe>KL/IN/CH</probe><probenwerte>14/14/14</probenwerte><bereich>Zauber</bereich><komplexität>C</komplexität><lernkomplexität>A</lernkomplexität><hauszauber>true</hauszauber><hauszauberformatiert>X</hauszauberformatiert><repräsentation>Magier</repräsentation><merkmale>Anti, Herr</merkmale><zauberdauer></zauberdauer><kosten></kosten><reichweite></reichweite><wirkungsdauer></wirkungsdauer><anmerkung></anmerkung><quelle buch="LCD" seite="41">LCD: 41</quelle><kontrollwert></kontrollwert><mr>+Mod</mr></zauber><zauber><name>Blick in die Gedanken</name><variante></variante><namemitvariante>Blick in die Gedanken</namemitvariante><nameausfuehrlich>Blick in die Gedanken</nameausfuehrlich><wert>2</wert><spezialisierungen></spezialisierungen><probe>KL/KL/CH</probe><probenwerte>14/14/14</probenwerte><bereich>Zauber</bereich><komplexität>D</komplexität><lernkomplexität>D</lernkomplexität><hauszauber>false</hauszauber><hauszauberformatiert> </hauszauberformatiert><repräsentation>Magier</repräsentation><merkmale>Hell</merkmale><zauberdauer></zauberdauer><kosten></kosten><reichweite></reichweite><wirkungsdauer></wirkungsdauer><anmerkung></anmerkung><quelle buch="LCD" seite="47">LCD: 47</quelle><kontrollwert></kontrollwert><mr>+MR</mr></zauber><zauber><name>Fulminictus Donnerkeil</name><variante></variante><namemitvariante>Fulminictus Donnerkeil</namemitvariante><nameausfuehrlich>Fulminictus Donnerkeil</nameausfuehrlich><wert>2</wert><spezialisierungen></spezialisierungen><probe>IN/GE/KO</probe><probenwerte>14/10/12</probenwerte><bereich>Zauber</bereich><komplexität>C</komplexität><lernkomplexität>C</lernkomplexität><hauszauber>false</hauszauber><hauszauberformatiert> </hauszauberformatiert><repräsentation>Magier</repräsentation><merkmale>Krft, Scha</merkmale><zauberdauer></zauberdauer><kosten></kosten><reichweite></reichweite><wirkungsdauer></wirkungsdauer><anmerkung></anmerkung><quelle buch="LCD" seite="91">LCD: 91</quelle><kontrollwert></kontrollwert><mr></mr></zauber><zauber><name>Halluzination</name><variante></variante><namemitvariante>Halluzination</namemitvariante><nameausfuehrlich>Halluzination</nameausfuehrlich><wert>2</wert><spezialisierungen></spezialisierungen><probe>KL/IN/CH</probe><probenwerte>14/14/14</probenwerte><bereich>Zauber</bereich><komplexität>C</komplexität><lernkomplexität>D</lernkomplexität><hauszauber>false</hauszauber><hauszauberformatiert> </hauszauberformatiert><repräsentation>Druide</repräsentation><merkmale>Herr</merkmale><zauberdauer></zauberdauer><kosten></kosten><reichweite></reichweite><wirkungsdauer></wirkungsdauer><anmerkung></anmerkung><quelle buch="LCD" seite="102">LCD: 102</quelle><kontrollwert></kontrollwert><mr>+MR</mr></zauber><zauber><name>Horriphobus Schreckgestalt</name><variante></variante><namemitvariante>Horriphobus Schreckgestalt</namemitvariante><nameausfuehrlich>Horriphobus Schreckgestalt</nameausfuehrlich><wert>6</wert><spezialisierungen></spezialisierungen><probe>MU/IN/CH</probe><probenwerte>14/14/14</probenwerte><bereich>Zauber</bereich><komplexität>C</komplexität><lernkomplexität>A</lernkomplexität><hauszauber>true</hauszauber><hauszauberformatiert>X</hauszauberformatiert><repräsentation>Magier</repräsentation><merkmale>Einfl</merkmale><zauberdauer></zauberdauer><kosten></kosten><reichweite></reichweite><wirkungsdauer></wirkungsdauer><anmerkung></anmerkung><quelle buch="LCD" seite="121">LCD: 121</quelle><kontrollwert></kontrollwert><mr>+MR</mr></zauber><zauber><name>Imperavi Handlungszwang</name><variante></variante><namemitvariante>Imperavi Handlungszwang</namemitvariante><nameausfuehrlich>Imperavi Handlungszwang</nameausfuehrlich><wert>11</wert><spezialisierungen></spezialisierungen><probe>KL/CH/CH</probe><probenwerte>14/14/14</probenwerte><bereich>Zauber</bereich><komplexität>E</komplexität><lernkomplexität>B</lernkomplexität><hauszauber>true</hauszauber><hauszauberformatiert>X</hauszauberformatiert><repräsentation>Magier</repräsentation><merkmale>Herr</merkmale><zauberdauer></zauberdauer><kosten></kosten><reichweite></reichweite><wirkungsdauer></wirkungsdauer><anmerkung></anmerkung><quelle buch="LCD" seite="128">LCD: 128</quelle><kontrollwert></kontrollwert><mr>+MR</mr></zauber><zauber><name>Klarum Purum</name><variante></variante><namemitvariante>Klarum Purum</namemitvariante><nameausfuehrlich>Klarum Purum</nameausfuehrlich><wert>2</wert><spezialisierungen></spezialisierungen><probe>KL/KL/CH</probe><probenwerte>14/14/14</probenwerte><bereich>Zauber</bereich><komplexität>D</komplexität><lernkomplexität>D</lernkomplexität><hauszauber>false</hauszauber><hauszauberformatiert> </hauszauberformatiert><repräsentation>Magier</repräsentation><merkmale>Form, Heil</merkmale><zauberdauer></zauberdauer><kosten></kosten><reichweite></reichweite><wirkungsdauer></wirkungsdauer><anmerkung></anmerkung><quelle buch="LCD" seite="138">LCD: 138</quelle><kontrollwert></kontrollwert><mr>+Mod</mr></zauber><zauber><name>Memorabia Falsifir</name><variante></variante><namemitvariante>Memorabia Falsifir</namemitvariante><nameausfuehrlich>Memorabia Falsifir</nameausfuehrlich><wert>6</wert><spezialisierungen></spezialisierungen><probe>KL/IN/CH</probe><probenwerte>14/14/14</probenwerte><bereich>Zauber</bereich><komplexität>E</komplexität><lernkomplexität>C</lernkomplexität><hauszauber>true</hauszauber><hauszauberformatiert>X</hauszauberformatiert><repräsentation>Magier</repräsentation><merkmale>Herr</merkmale><zauberdauer></zauberdauer><kosten></kosten><reichweite></reichweite><wirkungsdauer></wirkungsdauer><anmerkung></anmerkung><quelle buch="LCD" seite="176">LCD: 176</quelle><kontrollwert></kontrollwert><mr>+Mod</mr></zauber><zauber><name>Odem Arcanum</name><variante></variante><namemitvariante>Odem Arcanum</namemitvariante><nameausfuehrlich>Odem Arcanum</nameausfuehrlich><wert>4</wert><spezialisierungen></spezialisierungen><probe>KL/IN/IN</probe><probenwerte>14/14/14</probenwerte><bereich>Zauber</bereich><komplexität>A</komplexität><lernkomplexität>A</lernkomplexität><hauszauber>false</hauszauber><hauszauberformatiert> </hauszauberformatiert><repräsentation>Magier</repräsentation><merkmale>Hell, Krft</merkmale><zauberdauer></zauberdauer><kosten></kosten><reichweite></reichweite><wirkungsdauer></wirkungsdauer><anmerkung></anmerkung><quelle buch="LCD" seite="197">LCD: 197</quelle><kontrollwert></kontrollwert><mr>+Mod</mr></zauber><zauber><name>Paralysis starr wie Stein</name><variante></variante><namemitvariante>Paralysis starr wie Stein</namemitvariante><nameausfuehrlich>Paralysis starr wie Stein</nameausfuehrlich><wert>4</wert><spezialisierungen></spezialisierungen><probe>IN/CH/KK</probe><probenwerte>14/14/11</probenwerte><bereich>Zauber</bereich><komplexität>C</komplexität><lernkomplexität>C</lernkomplexität><hauszauber>false</hauszauber><hauszauberformatiert> </hauszauberformatiert><repräsentation>Magier</repräsentation><merkmale>Elem (Erz), Form</merkmale><zauberdauer></zauberdauer><kosten></kosten><reichweite></reichweite><wirkungsdauer></wirkungsdauer><anmerkung></anmerkung><quelle buch="LCD" seite="202">LCD: 202</quelle><kontrollwert></kontrollwert><mr>+MR</mr></zauber><zauber><name>Pentagramma Sphärenbann</name><variante></variante><namemitvariante>Pentagramma Sphärenbann</namemitvariante><nameausfuehrlich>Pentagramma Sphärenbann</nameausfuehrlich><wert>2</wert><spezialisierungen></spezialisierungen><probe>MU/MU/CH</probe><probenwerte>14/14/14</probenwerte><bereich>Zauber</bereich><komplexität>D</komplexität><lernkomplexität>D</lernkomplexität><hauszauber>false</hauszauber><hauszauberformatiert> </hauszauberformatiert><repräsentation>Magier</repräsentation><merkmale>Anti, Besw, Dämo, Geis</merkmale><zauberdauer></zauberdauer><kosten></kosten><reichweite></reichweite><wirkungsdauer></wirkungsdauer><anmerkung></anmerkung><quelle buch="LCD" seite="205">LCD: 205</quelle><kontrollwert></kontrollwert><mr>+Mod</mr></zauber><zauber><name>Respondami</name><variante></variante><namemitvariante>Respondami</namemitvariante><nameausfuehrlich>Respondami</nameausfuehrlich><wert>9</wert><spezialisierungen></spezialisierungen><probe>MU/IN/CH</probe><probenwerte>14/14/14</probenwerte><bereich>Zauber</bereich><komplexität>B</komplexität><lernkomplexität>A+</lernkomplexität><hauszauber>true</hauszauber><hauszauberformatiert>X</hauszauberformatiert><repräsentation>Magier</repräsentation><merkmale>Herr</merkmale><zauberdauer></zauberdauer><kosten></kosten><reichweite></reichweite><wirkungsdauer></wirkungsdauer><anmerkung></anmerkung><quelle buch="LCD" seite="218">LCD: 218</quelle><kontrollwert></kontrollwert><mr>+MR</mr></zauber><zauber><name>Schleier der Unwissenheit</name><variante></variante><namemitvariante>Schleier der Unwissenheit</namemitvariante><nameausfuehrlich>Schleier der Unwissenheit</nameausfuehrlich><wert>2</wert><spezialisierungen></spezialisierungen><probe>KL/KL/FF</probe><probenwerte>14/14/11</probenwerte><bereich>Zauber</bereich><komplexität>D</komplexität><lernkomplexität>D</lernkomplexität><hauszauber>false</hauszauber><hauszauberformatiert> </hauszauberformatiert><repräsentation>Magier</repräsentation><merkmale>Eign, Meta</merkmale><zauberdauer></zauberdauer><kosten></kosten><reichweite></reichweite><wirkungsdauer></wirkungsdauer><anmerkung></anmerkung><quelle buch="LCD" seite="231">LCD: 231</quelle><kontrollwert></kontrollwert><mr></mr></zauber><zauber><name>Schwarzer Schrecken</name><variante></variante><namemitvariante>Schwarzer Schrecken</namemitvariante><nameausfuehrlich>Schwarzer Schrecken</nameausfuehrlich><wert>2</wert><spezialisierungen></spezialisierungen><probe>MU/IN/CH</probe><probenwerte>14/14/14</probenwerte><bereich>Zauber</bereich><komplexität>D</komplexität><lernkomplexität>C</lernkomplexität><hauszauber>false</hauszauber><hauszauberformatiert> </hauszauberformatiert><repräsentation>Magier</repräsentation><merkmale>Einfl</merkmale><zauberdauer></zauberdauer><kosten></kosten><reichweite></reichweite><wirkungsdauer></wirkungsdauer><anmerkung></anmerkung><quelle buch="LCD" seite="233">LCD: 233</quelle><kontrollwert></kontrollwert><mr>+MR</mr></zauber><zauber><name>Sensibar Empathicus</name><variante></variante><namemitvariante>Sensibar Empathicus</namemitvariante><nameausfuehrlich>Sensibar Empathicus</nameausfuehrlich><wert>6</wert><spezialisierungen></spezialisierungen><probe>KL/IN/CH</probe><probenwerte>14/14/14</probenwerte><bereich>Zauber</bereich><komplexität>C</komplexität><lernkomplexität>B</lernkomplexität><hauszauber>true</hauszauber><hauszauberformatiert>X</hauszauberformatiert><repräsentation>Magier</repräsentation><merkmale>Hell</merkmale><zauberdauer></zauberdauer><kosten></kosten><reichweite></reichweite><wirkungsdauer></wirkungsdauer><anmerkung></anmerkung><quelle buch="LCD" seite="239">LCD: 239</quelle><kontrollwert></kontrollwert><mr>+MR</mr></zauber><zauber><name>Somnigravis tiefer Schlaf</name><variante></variante><namemitvariante>Somnigravis tiefer Schlaf</namemitvariante><nameausfuehrlich>Somnigravis tiefer Schlaf</nameausfuehrlich><wert>7</wert><spezialisierungen></spezialisierungen><probe>KL/CH/CH</probe><probenwerte>14/14/14</probenwerte><bereich>Zauber</bereich><komplexität>B</komplexität><lernkomplexität>A</lernkomplexität><hauszauber>false</hauszauber><hauszauberformatiert> </hauszauberformatiert><repräsentation>Magier</repräsentation><merkmale>Einfl</merkmale><zauberdauer></zauberdauer><kosten></kosten><reichweite></reichweite><wirkungsdauer></wirkungsdauer><anmerkung></anmerkung><quelle buch="LCD" seite="246">LCD: 246</quelle><kontrollwert></kontrollwert><mr>+MR</mr></zauber><zauber><name>Widerwille Ungemach</name><variante></variante><namemitvariante>Widerwille Ungemach</namemitvariante><nameausfuehrlich>Widerwille Ungemach</nameausfuehrlich><wert>6</wert><spezialisierungen></spezialisierungen><probe>MU/IN/GE</probe><probenwerte>14/14/10</probenwerte><bereich>Zauber</bereich><komplexität>D</komplexität><lernkomplexität>B</lernkomplexität><hauszauber>true</hauszauber><hauszauberformatiert>X</hauszauberformatiert><repräsentation>Magier</repräsentation><merkmale>Einfl, Illu</merkmale><zauberdauer></zauberdauer><kosten></kosten><reichweite></reichweite><wirkungsdauer></wirkungsdauer><anmerkung></anmerkung><quelle buch="LCD" seite="285">LCD: 285</quelle><kontrollwert></kontrollwert><mr></mr></zauber></zauberliste><gegenstaende/><verbindungen/><kampfsets><kampfset inbenutzung="false" nr="1" tzm="true" defaultrsmodel="true"><raufen><at>8</at><pa>7</pa><tp>1W+0</tp></raufen><ringen><at>7</at><pa>10</pa><tp>1W+0</tp></ringen><ausweichen>7</ausweichen><ausweichenausweichenmod>0</ausweichenausweichenmod><ausweichenakrobatikmod>0</ausweichenakrobatikmod><ausweichenmod>0</ausweichenmod><geschwindigkeitinklbe>7</geschwindigkeitinklbe><ini>10</ini><ruestungzonen><kopf>0</kopf><brust>0</brust><ruecken>0</ruecken><gesamt>0</gesamt><bauch>0</bauch><linkerarm>0</linkerarm><rechterarm>0</rechterarm><linkesbein>0</linkesbein><rechtesbein>0</rechtesbein><gesamtschutz>0</gesamtschutz><gesamtzonenschutz>0</gesamtzonenschutz><behinderung>0</behinderung></ruestungzonen><nahkampfwaffen inbenutzung="false"/><fernkampfwaffen inbenutzung="false"/><schilder inbenutzung="false"/><ruestungen inbenutzung="false"/></kampfset><kampfset inbenutzung="false" nr="1" tzm="false" defaultrsmodel="false"><raufen><at>8</at><pa>7</pa><tp>1W+0</tp></raufen><ringen><at>7</at><pa>10</pa><tp>1W+0</tp></ringen><ausweichen>7</ausweichen><ausweichenausweichenmod>0</ausweichenausweichenmod><ausweichenakrobatikmod>0</ausweichenakrobatikmod><ausweichenmod>0</ausweichenmod><geschwindigkeitinklbe>7</geschwindigkeitinklbe><ini>10</ini><ruestungeinfach><gesamt>0</gesamt><behinderung>0</behinderung></ruestungeinfach><nahkampfwaffen inbenutzung="false"/><fernkampfwaffen inbenutzung="false"/><schilder inbenutzung="false"/><ruestungen inbenutzung="false"/></kampfset><kampfset inbenutzung="false" nr="2" tzm="true" defaultrsmodel="true"><raufen><at>8</at><pa>7</pa><tp>1W+0</tp></raufen><ringen><at>7</at><pa>10</pa><tp>1W+0</tp></ringen><ausweichen>7</ausweichen><ausweichenausweichenmod>0</ausweichenausweichenmod><ausweichenakrobatikmod>0</ausweichenakrobatikmod><ausweichenmod>0</ausweichenmod><geschwindigkeitinklbe>7</geschwindigkeitinklbe><ini>10</ini><ruestungzonen><kopf>0</kopf><brust>0</brust><ruecken>0</ruecken><gesamt>0</gesamt><bauch>0</bauch><linkerarm>0</linkerarm><rechterarm>0</rechterarm><linkesbein>0</linkesbein><rechtesbein>0</rechtesbein><gesamtschutz>0</gesamtschutz><gesamtzonenschutz>0</gesamtzonenschutz><behinderung>0</behinderung></ruestungzonen><nahkampfwaffen inbenutzung="false"/><fernkampfwaffen inbenutzung="false"/><schilder inbenutzung="false"/><ruestungen inbenutzung="false"/></kampfset><kampfset inbenutzung="false" nr="2" tzm="false" defaultrsmodel="false"><raufen><at>8</at><pa>7</pa><tp>1W+0</tp></raufen><ringen><at>7</at><pa>10</pa><tp>1W+0</tp></ringen><ausweichen>7</ausweichen><ausweichenausweichenmod>0</ausweichenausweichenmod><ausweichenakrobatikmod>0</ausweichenakrobatikmod><ausweichenmod>0</ausweichenmod><geschwindigkeitinklbe>7</geschwindigkeitinklbe><ini>10</ini><ruestungeinfach><gesamt>0</gesamt><behinderung>0</behinderung></ruestungeinfach><nahkampfwaffen inbenutzung="false"/><fernkampfwaffen inbenutzung="false"/><schilder inbenutzung="false"/><ruestungen inbenutzung="false"/></kampfset><kampfset inbenutzung="false" nr="3" tzm="true" defaultrsmodel="true"><raufen><at>8</at><pa>7</pa><tp>1W+0</tp></raufen><ringen><at>7</at><pa>10</pa><tp>1W+0</tp></ringen><ausweichen>7</ausweichen><ausweichenausweichenmod>0</ausweichenausweichenmod><ausweichenakrobatikmod>0</ausweichenakrobatikmod><ausweichenmod>0</ausweichenmod><geschwindigkeitinklbe>7</geschwindigkeitinklbe><ini>10</ini><ruestungzonen><kopf>0</kopf><brust>0</brust><ruecken>0</ruecken><gesamt>0</gesamt><bauch>0</bauch><linkerarm>0</linkerarm><rechterarm>0</rechterarm><linkesbein>0</linkesbein><rechtesbein>0</rechtesbein><gesamtschutz>0</gesamtschutz><gesamtzonenschutz>0</gesamtzonenschutz><behinderung>0</behinderung></ruestungzonen><nahkampfwaffen inbenutzung="false"/><fernkampfwaffen inbenutzung="false"/><schilder inbenutzung="false"/><ruestungen inbenutzung="false"/></kampfset><kampfset inbenutzung="false" nr="3" tzm="false" defaultrsmodel="false"><raufen><at>8</at><pa>7</pa><tp>1W+0</tp></raufen><ringen><at>7</at><pa>10</pa><tp>1W+0</tp></ringen><ausweichen>7</ausweichen><ausweichenausweichenmod>0</ausweichenausweichenmod><ausweichenakrobatikmod>0</ausweichenakrobatikmod><ausweichenmod>0</ausweichenmod><geschwindigkeitinklbe>7</geschwindigkeitinklbe><ini>10</ini><ruestungeinfach><gesamt>0</gesamt><behinderung>0</behinderung></ruestungeinfach><nahkampfwaffen inbenutzung="false"/><fernkampfwaffen inbenutzung="false"/><schilder inbenutzung="false"/><ruestungen inbenutzung="false"/></kampfset></kampfsets><ereignisse><ereignis><aktion>EINSTELLUNG</aktion><alterzustand></alterzustand><ap>0</ap><asp>0</asp><bemerkung></bemerkung><date>13.03.2017 00:36</date><kp>0</kp><kommentar></kommentar><lep>0</lep><neuerzustand></neuerzustand><object>max GP für Helden: 110</object><version>HS 5.5.1</version></ereignis><ereignis><aktion>EINSTELLUNG</aktion><alterzustand></alterzustand><ap>0</ap><asp>0</asp><bemerkung></bemerkung><date>13.03.2017 00:36</date><kp>0</kp><kommentar></kommentar><lep>0</lep><neuerzustand></neuerzustand><object>max Eigenschafts-GP für Helden: 100</object><version>HS 5.5.1</version></ereignis><ereignis><aktion>EINSTELLUNG</aktion><alterzustand></alterzustand><ap>0</ap><asp>0</asp><bemerkung></bemerkung><date>13.03.2017 00:36</date><kp>0</kp><kommentar></kommentar><lep>0</lep><neuerzustand></neuerzustand><object>max Eigenschafts-Wert für Helden: 14</object><version>HS 5.5.1</version></ereignis><ereignis><aktion>Meistergenehmigung notwendig</aktion><alterzustand></alterzustand><ap>0</ap><asp>0</asp><bemerkung></bemerkung><date>13.03.2017 00:36</date><kp>0</kp><kommentar></kommentar><lep>0</lep><neuerzustand></neuerzustand><object>Die folgenden Vor- bzw. Nachteile unterliegen der Meistergenehmigung: Begabung für [Zauber] Unfähigkeit für [Talentgruppe] </object><version>HS 5.5.1</version></ereignis><ereignis><aktion>RKP</aktion><alterzustand>0</alterzustand><ap>0</ap><asp>0</asp><bemerkung></bemerkung><date>13.03.2017 00:36</date><kp>0</kp><kommentar>0 GP</kommentar><lep>0</lep><neuerzustand>0</neuerzustand><object>Rasse: Tulamide</object><version>HS 5.5.1</version></ereignis><ereignis><aktion>RKP</aktion><alterzustand>0</alterzustand><ap>0</ap><asp>0</asp><bemerkung></bemerkung><date>13.03.2017 00:36</date><kp>0</kp><kommentar>0 GP</kommentar><lep>0</lep><neuerzustand>0</neuerzustand><object>Kultur: Mhanadistan</object><version>HS 5.5.1</version></ereignis><ereignis><aktion>RKP</aktion><alterzustand>0</alterzustand><ap>0</ap><asp>0</asp><bemerkung></bemerkung><date>13.03.2017 00:36</date><kp>0</kp><kommentar>31 GP</kommentar><lep>0</lep><neuerzustand>0</neuerzustand><object>Profession: Akademie der geistigen Kraft zu Fasar: Harter Zweig</object><version>HS 5.5.1</version></ereignis><ereignis><aktion>EIGENSCHAFTEN</aktion><alterzustand>0</alterzustand><ap>0</ap><asp>0</asp><bemerkung></bemerkung><date>13.03.2017 00:36</date><kp>0</kp><kommentar>14 GP</kommentar><lep>0</lep><neuerzustand>14</neuerzustand><object>Mut: 14</object><version>HS 5.5.1</version></ereignis><ereignis><aktion>EIGENSCHAFTEN</aktion><alterzustand>0</alterzustand><ap>0</ap><asp>0</asp><bemerkung></bemerkung><date>13.03.2017 00:36</date><kp>0</kp><kommentar>14 GP</kommentar><lep>0</lep><neuerzustand>14</neuerzustand><object>Klugheit: 14</object><version>HS 5.5.1</version></ereignis><ereignis><aktion>EIGENSCHAFTEN</aktion><alterzustand>0</alterzustand><ap>0</ap><asp>0</asp><bemerkung></bemerkung><date>13.03.2017 00:36</date><kp>0</kp><kommentar>14 GP</kommentar><lep>0</lep><neuerzustand>14</neuerzustand><object>Intuition: 14</object><version>HS 5.5.1</version></ereignis><ereignis><aktion>EIGENSCHAFTEN</aktion><alterzustand>0</alterzustand><ap>0</ap><asp>0</asp><bemerkung></bemerkung><date>13.03.2017 00:36</date><kp>0</kp><kommentar>14 GP</kommentar><lep>0</lep><neuerzustand>14</neuerzustand><object>Charisma: 14</object><version>HS 5.5.1</version></ereignis><ereignis><aktion>EIGENSCHAFTEN</aktion><alterzustand>0</alterzustand><ap>0</ap><asp>0</asp><bemerkung></bemerkung><date>13.03.2017 00:36</date><kp>0</kp><kommentar>11 GP</kommentar><lep>0</lep><neuerzustand>11</neuerzustand><object>Fingerfertigkeit: 11</object><version>HS 5.5.1</version></ereignis><ereignis><aktion>EIGENSCHAFTEN</aktion><alterzustand>0</alterzustand><ap>0</ap><asp>0</asp><bemerkung></bemerkung><date>13.03.2017 00:36</date><kp>0</kp><kommentar>10 GP</kommentar><lep>0</lep><neuerzustand>10</neuerzustand><object>Gewandtheit: 10</object><version>HS 5.5.1</version></ereignis><ereignis><aktion>EIGENSCHAFTEN</aktion><alterzustand>0</alterzustand><ap>0</ap><asp>0</asp><bemerkung></bemerkung><date>13.03.2017 00:36</date><kp>0</kp><kommentar>12 GP</kommentar><lep>0</lep><neuerzustand>12</neuerzustand><object>Konstitution: 12</object><version>HS 5.5.1</version></ereignis><ereignis><aktion>EIGENSCHAFTEN</aktion><alterzustand>0</alterzustand><ap>0</ap><asp>0</asp><bemerkung></bemerkung><date>13.03.2017 00:36</date><kp>0</kp><kommentar>11 GP</kommentar><lep>0</lep><neuerzustand>11</neuerzustand><object>Körperkraft: 11</object><version>HS 5.5.1</version></ereignis><ereignis><aktion>EIGENSCHAFTEN</aktion><alterzustand>0</alterzustand><ap>0</ap><asp>0</asp><bemerkung></bemerkung><date>13.03.2017 00:36</date><kp>0</kp><kommentar>0 GP</kommentar><lep>0</lep><neuerzustand>7</neuerzustand><object>Sozialstatus: 7</object><version>HS 5.5.1</version></ereignis><ereignis><aktion>TALENT</aktion><alterzustand>0</alterzustand><ap>0</ap><asp>0</asp><bemerkung></bemerkung><date>13.03.2017 00:36</date><kp>0</kp><kommentar>3 AP</kommentar><lep>0</lep><neuerzustand>1</neuerzustand><object>Athletik: 1</object><version>HS 5.5.1</version></ereignis><ereignis><aktion>TALENT</aktion><alterzustand>0</alterzustand><ap>0</ap><asp>0</asp><bemerkung></bemerkung><date>13.03.2017 00:36</date><kp>0</kp><kommentar>7 AP</kommentar><lep>0</lep><neuerzustand>2</neuerzustand><object>Athletik: 2</object><version>HS 5.5.1</version></ereignis><ereignis><aktion>TALENT</aktion><alterzustand>0</alterzustand><ap>0</ap><asp>0</asp><bemerkung></bemerkung><date>13.03.2017 00:36</date><kp>0</kp><kommentar>3 AP</kommentar><lep>0</lep><neuerzustand>1</neuerzustand><object>Klettern: 1</object><version>HS 5.5.1</version></ereignis><ereignis><aktion>TALENT</aktion><alterzustand>0</alterzustand><ap>0</ap><asp>0</asp><bemerkung></bemerkung><date>13.03.2017 00:36</date><kp>0</kp><kommentar>7 AP</kommentar><lep>0</lep><neuerzustand>2</neuerzustand><object>Klettern: 2</object><version>HS 5.5.1</version></ereignis><ereignis><aktion>TALENT</aktion><alterzustand>0</alterzustand><ap>0</ap><asp>0</asp><bemerkung></bemerkung><date>13.03.2017 00:36</date><kp>0</kp><kommentar>7 AP</kommentar><lep>0</lep><neuerzustand>2</neuerzustand><object>Körperbeherrschung: 2</object><version>HS 5.5.1</version></ereignis><ereignis><aktion>TALENT</aktion><alterzustand>0</alterzustand><ap>0</ap><asp>0</asp><bemerkung></bemerkung><date>13.03.2017 00:36</date><kp>0</kp><kommentar>3 AP</kommentar><lep>0</lep><neuerzustand>1</neuerzustand><object>Schleichen: 1</object><version>HS 5.5.1</version></ereignis><ereignis><aktion>TALENT</aktion><alterzustand>0</alterzustand><ap>0</ap><asp>0</asp><bemerkung></bemerkung><date>13.03.2017 00:36</date><kp>0</kp><kommentar>7 AP</kommentar><lep>0</lep><neuerzustand>2</neuerzustand><object>Schleichen: 2</object><version>HS 5.5.1</version></ereignis><ereignis><aktion>TALENT</aktion><alterzustand>0</alterzustand><ap>0</ap><asp>0</asp><bemerkung></bemerkung><date>13.03.2017 00:36</date><kp>0</kp><kommentar>3 AP</kommentar><lep>0</lep><neuerzustand>1</neuerzustand><object>Schwimmen: 1</object><version>HS 5.5.1</version></ereignis><ereignis><aktion>TALENT</aktion><alterzustand>0</alterzustand><ap>0</ap><asp>0</asp><bemerkung></bemerkung><date>13.03.2017 00:36</date><kp>0</kp><kommentar>3 AP</kommentar><lep>0</lep><neuerzustand>1</neuerzustand><object>Sich verstecken: 1</object><version>HS 5.5.1</version></ereignis><ereignis><aktion>TALENT</aktion><alterzustand>0</alterzustand><ap>0</ap><asp>0</asp><bemerkung></bemerkung><date>13.03.2017 00:36</date><kp>0</kp><kommentar>7 AP</kommentar><lep>0</lep><neuerzustand>2</neuerzustand><object>Sich verstecken: 2</object><version>HS 5.5.1</version></ereignis><ereignis><aktion>TALENT</aktion><alterzustand>0</alterzustand><ap>0</ap><asp>0</asp><bemerkung></bemerkung><date>13.03.2017 00:36</date><kp>0</kp><kommentar>6 AP</kommentar><lep>0</lep><neuerzustand>3</neuerzustand><object>Betören: 3</object><version>HS 5.5.1</version></ereignis><ereignis><aktion>TALENT</aktion><alterzustand>0</alterzustand><ap>0</ap><asp>0</asp><bemerkung></bemerkung><date>13.03.2017 00:36</date><kp>0</kp><kommentar>8 AP</kommentar><lep>0</lep><neuerzustand>4</neuerzustand><object>Betören: 4</object><version>HS 5.5.1</version></ereignis><ereignis><aktion>TALENT</aktion><alterzustand>0</alterzustand><ap>0</ap><asp>0</asp><bemerkung></bemerkung><date>13.03.2017 00:36</date><kp>0</kp><kommentar>11 AP</kommentar><lep>0</lep><neuerzustand>5</neuerzustand><object>Betören: 5</object><version>HS 5.5.1</version></ereignis><ereignis><aktion>TALENT</aktion><alterzustand>0</alterzustand><ap>0</ap><asp>0</asp><bemerkung></bemerkung><date>13.03.2017 00:36</date><kp>0</kp><kommentar>14 AP</kommentar><lep>0</lep><neuerzustand>6</neuerzustand><object>Betören: 6</object><version>HS 5.5.1</version></ereignis><ereignis><aktion>TALENT</aktion><alterzustand>0</alterzustand><ap>0</ap><asp>0</asp><bemerkung></bemerkung><date>13.03.2017 00:36</date><kp>0</kp><kommentar>6 AP</kommentar><lep>0</lep><neuerzustand>3</neuerzustand><object>Lehren: 3</object><version>HS 5.5.1</version></ereignis><ereignis><aktion>TALENT</aktion><alterzustand>0</alterzustand><ap>0</ap><asp>0</asp><bemerkung></bemerkung><date>13.03.2017 00:36</date><kp>0</kp><kommentar>8 AP</kommentar><lep>0</lep><neuerzustand>4</neuerzustand><object>Lehren: 4</object><version>HS 5.5.1</version></ereignis><ereignis><aktion>TALENT</aktion><alterzustand>0</alterzustand><ap>0</ap><asp>0</asp><bemerkung></bemerkung><date>13.03.2017 00:36</date><kp>0</kp><kommentar>4 AP</kommentar><lep>0</lep><neuerzustand>2</neuerzustand><object>Sich verkleiden: 2</object><version>HS 5.5.1</version></ereignis><ereignis><aktion>TALENT</aktion><alterzustand>0</alterzustand><ap>0</ap><asp>0</asp><bemerkung></bemerkung><date>13.03.2017 00:36</date><kp>0</kp><kommentar>6 AP</kommentar><lep>0</lep><neuerzustand>3</neuerzustand><object>Sich verkleiden: 3</object><version>HS 5.5.1</version></ereignis><ereignis><aktion>TALENT</aktion><alterzustand>0</alterzustand><ap>0</ap><asp>0</asp><bemerkung></bemerkung><date>13.03.2017 00:36</date><kp>0</kp><kommentar>8 AP</kommentar><lep>0</lep><neuerzustand>4</neuerzustand><object>Überzeugen: 4</object><version>HS 5.5.1</version></ereignis><ereignis><aktion>TALENT</aktion><alterzustand>0</alterzustand><ap>0</ap><asp>0</asp><bemerkung></bemerkung><date>13.03.2017 00:36</date><kp>0</kp><kommentar>8 AP</kommentar><lep>0</lep><neuerzustand>4</neuerzustand><object>Heilkunde: Seele: 4</object><version>HS 5.5.1</version></ereignis><ereignis><aktion>TALENT</aktion><alterzustand>0</alterzustand><ap>0</ap><asp>0</asp><bemerkung></bemerkung><date>13.03.2017 00:36</date><kp>0</kp><kommentar>4 AP</kommentar><lep>0</lep><neuerzustand>2</neuerzustand><object>Holzbearbeitung: 2</object><version>HS 5.5.1</version></ereignis><ereignis><aktion>TALENT</aktion><alterzustand>0</alterzustand><ap>0</ap><asp>0</asp><bemerkung></bemerkung><date>13.03.2017 00:36</date><kp>0</kp><kommentar>6 AP</kommentar><lep>0</lep><neuerzustand>3</neuerzustand><object>Holzbearbeitung: 3</object><version>HS 5.5.1</version></ereignis><ereignis><aktion>TALENT</aktion><alterzustand>0</alterzustand><ap>0</ap><asp>0</asp><bemerkung></bemerkung><date>13.03.2017 00:36</date><kp>0</kp><kommentar>8 AP</kommentar><lep>0</lep><neuerzustand>4</neuerzustand><object>Holzbearbeitung: 4</object><version>HS 5.5.1</version></ereignis><ereignis><aktion>TALENT</aktion><alterzustand>0</alterzustand><ap>0</ap><asp>0</asp><bemerkung></bemerkung><date>13.03.2017 00:36</date><kp>0</kp><kommentar>11 AP</kommentar><lep>0</lep><neuerzustand>5</neuerzustand><object>Holzbearbeitung: 5</object><version>HS 5.5.1</version></ereignis><ereignis><aktion>ZAUBER</aktion><alterzustand>0</alterzustand><ap>0</ap><asp>0</asp><bemerkung></bemerkung><date>13.03.2017 00:36</date><kp>0</kp><kommentar>5 AP</kommentar><lep>0</lep><neuerzustand>6</neuerzustand><object>Respondami [Magier] (HZ): 6</object><version>HS 5.5.1</version></ereignis><ereignis><aktion>ZAUBER</aktion><alterzustand>0</alterzustand><ap>0</ap><asp>0</asp><bemerkung></bemerkung><date>13.03.2017 00:36</date><kp>0</kp><kommentar>6 AP</kommentar><lep>0</lep><neuerzustand>7</neuerzustand><object>Respondami [Magier] (HZ): 7</object><version>HS 5.5.1</version></ereignis><ereignis><aktion>ZAUBER</aktion><alterzustand>0</alterzustand><ap>0</ap><asp>0</asp><bemerkung></bemerkung><date>13.03.2017 00:36</date><kp>0</kp><kommentar>8 AP</kommentar><lep>0</lep><neuerzustand>8</neuerzustand><object>Respondami [Magier] (HZ): 8</object><version>HS 5.5.1</version></ereignis><ereignis><aktion>ZAUBER</aktion><alterzustand>0</alterzustand><ap>0</ap><asp>0</asp><bemerkung></bemerkung><date>13.03.2017 00:36</date><kp>0</kp><kommentar>9 AP</kommentar><lep>0</lep><neuerzustand>9</neuerzustand><object>Respondami [Magier] (HZ): 9</object><version>HS 5.5.1</version></ereignis><ereignis><aktion>ZAUBER</aktion><alterzustand>0</alterzustand><ap>0</ap><asp>0</asp><bemerkung></bemerkung><date>13.03.2017 00:36</date><kp>0</kp><kommentar>3 AP</kommentar><lep>0</lep><neuerzustand>3</neuerzustand><object>Somnigravis tiefer Schlaf [Magier]: 3</object><version>HS 5.5.1</version></ereignis><ereignis><aktion>ZAUBER</aktion><alterzustand>0</alterzustand><ap>0</ap><asp>0</asp><bemerkung></bemerkung><date>13.03.2017 00:36</date><kp>0</kp><kommentar>4 AP</kommentar><lep>0</lep><neuerzustand>4</neuerzustand><object>Somnigravis tiefer Schlaf [Magier]: 4</object><version>HS 5.5.1</version></ereignis><ereignis><aktion>ZAUBER</aktion><alterzustand>0</alterzustand><ap>0</ap><asp>0</asp><bemerkung></bemerkung><date>13.03.2017 00:36</date><kp>0</kp><kommentar>6 AP</kommentar><lep>0</lep><neuerzustand>5</neuerzustand><object>Somnigravis tiefer Schlaf [Magier]: 5</object><version>HS 5.5.1</version></ereignis><ereignis><aktion>ZAUBER</aktion><alterzustand>0</alterzustand><ap>0</ap><asp>0</asp><bemerkung></bemerkung><date>13.03.2017 00:36</date><kp>0</kp><kommentar>7 AP</kommentar><lep>0</lep><neuerzustand>6</neuerzustand><object>Somnigravis tiefer Schlaf [Magier]: 6</object><version>HS 5.5.1</version></ereignis><ereignis><aktion>ZAUBER</aktion><alterzustand>0</alterzustand><ap>0</ap><asp>0</asp><bemerkung></bemerkung><date>13.03.2017 00:36</date><kp>0</kp><kommentar>8 AP</kommentar><lep>0</lep><neuerzustand>7</neuerzustand><object>Somnigravis tiefer Schlaf [Magier]: 7</object><version>HS 5.5.1</version></ereignis><ereignis><aktion>ZAUBER</aktion><alterzustand>0</alterzustand><ap>0</ap><asp>0</asp><bemerkung></bemerkung><date>13.03.2017 00:36</date><kp>0</kp><kommentar>22 AP</kommentar><lep>0</lep><neuerzustand>9</neuerzustand><object>Imperavi Handlungszwang [Magier] (HZ): 9</object><version>HS 5.5.1</version></ereignis><ereignis><aktion>ZAUBER</aktion><alterzustand>0</alterzustand><ap>0</ap><asp>0</asp><bemerkung></bemerkung><date>13.03.2017 00:36</date><kp>0</kp><kommentar>25 AP</kommentar><lep>0</lep><neuerzustand>10</neuerzustand><object>Imperavi Handlungszwang [Magier] (HZ): 10</object><version>HS 5.5.1</version></ereignis><ereignis><aktion>ZAUBER</aktion><alterzustand>0</alterzustand><ap>0</ap><asp>0</asp><bemerkung></bemerkung><date>13.03.2017 00:36</date><kp>0</kp><kommentar>28 AP</kommentar><lep>0</lep><neuerzustand>11</neuerzustand><object>Imperavi Handlungszwang [Magier] (HZ): 11</object><version>HS 5.5.1</version></ereignis><ereignis><aktion>SF</aktion><alterzustand>0</alterzustand><ap>0</ap><asp>0</asp><bemerkung></bemerkung><date>13.03.2017 00:36</date><kp>0</kp><kommentar>75 AP</kommentar><lep>0</lep><neuerzustand>0</neuerzustand><object>Merkmalskenntnis: Einfluss</object><version>HS 5.5.1</version></ereignis><ereignis><aktion>SF</aktion><alterzustand>0</alterzustand><ap>0</ap><asp>0</asp><bemerkung></bemerkung><date>13.03.2017 00:36</date><kp>0</kp><kommentar>38 AP</kommentar><lep>0</lep><neuerzustand>0</neuerzustand><object>Regeneration I</object><version>HS 5.5.1</version></ereignis><ereignis><aktion>SF</aktion><alterzustand>0</alterzustand><ap>0</ap><asp>0</asp><bemerkung></bemerkung><date>13.03.2017 00:36</date><kp>0</kp><kommentar>75 AP</kommentar><lep>0</lep><neuerzustand>0</neuerzustand><object>Zauberkontrolle</object><version>HS 5.5.1</version></ereignis><ereignis><aktion>SF</aktion><alterzustand>0</alterzustand><ap>0</ap><asp>0</asp><bemerkung></bemerkung><date>13.03.2017 00:36</date><kp>0</kp><kommentar>75 AP</kommentar><lep>0</lep><neuerzustand>0</neuerzustand><object>Zauberroutine</object><version>HS 5.5.1</version></ereignis><ereignis><aktion>VORTEILE</aktion><alterzustand>0</alterzustand><ap>0</ap><asp>0</asp><bemerkung></bemerkung><date>13.03.2017 00:36</date><kp>0</kp><kommentar>0 GP</kommentar><lep>0</lep><neuerzustand>0</neuerzustand><object>Akademische Ausbildung (Magier)</object><version>HS 5.5.1</version></ereignis><ereignis><aktion>VORTEILE</aktion><alterzustand>0</alterzustand><ap>0</ap><asp>0</asp><bemerkung></bemerkung><date>13.03.2017 00:36</date><kp>0</kp><kommentar>0 GP</kommentar><lep>0</lep><neuerzustand>0</neuerzustand><object>Arroganz: 7</object><version>HS 5.5.1</version></ereignis><ereignis><aktion>VORTEILE</aktion><alterzustand>0</alterzustand><ap>0</ap><asp>0</asp><bemerkung></bemerkung><date>13.03.2017 00:36</date><kp>0</kp><kommentar>12 GP</kommentar><lep>0</lep><neuerzustand>0</neuerzustand><object>Astrale Regeneration: 3</object><version>HS 5.5.1</version></ereignis><ereignis><aktion>VORTEILE</aktion><alterzustand>0</alterzustand><ap>0</ap><asp>0</asp><bemerkung></bemerkung><date>13.03.2017 00:36</date><kp>0</kp><kommentar>2 GP</kommentar><lep>0</lep><neuerzustand>0</neuerzustand><object>Begabung für [Zauber]: Imperavi Handlungszwang</object><version>HS 5.5.1</version></ereignis><ereignis><aktion>VORTEILE</aktion><alterzustand>0</alterzustand><ap>0</ap><asp>0</asp><bemerkung></bemerkung><date>13.03.2017 00:36</date><kp>0</kp><kommentar>-2 GP</kommentar><lep>0</lep><neuerzustand>0</neuerzustand><object>Neugier: 9</object><version>HS 5.5.1</version></ereignis><ereignis><aktion>VORTEILE</aktion><alterzustand>0</alterzustand><ap>0</ap><asp>0</asp><bemerkung></bemerkung><date>13.03.2017 00:36</date><kp>0</kp><kommentar>-5 GP</kommentar><lep>0</lep><neuerzustand>0</neuerzustand><object>Speisegebote</object><version>HS 5.5.1</version></ereignis><ereignis><aktion>VORTEILE</aktion><alterzustand>0</alterzustand><ap>0</ap><asp>0</asp><bemerkung></bemerkung><date>13.03.2017 00:36</date><kp>0</kp><kommentar>-16 GP</kommentar><lep>0</lep><neuerzustand>0</neuerzustand><object>Sucht: Mibelrohr (8)</object><version>HS 5.5.1</version></ereignis><ereignis><aktion>VORTEILE</aktion><alterzustand>0</alterzustand><ap>0</ap><asp>0</asp><bemerkung></bemerkung><date>13.03.2017 00:36</date><kp>0</kp><kommentar>-1 GP</kommentar><lep>0</lep><neuerzustand>0</neuerzustand><object>Thesisgebunden 1: Analys Arkanstruktur</object><version>HS 5.5.1</version></ereignis><ereignis><aktion>VORTEILE</aktion><alterzustand>0</alterzustand><ap>0</ap><asp>0</asp><bemerkung></bemerkung><date>13.03.2017 00:36</date><kp>0</kp><kommentar>-1 GP</kommentar><lep>0</lep><neuerzustand>0</neuerzustand><object>Thesisgebunden 2: Klarum Purum</object><version>HS 5.5.1</version></ereignis><ereignis><aktion>VORTEILE</aktion><alterzustand>0</alterzustand><ap>0</ap><asp>0</asp><bemerkung></bemerkung><date>13.03.2017 00:36</date><kp>0</kp><kommentar>-10 GP</kommentar><lep>0</lep><neuerzustand>0</neuerzustand><object>Unfähigkeit für [Talentgruppe]: Nahkampf</object><version>HS 5.5.1</version></ereignis><ereignis><aktion>VORTEILE</aktion><alterzustand>0</alterzustand><ap>0</ap><asp>0</asp><bemerkung></bemerkung><date>13.03.2017 00:36</date><kp>0</kp><kommentar>0 GP</kommentar><lep>0</lep><neuerzustand>0</neuerzustand><object>Verpflichtungen</object><version>HS 5.5.1</version></ereignis><ereignis><aktion>VORTEILE</aktion><alterzustand>0</alterzustand><ap>0</ap><asp>0</asp><bemerkung></bemerkung><date>13.03.2017 00:36</date><kp>0</kp><kommentar>0 GP</kommentar><lep>0</lep><neuerzustand>0</neuerzustand><object>Vollzauberer</object><version>HS 5.5.1</version></ereignis><ereignis><aktion>Lesen/Schreiben Kusliker Zeichen</aktion><alterzustand></alterzustand><ap>0</ap><asp>0</asp><bemerkung></bemerkung><date>13.03.2017 00:36</date><kp>0</kp><kommentar></kommentar><lep>0</lep><neuerzustand></neuerzustand><object>Auswahl</object><version>HS 5.5.1</version></ereignis><ereignis><aktion>Speere</aktion><alterzustand></alterzustand><ap>0</ap><asp>0</asp><bemerkung></bemerkung><date>13.03.2017 00:36</date><kp>0</kp><kommentar></kommentar><lep>0</lep><neuerzustand>1</neuerzustand><object>Auswahl</object><version>HS 5.5.1</version></ereignis><ereignis><aktion>Webkunst</aktion><alterzustand></alterzustand><ap>0</ap><asp>0</asp><bemerkung></bemerkung><date>13.03.2017 00:36</date><kp>0</kp><kommentar></kommentar><lep>0</lep><neuerzustand>1</neuerzustand><object>Auswahl</object><version>HS 5.5.1</version></ereignis></ereignisse></daten>