<?xml version="1.0" encoding="UTF-8" standalone="no"?><?xml-stylesheet type="text/xsl" href="helden.xsl"?><helden Version="5.5.1"><held key="1489361795414" name="Kanzim Shizatlu" stand="1489364054181"><mods/><basis><geschlecht name="männlich"/><settings name="DSA4.1"><inc name="Wege der Alchimie"/></settings><rasse name="helden.model.rasse.Tulamide" string="Tulamide"><groesse gewicht="82" value="189"/><aussehen alter="26" augenfarbe="braun" aussehentext0="" aussehentext1="" aussehentext2="" aussehentext3="" familietext0="" familietext1="" familietext2="" familietext3="" familietext4="" familietext5="" gbjahr="988" gbmonat="9" gbtag="13" gprest="0" gpstart="110" haarfarbe="dunkelbraun" kalender="Bosparans Fall" stand="" titel=""/></rasse><kultur name="helden.model.kultur.Mhanadistan" schrift="Lesen/Schreiben Kusliker Zeichen" string="Mhanadistan" zweitsprache="Sprachen kennen Garethi"/><ausbildungen><ausbildung art="Hauptprofession" name="helden.model.profession.Magier" string="Akademie der geistigen Kraft zu Fasar: Harter Zweig" tarnidentitaet="Puppenspieler"><variante name="Akademie der geistigen Kraft zu Fasar: Harter Zweig"/></ausbildung></ausbildungen><verify value="1"/><notiz notiz0="Notizen" notiz1="" notiz10="" notiz11="" notiz2="" notiz3="" notiz4="" notiz5="" notiz6="" notiz7="" notiz8="" notiz9=""/><portraet value=""/><abenteuerpunkte value="560"/><freieabenteuerpunkte value="8"/><gilde name="schwarz"/></basis><eigenschaften><eigenschaft mod="0" name="Mut" startwert="14" value="14"/><eigenschaft mod="0" name="Klugheit" startwert="14" value="14"/><eigenschaft mod="0" name="Intuition" startwert="14" value="14"/><eigenschaft mod="0" name="Charisma" startwert="14" value="14"/><eigenschaft mod="0" name="Fingerfertigkeit" startwert="11" value="11"/><eigenschaft mod="0" name="Gewandtheit" startwert="10" value="10"/><eigenschaft mod="0" name="Konstitution" startwert="12" value="12"/><eigenschaft mod="0" name="Körperkraft" startwert="11" value="11"/><eigenschaft mod="0" name="Sozialstatus" startwert="7" value="7"/><eigenschaft mod="10" name="Lebensenergie" value="0"/><eigenschaft mod="10" name="Ausdauer" value="0"/><eigenschaft grossemeditation="0" mod="18" mrmod="-2" name="Astralenergie" value="0"/><eigenschaft karmalqueste="0" mod="0" name="Karmaenergie" value="0"/><eigenschaft mod="-2" name="Magieresistenz" value="0"/><eigenschaft mod="0" name="ini" value="10"/><eigenschaft mod="0" name="at" value="7"/><eigenschaft mod="0" name="pa" value="7"/><eigenschaft mod="0" name="fk" value="7"/></eigenschaften><vt><vorteil name="Akademische Ausbildung (Magier)"/><vorteil name="Astrale Regeneration" value="3"/><vorteil name="Begabung für [Zauber]" value="Imperavi Handlungszwang"/><vorteil name="Vollzauberer"/><vorteil name="Arroganz" value="7"/><vorteil name="Neugier" value="9"/><vorteil name="Speisegebote"/><vorteil name="Sucht" value="Mibelrohr (8)"/><vorteil name="Thesisgebunden" value="Analys Arkanstruktur"/><vorteil name="Thesisgebunden" value="Klarum Purum"/><vorteil name="Unfähigkeit für [Talentgruppe]" value="Nahkampf"/><vorteil name="Verpflichtungen"/></vt><sf><sonderfertigkeit name="Astrale Meditation"/><sonderfertigkeit name="Eiserner Wille I"/><sonderfertigkeit name="Große Meditation"/><sonderfertigkeit name="Kulturkunde"><kultur name="Tulamidenlande"/></sonderfertigkeit><sonderfertigkeit name="Merkmalskenntnis: Einfluss"/><sonderfertigkeit name="Merkmalskenntnis: Herrschaft"/><sonderfertigkeit name="Regeneration I"/><sonderfertigkeit name="Repräsentation: Magier"/><sonderfertigkeit name="Ritualkenntnis: Gildenmagie"/><sonderfertigkeit name="Stabzauber: Bindung"/><sonderfertigkeit name="Verbotene Pforten"/><sonderfertigkeit name="Zauberkontrolle"/><sonderfertigkeit name="Zauberroutine"/></sf><ereignisse><ereignis obj="max GP für Helden: 110" text="EINSTELLUNG" time="1489361800047" version="HS 5.5.1"/><ereignis obj="max Eigenschafts-GP für Helden: 100" text="EINSTELLUNG" time="1489361800047" version="HS 5.5.1"/><ereignis obj="max Eigenschafts-Wert für Helden: 14" text="EINSTELLUNG" time="1489361800047" version="HS 5.5.1"/><ereignis obj="Die folgenden Vor- bzw. Nachteile unterliegen der Meistergenehmigung: Begabung für [Zauber] Unfähigkeit für [Talentgruppe] " text="Meistergenehmigung notwendig" time="1489361800049" version="HS 5.5.1"/><ereignis Alt="0" Neu="0" kommentar="0 GP" obj="Rasse: Tulamide" text="RKP" time="1489361800050" version="HS 5.5.1"/><ereignis Alt="0" Neu="0" kommentar="0 GP" obj="Kultur: Mhanadistan" text="RKP" time="1489361800050" version="HS 5.5.1"/><ereignis Alt="0" Neu="0" kommentar="31 GP" obj="Profession: Akademie der geistigen Kraft zu Fasar: Harter Zweig" text="RKP" time="1489361800050" version="HS 5.5.1"/><ereignis Alt="0" Neu="14" kommentar="14 GP" obj="Mut: 14" text="EIGENSCHAFTEN" time="1489361800050" version="HS 5.5.1"/><ereignis Alt="0" Neu="14" kommentar="14 GP" obj="Klugheit: 14" text="EIGENSCHAFTEN" time="1489361800050" version="HS 5.5.1"/><ereignis Alt="0" Neu="14" kommentar="14 GP" obj="Intuition: 14" text="EIGENSCHAFTEN" time="1489361800050" version="HS 5.5.1"/><ereignis Alt="0" Neu="14" kommentar="14 GP" obj="Charisma: 14" text="EIGENSCHAFTEN" time="1489361800050" version="HS 5.5.1"/><ereignis Alt="0" Neu="11" kommentar="11 GP" obj="Fingerfertigkeit: 11" text="EIGENSCHAFTEN" time="1489361800050" version="HS 5.5.1"/><ereignis Alt="0" Neu="10" kommentar="10 GP" obj="Gewandtheit: 10" text="EIGENSCHAFTEN" time="1489361800050" version="HS 5.5.1"/><ereignis Alt="0" Neu="12" kommentar="12 GP" obj="Konstitution: 12" text="EIGENSCHAFTEN" time="1489361800050" version="HS 5.5.1"/><ereignis Alt="0" Neu="11" kommentar="11 GP" obj="Körperkraft: 11" text="EIGENSCHAFTEN" time="1489361800050" version="HS 5.5.1"/><ereignis Alt="0" Neu="7" kommentar="0 GP" obj="Sozialstatus: 7" text="EIGENSCHAFTEN" time="1489361800050" version="HS 5.5.1"/><ereignis Alt="0" Neu="1" kommentar="3 AP" obj="Athletik: 1" text="TALENT" time="1489361800050" version="HS 5.5.1"/><ereignis Alt="0" Neu="2" kommentar="7 AP" obj="Athletik: 2" text="TALENT" time="1489361800050" version="HS 5.5.1"/><ereignis Alt="0" Neu="1" kommentar="3 AP" obj="Klettern: 1" text="TALENT" time="1489361800050" version="HS 5.5.1"/><ereignis Alt="0" Neu="2" kommentar="7 AP" obj="Klettern: 2" text="TALENT" time="1489361800050" version="HS 5.5.1"/><ereignis Alt="0" Neu="2" kommentar="7 AP" obj="Körperbeherrschung: 2" text="TALENT" time="1489361800050" version="HS 5.5.1"/><ereignis Alt="0" Neu="1" kommentar="3 AP" obj="Schleichen: 1" text="TALENT" time="1489361800050" version="HS 5.5.1"/><ereignis Alt="0" Neu="2" kommentar="7 AP" obj="Schleichen: 2" text="TALENT" time="1489361800050" version="HS 5.5.1"/><ereignis Alt="0" Neu="1" kommentar="3 AP" obj="Schwimmen: 1" text="TALENT" time="1489361800050" version="HS 5.5.1"/><ereignis Alt="0" Neu="1" kommentar="3 AP" obj="Sich verstecken: 1" text="TALENT" time="1489361800050" version="HS 5.5.1"/><ereignis Alt="0" Neu="2" kommentar="7 AP" obj="Sich verstecken: 2" text="TALENT" time="1489361800050" version="HS 5.5.1"/><ereignis Alt="0" Neu="3" kommentar="6 AP" obj="Betören: 3" text="TALENT" time="1489361800050" version="HS 5.5.1"/><ereignis Alt="0" Neu="4" kommentar="8 AP" obj="Betören: 4" text="TALENT" time="1489361800050" version="HS 5.5.1"/><ereignis Alt="0" Neu="5" kommentar="11 AP" obj="Betören: 5" text="TALENT" time="1489361800050" version="HS 5.5.1"/><ereignis Alt="0" Neu="6" kommentar="14 AP" obj="Betören: 6" text="TALENT" time="1489361800050" version="HS 5.5.1"/><ereignis Alt="0" Neu="3" kommentar="6 AP" obj="Lehren: 3" text="TALENT" time="1489361800050" version="HS 5.5.1"/><ereignis Alt="0" Neu="4" kommentar="8 AP" obj="Lehren: 4" text="TALENT" time="1489361800050" version="HS 5.5.1"/><ereignis Alt="0" Neu="2" kommentar="4 AP" obj="Sich verkleiden: 2" text="TALENT" time="1489361800050" version="HS 5.5.1"/><ereignis Alt="0" Neu="3" kommentar="6 AP" obj="Sich verkleiden: 3" text="TALENT" time="1489361800050" version="HS 5.5.1"/><ereignis Alt="0" Neu="4" kommentar="8 AP" obj="Überzeugen: 4" text="TALENT" time="1489361800050" version="HS 5.5.1"/><ereignis Alt="0" Neu="4" kommentar="8 AP" obj="Heilkunde: Seele: 4" text="TALENT" time="1489361800050" version="HS 5.5.1"/><ereignis Alt="0" Neu="2" kommentar="4 AP" obj="Holzbearbeitung: 2" text="TALENT" time="1489361800050" version="HS 5.5.1"/><ereignis Alt="0" Neu="3" kommentar="6 AP" obj="Holzbearbeitung: 3" text="TALENT" time="1489361800050" version="HS 5.5.1"/><ereignis Alt="0" Neu="4" kommentar="8 AP" obj="Holzbearbeitung: 4" text="TALENT" time="1489361800050" version="HS 5.5.1"/><ereignis Alt="0" Neu="5" kommentar="11 AP" obj="Holzbearbeitung: 5" text="TALENT" time="1489361800050" version="HS 5.5.1"/><ereignis Alt="0" Neu="6" kommentar="5 AP" obj="Respondami [Magier] (HZ): 6" text="ZAUBER" time="1489361800050" version="HS 5.5.1"/><ereignis Alt="0" Neu="7" kommentar="6 AP" obj="Respondami [Magier] (HZ): 7" text="ZAUBER" time="1489361800050" version="HS 5.5.1"/><ereignis Alt="0" Neu="8" kommentar="8 AP" obj="Respondami [Magier] (HZ): 8" text="ZAUBER" time="1489361800050" version="HS 5.5.1"/><ereignis Alt="0" Neu="9" kommentar="9 AP" obj="Respondami [Magier] (HZ): 9" text="ZAUBER" time="1489361800050" version="HS 5.5.1"/><ereignis Alt="0" Neu="3" kommentar="3 AP" obj="Somnigravis tiefer Schlaf [Magier]: 3" text="ZAUBER" time="1489361800050" version="HS 5.5.1"/><ereignis Alt="0" Neu="4" kommentar="4 AP" obj="Somnigravis tiefer Schlaf [Magier]: 4" text="ZAUBER" time="1489361800050" version="HS 5.5.1"/><ereignis Alt="0" Neu="5" kommentar="6 AP" obj="Somnigravis tiefer Schlaf [Magier]: 5" text="ZAUBER" time="1489361800050" version="HS 5.5.1"/><ereignis Alt="0" Neu="6" kommentar="7 AP" obj="Somnigravis tiefer Schlaf [Magier]: 6" text="ZAUBER" time="1489361800050" version="HS 5.5.1"/><ereignis Alt="0" Neu="7" kommentar="8 AP" obj="Somnigravis tiefer Schlaf [Magier]: 7" text="ZAUBER" time="1489361800050" version="HS 5.5.1"/><ereignis Alt="0" Neu="9" kommentar="22 AP" obj="Imperavi Handlungszwang [Magier] (HZ): 9" text="ZAUBER" time="1489361800050" version="HS 5.5.1"/><ereignis Alt="0" Neu="10" kommentar="25 AP" obj="Imperavi Handlungszwang [Magier] (HZ): 10" text="ZAUBER" time="1489361800050" version="HS 5.5.1"/><ereignis Alt="0" Neu="11" kommentar="28 AP" obj="Imperavi Handlungszwang [Magier] (HZ): 11" text="ZAUBER" time="1489361800050" version="HS 5.5.1"/><ereignis Alt="0" Neu="0" kommentar="75 AP" obj="Merkmalskenntnis: Einfluss" text="SF" time="1489361800050" version="HS 5.5.1"/><ereignis Alt="0" Neu="0" kommentar="38 AP" obj="Regeneration I" text="SF" time="1489361800050" version="HS 5.5.1"/><ereignis Alt="0" Neu="0" kommentar="75 AP" obj="Zauberkontrolle" text="SF" time="1489361800050" version="HS 5.5.1"/><ereignis Alt="0" Neu="0" kommentar="75 AP" obj="Zauberroutine" text="SF" time="1489361800050" version="HS 5.5.1"/><ereignis Alt="0" Neu="0" kommentar="0 GP" obj="Akademische Ausbildung (Magier)" text="VORTEILE" time="1489361800050" version="HS 5.5.1"/><ereignis Alt="0" Neu="0" kommentar="0 GP" obj="Arroganz: 7" text="VORTEILE" time="1489361800050" version="HS 5.5.1"/><ereignis Alt="0" Neu="0" kommentar="12 GP" obj="Astrale Regeneration: 3" text="VORTEILE" time="1489361800050" version="HS 5.5.1"/><ereignis Alt="0" Neu="0" kommentar="2 GP" obj="Begabung für [Zauber]: Imperavi Handlungszwang" text="VORTEILE" time="1489361800050" version="HS 5.5.1"/><ereignis Alt="0" Neu="0" kommentar="-2 GP" obj="Neugier: 9" text="VORTEILE" time="1489361800050" version="HS 5.5.1"/><ereignis Alt="0" Neu="0" kommentar="-5 GP" obj="Speisegebote" text="VORTEILE" time="1489361800050" version="HS 5.5.1"/><ereignis Alt="0" Neu="0" kommentar="-16 GP" obj="Sucht: Mibelrohr (8)" text="VORTEILE" time="1489361800050" version="HS 5.5.1"/><ereignis Alt="0" Neu="0" kommentar="-1 GP" obj="Thesisgebunden 1: Analys Arkanstruktur" text="VORTEILE" time="1489361800050" version="HS 5.5.1"/><ereignis Alt="0" Neu="0" kommentar="-1 GP" obj="Thesisgebunden 2: Klarum Purum" text="VORTEILE" time="1489361800050" version="HS 5.5.1"/><ereignis Alt="0" Neu="0" kommentar="-10 GP" obj="Unfähigkeit für [Talentgruppe]: Nahkampf" text="VORTEILE" time="1489361800050" version="HS 5.5.1"/><ereignis Alt="0" Neu="0" kommentar="0 GP" obj="Verpflichtungen" text="VORTEILE" time="1489361800050" version="HS 5.5.1"/><ereignis Alt="0" Neu="0" kommentar="0 GP" obj="Vollzauberer" text="VORTEILE" time="1489361800050" version="HS 5.5.1"/><ereignis obj="Auswahl" text="Lesen/Schreiben Kusliker Zeichen" time="1489361800050" version="HS 5.5.1"/><ereignis Neu="1" obj="Auswahl" text="Speere" time="1489361800050" version="HS 5.5.1"/><ereignis Neu="1" obj="Auswahl" text="Webkunst" time="1489361800050" version="HS 5.5.1"/></ereignisse><talentliste><talent lernmethode="Gegenseitiges Lehren" name="Dolche" probe=" (GE/GE/KK)" value="4"/><talent lernmethode="Gegenseitiges Lehren" name="Hiebwaffen" probe=" (GE/GE/KK)" value="0"/><talent lernmethode="Gegenseitiges Lehren" name="Raufen" probe=" (GE/GE/KK)" value="1"/><talent lernmethode="Gegenseitiges Lehren" name="Ringen" probe=" (GE/GE/KK)" value="3"/><talent lernmethode="Gegenseitiges Lehren" name="Säbel" probe=" (GE/GE/KK)" value="0"/><talent lernmethode="Gegenseitiges Lehren" name="Speere" probe=" (GE/GE/KK)" value="1"/><talent lernmethode="Gegenseitiges Lehren" name="Stäbe" probe=" (GE/GE/KK)" value="1"/><talent lernmethode="Gegenseitiges Lehren" name="Wurfmesser" probe=" (GE/FF/KK)" value="0"/><talent be="BEx2" lernmethode="Gegenseitiges Lehren" name="Athletik" probe=" (GE/KO/KK)" value="2"/><talent be="BEx2" lernmethode="Gegenseitiges Lehren" name="Klettern" probe=" (MU/GE/KK)" value="2"/><talent be="BEx2" lernmethode="Gegenseitiges Lehren" name="Körperbeherrschung" probe=" (MU/IN/GE)" value="2"/><talent be="BE" lernmethode="Gegenseitiges Lehren" name="Schleichen" probe=" (MU/IN/GE)" value="2"/><talent be="BEx2" lernmethode="Gegenseitiges Lehren" name="Schwimmen" probe=" (GE/KO/KK)" value="1"/><talent be="" lernmethode="Gegenseitiges Lehren" name="Selbstbeherrschung" probe=" (MU/KO/KK)" value="3"/><talent be="BE-2" lernmethode="Gegenseitiges Lehren" name="Sich verstecken" probe=" (MU/IN/GE)" value="2"/><talent be="BE-3" lernmethode="Gegenseitiges Lehren" name="Singen" probe=" (IN/CH/CH)" value="0"/><talent be="0-&gt;BE" lernmethode="Gegenseitiges Lehren" name="Sinnenschärfe" probe=" (KL/IN/IN)" value="2"/><talent be="BEx2" lernmethode="Gegenseitiges Lehren" name="Tanzen" probe=" (CH/GE/GE)" value="1"/><talent be="" lernmethode="Gegenseitiges Lehren" name="Zechen" probe=" (IN/KO/KK)" value="0"/><talent lernmethode="Gegenseitiges Lehren" name="Betören" probe=" (IN/CH/CH)" value="6"/><talent lernmethode="Gegenseitiges Lehren" name="Etikette" probe=" (KL/IN/CH)" value="4"/><talent lernmethode="Gegenseitiges Lehren" name="Gassenwissen" probe=" (KL/IN/CH)" value="2"/><talent lernmethode="Gegenseitiges Lehren" name="Lehren" probe=" (KL/IN/CH)" value="4"/><talent lernmethode="Gegenseitiges Lehren" name="Menschenkenntnis" probe=" (KL/IN/CH)" value="6"/><talent lernmethode="Gegenseitiges Lehren" name="Sich verkleiden" probe=" (MU/CH/GE)" value="3"/><talent lernmethode="Gegenseitiges Lehren" name="Überreden" probe=" (MU/IN/CH)" value="5"/><talent lernmethode="Gegenseitiges Lehren" name="Überzeugen" probe=" (KL/IN/CH)" value="4"/><talent lernmethode="Gegenseitiges Lehren" name="Fährtensuchen" probe=" (KL/IN/KO)" value="1"/><talent lernmethode="Gegenseitiges Lehren" name="Orientierung" probe=" (KL/IN/IN)" value="0"/><talent lernmethode="Gegenseitiges Lehren" name="Wettervorhersage" probe=" (KL/IN/IN)" value="1"/><talent lernmethode="Gegenseitiges Lehren" name="Wildnisleben" probe=" (IN/GE/KO)" value="1"/><talent lernmethode="Gegenseitiges Lehren" name="Brett-/Kartenspiel" probe=" (KL/KL/IN)" value="3"/><talent lernmethode="Gegenseitiges Lehren" name="Geschichtswissen" probe=" (KL/KL/IN)" value="4"/><talent lernmethode="Gegenseitiges Lehren" name="Götter und Kulte" probe=" (KL/KL/IN)" value="3"/><talent lernmethode="Gegenseitiges Lehren" name="Magiekunde" probe=" (KL/KL/IN)" value="6"/><talent lernmethode="Gegenseitiges Lehren" name="Pflanzenkunde" probe=" (KL/IN/FF)" value="1"/><talent lernmethode="Gegenseitiges Lehren" name="Philosophie" probe=" (KL/KL/IN)" value="3"/><talent lernmethode="Gegenseitiges Lehren" name="Rechnen" probe=" (KL/KL/IN)" value="6"/><talent lernmethode="Gegenseitiges Lehren" name="Rechtskunde" probe=" (KL/KL/IN)" value="2"/><talent lernmethode="Gegenseitiges Lehren" name="Sagen und Legenden" probe=" (KL/IN/CH)" value="7"/><talent lernmethode="Gegenseitiges Lehren" name="Sternkunde" probe=" (KL/KL/IN)" value="4"/><talent lernmethode="Gegenseitiges Lehren" name="Tierkunde" probe=" (MU/KL/IN)" value="2"/><talent k="21" lernmethode="Gegenseitiges Lehren" name="Sprachen kennen Bosparano" probe=" (KL/IN/CH)" value="6"/><talent k="18" lernmethode="Gegenseitiges Lehren" name="Sprachen kennen Garethi" probe=" (KL/IN/CH)" value="10"/><talent k="18" lernmethode="Gegenseitiges Lehren" name="Sprachen kennen Tulamidya" probe=" (KL/IN/CH)" value="16"/><talent k="21" lernmethode="Gegenseitiges Lehren" name="Sprachen kennen Urtulamidya" probe=" (KL/IN/CH)" value="7"/><talent k="15" lernmethode="Gegenseitiges Lehren" name="Sprachen kennen Zhayad" probe=" (KL/IN/CH)" value="4"/><talent k="10" lernmethode="Gegenseitiges Lehren" name="Lesen/Schreiben Kusliker Zeichen" probe=" (KL/KL/FF)" value="8"/><talent k="14" lernmethode="Gegenseitiges Lehren" name="Lesen/Schreiben Tulamidya" probe=" (KL/KL/FF)" value="8"/><talent k="16" lernmethode="Gegenseitiges Lehren" name="Lesen/Schreiben Urtulamidya" probe=" (KL/KL/FF)" value="6"/><talent k="18" lernmethode="Gegenseitiges Lehren" name="Lesen/Schreiben Zhayad" probe=" (KL/KL/FF)" value="4"/><talent lernmethode="Gegenseitiges Lehren" name="Ackerbau" probe=" (IN/FF/KO)" value="1"/><talent lernmethode="Gegenseitiges Lehren" name="Alchimie" probe=" (MU/KL/FF)" value="3"/><talent lernmethode="Gegenseitiges Lehren" name="Heilkunde: Gift" probe=" (MU/KL/IN)" value="1"/><talent lernmethode="Gegenseitiges Lehren" name="Heilkunde: Seele" probe=" (IN/CH/CH)" value="4"/><talent lernmethode="Gegenseitiges Lehren" name="Heilkunde: Wunden" probe=" (KL/CH/FF)" value="0"/><talent lernmethode="Gegenseitiges Lehren" name="Holzbearbeitung" probe=" (KL/FF/KK)" value="5"/><talent lernmethode="Gegenseitiges Lehren" name="Kochen" probe=" (KL/IN/FF)" value="0"/><talent lernmethode="Gegenseitiges Lehren" name="Lederarbeiten" probe=" (KL/FF/FF)" value="1"/><talent lernmethode="Gegenseitiges Lehren" name="Malen/Zeichnen" probe=" (KL/IN/FF)" value="4"/><talent lernmethode="Gegenseitiges Lehren" name="Schneidern" probe=" (KL/FF/FF)" value="0"/><talent lernmethode="Gegenseitiges Lehren" name="Viehzucht" probe=" (KL/IN/KK)" value="2"/><talent lernmethode="Gegenseitiges Lehren" name="Webkunst" probe=" (FF/FF/KK)" value="1"/><talent lernmethode="Gegenseitiges Lehren" name="Ritualkenntnis: Gildenmagie" probe=" (--/--/--)" value="3"/></talentliste><zauberliste><zauber anmerkungen="" hauszauber="false" k="D" kosten="" lernmethode="Gegenseitiges Lehren" name="Analys Arkanstruktur" probe=" (KL/KL/IN)" reichweite="" repraesentation="Magier" value="2" variante="" wirkungsdauer="" zauberdauer="" zauberkommentar=""/><zauber anmerkungen="" hauszauber="false" k="B" kosten="" lernmethode="Gegenseitiges Lehren" name="Attributo" probe=" (KL/CH/**)" reichweite="" repraesentation="Magier" value="2" variante="" wirkungsdauer="" zauberdauer="" zauberkommentar=""/><zauber anmerkungen="" hauszauber="false" k="C" kosten="" lernmethode="Gegenseitiges Lehren" name="Band und Fessel" probe=" (KL/CH/KK)" reichweite="" repraesentation="Magier" value="2" variante="" wirkungsdauer="" zauberdauer="" zauberkommentar=""/><zauber anmerkungen="" hauszauber="false" k="B" kosten="" lernmethode="Gegenseitiges Lehren" name="Bannbaladin" probe=" (IN/CH/CH)" reichweite="" repraesentation="Magier" value="4" variante="" wirkungsdauer="" zauberdauer="" zauberkommentar=""/><zauber anmerkungen="" hauszauber="true" k="C" kosten="" lernmethode="Gegenseitiges Lehren" name="Beherrschung brechen" probe=" (KL/IN/CH)" reichweite="" repraesentation="Magier" value="5" variante="" wirkungsdauer="" zauberdauer="" zauberkommentar=""/><zauber anmerkungen="" hauszauber="false" k="D" kosten="" lernmethode="Gegenseitiges Lehren" name="Blick in die Gedanken" probe=" (KL/KL/CH)" reichweite="" repraesentation="Magier" value="2" variante="" wirkungsdauer="" zauberdauer="" zauberkommentar=""/><zauber anmerkungen="" hauszauber="false" k="C" kosten="" lernmethode="Gegenseitiges Lehren" name="Fulminictus Donnerkeil" probe=" (IN/GE/KO)" reichweite="" repraesentation="Magier" value="2" variante="" wirkungsdauer="" zauberdauer="" zauberkommentar=""/><zauber anmerkungen="" hauszauber="false" k="C" kosten="" lernmethode="Gegenseitiges Lehren" name="Halluzination" probe=" (KL/IN/CH)" reichweite="" repraesentation="Druide" value="2" variante="" wirkungsdauer="" zauberdauer="" zauberkommentar=""/><zauber anmerkungen="" hauszauber="true" k="C" kosten="" lernmethode="Gegenseitiges Lehren" name="Horriphobus Schreckgestalt" probe=" (MU/IN/CH)" reichweite="" repraesentation="Magier" value="6" variante="" wirkungsdauer="" zauberdauer="" zauberkommentar=""/><zauber anmerkungen="" hauszauber="true" k="E" kosten="" lernmethode="Gegenseitiges Lehren" name="Imperavi Handlungszwang" probe=" (KL/CH/CH)" reichweite="" repraesentation="Magier" value="11" variante="" wirkungsdauer="" zauberdauer="" zauberkommentar=""/><zauber anmerkungen="" hauszauber="false" k="D" kosten="" lernmethode="Gegenseitiges Lehren" name="Klarum Purum" probe=" (KL/KL/CH)" reichweite="" repraesentation="Magier" value="2" variante="" wirkungsdauer="" zauberdauer="" zauberkommentar=""/><zauber anmerkungen="" hauszauber="true" k="E" kosten="" lernmethode="Gegenseitiges Lehren" name="Memorabia Falsifir" probe=" (KL/IN/CH)" reichweite="" repraesentation="Magier" value="6" variante="" wirkungsdauer="" zauberdauer="" zauberkommentar=""/><zauber anmerkungen="" hauszauber="false" k="A" kosten="" lernmethode="Gegenseitiges Lehren" name="Odem Arcanum" probe=" (KL/IN/IN)" reichweite="" repraesentation="Magier" value="4" variante="" wirkungsdauer="" zauberdauer="" zauberkommentar=""/><zauber anmerkungen="" hauszauber="false" k="C" kosten="" lernmethode="Gegenseitiges Lehren" name="Paralysis starr wie Stein" probe=" (IN/CH/KK)" reichweite="" repraesentation="Magier" value="4" variante="" wirkungsdauer="" zauberdauer="" zauberkommentar=""/><zauber anmerkungen="" hauszauber="false" k="D" kosten="" lernmethode="Gegenseitiges Lehren" name="Pentagramma Sphärenbann" probe=" (MU/MU/CH)" reichweite="" repraesentation="Magier" value="2" variante="" wirkungsdauer="" zauberdauer="" zauberkommentar=""/><zauber anmerkungen="" hauszauber="true" k="B" kosten="" lernmethode="Gegenseitiges Lehren" name="Respondami" probe=" (MU/IN/CH)" reichweite="" repraesentation="Magier" value="9" variante="" wirkungsdauer="" zauberdauer="" zauberkommentar=""/><zauber anmerkungen="" hauszauber="false" k="D" kosten="" lernmethode="Gegenseitiges Lehren" name="Schleier der Unwissenheit" probe=" (KL/KL/FF)" reichweite="" repraesentation="Magier" value="2" variante="" wirkungsdauer="" zauberdauer="" zauberkommentar=""/><zauber anmerkungen="" hauszauber="false" k="D" kosten="" lernmethode="Gegenseitiges Lehren" name="Schwarzer Schrecken" probe=" (MU/IN/CH)" reichweite="" repraesentation="Magier" value="2" variante="" wirkungsdauer="" zauberdauer="" zauberkommentar=""/><zauber anmerkungen="" hauszauber="true" k="C" kosten="" lernmethode="Gegenseitiges Lehren" name="Sensibar Empathicus" probe=" (KL/IN/CH)" reichweite="" repraesentation="Magier" value="6" variante="" wirkungsdauer="" zauberdauer="" zauberkommentar=""/><zauber anmerkungen="" hauszauber="false" k="B" kosten="" lernmethode="Gegenseitiges Lehren" name="Somnigravis tiefer Schlaf" probe=" (KL/CH/CH)" reichweite="" repraesentation="Magier" value="7" variante="" wirkungsdauer="" zauberdauer="" zauberkommentar=""/><zauber anmerkungen="" hauszauber="true" k="D" kosten="" lernmethode="Gegenseitiges Lehren" name="Widerwille Ungemach" probe=" (MU/IN/GE)" reichweite="" repraesentation="Magier" value="6" variante="" wirkungsdauer="" zauberdauer="" zauberkommentar=""/></zauberliste><kampf><kampfwerte name="Dolche"><attacke value="11"/><parade value="7"/></kampfwerte><kampfwerte name="Hiebwaffen"><attacke value="7"/><parade value="7"/></kampfwerte><kampfwerte name="Raufen"><attacke value="8"/><parade value="7"/></kampfwerte><kampfwerte name="Ringen"><attacke value="7"/><parade value="10"/></kampfwerte><kampfwerte name="Säbel"><attacke value="7"/><parade value="7"/></kampfwerte><kampfwerte name="Speere"><attacke value="8"/><parade value="7"/></kampfwerte><kampfwerte name="Stäbe"><attacke value="7"/><parade value="8"/></kampfwerte></kampf><gegenstände/><BoniWaffenlos/><kommentare><sfInfos dauer="" kosten="" probe="" sf="" sfname="Stabzauber: Bindung" wirkung=""/></kommentare><ausrüstungen><heldenausruestung name="jagtwaffe" nummer="0" set="0"/></ausrüstungen><verbindungen/><extention/><geldboerse/><plugindata/></held><Signature xmlns="http://www.w3.org/2000/09/xmldsig#"><SignedInfo><CanonicalizationMethod Algorithm="http://www.w3.org/TR/2001/REC-xml-c14n-20010315#WithComments"/><SignatureMethod Algorithm="http://www.w3.org/2000/09/xmldsig#dsa-sha1"/><Reference URI=""><Transforms><Transform Algorithm="http://www.w3.org/2000/09/xmldsig#enveloped-signature"/></Transforms><DigestMethod Algorithm="http://www.w3.org/2000/09/xmldsig#sha1"/><DigestValue>kbeC6ZA8UpN3E41Z740gp3T17wY=</DigestValue></Reference></SignedInfo><SignatureValue>PmdR+Ypw3h79p6jGFTfrMokroL98djMG6vZmCKqRFpG6GTGVnvBKEQ==</SignatureValue><KeyInfo><KeyValue><DSAKeyValue><P>/KaCzo4Syrom78z3EQ5SbbB4sF7ey80etKII864WF64B81uRpH5t9jQTxeEu0ImbzRMqzVDZkVG9
xD7nN1kuFw==</P><Q>li7dzDacuo67Jg7mtqEm2TRuOMU=</Q><G>Z4Rxsnqc9E7pGknFFH2xqaryRPBaQ01khpMdLRQnG541Awtx/XPaF5Bpsy4pNWMOHCBiNU0Nogps
QW5QvnlMpA==</G><Y>uVrvWkzIbUdL7E80AiD0PJDX3Ck0beY5StXp1wDAA1/ePpemd6rTBNd8YoCzOovNrX016YMcTSiO
iExM4RWtJA==</Y></DSAKeyValue></KeyValue></KeyInfo></Signature></helden>