<?xml version="1.0" encoding="UTF-8" standalone="no"?><?xml-stylesheet type="text/xsl" href="helden.xsl"?><helden Version="5.5.2"><held key="1489361795414" name="Kanzim Shizatlu" stand="1493389989791"><mods/><basis><geschlecht name="männlich"/><settings name="DSA4.1"><inc name="Wege der Alchimie"/></settings><rasse name="helden.model.rasse.Tulamide" string="Tulamide"><groesse gewicht="82" value="189"/><aussehen alter="26" augenfarbe="braun" aussehentext0="" aussehentext1="" aussehentext2="" aussehentext3="" familietext0="" familietext1="" familietext2="" familietext3="" familietext4="" familietext5="" gbjahr="988" gbmonat="9" gbtag="13" gprest="0" gpstart="110" haarfarbe="dunkelbraun" kalender="Bosparans Fall" stand="" titel=""/></rasse><kultur name="helden.model.kultur.Mhanadistan" schrift="Lesen/Schreiben Kusliker Zeichen" string="Mhanadistan" zweitsprache="Sprachen kennen Garethi"/><ausbildungen><ausbildung art="Hauptprofession" name="helden.model.profession.Magier" string="Akademie der geistigen Kraft zu Fasar: Harter Zweig" tarnidentitaet="Puppenspieler"><variante name="Akademie der geistigen Kraft zu Fasar: Harter Zweig"/></ausbildung></ausbildungen><verify value="1"/><notiz notiz0="Notizen" notiz1="" notiz10="" notiz11="" notiz2="" notiz3="" notiz4="" notiz5="" notiz6="" notiz7="" notiz8="" notiz9=""/><portraet value=""/><abenteuerpunkte value="2205"/><freieabenteuerpunkte value="3"/><gilde name="schwarz"/></basis><eigenschaften><eigenschaft mod="0" name="Mut" startwert="14" value="14"/><eigenschaft mod="0" name="Klugheit" startwert="14" value="14"/><eigenschaft mod="0" name="Intuition" startwert="14" value="14"/><eigenschaft mod="0" name="Charisma" startwert="14" value="14"/><eigenschaft mod="0" name="Fingerfertigkeit" startwert="11" value="11"/><eigenschaft mod="0" name="Gewandtheit" startwert="10" value="10"/><eigenschaft mod="0" name="Konstitution" startwert="12" value="12"/><eigenschaft mod="0" name="Körperkraft" startwert="11" value="11"/><eigenschaft mod="0" name="Sozialstatus" startwert="7" value="7"/><eigenschaft mod="10" name="Lebensenergie" value="1"/><eigenschaft mod="10" name="Ausdauer" value="0"/><eigenschaft grossemeditation="0" mod="18" mrmod="-2" name="Astralenergie" value="5"/><eigenschaft karmalqueste="0" mod="0" name="Karmaenergie" value="0"/><eigenschaft mod="-2" name="Magieresistenz" value="0"/><eigenschaft mod="0" name="ini" value="10"/><eigenschaft mod="0" name="at" value="7"/><eigenschaft mod="0" name="pa" value="7"/><eigenschaft mod="0" name="fk" value="7"/></eigenschaften><vt><vorteil name="Akademische Ausbildung (Magier)"/><vorteil name="Astrale Regeneration" value="3"/><vorteil name="Begabung für [Zauber]" value="Imperavi Handlungszwang"/><vorteil name="Vollzauberer"/><vorteil name="Arroganz" value="3"/><vorteil name="Neugier" value="9"/><vorteil name="Speisegebote"/><vorteil name="Sucht" value="Mibelrohr (8)"/><vorteil name="Thesisgebunden" value="Analys Arkanstruktur"/><vorteil name="Thesisgebunden" value="Klarum Purum"/><vorteil name="Unfähigkeit für [Talentgruppe]" value="Nahkampf"/><vorteil name="Verpflichtungen"/></vt><sf><sonderfertigkeit name="Astrale Meditation"/><sonderfertigkeit name="Blutmagie"/><sonderfertigkeit name="Eiserner Wille I"/><sonderfertigkeit name="Große Meditation"/><sonderfertigkeit name="Kulturkunde"><kultur name="Tulamidenlande"/></sonderfertigkeit><sonderfertigkeit name="Merkmalskenntnis: Einfluss"/><sonderfertigkeit name="Merkmalskenntnis: Herrschaft"/><sonderfertigkeit name="Regeneration I"/><sonderfertigkeit name="Repräsentation: Magier"/><sonderfertigkeit name="Ritualkenntnis: Gildenmagie"/><sonderfertigkeit name="Stabzauber: Bindung"/><sonderfertigkeit name="Verbotene Pforten"/><sonderfertigkeit name="Zauberkontrolle"/><sonderfertigkeit name="Zauberroutine"/></sf><ereignisse><ereignis obj="max GP für Helden: 110" text="EINSTELLUNG" time="1489361800047" version="HS 5.5.1"/><ereignis obj="max Eigenschafts-GP für Helden: 100" text="EINSTELLUNG" time="1489361800047" version="HS 5.5.1"/><ereignis obj="max Eigenschafts-Wert für Helden: 14" text="EINSTELLUNG" time="1489361800047" version="HS 5.5.1"/><ereignis obj="Die folgenden Vor- bzw. Nachteile unterliegen der Meistergenehmigung: Begabung für [Zauber] Unfähigkeit für [Talentgruppe] " text="Meistergenehmigung notwendig" time="1489361800049" version="HS 5.5.1"/><ereignis Alt="0" Neu="0" kommentar="0 GP" obj="Rasse: Tulamide" text="RKP" time="1489361800050" version="HS 5.5.1"/><ereignis Alt="0" Neu="0" kommentar="0 GP" obj="Kultur: Mhanadistan" text="RKP" time="1489361800050" version="HS 5.5.1"/><ereignis Alt="0" Neu="0" kommentar="31 GP" obj="Profession: Akademie der geistigen Kraft zu Fasar: Harter Zweig" text="RKP" time="1489361800050" version="HS 5.5.1"/><ereignis Alt="0" Neu="14" kommentar="14 GP" obj="Mut: 14" text="EIGENSCHAFTEN" time="1489361800050" version="HS 5.5.1"/><ereignis Alt="0" Neu="14" kommentar="14 GP" obj="Klugheit: 14" text="EIGENSCHAFTEN" time="1489361800050" version="HS 5.5.1"/><ereignis Alt="0" Neu="14" kommentar="14 GP" obj="Intuition: 14" text="EIGENSCHAFTEN" time="1489361800050" version="HS 5.5.1"/><ereignis Alt="0" Neu="14" kommentar="14 GP" obj="Charisma: 14" text="EIGENSCHAFTEN" time="1489361800050" version="HS 5.5.1"/><ereignis Alt="0" Neu="11" kommentar="11 GP" obj="Fingerfertigkeit: 11" text="EIGENSCHAFTEN" time="1489361800050" version="HS 5.5.1"/><ereignis Alt="0" Neu="10" kommentar="10 GP" obj="Gewandtheit: 10" text="EIGENSCHAFTEN" time="1489361800050" version="HS 5.5.1"/><ereignis Alt="0" Neu="12" kommentar="12 GP" obj="Konstitution: 12" text="EIGENSCHAFTEN" time="1489361800050" version="HS 5.5.1"/><ereignis Alt="0" Neu="11" kommentar="11 GP" obj="Körperkraft: 11" text="EIGENSCHAFTEN" time="1489361800050" version="HS 5.5.1"/><ereignis Alt="0" Neu="7" kommentar="0 GP" obj="Sozialstatus: 7" text="EIGENSCHAFTEN" time="1489361800050" version="HS 5.5.1"/><ereignis Alt="0" Neu="1" kommentar="3 AP" obj="Athletik: 1" text="TALENT" time="1489361800050" version="HS 5.5.1"/><ereignis Alt="0" Neu="2" kommentar="7 AP" obj="Athletik: 2" text="TALENT" time="1489361800050" version="HS 5.5.1"/><ereignis Alt="0" Neu="1" kommentar="3 AP" obj="Klettern: 1" text="TALENT" time="1489361800050" version="HS 5.5.1"/><ereignis Alt="0" Neu="2" kommentar="7 AP" obj="Klettern: 2" text="TALENT" time="1489361800050" version="HS 5.5.1"/><ereignis Alt="0" Neu="2" kommentar="7 AP" obj="Körperbeherrschung: 2" text="TALENT" time="1489361800050" version="HS 5.5.1"/><ereignis Alt="0" Neu="1" kommentar="3 AP" obj="Schleichen: 1" text="TALENT" time="1489361800050" version="HS 5.5.1"/><ereignis Alt="0" Neu="2" kommentar="7 AP" obj="Schleichen: 2" text="TALENT" time="1489361800050" version="HS 5.5.1"/><ereignis Alt="0" Neu="1" kommentar="3 AP" obj="Schwimmen: 1" text="TALENT" time="1489361800050" version="HS 5.5.1"/><ereignis Alt="0" Neu="1" kommentar="3 AP" obj="Sich verstecken: 1" text="TALENT" time="1489361800050" version="HS 5.5.1"/><ereignis Alt="0" Neu="2" kommentar="7 AP" obj="Sich verstecken: 2" text="TALENT" time="1489361800050" version="HS 5.5.1"/><ereignis Alt="0" Neu="3" kommentar="6 AP" obj="Betören: 3" text="TALENT" time="1489361800050" version="HS 5.5.1"/><ereignis Alt="0" Neu="4" kommentar="8 AP" obj="Betören: 4" text="TALENT" time="1489361800050" version="HS 5.5.1"/><ereignis Alt="0" Neu="5" kommentar="11 AP" obj="Betören: 5" text="TALENT" time="1489361800050" version="HS 5.5.1"/><ereignis Alt="0" Neu="6" kommentar="14 AP" obj="Betören: 6" text="TALENT" time="1489361800050" version="HS 5.5.1"/><ereignis Alt="0" Neu="3" kommentar="6 AP" obj="Lehren: 3" text="TALENT" time="1489361800050" version="HS 5.5.1"/><ereignis Alt="0" Neu="4" kommentar="8 AP" obj="Lehren: 4" text="TALENT" time="1489361800050" version="HS 5.5.1"/><ereignis Alt="0" Neu="2" kommentar="4 AP" obj="Sich verkleiden: 2" text="TALENT" time="1489361800050" version="HS 5.5.1"/><ereignis Alt="0" Neu="3" kommentar="6 AP" obj="Sich verkleiden: 3" text="TALENT" time="1489361800050" version="HS 5.5.1"/><ereignis Alt="0" Neu="4" kommentar="8 AP" obj="Überzeugen: 4" text="TALENT" time="1489361800050" version="HS 5.5.1"/><ereignis Alt="0" Neu="4" kommentar="8 AP" obj="Heilkunde: Seele: 4" text="TALENT" time="1489361800050" version="HS 5.5.1"/><ereignis Alt="0" Neu="2" kommentar="4 AP" obj="Holzbearbeitung: 2" text="TALENT" time="1489361800050" version="HS 5.5.1"/><ereignis Alt="0" Neu="3" kommentar="6 AP" obj="Holzbearbeitung: 3" text="TALENT" time="1489361800050" version="HS 5.5.1"/><ereignis Alt="0" Neu="4" kommentar="8 AP" obj="Holzbearbeitung: 4" text="TALENT" time="1489361800050" version="HS 5.5.1"/><ereignis Alt="0" Neu="5" kommentar="11 AP" obj="Holzbearbeitung: 5" text="TALENT" time="1489361800050" version="HS 5.5.1"/><ereignis Alt="0" Neu="6" kommentar="5 AP" obj="Respondami [Magier] (HZ): 6" text="ZAUBER" time="1489361800050" version="HS 5.5.1"/><ereignis Alt="0" Neu="7" kommentar="6 AP" obj="Respondami [Magier] (HZ): 7" text="ZAUBER" time="1489361800050" version="HS 5.5.1"/><ereignis Alt="0" Neu="8" kommentar="8 AP" obj="Respondami [Magier] (HZ): 8" text="ZAUBER" time="1489361800050" version="HS 5.5.1"/><ereignis Alt="0" Neu="9" kommentar="9 AP" obj="Respondami [Magier] (HZ): 9" text="ZAUBER" time="1489361800050" version="HS 5.5.1"/><ereignis Alt="0" Neu="3" kommentar="3 AP" obj="Somnigravis tiefer Schlaf [Magier]: 3" text="ZAUBER" time="1489361800050" version="HS 5.5.1"/><ereignis Alt="0" Neu="4" kommentar="4 AP" obj="Somnigravis tiefer Schlaf [Magier]: 4" text="ZAUBER" time="1489361800050" version="HS 5.5.1"/><ereignis Alt="0" Neu="5" kommentar="6 AP" obj="Somnigravis tiefer Schlaf [Magier]: 5" text="ZAUBER" time="1489361800050" version="HS 5.5.1"/><ereignis Alt="0" Neu="6" kommentar="7 AP" obj="Somnigravis tiefer Schlaf [Magier]: 6" text="ZAUBER" time="1489361800050" version="HS 5.5.1"/><ereignis Alt="0" Neu="7" kommentar="8 AP" obj="Somnigravis tiefer Schlaf [Magier]: 7" text="ZAUBER" time="1489361800050" version="HS 5.5.1"/><ereignis Alt="0" Neu="9" kommentar="22 AP" obj="Imperavi Handlungszwang [Magier] (HZ): 9" text="ZAUBER" time="1489361800050" version="HS 5.5.1"/><ereignis Alt="0" Neu="10" kommentar="25 AP" obj="Imperavi Handlungszwang [Magier] (HZ): 10" text="ZAUBER" time="1489361800050" version="HS 5.5.1"/><ereignis Alt="0" Neu="11" kommentar="28 AP" obj="Imperavi Handlungszwang [Magier] (HZ): 11" text="ZAUBER" time="1489361800050" version="HS 5.5.1"/><ereignis Alt="0" Neu="0" kommentar="75 AP" obj="Merkmalskenntnis: Einfluss" text="SF" time="1489361800050" version="HS 5.5.1"/><ereignis Alt="0" Neu="0" kommentar="38 AP" obj="Regeneration I" text="SF" time="1489361800050" version="HS 5.5.1"/><ereignis Alt="0" Neu="0" kommentar="75 AP" obj="Zauberkontrolle" text="SF" time="1489361800050" version="HS 5.5.1"/><ereignis Alt="0" Neu="0" kommentar="75 AP" obj="Zauberroutine" text="SF" time="1489361800050" version="HS 5.5.1"/><ereignis Alt="0" Neu="0" kommentar="0 GP" obj="Akademische Ausbildung (Magier)" text="VORTEILE" time="1489361800050" version="HS 5.5.1"/><ereignis Alt="0" Neu="0" kommentar="0 GP" obj="Arroganz: 7" text="VORTEILE" time="1489361800050" version="HS 5.5.1"/><ereignis Alt="0" Neu="0" kommentar="12 GP" obj="Astrale Regeneration: 3" text="VORTEILE" time="1489361800050" version="HS 5.5.1"/><ereignis Alt="0" Neu="0" kommentar="2 GP" obj="Begabung für [Zauber]: Imperavi Handlungszwang" text="VORTEILE" time="1489361800050" version="HS 5.5.1"/><ereignis Alt="0" Neu="0" kommentar="-2 GP" obj="Neugier: 9" text="VORTEILE" time="1489361800050" version="HS 5.5.1"/><ereignis Alt="0" Neu="0" kommentar="-5 GP" obj="Speisegebote" text="VORTEILE" time="1489361800050" version="HS 5.5.1"/><ereignis Alt="0" Neu="0" kommentar="-16 GP" obj="Sucht: Mibelrohr (8)" text="VORTEILE" time="1489361800050" version="HS 5.5.1"/><ereignis Alt="0" Neu="0" kommentar="-1 GP" obj="Thesisgebunden 1: Analys Arkanstruktur" text="VORTEILE" time="1489361800050" version="HS 5.5.1"/><ereignis Alt="0" Neu="0" kommentar="-1 GP" obj="Thesisgebunden 2: Klarum Purum" text="VORTEILE" time="1489361800050" version="HS 5.5.1"/><ereignis Alt="0" Neu="0" kommentar="-10 GP" obj="Unfähigkeit für [Talentgruppe]: Nahkampf" text="VORTEILE" time="1489361800050" version="HS 5.5.1"/><ereignis Alt="0" Neu="0" kommentar="0 GP" obj="Verpflichtungen" text="VORTEILE" time="1489361800050" version="HS 5.5.1"/><ereignis Alt="0" Neu="0" kommentar="0 GP" obj="Vollzauberer" text="VORTEILE" time="1489361800050" version="HS 5.5.1"/><ereignis obj="Auswahl" text="Lesen/Schreiben Kusliker Zeichen" time="1489361800050" version="HS 5.5.1"/><ereignis Neu="1" obj="Auswahl" text="Speere" time="1489361800050" version="HS 5.5.1"/><ereignis Neu="1" obj="Auswahl" text="Webkunst" time="1489361800050" version="HS 5.5.1"/><ereignis Abenteuerpunkte="1495" kommentar="StartAP 60% vom Durchschnitt Gesamt AP: 1495 Verfügbare AP: 1495" obj="Abenteuerpunkte (Hinzugewinn)" text="Ereignis eingeben" time="1489689454709" version="HS 5.5.1"/><ereignis Abenteuerpunkte="-4" Alt="1" Info="Gegenseitiges Lehren" Neu="2" obj="Pflanzenkunde" text="Talent steigern" time="1489689534452" version="HS 5.5.1"/><ereignis Abenteuerpunkte="-6" Alt="2" Info="Gegenseitiges Lehren" Neu="3" obj="Pflanzenkunde" text="Talent steigern" time="1489689534985" version="HS 5.5.1"/><ereignis Abenteuerpunkte="-8" Alt="3" Info="Gegenseitiges Lehren" Neu="4" obj="Pflanzenkunde" text="Talent steigern" time="1489689535350" version="HS 5.5.1"/><ereignis Abenteuerpunkte="-11" Alt="4" Info="Gegenseitiges Lehren" Neu="5" obj="Pflanzenkunde" text="Talent steigern" time="1489689535679" version="HS 5.5.1"/><ereignis Abenteuerpunkte="-14" Alt="5" Info="Gegenseitiges Lehren" Neu="6" obj="Pflanzenkunde" text="Talent steigern" time="1489689536039" version="HS 5.5.1"/><ereignis Abenteuerpunkte="-17" Alt="6" Info="Gegenseitiges Lehren" Neu="7" obj="Pflanzenkunde" text="Talent steigern" time="1489689536469" version="HS 5.5.1"/><ereignis Abenteuerpunkte="-19" Alt="7" Info="Gegenseitiges Lehren" Neu="8" obj="Pflanzenkunde" text="Talent steigern" time="1489689538243" version="HS 5.5.1"/><ereignis Abenteuerpunkte="-4" Alt="1" Info="Gegenseitiges Lehren" Neu="2" obj="Wildnisleben" text="Talent steigern" time="1489689543916" version="HS 5.5.1"/><ereignis Abenteuerpunkte="-6" Alt="2" Info="Gegenseitiges Lehren" Neu="3" obj="Wildnisleben" text="Talent steigern" time="1489689544260" version="HS 5.5.1"/><ereignis Abenteuerpunkte="-8" Alt="3" Info="Gegenseitiges Lehren" Neu="4" obj="Wildnisleben" text="Talent steigern" time="1489689544564" version="HS 5.5.1"/><ereignis Abenteuerpunkte="-11" Alt="4" Info="Gegenseitiges Lehren" Neu="5" obj="Wildnisleben" text="Talent steigern" time="1489689544969" version="HS 5.5.1"/><ereignis Abenteuerpunkte="-14" Alt="5" Info="Gegenseitiges Lehren" Neu="6" obj="Wildnisleben" text="Talent steigern" time="1489689546236" version="HS 5.5.1"/><ereignis Abenteuerpunkte="-11" Alt="4" Info="Gegenseitiges Lehren" Neu="5" obj="Heilkunde: Seele" text="Talent steigern" time="1489689550127" version="HS 5.5.1"/><ereignis Abenteuerpunkte="-14" Alt="5" Info="Gegenseitiges Lehren" Neu="6" obj="Heilkunde: Seele" text="Talent steigern" time="1489689553282" version="HS 5.5.1"/><ereignis Abenteuerpunkte="-10" Neu="0" obj="Mechanik" text="Talent aktivieren" time="1489689610447" version="HS 5.5.1"/><ereignis Abenteuerpunkte="-10" Neu="0" obj="Anatomie" text="Talent aktivieren" time="1489689617924" version="HS 5.5.1"/><ereignis Abenteuerpunkte="-10" Neu="0" obj="Schauspielerei" text="Talent aktivieren" time="1489689621369" version="HS 5.5.1"/><ereignis Abenteuerpunkte="-2" Alt="0" Info="Gegenseitiges Lehren" Neu="1" obj="Schauspielerei" text="Talent steigern" time="1489689635916" version="HS 5.5.1"/><ereignis Abenteuerpunkte="-4" Alt="1" Info="Gegenseitiges Lehren" Neu="2" obj="Schauspielerei" text="Talent steigern" time="1489689636370" version="HS 5.5.1"/><ereignis Abenteuerpunkte="-6" Alt="2" Info="Gegenseitiges Lehren" Neu="3" obj="Schauspielerei" text="Talent steigern" time="1489689636940" version="HS 5.5.1"/><ereignis Abenteuerpunkte="-8" Alt="3" Info="Gegenseitiges Lehren" Neu="4" obj="Schauspielerei" text="Talent steigern" time="1489689637480" version="HS 5.5.1"/><ereignis Abenteuerpunkte="-11" Alt="4" Info="Gegenseitiges Lehren" Neu="5" obj="Schauspielerei" text="Talent steigern" time="1489689638214" version="HS 5.5.1"/><ereignis Abenteuerpunkte="-150" obj="Blutmagie" text="Sonderfertigkeit hinzugefügt" time="1489690093697" version="HS 5.5.1"/><ereignis Abenteuerpunkte="-8" Alt="0" Neu="1" obj="Astralenergie" text="Eigenschaft steigern" time="1489690109066" version="HS 5.5.1"/><ereignis Abenteuerpunkte="-18" Alt="1" Neu="2" obj="Astralenergie" text="Eigenschaft steigern" time="1489690114918" version="HS 5.5.1"/><ereignis Abenteuerpunkte="-8" Alt="3" Info="Gegenseitiges Lehren" Neu="4" obj="Sich verkleiden" text="Talent steigern" time="1489690144184" version="HS 5.5.1"/><ereignis Abenteuerpunkte="-11" Alt="4" Info="Gegenseitiges Lehren" Neu="5" obj="Sich verkleiden" text="Talent steigern" time="1489690144692" version="HS 5.5.1"/><ereignis Abenteuerpunkte="-8" Alt="6" Info="Gegenseitiges Lehren" Neu="7" obj="Horriphobus Schreckgestalt [Magier] [Magier]" text="Zauber steigern" time="1489690362637" version="HS 5.5.1"/><ereignis Abenteuerpunkte="-25" Alt="6" Info="Gegenseitiges Lehren" Neu="7" obj="Memorabia Falsifir [Magier] [Magier]" text="Zauber steigern" time="1489690370832" version="HS 5.5.1"/><ereignis Abenteuerpunkte="-17" Alt="6" Info="Gegenseitiges Lehren" Neu="7" obj="Sensibar Empathicus [Magier] [Magier]" text="Zauber steigern" time="1489690373714" version="HS 5.5.1"/><ereignis Abenteuerpunkte="-17" Alt="6" Info="Gegenseitiges Lehren" Neu="7" obj="Widerwille Ungemach [Magier] [Magier]" text="Zauber steigern" time="1489690374754" version="HS 5.5.1"/><ereignis Abenteuerpunkte="-6" Alt="4" Info="Gegenseitiges Lehren" Neu="5" obj="Odem Arcanum [Magier] [Magier]" text="Zauber steigern" time="1489690565294" version="HS 5.5.1"/><ereignis Abenteuerpunkte="-7" Alt="5" Info="Gegenseitiges Lehren" Neu="6" obj="Odem Arcanum [Magier] [Magier]" text="Zauber steigern" time="1489690566185" version="HS 5.5.1"/><ereignis Abenteuerpunkte="-8" Alt="6" Info="Gegenseitiges Lehren" Neu="7" obj="Odem Arcanum [Magier] [Magier]" text="Zauber steigern" time="1489690566700" version="HS 5.5.1"/><ereignis Abenteuerpunkte="-7" Alt="5" Info="Gegenseitiges Lehren" Neu="6" obj="Beherrschung brechen [Magier] [Magier]" text="Zauber steigern" time="1489690569504" version="HS 5.5.1"/><ereignis Abenteuerpunkte="-8" Alt="6" Info="Gegenseitiges Lehren" Neu="7" obj="Beherrschung brechen [Magier] [Magier]" text="Zauber steigern" time="1489690569989" version="HS 5.5.1"/><ereignis Abenteuerpunkte="-12" Alt="2" Info="Gegenseitiges Lehren" Neu="3" obj="Halluzination [Druide] [Druide]" text="Zauber steigern" time="1489690651672" version="HS 5.5.1"/><ereignis Abenteuerpunkte="-17" Alt="3" Info="Gegenseitiges Lehren" Neu="4" obj="Halluzination [Druide] [Druide]" text="Zauber steigern" time="1489690652827" version="HS 5.5.1"/><ereignis Abenteuerpunkte="-22" Alt="4" Info="Gegenseitiges Lehren" Neu="5" obj="Halluzination [Druide] [Druide]" text="Zauber steigern" time="1489690653476" version="HS 5.5.1"/><ereignis Abenteuerpunkte="-27" Alt="5" Info="Gegenseitiges Lehren" Neu="6" obj="Halluzination [Druide] [Druide]" text="Zauber steigern" time="1489690653977" version="HS 5.5.1"/><ereignis Abenteuerpunkte="-33" Alt="6" Info="Gegenseitiges Lehren" Neu="7" obj="Halluzination [Druide] [Druide]" text="Zauber steigern" time="1489690654460" version="HS 5.5.1"/><ereignis Abenteuerpunkte="-12" Alt="2" Info="Gegenseitiges Lehren" Neu="3" obj="Blick in die Gedanken [Magier] [Magier]" text="Zauber steigern" time="1489690659804" version="HS 5.5.1"/><ereignis Abenteuerpunkte="-17" Alt="3" Info="Gegenseitiges Lehren" Neu="4" obj="Blick in die Gedanken [Magier] [Magier]" text="Zauber steigern" time="1489690660531" version="HS 5.5.1"/><ereignis Abenteuerpunkte="-50" Alt="7" Neu="6" obj="Arroganz: 7" text="Nachteile senken" time="1489690674704" version="HS 5.5.1"/><ereignis Abenteuerpunkte="-50" Alt="6" Neu="5" obj="Arroganz: 6" text="Nachteile senken" time="1489690676876" version="HS 5.5.1"/><ereignis Abenteuerpunkte="-50" Alt="5" Neu="4" obj="Arroganz: 5" text="Nachteile senken" time="1489690678462" version="HS 5.5.1"/><ereignis Abenteuerpunkte="-50" Alt="4" Neu="3" obj="Arroganz: 4" text="Nachteile senken" time="1489690678851" version="HS 5.5.1"/><ereignis Abenteuerpunkte="-17" Alt="6" Info="Gegenseitiges Lehren" Neu="7" obj="Magiekunde" text="Talent steigern" time="1489690688850" version="HS 5.5.1"/><ereignis Abenteuerpunkte="-12" Alt="2" Info="Gegenseitiges Lehren" Neu="3" obj="Athletik" text="Talent steigern" time="1489690699054" version="HS 5.5.1"/><ereignis Abenteuerpunkte="-17" Alt="3" Info="Gegenseitiges Lehren" Neu="4" obj="Athletik" text="Talent steigern" time="1489690699843" version="HS 5.5.1"/><ereignis Abenteuerpunkte="-12" Alt="2" Info="Gegenseitiges Lehren" Neu="3" obj="Körperbeherrschung" text="Talent steigern" time="1489690703321" version="HS 5.5.1"/><ereignis Abenteuerpunkte="-17" Alt="3" Info="Gegenseitiges Lehren" Neu="4" obj="Körperbeherrschung" text="Talent steigern" time="1489690703805" version="HS 5.5.1"/><ereignis Abenteuerpunkte="-17" Alt="3" Info="Gegenseitiges Lehren" Neu="4" obj="Selbstbeherrschung" text="Talent steigern" time="1489690705584" version="HS 5.5.1"/><ereignis Abenteuerpunkte="-22" Alt="4" Info="Gegenseitiges Lehren" Neu="5" obj="Selbstbeherrschung" text="Talent steigern" time="1489690705907" version="HS 5.5.1"/><ereignis Abenteuerpunkte="-27" Alt="5" Info="Gegenseitiges Lehren" Neu="6" obj="Selbstbeherrschung" text="Talent steigern" time="1489690707202" version="HS 5.5.1"/><ereignis Abenteuerpunkte="-33" Alt="6" Info="Gegenseitiges Lehren" Neu="7" obj="Selbstbeherrschung" text="Talent steigern" time="1489690708265" version="HS 5.5.1"/><ereignis Abenteuerpunkte="-22" Alt="4" Info="Gegenseitiges Lehren" Neu="5" obj="Körperbeherrschung" text="Talent steigern" time="1489690710359" version="HS 5.5.1"/><ereignis Abenteuerpunkte="-27" Alt="5" Info="Gegenseitiges Lehren" Neu="6" obj="Körperbeherrschung" text="Talent steigern" time="1489690710618" version="HS 5.5.1"/><ereignis Abenteuerpunkte="-33" Alt="6" Info="Gegenseitiges Lehren" Neu="7" obj="Körperbeherrschung" text="Talent steigern" time="1489690711094" version="HS 5.5.1"/><ereignis Abenteuerpunkte="-12" Alt="2" Info="Gegenseitiges Lehren" Neu="3" obj="Klettern" text="Talent steigern" time="1489690716945" version="HS 5.5.1"/><ereignis Abenteuerpunkte="-17" Alt="3" Info="Gegenseitiges Lehren" Neu="4" obj="Klettern" text="Talent steigern" time="1489690717695" version="HS 5.5.1"/><ereignis Abenteuerpunkte="-7" Alt="1" Info="Gegenseitiges Lehren" Neu="2" obj="Schwimmen" text="Talent steigern" time="1489690721500" version="HS 5.5.1"/><ereignis Abenteuerpunkte="-12" Alt="2" Info="Gegenseitiges Lehren" Neu="3" obj="Schwimmen" text="Talent steigern" time="1489690721757" version="HS 5.5.1"/><ereignis Abenteuerpunkte="-17" Alt="3" Info="Gegenseitiges Lehren" Neu="4" obj="Schwimmen" text="Talent steigern" time="1489690722314" version="HS 5.5.1"/><ereignis Abenteuerpunkte="-12" Alt="2" Info="Gegenseitiges Lehren" Neu="3" obj="Schleichen" text="Talent steigern" time="1489690723290" version="HS 5.5.1"/><ereignis Abenteuerpunkte="-12" Alt="2" Info="Gegenseitiges Lehren" Neu="3" obj="Sich verstecken" text="Talent steigern" time="1489690726642" version="HS 5.5.1"/><ereignis Abenteuerpunkte="-12" Alt="2" Info="Gegenseitiges Lehren" Neu="3" obj="Sinnenschärfe" text="Talent steigern" time="1489690730306" version="HS 5.5.1"/><ereignis Abenteuerpunkte="-17" Alt="3" Info="Gegenseitiges Lehren" Neu="4" obj="Sinnenschärfe" text="Talent steigern" time="1489690731266" version="HS 5.5.1"/><ereignis Abenteuerpunkte="-17" Alt="6" Info="Gegenseitiges Lehren" Neu="7" obj="Betören" text="Talent steigern" time="1489690736891" version="HS 5.5.1"/><ereignis Abenteuerpunkte="-17" Alt="6" Info="Gegenseitiges Lehren" Neu="7" obj="Menschenkenntnis" text="Talent steigern" time="1489690740454" version="HS 5.5.1"/><ereignis Abenteuerpunkte="-14" Alt="5" Info="Gegenseitiges Lehren" Neu="6" obj="Überreden" text="Talent steigern" time="1489690744368" version="HS 5.5.1"/><ereignis Abenteuerpunkte="-17" Alt="6" Info="Gegenseitiges Lehren" Neu="7" obj="Überreden" text="Talent steigern" time="1489690746525" version="HS 5.5.1"/><ereignis Abenteuerpunkte="-11" Alt="4" Info="Gegenseitiges Lehren" Neu="5" obj="Überzeugen" text="Talent steigern" time="1489690747048" version="HS 5.5.1"/><ereignis Abenteuerpunkte="-14" Alt="5" Info="Gegenseitiges Lehren" Neu="6" obj="Überzeugen" text="Talent steigern" time="1489690747424" version="HS 5.5.1"/><ereignis Abenteuerpunkte="-14" Alt="5" Info="Gegenseitiges Lehren" Neu="6" obj="Schauspielerei" text="Talent steigern" time="1489690753705" version="HS 5.5.1"/><ereignis Abenteuerpunkte="-17" Alt="6" Info="Gegenseitiges Lehren" Neu="7" obj="Heilkunde: Seele" text="Talent steigern" time="1489690769252" version="HS 5.5.1"/><ereignis Abenteuerpunkte="-30" Alt="2" Neu="3" obj="Astralenergie" text="Eigenschaft steigern" time="1489690787930" version="HS 5.5.1"/><ereignis Abenteuerpunkte="-42" Alt="3" Neu="4" obj="Astralenergie" text="Eigenschaft steigern" time="1489690789376" version="HS 5.5.1"/><ereignis Abenteuerpunkte="-55" Alt="4" Neu="5" obj="Astralenergie" text="Eigenschaft steigern" time="1489690791632" version="HS 5.5.1"/><ereignis Abenteuerpunkte="-11" Alt="4" Info="Gegenseitiges Lehren" Neu="5" obj="Geschichtswissen" text="Talent steigern" time="1489690802190" version="HS 5.5.1"/><ereignis Abenteuerpunkte="-14" Alt="5" Info="Gegenseitiges Lehren" Neu="6" obj="Geschichtswissen" text="Talent steigern" time="1489690804806" version="HS 5.5.1"/><ereignis Abenteuerpunkte="-2" Alt="0" Info="Gegenseitiges Lehren" Neu="1" obj="Anatomie" text="Talent steigern" time="1489690817962" version="HS 5.5.1"/><ereignis Abenteuerpunkte="-4" Alt="1" Info="Gegenseitiges Lehren" Neu="2" obj="Anatomie" text="Talent steigern" time="1489690820970" version="HS 5.5.1"/><ereignis Abenteuerpunkte="-2" Alt="0" Info="Gegenseitiges Lehren" Neu="1" obj="Mechanik" text="Talent steigern" time="1489690847790" version="HS 5.5.1"/><ereignis Abenteuerpunkte="-2" Alt="0" Info="Gegenseitiges Lehren" Neu="1" obj="Schneidern" text="Talent steigern" time="1489690862267" version="HS 5.5.1"/><ereignis Abenteuerpunkte="150" kommentar="Auf den Spuren der Vergangenheit Gesamt AP: 150 Verfügbare AP: 150" obj="Abenteuerpunkte (Hinzugewinn)" text="Ereignis eingeben" time="1493389748380" version="HS 5.5.2"/><ereignis Abenteuerpunkte="-16" Alt="0" Neu="1" obj="Lebensenergie" text="Eigenschaft steigern" time="1493389771857" version="HS 5.5.2"/><ereignis Abenteuerpunkte="-6" Alt="4" Info="Gegenseitiges Lehren" Neu="5" obj="Bannbaladin [Magier]" text="Zauber steigern" time="1493389853948" version="HS 5.5.2"/><ereignis Abenteuerpunkte="-7" Alt="5" Info="Gegenseitiges Lehren" Neu="6" obj="Bannbaladin [Magier]" text="Zauber steigern" time="1493389855393" version="HS 5.5.2"/><ereignis Abenteuerpunkte="-8" Alt="6" Info="Gegenseitiges Lehren" Neu="7" obj="Bannbaladin [Magier]" text="Zauber steigern" time="1493389857161" version="HS 5.5.2"/><ereignis Abenteuerpunkte="-65" Alt="11" Info="Selbststudium" Neu="12" obj="Imperavi Handlungszwang [Magier]" text="Zauber steigern" time="1493389942265" version="HS 5.5.2"/><ereignis Abenteuerpunkte="-17" Alt="3" Info="Gegenseitiges Lehren" Neu="4" obj="Schleichen" text="Talent steigern" time="1493389966225" version="HS 5.5.2"/><ereignis Abenteuerpunkte="-22" Alt="4" Info="Gegenseitiges Lehren" Neu="5" obj="Schleichen" text="Talent steigern" time="1493389967949" version="HS 5.5.2"/><ereignis Abenteuerpunkte="-6" Alt="2" Info="Gegenseitiges Lehren" Neu="3" obj="Tierkunde" text="Talent steigern" time="1493389989791" version="HS 5.5.2"/></ereignisse><talentliste><talent lernmethode="Gegenseitiges Lehren" name="Dolche" probe=" (GE/GE/KK)" value="4"/><talent lernmethode="Gegenseitiges Lehren" name="Hiebwaffen" probe=" (GE/GE/KK)" value="0"/><talent lernmethode="Gegenseitiges Lehren" name="Raufen" probe=" (GE/GE/KK)" value="1"/><talent lernmethode="Gegenseitiges Lehren" name="Ringen" probe=" (GE/GE/KK)" value="3"/><talent lernmethode="Gegenseitiges Lehren" name="Säbel" probe=" (GE/GE/KK)" value="0"/><talent lernmethode="Gegenseitiges Lehren" name="Speere" probe=" (GE/GE/KK)" value="1"/><talent lernmethode="Gegenseitiges Lehren" name="Stäbe" probe=" (GE/GE/KK)" value="1"/><talent lernmethode="Gegenseitiges Lehren" name="Wurfmesser" probe=" (GE/FF/KK)" value="0"/><talent be="BEx2" lernmethode="Gegenseitiges Lehren" name="Athletik" probe=" (GE/KO/KK)" value="4"/><talent be="BEx2" lernmethode="Gegenseitiges Lehren" name="Klettern" probe=" (MU/GE/KK)" value="4"/><talent be="BEx2" lernmethode="Gegenseitiges Lehren" name="Körperbeherrschung" probe=" (MU/IN/GE)" value="7"/><talent be="BE" lernmethode="Gegenseitiges Lehren" name="Schleichen" probe=" (MU/IN/GE)" value="5"/><talent be="BEx2" lernmethode="Gegenseitiges Lehren" name="Schwimmen" probe=" (GE/KO/KK)" value="4"/><talent be="" lernmethode="Gegenseitiges Lehren" name="Selbstbeherrschung" probe=" (MU/KO/KK)" value="7"/><talent be="BE-2" lernmethode="Gegenseitiges Lehren" name="Sich verstecken" probe=" (MU/IN/GE)" value="3"/><talent be="BE-3" lernmethode="Gegenseitiges Lehren" name="Singen" probe=" (IN/CH/CH)" value="0"/><talent be="0-&gt;BE" lernmethode="Gegenseitiges Lehren" name="Sinnenschärfe" probe=" (KL/IN/IN)" value="4"/><talent be="BEx2" lernmethode="Gegenseitiges Lehren" name="Tanzen" probe=" (CH/GE/GE)" value="1"/><talent be="" lernmethode="Gegenseitiges Lehren" name="Zechen" probe=" (IN/KO/KK)" value="0"/><talent lernmethode="Gegenseitiges Lehren" name="Betören" probe=" (IN/CH/CH)" value="7"/><talent lernmethode="Gegenseitiges Lehren" name="Etikette" probe=" (KL/IN/CH)" value="4"/><talent lernmethode="Gegenseitiges Lehren" name="Gassenwissen" probe=" (KL/IN/CH)" value="2"/><talent lernmethode="Gegenseitiges Lehren" name="Lehren" probe=" (KL/IN/CH)" value="4"/><talent lernmethode="Gegenseitiges Lehren" name="Menschenkenntnis" probe=" (KL/IN/CH)" value="7"/><talent lernmethode="Gegenseitiges Lehren" name="Schauspielerei" probe=" (MU/KL/CH)" value="6"/><talent lernmethode="Gegenseitiges Lehren" name="Sich verkleiden" probe=" (MU/CH/GE)" value="5"/><talent lernmethode="Gegenseitiges Lehren" name="Überreden" probe=" (MU/IN/CH)" value="7"/><talent lernmethode="Gegenseitiges Lehren" name="Überzeugen" probe=" (KL/IN/CH)" value="6"/><talent lernmethode="Gegenseitiges Lehren" name="Fährtensuchen" probe=" (KL/IN/KO)" value="1"/><talent lernmethode="Gegenseitiges Lehren" name="Orientierung" probe=" (KL/IN/IN)" value="0"/><talent lernmethode="Gegenseitiges Lehren" name="Wettervorhersage" probe=" (KL/IN/IN)" value="1"/><talent lernmethode="Gegenseitiges Lehren" name="Wildnisleben" probe=" (IN/GE/KO)" value="6"/><talent lernmethode="Gegenseitiges Lehren" name="Anatomie" probe=" (MU/KL/FF)" value="2"/><talent lernmethode="Gegenseitiges Lehren" name="Brett-/Kartenspiel" probe=" (KL/KL/IN)" value="3"/><talent lernmethode="Gegenseitiges Lehren" name="Geschichtswissen" probe=" (KL/KL/IN)" value="6"/><talent lernmethode="Gegenseitiges Lehren" name="Götter und Kulte" probe=" (KL/KL/IN)" value="3"/><talent lernmethode="Gegenseitiges Lehren" name="Magiekunde" probe=" (KL/KL/IN)" value="7"/><talent lernmethode="Gegenseitiges Lehren" name="Mechanik" probe=" (KL/KL/FF)" value="1"/><talent lernmethode="Gegenseitiges Lehren" name="Pflanzenkunde" probe=" (KL/IN/FF)" value="8"/><talent lernmethode="Gegenseitiges Lehren" name="Philosophie" probe=" (KL/KL/IN)" value="3"/><talent lernmethode="Gegenseitiges Lehren" name="Rechnen" probe=" (KL/KL/IN)" value="6"/><talent lernmethode="Gegenseitiges Lehren" name="Rechtskunde" probe=" (KL/KL/IN)" value="2"/><talent lernmethode="Gegenseitiges Lehren" name="Sagen und Legenden" probe=" (KL/IN/CH)" value="7"/><talent lernmethode="Gegenseitiges Lehren" name="Sternkunde" probe=" (KL/KL/IN)" value="4"/><talent lernmethode="Gegenseitiges Lehren" name="Tierkunde" probe=" (MU/KL/IN)" value="3"/><talent k="21" lernmethode="Gegenseitiges Lehren" name="Sprachen kennen Bosparano" probe=" (KL/IN/CH)" value="6"/><talent k="18" lernmethode="Gegenseitiges Lehren" name="Sprachen kennen Garethi" probe=" (KL/IN/CH)" value="10"/><talent k="18" lernmethode="Gegenseitiges Lehren" name="Sprachen kennen Tulamidya" probe=" (KL/IN/CH)" value="16"/><talent k="21" lernmethode="Gegenseitiges Lehren" name="Sprachen kennen Urtulamidya" probe=" (KL/IN/CH)" value="7"/><talent k="15" lernmethode="Gegenseitiges Lehren" name="Sprachen kennen Zhayad" probe=" (KL/IN/CH)" value="4"/><talent k="10" lernmethode="Gegenseitiges Lehren" name="Lesen/Schreiben Kusliker Zeichen" probe=" (KL/KL/FF)" value="8"/><talent k="14" lernmethode="Gegenseitiges Lehren" name="Lesen/Schreiben Tulamidya" probe=" (KL/KL/FF)" value="8"/><talent k="16" lernmethode="Gegenseitiges Lehren" name="Lesen/Schreiben Urtulamidya" probe=" (KL/KL/FF)" value="6"/><talent k="18" lernmethode="Gegenseitiges Lehren" name="Lesen/Schreiben Zhayad" probe=" (KL/KL/FF)" value="4"/><talent lernmethode="Gegenseitiges Lehren" name="Ackerbau" probe=" (IN/FF/KO)" value="1"/><talent lernmethode="Gegenseitiges Lehren" name="Alchimie" probe=" (MU/KL/FF)" value="3"/><talent lernmethode="Gegenseitiges Lehren" name="Heilkunde: Gift" probe=" (MU/KL/IN)" value="1"/><talent lernmethode="Gegenseitiges Lehren" name="Heilkunde: Seele" probe=" (IN/CH/CH)" value="7"/><talent lernmethode="Gegenseitiges Lehren" name="Heilkunde: Wunden" probe=" (KL/CH/FF)" value="0"/><talent lernmethode="Gegenseitiges Lehren" name="Holzbearbeitung" probe=" (KL/FF/KK)" value="5"/><talent lernmethode="Gegenseitiges Lehren" name="Kochen" probe=" (KL/IN/FF)" value="0"/><talent lernmethode="Gegenseitiges Lehren" name="Lederarbeiten" probe=" (KL/FF/FF)" value="1"/><talent lernmethode="Gegenseitiges Lehren" name="Malen/Zeichnen" probe=" (KL/IN/FF)" value="4"/><talent lernmethode="Gegenseitiges Lehren" name="Schneidern" probe=" (KL/FF/FF)" value="1"/><talent lernmethode="Gegenseitiges Lehren" name="Viehzucht" probe=" (KL/IN/KK)" value="2"/><talent lernmethode="Gegenseitiges Lehren" name="Webkunst" probe=" (FF/FF/KK)" value="1"/><talent lernmethode="Gegenseitiges Lehren" name="Ritualkenntnis: Gildenmagie" probe=" (--/--/--)" value="3"/></talentliste><zauberliste><zauber anmerkungen="" hauszauber="false" k="D" kosten="6+3 pro 30m" lernmethode="Gegenseitiges Lehren" name="Analys Arkanstruktur" probe=" (KL/KL/IN)" reichweite="1 S" repraesentation="Magier" value="2" variante="" wirkungsdauer="" zauberdauer="&gt;1 SR" zauberkommentar=""/><zauber anmerkungen="" hauszauber="false" k="B" kosten="7" lernmethode="Gegenseitiges Lehren" name="Attributo" probe=" (KL/CH/**)" reichweite="" repraesentation="Magier" value="2" variante="" wirkungsdauer="60m" zauberdauer="30 A" zauberkommentar=""/><zauber anmerkungen="" hauszauber="false" k="C" kosten="9" lernmethode="Gegenseitiges Lehren" name="Band und Fessel" probe=" (KL/CH/KK)" reichweite="" repraesentation="Magier" value="2" variante="" wirkungsdauer="ZfP* SR" zauberdauer="6A + 6A pro 1S" zauberkommentar=""/><zauber anmerkungen="" hauszauber="false" k="B" kosten="7" lernmethode="Gegenseitiges Lehren" name="Bannbaladin" probe=" (IN/CH/CH)" reichweite="3S" repraesentation="Magier" value="7" variante="" wirkungsdauer="5A" zauberdauer="ZfP* SR" zauberkommentar=""/><zauber anmerkungen="mod ANALYS" hauszauber="true" k="C" kosten="7 + mod" lernmethode="Gegenseitiges Lehren" name="Beherrschung brechen" probe=" (KL/IN/CH)" reichweite="" repraesentation="Magier" value="7" variante="" wirkungsdauer="" zauberdauer="40A" zauberkommentar=""/><zauber anmerkungen="" hauszauber="false" k="D" kosten="6 pro 5KR" lernmethode="Gegenseitiges Lehren" name="Blick in die Gedanken" probe=" (KL/KL/CH)" reichweite="3S" repraesentation="Magier" value="4" variante="" wirkungsdauer="" zauberdauer="10 A" zauberkommentar=""/><zauber anmerkungen="2W6+ZfP*" hauszauber="false" k="C" kosten="wie Schaden" lernmethode="Gegenseitiges Lehren" name="Fulminictus Donnerkeil" probe=" (IN/GE/KO)" reichweite="7S" repraesentation="Magier" value="2" variante="" wirkungsdauer="" zauberdauer="2A" zauberkommentar=""/><zauber anmerkungen="" hauszauber="false" k="C" kosten="7 + 2 pro SR" lernmethode="Gegenseitiges Lehren" name="Halluzination" probe=" (KL/IN/CH)" reichweite="" repraesentation="Druide" value="7" variante="" wirkungsdauer="&lt;ZfW pro 2SR" zauberdauer="5 A" zauberkommentar=""/><zauber anmerkungen="" hauszauber="true" k="C" kosten="7" lernmethode="Gegenseitiges Lehren" name="Horriphobus Schreckgestalt" probe=" (MU/IN/CH)" reichweite="" repraesentation="Magier" value="7" variante="" wirkungsdauer="ZfP*halbe SR" zauberdauer="3A" zauberkommentar=""/><zauber anmerkungen="" hauszauber="true" k="E" kosten="13" lernmethode="Selbststudium" name="Imperavi Handlungszwang" probe=" (KL/CH/CH)" reichweite="1 S" repraesentation="Magier" value="12" variante="" wirkungsdauer="ZfP* h" zauberdauer="10 A" zauberkommentar=""/><zauber anmerkungen="" hauszauber="false" k="D" kosten="1pro Giftlvl" lernmethode="Gegenseitiges Lehren" name="Klarum Purum" probe=" (KL/KL/CH)" reichweite="" repraesentation="Magier" value="2" variante="" wirkungsdauer="" zauberdauer="7 A" zauberkommentar=""/><zauber anmerkungen="mod BlickGedank, Samthauch" hauszauber="true" k="E" kosten="8" lernmethode="Gegenseitiges Lehren" name="Memorabia Falsifir" probe=" (KL/IN/CH)" reichweite="" repraesentation="Magier" value="7" variante="" wirkungsdauer="ZfW Tage" zauberdauer="3 SR" zauberkommentar=""/><zauber anmerkungen="" hauszauber="false" k="A" kosten="" lernmethode="Gegenseitiges Lehren" name="Odem Arcanum" probe=" (KL/IN/IN)" reichweite="" repraesentation="Magier" value="7" variante="" wirkungsdauer="" zauberdauer="" zauberkommentar=""/><zauber anmerkungen="" hauszauber="false" k="C" kosten="11" lernmethode="Gegenseitiges Lehren" name="Paralysis starr wie Stein" probe=" (IN/CH/KK)" reichweite="7 S" repraesentation="Magier" value="4" variante="" wirkungsdauer="ZfP* SR" zauberdauer="5 A" zauberkommentar=""/><zauber anmerkungen="" hauszauber="false" k="D" kosten="7 bis 35" lernmethode="Gegenseitiges Lehren" name="Pentagramma Sphärenbann" probe=" (MU/MU/CH)" reichweite="radius 7" repraesentation="Magier" value="2" variante="" wirkungsdauer="" zauberdauer="20 A" zauberkommentar=""/><zauber anmerkungen="" hauszauber="true" k="B" kosten="3" lernmethode="Gegenseitiges Lehren" name="Respondami" probe=" (MU/IN/CH)" reichweite="1" repraesentation="Magier" value="9" variante="" wirkungsdauer="" zauberdauer="3 A" zauberkommentar=""/><zauber anmerkungen="" hauszauber="false" k="D" kosten="&gt;2" lernmethode="Gegenseitiges Lehren" name="Schleier der Unwissenheit" probe=" (KL/KL/FF)" reichweite="" repraesentation="Magier" value="2" variante="" wirkungsdauer="ZfP* hrs" zauberdauer="1 SR" zauberkommentar=""/><zauber anmerkungen="durchgehen berühren" hauszauber="false" k="D" kosten="10" lernmethode="Gegenseitiges Lehren" name="Schwarzer Schrecken" probe=" (MU/IN/CH)" reichweite="" repraesentation="Magier" value="2" variante="" wirkungsdauer="ZfP* Tage" zauberdauer="3 A" zauberkommentar=""/><zauber anmerkungen="" hauszauber="true" k="C" kosten="3 pro 10A" lernmethode="Gegenseitiges Lehren" name="Sensibar Empathicus" probe=" (KL/IN/CH)" reichweite="ZfW" repraesentation="Magier" value="7" variante="" wirkungsdauer="variable" zauberdauer="10 A" zauberkommentar=""/><zauber anmerkungen="" hauszauber="false" k="B" kosten="7" lernmethode="Gegenseitiges Lehren" name="Somnigravis tiefer Schlaf" probe=" (KL/CH/CH)" reichweite="ZfW/2" repraesentation="Magier" value="7" variante="" wirkungsdauer="ZfP*/2 hrs" zauberdauer="7 A" zauberkommentar=""/><zauber anmerkungen="" hauszauber="true" k="D" kosten="10 - 17" lernmethode="Gegenseitiges Lehren" name="Widerwille Ungemach" probe=" (MU/IN/GE)" reichweite="" repraesentation="Magier" value="7" variante="" wirkungsdauer="ZfP* Wochen" zauberdauer="2 SR" zauberkommentar=""/></zauberliste><kampf><kampfwerte name="Dolche"><attacke value="11"/><parade value="7"/></kampfwerte><kampfwerte name="Hiebwaffen"><attacke value="7"/><parade value="7"/></kampfwerte><kampfwerte name="Raufen"><attacke value="8"/><parade value="7"/></kampfwerte><kampfwerte name="Ringen"><attacke value="7"/><parade value="10"/></kampfwerte><kampfwerte name="Säbel"><attacke value="7"/><parade value="7"/></kampfwerte><kampfwerte name="Speere"><attacke value="8"/><parade value="7"/></kampfwerte><kampfwerte name="Stäbe"><attacke value="7"/><parade value="8"/></kampfwerte></kampf><gegenstände><gegenstand anzahl="1" name="Magierstab (kurz)" slot="0"/></gegenstände><BoniWaffenlos/><kommentare><kommentar key="Speisegebote" kommentar="Er teilt/verzichtet immer mit Kindern"/><kommentar key="Eiserner Wille I" kommentar="2A Konzentration&#10;MU/2 SR&#10;MR+3"/><kommentar key="Zauberroutine" kommentar="kein Malus auf Wiederholung"/><kommentar key="Astrale Regeneration" kommentar="+3 AsPreg"/><kommentar key="Merkmalskenntnis: Herrschaft" kommentar="eine Spalte leichter steigern"/><kommentar key="Verbotene Pforten" kommentar="AsP mit LeP zahlen"/><kommentar key="Merkmalskenntnis: Einfluss" kommentar="eine Spalte leichter steigern"/><kommentar key="Zauberkontrolle" kommentar="Wirkungsdauer abbrechen&#10;Infos ob/über Scheitern"/><kommentar key="Verpflichtungen" kommentar="Zauber d. Borbarad-reprä. vernichten&#10;Alle anderen Zauber m. eigen. Blut protokollieren."/><kommentar key="Astrale Meditation" kommentar="IN/CH/KO -RkW pro 1SR tranfer 1AsP:1LeP&#10;Schaden: W3 -1 LeP"/><kommentar key="Große Meditation" kommentar="IN/3 AsP pro Jahr&#10;Kostet 400AP"/><kommentar key="Regeneration I" kommentar="15min +1 AsPreg"/><sfInfos dauer="" kosten="" probe="" sf="" sfname="Stabzauber: Bindung" wirkung=""/></kommentare><ausrüstungen><heldenausruestung bezeichner="" bfakt="-9" bfmin="-9" hand="rechts" name="nkwaffe1" schild="0" set="0" slot="0" talent="Hiebwaffen" waffenname="Magierstab (kurz)"/><heldenausruestung name="jagtwaffe" nummer="0" set="0"/></ausrüstungen><verbindungen/><extention/><geldboerse/><plugindata/></held><Signature xmlns="http://www.w3.org/2000/09/xmldsig#"><SignedInfo><CanonicalizationMethod Algorithm="http://www.w3.org/TR/2001/REC-xml-c14n-20010315#WithComments"/><SignatureMethod Algorithm="http://www.w3.org/2000/09/xmldsig#dsa-sha1"/><Reference URI=""><Transforms><Transform Algorithm="http://www.w3.org/2000/09/xmldsig#enveloped-signature"/></Transforms><DigestMethod Algorithm="http://www.w3.org/2000/09/xmldsig#sha1"/><DigestValue>C0jSpsAE7W3azwYNlC9SIH7Q6kE=</DigestValue></Reference></SignedInfo><SignatureValue>BiYB9+FdbzLLHxAhqD3DxGeUJp4ZghfXJSb2IBT54yHEn+IW/MDNcQ==</SignatureValue><KeyInfo><KeyValue><DSAKeyValue><P>/KaCzo4Syrom78z3EQ5SbbB4sF7ey80etKII864WF64B81uRpH5t9jQTxeEu0ImbzRMqzVDZkVG9
xD7nN1kuFw==</P><Q>li7dzDacuo67Jg7mtqEm2TRuOMU=</Q><G>Z4Rxsnqc9E7pGknFFH2xqaryRPBaQ01khpMdLRQnG541Awtx/XPaF5Bpsy4pNWMOHCBiNU0Nogps
QW5QvnlMpA==</G><Y>uVrvWkzIbUdL7E80AiD0PJDX3Ck0beY5StXp1wDAA1/ePpemd6rTBNd8YoCzOovNrX016YMcTSiO
iExM4RWtJA==</Y></DSAKeyValue></KeyValue></KeyInfo></Signature></helden>