<?xml version="1.0" encoding="UTF-8" standalone="yes"?><daten><config><rsmodell>zone</rsmodell><datum>02.07.2018</datum><uhrzeit>19:55</uhrzeit><geldkreise>false</geldkreise><metatalente>false</metatalente><zauberquellen>true</zauberquellen><namenaufseiten>false</namenaufseiten></config><angaben><augenfarbe>grau</augenfarbe><geburtstag>13. Boron 1003 BF</geburtstag><alter>18</alter><geschlecht>männlich</geschlecht><groesse>185</groesse><gewicht>65</gewicht><haarfarbe>schwarz</haarfarbe><stand></stand><titel></titel><name>Halbelf Maik</name><bildPfad></bildPfad><aussehen><a0></a0><a1></a1><a2></a2><a3></a3><text></text></aussehen><familie><f0></f0><f1></f1><f2></f2><f3></f3><f4></f4><f5></f5><text></text></familie><notizen><n0>Notizen</n0><n1></n1><n2></n2><n3></n3><n4></n4><n5></n5><n6></n6><n7></n7><n8></n8><n9></n9><n10></n10><n11></n11><text>Notizen</text></notizen><profession><text>Großwildjäger: Kopfgeldjäger</text><textkurz>Großwildjäger</textkurz></profession><ap><gesamt>440</gesamt><frei>0</frei><genutzt>440</genutzt></ap><gp><start>110</start><rest>0</rest></gp><stufe40><akt>3</akt><max>3</max><lang>3 [3]</lang></stufe40><stufe41><akt>0</akt><max>0</max><lang>0 [0]</lang></stufe41><gilde></gilde><magisch>true</magisch><geweiht>false</geweiht><rasse>Halbelf: Halbelf thorwalscher Abstammung, in menschlicher Kultur aufgewachsen</rasse><kultur>Mittelländische Landbevölkerung - Fern der Zivilisation</kultur><aspregeneration>1W6</aspregeneration><leregeneration>1W6</leregeneration><heldenversion>50504</heldenversion><wundschwelle>6</wundschwelle></angaben><eigenschaften><geschwindigkeit><akt>8</akt><start>8</start><modi>0</modi><name>Geschwindigkeit</name><bereich>sonst</bereich></geschwindigkeit><mut><akt>12</akt><start>12</start><modi>0</modi><name>Mut</name><bereich>guteeigenschaft</bereich></mut><klugheit><akt>11</akt><start>11</start><modi>0</modi><name>Klugheit</name><bereich>guteeigenschaft</bereich></klugheit><intuition><akt>11</akt><start>11</start><modi>0</modi><name>Intuition</name><bereich>guteeigenschaft</bereich></intuition><charisma><akt>10</akt><start>10</start><modi>0</modi><name>Charisma</name><bereich>guteeigenschaft</bereich></charisma><fingerfertigkeit><akt>8</akt><start>8</start><modi>0</modi><name>Fingerfertigkeit</name><bereich>guteeigenschaft</bereich></fingerfertigkeit><gewandtheit><akt>11</akt><start>11</start><modi>0</modi><name>Gewandtheit</name><bereich>guteeigenschaft</bereich></gewandtheit><konstitution><akt>12</akt><start>12</start><modi>0</modi><name>Konstitution</name><bereich>guteeigenschaft</bereich></konstitution><koerperkraft><akt>11</akt><start>11</start><modi>0</modi><name>Körperkraft</name><bereich>guteeigenschaft</bereich></koerperkraft><sozialstatus><akt>5</akt><start>5</start><modi>0</modi><name>Sozialstatus</name><bereich>guteeigenschaft</bereich></sozialstatus><astralenergie><akt>11</akt><start>17</start><modi>-6</modi><name>Astralenergie</name><bereich>sonst</bereich><kaufbar>10</kaufbar><gekauft>0</gekauft><ausvornachteile>0</ausvornachteile><muinch2>17</muinch2><aussonderfertigkeiten>0</aussonderfertigkeiten><professionmod>-6</professionmod><grossemeditation>0</grossemeditation><pasprueckkaufbar>0</pasprueckkaufbar><aktinklrueckkaufbarepasp>11</aktinklrueckkaufbarepasp></astralenergie><attacke><akt>7</akt><start>7</start><modi>0</modi><name>Attacke</name><bereich>sonst</bereich></attacke><ausdauer><akt>28</akt><start>18</start><modi>10</modi><name>Ausdauer</name><bereich>sonst</bereich><kaufbar>12</kaufbar><gekauft>0</gekauft><akt50>14</akt50><akt33>9</akt33><akt25>7</akt25></ausdauer><fernkampf-basis><akt>6</akt><start>6</start><modi>0</modi><name>Fernkampf-Basis</name><bereich>sonst</bereich></fernkampf-basis><initiative><akt>9</akt><start>9</start><modi>0</modi><name>Initiative</name><bereich>sonst</bereich></initiative><karmaenergie><akt>0</akt><start>0</start><modi>0</modi><name>Karmaenergie</name><bereich>sonst</bereich><kaufbar>11</kaufbar><gekauft>0</gekauft></karmaenergie><lebensenergie><akt>27</akt><start>18</start><modi>9</modi><name>Lebensenergie</name><bereich>sonst</bereich><kaufbar>6</kaufbar><gekauft>0</gekauft><akt50>14</akt50><akt33>9</akt33><akt25>7</akt25></lebensenergie><magieresistenz><akt>3</akt><start>7</start><modi>-4</modi><name>Magieresistenz</name><bereich>sonst</bereich><kaufbar>6</kaufbar><gekauft>0</gekauft></magieresistenz><parade><akt>7</akt><start>7</start><modi>0</modi><name>Parade</name><bereich>sonst</bereich></parade></eigenschaften><münzen/><vorteile><vorteil><bezeichner>Geräuschhexerei</bezeichner><name>Geräuschhexerei</name><kommentar></kommentar><namemitkommentar>Geräuschhexerei</namemitkommentar><istvorteil>true</istvorteil><istnachteil>false</istnachteil><istgabe>true</istgabe><bereich>Magisch</bereich></vorteil><vorteil><bezeichner>Gutaussehend</bezeichner><name>Gutaussehend</name><kommentar></kommentar><namemitkommentar>Gutaussehend</namemitkommentar><istvorteil>true</istvorteil><istnachteil>false</istnachteil><bereich>Sonst</bereich></vorteil><vorteil><bezeichner>Koboldfreund</bezeichner><name>Koboldfreund</name><kommentar></kommentar><namemitkommentar>Koboldfreund</namemitkommentar><istvorteil>true</istvorteil><istnachteil>false</istnachteil><bereich>Sonst</bereich></vorteil><vorteil><bezeichner>Viertelzauberer</bezeichner><name>Viertelzauberer</name><kommentar></kommentar><namemitkommentar>Viertelzauberer</namemitkommentar><istvorteil>true</istvorteil><istnachteil>false</istnachteil><bereich>Magisch</bereich></vorteil><vorteil><bezeichner>Impulsiv</bezeichner><name>Impulsiv</name><kommentar></kommentar><namemitkommentar>Impulsiv</namemitkommentar><istvorteil>false</istvorteil><istnachteil>true</istnachteil><bereich>Sonst</bereich></vorteil><vorteil><bezeichner>Vorurteile gegen</bezeichner><name>Vorurteile gegen Dicke Menschen 10</name><kommentar></kommentar><namemitkommentar>Vorurteile gegen Dicke Menschen 10</namemitkommentar><istvorteil>false</istvorteil><istnachteil>true</istnachteil><istschlechteeigenschaft>true</istschlechteeigenschaft><bereich>Sonst</bereich><auswahlen><auswahl>
</auswahl></auswahlen></vorteil></vorteile><sonderfertigkeiten><sonderfertigkeit><nameausfuehrlich>Aufmerksamkeit</nameausfuehrlich><name>Aufmerksamkeit</name><bezeichner>Aufmerksamkeit</bezeichner><wirkung></wirkung><dauer></dauer><kosten></kosten><probe></probe><kommentar></kommentar><namemitkommentar>Aufmerksamkeit</namemitkommentar><bereich>Nahkampf</bereich><bereich>Kampf</bereich></sonderfertigkeit><sonderfertigkeit><nameausfuehrlich>Ausweichen II</nameausfuehrlich><name>Ausweichen II</name><bezeichner>Ausweichen II</bezeichner><wirkung></wirkung><dauer></dauer><kosten></kosten><probe></probe><kommentar></kommentar><namemitkommentar>Ausweichen II</namemitkommentar><bereich>Nahkampf</bereich><bereich>Kampf</bereich></sonderfertigkeit><sonderfertigkeit><nameausfuehrlich>Betäubungsschlag</nameausfuehrlich><name>Betäubungsschlag</name><bezeichner>Betäubungsschlag</bezeichner><wirkung></wirkung><dauer></dauer><kosten></kosten><probe></probe><kommentar></kommentar><namemitkommentar>Betäubungsschlag</namemitkommentar><bereich>Nahkampf</bereich><bereich>Kampf</bereich></sonderfertigkeit><sonderfertigkeit><nameausfuehrlich>Eiskundig</nameausfuehrlich><name>Eiskundig</name><bezeichner>Eiskundig</bezeichner><wirkung></wirkung><dauer></dauer><kosten></kosten><probe></probe><kommentar></kommentar><namemitkommentar>Eiskundig</namemitkommentar><bereich>Geländekunde</bereich><bereich>Sonst</bereich></sonderfertigkeit><sonderfertigkeit><nameausfuehrlich>Kulturkunde (Mittelreich)</nameausfuehrlich><name>Kulturkunde (Mittelreich)</name><bezeichner>Kulturkunde</bezeichner><auswahlen><auswahl><name>Mittelreich</name><feld feldname="1" nr="1">Mittelreich</feld></auswahl></auswahlen><namemitkommentar>Kulturkunde (Mittelreich)</namemitkommentar><bereich>Sonst</bereich></sonderfertigkeit><sonderfertigkeit><nameausfuehrlich>Talentspezialisierung Schleuder (Wurfnetz)</nameausfuehrlich><name>Talentspezialisierung Schleuder (Wurfnetz)</name><bezeichner>Talentspezialisierung Schleuder (Wurfnetz)</bezeichner><wirkung></wirkung><dauer></dauer><kosten></kosten><probe></probe><kommentar></kommentar><namemitkommentar>Talentspezialisierung Schleuder (Wurfnetz)</namemitkommentar><bereich>Talentspezialisierung</bereich></sonderfertigkeit></sonderfertigkeiten><verbilligtesonderfertigkeiten><verbilligtesonderfertigkeit><nameausfuehrlich>Scharfschütze [Blasrohr]</nameausfuehrlich></verbilligtesonderfertigkeit><verbilligtesonderfertigkeit><nameausfuehrlich>Kopfstoß</nameausfuehrlich></verbilligtesonderfertigkeit><verbilligtesonderfertigkeit><nameausfuehrlich>Schmutzige Tricks</nameausfuehrlich></verbilligtesonderfertigkeit><verbilligtesonderfertigkeit><nameausfuehrlich>Versteckte Klinge</nameausfuehrlich></verbilligtesonderfertigkeit><verbilligtesonderfertigkeit><nameausfuehrlich>Betäubungsschlag</nameausfuehrlich></verbilligtesonderfertigkeit></verbilligtesonderfertigkeiten><talentliste><talent><name>Armbrust</name><meisterhandwerk>false</meisterhandwerk><leittalent>false</leittalent><basis>false</basis><nameausfuehrlich>Armbrust</nameausfuehrlich><wert>4</wert><probe>GE/FF/KK</probe><probenwerte>11/8/11</probenwerte><nameausfuehrlichmitprobe>Armbrust (GE/FF/KK)</nameausfuehrlichmitprobe><at>10</at><pa></pa><behinderung>BE-5</behinderung><mirakelplus>false</mirakelplus><mirakelminus>false</mirakelminus><metatalent>false</metatalent><bereich>Kampf</bereich><komplexität>C</komplexität><lernkomplexität>C</lernkomplexität><spezialisierungen></spezialisierungen></talent><talent><name>Dolche</name><meisterhandwerk>false</meisterhandwerk><leittalent>false</leittalent><basis>true</basis><nameausfuehrlich>Dolche  (B)</nameausfuehrlich><wert>4</wert><probe>GE/GE/KK</probe><probenwerte>11/11/11</probenwerte><nameausfuehrlichmitprobe>Dolche  (B)(GE/GE/KK)</nameausfuehrlichmitprobe><at>9</at><pa>9</pa><behinderung>BE-1</behinderung><mirakelplus>false</mirakelplus><mirakelminus>false</mirakelminus><metatalent>false</metatalent><bereich>Kampf</bereich><komplexität>D</komplexität><lernkomplexität>D</lernkomplexität><spezialisierungen></spezialisierungen></talent><talent><name>Hiebwaffen</name><meisterhandwerk>false</meisterhandwerk><leittalent>false</leittalent><basis>true</basis><nameausfuehrlich>Hiebwaffen  (B)</nameausfuehrlich><wert>3</wert><probe>GE/GE/KK</probe><probenwerte>11/11/11</probenwerte><nameausfuehrlichmitprobe>Hiebwaffen  (B)(GE/GE/KK)</nameausfuehrlichmitprobe><at>9</at><pa>8</pa><behinderung>BE-4</behinderung><mirakelplus>false</mirakelplus><mirakelminus>false</mirakelminus><metatalent>false</metatalent><bereich>Kampf</bereich><komplexität>D</komplexität><lernkomplexität>D</lernkomplexität><spezialisierungen></spezialisierungen></talent><talent><name>Infanteriewaffen</name><meisterhandwerk>false</meisterhandwerk><leittalent>false</leittalent><basis>false</basis><nameausfuehrlich>Infanteriewaffen</nameausfuehrlich><wert>1</wert><probe>GE/GE/KK</probe><probenwerte>11/11/11</probenwerte><nameausfuehrlichmitprobe>Infanteriewaffen (GE/GE/KK)</nameausfuehrlichmitprobe><at>8</at><pa>7</pa><behinderung>BE-3</behinderung><mirakelplus>false</mirakelplus><mirakelminus>false</mirakelminus><metatalent>false</metatalent><bereich>Kampf</bereich><komplexität>D</komplexität><lernkomplexität>D</lernkomplexität><spezialisierungen></spezialisierungen></talent><talent><name>Raufen</name><meisterhandwerk>false</meisterhandwerk><leittalent>false</leittalent><basis>true</basis><nameausfuehrlich>Raufen  (B)</nameausfuehrlich><wert>5</wert><probe>GE/GE/KK</probe><probenwerte>11/11/11</probenwerte><nameausfuehrlichmitprobe>Raufen  (B)(GE/GE/KK)</nameausfuehrlichmitprobe><at>12</at><pa>7</pa><behinderung>BE</behinderung><mirakelplus>false</mirakelplus><mirakelminus>false</mirakelminus><metatalent>false</metatalent><bereich>Kampf</bereich><komplexität>C</komplexität><lernkomplexität>C</lernkomplexität><spezialisierungen></spezialisierungen></talent><talent><name>Ringen</name><meisterhandwerk>false</meisterhandwerk><leittalent>false</leittalent><basis>true</basis><nameausfuehrlich>Ringen  (B)</nameausfuehrlich><wert>4</wert><probe>GE/GE/KK</probe><probenwerte>11/11/11</probenwerte><nameausfuehrlichmitprobe>Ringen  (B)(GE/GE/KK)</nameausfuehrlichmitprobe><at>8</at><pa>10</pa><behinderung>BE</behinderung><mirakelplus>false</mirakelplus><mirakelminus>false</mirakelminus><metatalent>false</metatalent><bereich>Kampf</bereich><komplexität>D</komplexität><lernkomplexität>D</lernkomplexität><spezialisierungen></spezialisierungen></talent><talent><name>Säbel</name><meisterhandwerk>false</meisterhandwerk><leittalent>false</leittalent><basis>true</basis><nameausfuehrlich>Säbel  (B)</nameausfuehrlich><wert>0</wert><probe>GE/GE/KK</probe><probenwerte>11/11/11</probenwerte><nameausfuehrlichmitprobe>Säbel  (B)(GE/GE/KK)</nameausfuehrlichmitprobe><at>7</at><pa>7</pa><behinderung>BE-2</behinderung><mirakelplus>false</mirakelplus><mirakelminus>false</mirakelminus><metatalent>false</metatalent><bereich>Kampf</bereich><komplexität>D</komplexität><lernkomplexität>D</lernkomplexität><spezialisierungen></spezialisierungen></talent><talent><name>Schleuder</name><meisterhandwerk>false</meisterhandwerk><leittalent>false</leittalent><basis>false</basis><nameausfuehrlich>Schleuder  (Wurfnetz)</nameausfuehrlich><wert>5</wert><probe>GE/FF/KK</probe><probenwerte>11/8/11</probenwerte><nameausfuehrlichmitprobe>Schleuder  (Wurfnetz)(GE/FF/KK)</nameausfuehrlichmitprobe><at>11</at><pa></pa><behinderung>BE-2</behinderung><mirakelplus>false</mirakelplus><mirakelminus>false</mirakelminus><metatalent>false</metatalent><bereich>Kampf</bereich><komplexität>E</komplexität><lernkomplexität>E</lernkomplexität><spezialisierungen>Wurfnetz</spezialisierungen></talent><talent><name>Speere</name><meisterhandwerk>false</meisterhandwerk><leittalent>false</leittalent><basis>false</basis><nameausfuehrlich>Speere</nameausfuehrlich><wert>2</wert><probe>GE/GE/KK</probe><probenwerte>11/11/11</probenwerte><nameausfuehrlichmitprobe>Speere (GE/GE/KK)</nameausfuehrlichmitprobe><at>9</at><pa>7</pa><behinderung>BE-3</behinderung><mirakelplus>false</mirakelplus><mirakelminus>false</mirakelminus><metatalent>false</metatalent><bereich>Kampf</bereich><komplexität>D</komplexität><lernkomplexität>D</lernkomplexität><spezialisierungen></spezialisierungen></talent><talent><name>Wurfmesser</name><meisterhandwerk>false</meisterhandwerk><leittalent>false</leittalent><basis>true</basis><nameausfuehrlich>Wurfmesser  (B)</nameausfuehrlich><wert>0</wert><probe>GE/FF/KK</probe><probenwerte>11/8/11</probenwerte><nameausfuehrlichmitprobe>Wurfmesser  (B)(GE/FF/KK)</nameausfuehrlichmitprobe><at>6</at><pa></pa><behinderung>BE-3</behinderung><mirakelplus>false</mirakelplus><mirakelminus>false</mirakelminus><metatalent>false</metatalent><bereich>Kampf</bereich><komplexität>C</komplexität><lernkomplexität>C</lernkomplexität><spezialisierungen></spezialisierungen></talent><talent><name>Athletik</name><meisterhandwerk>false</meisterhandwerk><leittalent>false</leittalent><basis>true</basis><nameausfuehrlich>Athletik  (B)</nameausfuehrlich><wert>2</wert><probe>GE/KO/KK</probe><probenwerte>11/12/11</probenwerte><nameausfuehrlichmitprobe>Athletik  (B)(GE/KO/KK)</nameausfuehrlichmitprobe><behinderung>BEx2</behinderung><mirakelplus>false</mirakelplus><mirakelminus>false</mirakelminus><metatalent>false</metatalent><bereich>Körperlich</bereich><komplexität>D</komplexität><lernkomplexität>D</lernkomplexität><spezialisierungen></spezialisierungen></talent><talent><name>Klettern</name><meisterhandwerk>false</meisterhandwerk><leittalent>false</leittalent><basis>true</basis><nameausfuehrlich>Klettern  (B)</nameausfuehrlich><wert>2</wert><probe>MU/GE/KK</probe><probenwerte>12/11/11</probenwerte><nameausfuehrlichmitprobe>Klettern  (B)(MU/GE/KK)</nameausfuehrlichmitprobe><behinderung>BEx2</behinderung><mirakelplus>false</mirakelplus><mirakelminus>false</mirakelminus><metatalent>false</metatalent><bereich>Körperlich</bereich><komplexität>D</komplexität><lernkomplexität>D</lernkomplexität><spezialisierungen></spezialisierungen></talent><talent><name>Körperbeherrschung</name><meisterhandwerk>false</meisterhandwerk><leittalent>false</leittalent><basis>true</basis><nameausfuehrlich>Körperbeherrschung  (B)</nameausfuehrlich><wert>4</wert><probe>MU/IN/GE</probe><probenwerte>12/11/11</probenwerte><nameausfuehrlichmitprobe>Körperbeherrschung  (B)(MU/IN/GE)</nameausfuehrlichmitprobe><behinderung>BEx2</behinderung><mirakelplus>false</mirakelplus><mirakelminus>false</mirakelminus><metatalent>false</metatalent><bereich>Körperlich</bereich><komplexität>D</komplexität><lernkomplexität>D</lernkomplexität><spezialisierungen></spezialisierungen></talent><talent><name>Reiten</name><meisterhandwerk>false</meisterhandwerk><leittalent>false</leittalent><basis>false</basis><nameausfuehrlich>Reiten</nameausfuehrlich><wert>3</wert><probe>CH/GE/KK</probe><probenwerte>10/11/11</probenwerte><nameausfuehrlichmitprobe>Reiten (CH/GE/KK)</nameausfuehrlichmitprobe><behinderung>BE-2</behinderung><mirakelplus>false</mirakelplus><mirakelminus>false</mirakelminus><metatalent>false</metatalent><bereich>Körperlich</bereich><komplexität>D</komplexität><lernkomplexität>D</lernkomplexität><spezialisierungen></spezialisierungen></talent><talent><name>Schleichen</name><meisterhandwerk>false</meisterhandwerk><leittalent>false</leittalent><basis>true</basis><nameausfuehrlich>Schleichen  (B)</nameausfuehrlich><wert>4</wert><probe>MU/IN/GE</probe><probenwerte>12/11/11</probenwerte><nameausfuehrlichmitprobe>Schleichen  (B)(MU/IN/GE)</nameausfuehrlichmitprobe><behinderung>BE</behinderung><mirakelplus>false</mirakelplus><mirakelminus>false</mirakelminus><metatalent>false</metatalent><bereich>Körperlich</bereich><komplexität>D</komplexität><lernkomplexität>D</lernkomplexität><spezialisierungen></spezialisierungen></talent><talent><name>Schwimmen</name><meisterhandwerk>false</meisterhandwerk><leittalent>false</leittalent><basis>true</basis><nameausfuehrlich>Schwimmen  (B)</nameausfuehrlich><wert>2</wert><probe>GE/KO/KK</probe><probenwerte>11/12/11</probenwerte><nameausfuehrlichmitprobe>Schwimmen  (B)(GE/KO/KK)</nameausfuehrlichmitprobe><behinderung>BEx2</behinderung><mirakelplus>false</mirakelplus><mirakelminus>false</mirakelminus><metatalent>false</metatalent><bereich>Körperlich</bereich><komplexität>D</komplexität><lernkomplexität>D</lernkomplexität><spezialisierungen></spezialisierungen></talent><talent><name>Selbstbeherrschung</name><meisterhandwerk>false</meisterhandwerk><leittalent>false</leittalent><basis>true</basis><nameausfuehrlich>Selbstbeherrschung  (B)</nameausfuehrlich><wert>3</wert><probe>MU/KO/KK</probe><probenwerte>12/12/11</probenwerte><nameausfuehrlichmitprobe>Selbstbeherrschung  (B)(MU/KO/KK)</nameausfuehrlichmitprobe><behinderung></behinderung><mirakelplus>false</mirakelplus><mirakelminus>false</mirakelminus><metatalent>false</metatalent><bereich>Körperlich</bereich><komplexität>D</komplexität><lernkomplexität>D</lernkomplexität><spezialisierungen></spezialisierungen></talent><talent><name>Sich verstecken</name><meisterhandwerk>false</meisterhandwerk><leittalent>false</leittalent><basis>true</basis><nameausfuehrlich>Sich verstecken  (B)</nameausfuehrlich><wert>3</wert><probe>MU/IN/GE</probe><probenwerte>12/11/11</probenwerte><nameausfuehrlichmitprobe>Sich verstecken  (B)(MU/IN/GE)</nameausfuehrlichmitprobe><behinderung>BE-2</behinderung><mirakelplus>false</mirakelplus><mirakelminus>false</mirakelminus><metatalent>false</metatalent><bereich>Körperlich</bereich><komplexität>D</komplexität><lernkomplexität>D</lernkomplexität><spezialisierungen></spezialisierungen></talent><talent><name>Singen</name><meisterhandwerk>false</meisterhandwerk><leittalent>false</leittalent><basis>true</basis><nameausfuehrlich>Singen  (B)</nameausfuehrlich><wert>1</wert><probe>IN/CH/CH</probe><probenwerte>11/10/10</probenwerte><nameausfuehrlichmitprobe>Singen  (B)(IN/CH/CH)</nameausfuehrlichmitprobe><behinderung>BE-3</behinderung><mirakelplus>false</mirakelplus><mirakelminus>false</mirakelminus><metatalent>false</metatalent><bereich>Körperlich</bereich><komplexität>D</komplexität><lernkomplexität>D</lernkomplexität><spezialisierungen></spezialisierungen></talent><talent><name>Sinnenschärfe</name><meisterhandwerk>false</meisterhandwerk><leittalent>false</leittalent><basis>true</basis><nameausfuehrlich>Sinnenschärfe  (B)</nameausfuehrlich><wert>6</wert><probe>KL/IN/IN</probe><probenwerte>11/11/11</probenwerte><nameausfuehrlichmitprobe>Sinnenschärfe  (B)(KL/IN/IN)</nameausfuehrlichmitprobe><behinderung>0-&gt;BE</behinderung><mirakelplus>false</mirakelplus><mirakelminus>false</mirakelminus><metatalent>false</metatalent><bereich>Körperlich</bereich><komplexität>D</komplexität><lernkomplexität>D</lernkomplexität><spezialisierungen></spezialisierungen></talent><talent><name>Tanzen</name><meisterhandwerk>false</meisterhandwerk><leittalent>false</leittalent><basis>true</basis><nameausfuehrlich>Tanzen  (B)</nameausfuehrlich><wert>1</wert><probe>CH/GE/GE</probe><probenwerte>10/11/11</probenwerte><nameausfuehrlichmitprobe>Tanzen  (B)(CH/GE/GE)</nameausfuehrlichmitprobe><behinderung>BEx2</behinderung><mirakelplus>false</mirakelplus><mirakelminus>false</mirakelminus><metatalent>false</metatalent><bereich>Körperlich</bereich><komplexität>D</komplexität><lernkomplexität>D</lernkomplexität><spezialisierungen></spezialisierungen></talent><talent><name>Zechen</name><meisterhandwerk>false</meisterhandwerk><leittalent>false</leittalent><basis>true</basis><nameausfuehrlich>Zechen  (B)</nameausfuehrlich><wert>1</wert><probe>IN/KO/KK</probe><probenwerte>11/12/11</probenwerte><nameausfuehrlichmitprobe>Zechen  (B)(IN/KO/KK)</nameausfuehrlichmitprobe><behinderung></behinderung><mirakelplus>false</mirakelplus><mirakelminus>false</mirakelminus><metatalent>false</metatalent><bereich>Körperlich</bereich><komplexität>D</komplexität><lernkomplexität>D</lernkomplexität><spezialisierungen></spezialisierungen></talent><talent><name>Gassenwissen</name><meisterhandwerk>false</meisterhandwerk><leittalent>false</leittalent><basis>false</basis><nameausfuehrlich>Gassenwissen</nameausfuehrlich><wert>3</wert><probe>KL/IN/CH</probe><probenwerte>11/11/10</probenwerte><nameausfuehrlichmitprobe>Gassenwissen (KL/IN/CH)</nameausfuehrlichmitprobe><behinderung></behinderung><mirakelplus>false</mirakelplus><mirakelminus>false</mirakelminus><metatalent>false</metatalent><bereich>Gesellschaft</bereich><komplexität>B</komplexität><lernkomplexität>B</lernkomplexität><spezialisierungen></spezialisierungen></talent><talent><name>Menschenkenntnis</name><meisterhandwerk>false</meisterhandwerk><leittalent>false</leittalent><basis>true</basis><nameausfuehrlich>Menschenkenntnis  (B)</nameausfuehrlich><wert>3</wert><probe>KL/IN/CH</probe><probenwerte>11/11/10</probenwerte><nameausfuehrlichmitprobe>Menschenkenntnis  (B)(KL/IN/CH)</nameausfuehrlichmitprobe><behinderung></behinderung><mirakelplus>false</mirakelplus><mirakelminus>false</mirakelminus><metatalent>false</metatalent><bereich>Gesellschaft</bereich><komplexität>B</komplexität><lernkomplexität>B</lernkomplexität><spezialisierungen></spezialisierungen></talent><talent><name>Schauspielerei</name><meisterhandwerk>false</meisterhandwerk><leittalent>false</leittalent><basis>false</basis><nameausfuehrlich>Schauspielerei</nameausfuehrlich><wert>4</wert><probe>MU/KL/CH</probe><probenwerte>12/11/10</probenwerte><nameausfuehrlichmitprobe>Schauspielerei (MU/KL/CH)</nameausfuehrlichmitprobe><behinderung></behinderung><mirakelplus>false</mirakelplus><mirakelminus>false</mirakelminus><metatalent>false</metatalent><bereich>Gesellschaft</bereich><komplexität>B</komplexität><lernkomplexität>B</lernkomplexität><spezialisierungen></spezialisierungen></talent><talent><name>Überreden</name><meisterhandwerk>false</meisterhandwerk><leittalent>false</leittalent><basis>true</basis><nameausfuehrlich>Überreden  (B)</nameausfuehrlich><wert>2</wert><probe>MU/IN/CH</probe><probenwerte>12/11/10</probenwerte><nameausfuehrlichmitprobe>Überreden  (B)(MU/IN/CH)</nameausfuehrlichmitprobe><behinderung></behinderung><mirakelplus>false</mirakelplus><mirakelminus>false</mirakelminus><metatalent>false</metatalent><bereich>Gesellschaft</bereich><komplexität>B</komplexität><lernkomplexität>B</lernkomplexität><spezialisierungen></spezialisierungen></talent><talent><name>Überzeugen</name><meisterhandwerk>false</meisterhandwerk><leittalent>false</leittalent><basis>false</basis><nameausfuehrlich>Überzeugen</nameausfuehrlich><wert>1</wert><probe>KL/IN/CH</probe><probenwerte>11/11/10</probenwerte><nameausfuehrlichmitprobe>Überzeugen (KL/IN/CH)</nameausfuehrlichmitprobe><behinderung></behinderung><mirakelplus>false</mirakelplus><mirakelminus>false</mirakelminus><metatalent>false</metatalent><bereich>Gesellschaft</bereich><komplexität>B</komplexität><lernkomplexität>B</lernkomplexität><spezialisierungen></spezialisierungen></talent><talent><name>Ansitzjagd incl Waffe</name><meisterhandwerk>false</meisterhandwerk><leittalent>false</leittalent><basis>false</basis><nameausfuehrlich>Ansitzjagd incl Waffe</nameausfuehrlich><wert>4</wert><probe>MU/IN/GE</probe><probenwerte>12/11/11</probenwerte><nameausfuehrlichmitprobe>Ansitzjagd incl Waffe (MU/IN/GE)</nameausfuehrlichmitprobe><behinderung></behinderung><mirakelplus>false</mirakelplus><mirakelminus>false</mirakelminus><metatalent>true</metatalent><bereich>Natur</bereich><komplexität>B</komplexität><lernkomplexität>B</lernkomplexität><spezialisierungen></spezialisierungen></talent><talent><name>Fährtensuchen</name><meisterhandwerk>false</meisterhandwerk><leittalent>false</leittalent><basis>true</basis><nameausfuehrlich>Fährtensuchen  (B)</nameausfuehrlich><wert>7</wert><probe>KL/IN/KO</probe><probenwerte>11/11/12</probenwerte><nameausfuehrlichmitprobe>Fährtensuchen  (B)(KL/IN/KO)</nameausfuehrlichmitprobe><behinderung></behinderung><mirakelplus>false</mirakelplus><mirakelminus>false</mirakelminus><metatalent>false</metatalent><bereich>Natur</bereich><komplexität>B</komplexität><lernkomplexität>B</lernkomplexität><spezialisierungen></spezialisierungen></talent><talent><name>Fesseln/Entfesseln</name><meisterhandwerk>false</meisterhandwerk><leittalent>false</leittalent><basis>false</basis><nameausfuehrlich>Fesseln/Entfesseln</nameausfuehrlich><wert>5</wert><probe>FF/GE/KK</probe><probenwerte>8/11/11</probenwerte><nameausfuehrlichmitprobe>Fesseln/Entfesseln (FF/GE/KK)</nameausfuehrlichmitprobe><behinderung>-/BE</behinderung><mirakelplus>false</mirakelplus><mirakelminus>false</mirakelminus><metatalent>false</metatalent><bereich>Natur</bereich><komplexität>B</komplexität><lernkomplexität>B</lernkomplexität><spezialisierungen></spezialisierungen></talent><talent><name>Kräuter suchen</name><meisterhandwerk>false</meisterhandwerk><leittalent>false</leittalent><basis>false</basis><nameausfuehrlich>Kräuter suchen</nameausfuehrlich><wert>4</wert><probe>MU/IN/FF</probe><probenwerte>12/11/8</probenwerte><nameausfuehrlichmitprobe>Kräuter suchen (MU/IN/FF)</nameausfuehrlichmitprobe><behinderung></behinderung><mirakelplus>false</mirakelplus><mirakelminus>false</mirakelminus><metatalent>true</metatalent><bereich>Natur</bereich><komplexität>B</komplexität><lernkomplexität>B</lernkomplexität><spezialisierungen></spezialisierungen></talent><talent><name>Nahrung sammeln</name><meisterhandwerk>false</meisterhandwerk><leittalent>false</leittalent><basis>false</basis><nameausfuehrlich>Nahrung sammeln</nameausfuehrlich><wert>4</wert><probe>MU/IN/FF</probe><probenwerte>12/11/8</probenwerte><nameausfuehrlichmitprobe>Nahrung sammeln (MU/IN/FF)</nameausfuehrlichmitprobe><behinderung></behinderung><mirakelplus>false</mirakelplus><mirakelminus>false</mirakelminus><metatalent>true</metatalent><bereich>Natur</bereich><komplexität>B</komplexität><lernkomplexität>B</lernkomplexität><spezialisierungen></spezialisierungen></talent><talent><name>Orientierung</name><meisterhandwerk>false</meisterhandwerk><leittalent>false</leittalent><basis>true</basis><nameausfuehrlich>Orientierung  (B)</nameausfuehrlich><wert>4</wert><probe>KL/IN/IN</probe><probenwerte>11/11/11</probenwerte><nameausfuehrlichmitprobe>Orientierung  (B)(KL/IN/IN)</nameausfuehrlichmitprobe><behinderung></behinderung><mirakelplus>false</mirakelplus><mirakelminus>false</mirakelminus><metatalent>false</metatalent><bereich>Natur</bereich><komplexität>B</komplexität><lernkomplexität>B</lernkomplexität><spezialisierungen></spezialisierungen></talent><talent><name>Pirschjagd incl Waffe</name><meisterhandwerk>false</meisterhandwerk><leittalent>false</leittalent><basis>false</basis><nameausfuehrlich>Pirschjagd incl Waffe</nameausfuehrlich><wert>4</wert><probe>MU/IN/GE</probe><probenwerte>12/11/11</probenwerte><nameausfuehrlichmitprobe>Pirschjagd incl Waffe (MU/IN/GE)</nameausfuehrlichmitprobe><behinderung></behinderung><mirakelplus>false</mirakelplus><mirakelminus>false</mirakelminus><metatalent>true</metatalent><bereich>Natur</bereich><komplexität>B</komplexität><lernkomplexität>B</lernkomplexität><spezialisierungen></spezialisierungen></talent><talent><name>Wettervorhersage</name><meisterhandwerk>false</meisterhandwerk><leittalent>false</leittalent><basis>false</basis><nameausfuehrlich>Wettervorhersage</nameausfuehrlich><wert>4</wert><probe>KL/IN/IN</probe><probenwerte>11/11/11</probenwerte><nameausfuehrlichmitprobe>Wettervorhersage (KL/IN/IN)</nameausfuehrlichmitprobe><behinderung></behinderung><mirakelplus>false</mirakelplus><mirakelminus>false</mirakelminus><metatalent>false</metatalent><bereich>Natur</bereich><komplexität>B</komplexität><lernkomplexität>B</lernkomplexität><spezialisierungen></spezialisierungen></talent><talent><name>Wildnisleben</name><meisterhandwerk>false</meisterhandwerk><leittalent>false</leittalent><basis>true</basis><nameausfuehrlich>Wildnisleben  (B)</nameausfuehrlich><wert>6</wert><probe>IN/GE/KO</probe><probenwerte>11/11/12</probenwerte><nameausfuehrlichmitprobe>Wildnisleben  (B)(IN/GE/KO)</nameausfuehrlichmitprobe><behinderung></behinderung><mirakelplus>false</mirakelplus><mirakelminus>false</mirakelminus><metatalent>false</metatalent><bereich>Natur</bereich><komplexität>B</komplexität><lernkomplexität>B</lernkomplexität><spezialisierungen></spezialisierungen></talent><talent><name>Geografie</name><meisterhandwerk>false</meisterhandwerk><leittalent>false</leittalent><basis>false</basis><nameausfuehrlich>Geografie</nameausfuehrlich><wert>1</wert><probe>KL/KL/IN</probe><probenwerte>11/11/11</probenwerte><nameausfuehrlichmitprobe>Geografie (KL/KL/IN)</nameausfuehrlichmitprobe><behinderung></behinderung><mirakelplus>false</mirakelplus><mirakelminus>false</mirakelminus><metatalent>false</metatalent><bereich>Wissen</bereich><komplexität>B</komplexität><lernkomplexität>B</lernkomplexität><spezialisierungen></spezialisierungen></talent><talent><name>Götter und Kulte</name><meisterhandwerk>false</meisterhandwerk><leittalent>false</leittalent><basis>true</basis><nameausfuehrlich>Götter und Kulte  (B)</nameausfuehrlich><wert>2</wert><probe>KL/KL/IN</probe><probenwerte>11/11/11</probenwerte><nameausfuehrlichmitprobe>Götter und Kulte  (B)(KL/KL/IN)</nameausfuehrlichmitprobe><behinderung></behinderung><mirakelplus>false</mirakelplus><mirakelminus>false</mirakelminus><metatalent>false</metatalent><bereich>Wissen</bereich><komplexität>B</komplexität><lernkomplexität>B</lernkomplexität><spezialisierungen></spezialisierungen></talent><talent><name>Magiekunde</name><meisterhandwerk>false</meisterhandwerk><leittalent>false</leittalent><basis>false</basis><nameausfuehrlich>Magiekunde</nameausfuehrlich><wert>2</wert><probe>KL/KL/IN</probe><probenwerte>11/11/11</probenwerte><nameausfuehrlichmitprobe>Magiekunde (KL/KL/IN)</nameausfuehrlichmitprobe><behinderung></behinderung><mirakelplus>false</mirakelplus><mirakelminus>false</mirakelminus><metatalent>false</metatalent><bereich>Wissen</bereich><komplexität>B</komplexität><lernkomplexität>B</lernkomplexität><spezialisierungen></spezialisierungen></talent><talent><name>Pflanzenkunde</name><meisterhandwerk>false</meisterhandwerk><leittalent>false</leittalent><basis>false</basis><nameausfuehrlich>Pflanzenkunde</nameausfuehrlich><wert>2</wert><probe>KL/IN/FF</probe><probenwerte>11/11/8</probenwerte><nameausfuehrlichmitprobe>Pflanzenkunde (KL/IN/FF)</nameausfuehrlichmitprobe><behinderung></behinderung><mirakelplus>false</mirakelplus><mirakelminus>false</mirakelminus><metatalent>false</metatalent><bereich>Wissen</bereich><komplexität>B</komplexität><lernkomplexität>B</lernkomplexität><spezialisierungen></spezialisierungen></talent><talent><name>Rechnen</name><meisterhandwerk>false</meisterhandwerk><leittalent>false</leittalent><basis>true</basis><nameausfuehrlich>Rechnen  (B)</nameausfuehrlich><wert>2</wert><probe>KL/KL/IN</probe><probenwerte>11/11/11</probenwerte><nameausfuehrlichmitprobe>Rechnen  (B)(KL/KL/IN)</nameausfuehrlichmitprobe><behinderung></behinderung><mirakelplus>false</mirakelplus><mirakelminus>false</mirakelminus><metatalent>false</metatalent><bereich>Wissen</bereich><komplexität>B</komplexität><lernkomplexität>B</lernkomplexität><spezialisierungen></spezialisierungen></talent><talent><name>Rechtskunde</name><meisterhandwerk>false</meisterhandwerk><leittalent>false</leittalent><basis>false</basis><nameausfuehrlich>Rechtskunde</nameausfuehrlich><wert>2</wert><probe>KL/KL/IN</probe><probenwerte>11/11/11</probenwerte><nameausfuehrlichmitprobe>Rechtskunde (KL/KL/IN)</nameausfuehrlichmitprobe><behinderung></behinderung><mirakelplus>false</mirakelplus><mirakelminus>false</mirakelminus><metatalent>false</metatalent><bereich>Wissen</bereich><komplexität>B</komplexität><lernkomplexität>B</lernkomplexität><spezialisierungen></spezialisierungen></talent><talent><name>Sagen und Legenden</name><meisterhandwerk>false</meisterhandwerk><leittalent>false</leittalent><basis>true</basis><nameausfuehrlich>Sagen und Legenden  (B)</nameausfuehrlich><wert>3</wert><probe>KL/IN/CH</probe><probenwerte>11/11/10</probenwerte><nameausfuehrlichmitprobe>Sagen und Legenden  (B)(KL/IN/CH)</nameausfuehrlichmitprobe><behinderung></behinderung><mirakelplus>false</mirakelplus><mirakelminus>false</mirakelminus><metatalent>false</metatalent><bereich>Wissen</bereich><komplexität>B</komplexität><lernkomplexität>B</lernkomplexität><spezialisierungen></spezialisierungen></talent><talent><name>Schätzen</name><meisterhandwerk>false</meisterhandwerk><leittalent>false</leittalent><basis>false</basis><nameausfuehrlich>Schätzen</nameausfuehrlich><wert>3</wert><probe>KL/IN/IN</probe><probenwerte>11/11/11</probenwerte><nameausfuehrlichmitprobe>Schätzen (KL/IN/IN)</nameausfuehrlichmitprobe><behinderung></behinderung><mirakelplus>false</mirakelplus><mirakelminus>false</mirakelminus><metatalent>false</metatalent><bereich>Wissen</bereich><komplexität>B</komplexität><lernkomplexität>B</lernkomplexität><spezialisierungen></spezialisierungen></talent><talent><name>Tierkunde</name><meisterhandwerk>false</meisterhandwerk><leittalent>false</leittalent><basis>false</basis><nameausfuehrlich>Tierkunde</nameausfuehrlich><wert>2</wert><probe>MU/KL/IN</probe><probenwerte>12/11/11</probenwerte><nameausfuehrlichmitprobe>Tierkunde (MU/KL/IN)</nameausfuehrlichmitprobe><behinderung></behinderung><mirakelplus>false</mirakelplus><mirakelminus>false</mirakelminus><metatalent>false</metatalent><bereich>Wissen</bereich><komplexität>B</komplexität><lernkomplexität>B</lernkomplexität><spezialisierungen></spezialisierungen></talent><talent><name>Alt-Imperial/Aureliani</name><meisterhandwerk>false</meisterhandwerk><leittalent>false</leittalent><basis>false</basis><nameausfuehrlich>Alt-Imperial/Aureliani</nameausfuehrlich><wert>2</wert><probe>KL/IN/CH</probe><probenwerte>11/11/10</probenwerte><nameausfuehrlichmitprobe>Alt-Imperial/Aureliani (KL/IN/CH)</nameausfuehrlichmitprobe><sprachkomplexität>21</sprachkomplexität><behinderung></behinderung><mirakelplus>false</mirakelplus><mirakelminus>false</mirakelminus><metatalent>false</metatalent><bereich>Sprachen</bereich><komplexität>A</komplexität><lernkomplexität>A</lernkomplexität><spezialisierungen></spezialisierungen></talent><talent><name>Garethi</name><meisterhandwerk>false</meisterhandwerk><leittalent>false</leittalent><basis>false</basis><nameausfuehrlich>Garethi</nameausfuehrlich><wert>9</wert><probe>KL/IN/CH</probe><probenwerte>11/11/10</probenwerte><nameausfuehrlichmitprobe>Garethi (KL/IN/CH)</nameausfuehrlichmitprobe><sprachkomplexität>18</sprachkomplexität><muttersprache>true</muttersprache><behinderung></behinderung><mirakelplus>false</mirakelplus><mirakelminus>false</mirakelminus><metatalent>false</metatalent><bereich>Sprachen</bereich><komplexität>A</komplexität><lernkomplexität>A</lernkomplexität><spezialisierungen></spezialisierungen></talent><talent><name>Goblinisch</name><meisterhandwerk>false</meisterhandwerk><leittalent>false</leittalent><basis>false</basis><nameausfuehrlich>Goblinisch</nameausfuehrlich><wert>2</wert><probe>KL/IN/CH</probe><probenwerte>11/11/10</probenwerte><nameausfuehrlichmitprobe>Goblinisch (KL/IN/CH)</nameausfuehrlichmitprobe><sprachkomplexität>12</sprachkomplexität><behinderung></behinderung><mirakelplus>false</mirakelplus><mirakelminus>false</mirakelminus><metatalent>false</metatalent><bereich>Sprachen</bereich><komplexität>A</komplexität><lernkomplexität>B</lernkomplexität><spezialisierungen></spezialisierungen></talent><talent><name>Koboldisch</name><meisterhandwerk>false</meisterhandwerk><leittalent>false</leittalent><basis>false</basis><nameausfuehrlich>Koboldisch</nameausfuehrlich><wert>3</wert><probe>KL/IN/CH</probe><probenwerte>11/11/10</probenwerte><nameausfuehrlichmitprobe>Koboldisch (KL/IN/CH)</nameausfuehrlichmitprobe><sprachkomplexität>15</sprachkomplexität><behinderung></behinderung><mirakelplus>false</mirakelplus><mirakelminus>false</mirakelminus><metatalent>false</metatalent><bereich>Sprachen</bereich><komplexität>A</komplexität><lernkomplexität>B</lernkomplexität><spezialisierungen></spezialisierungen></talent><talent><name>Thorwalsch</name><meisterhandwerk>false</meisterhandwerk><leittalent>false</leittalent><basis>false</basis><nameausfuehrlich>Thorwalsch</nameausfuehrlich><wert>7</wert><probe>KL/IN/CH</probe><probenwerte>11/11/10</probenwerte><nameausfuehrlichmitprobe>Thorwalsch (KL/IN/CH)</nameausfuehrlichmitprobe><sprachkomplexität>18</sprachkomplexität><behinderung></behinderung><mirakelplus>false</mirakelplus><mirakelminus>false</mirakelminus><metatalent>false</metatalent><bereich>Sprachen</bereich><komplexität>A</komplexität><lernkomplexität>A</lernkomplexität><spezialisierungen></spezialisierungen></talent><talent><name>Trollisch</name><meisterhandwerk>false</meisterhandwerk><leittalent>false</leittalent><basis>false</basis><nameausfuehrlich>Trollisch</nameausfuehrlich><wert>4</wert><probe>KL/IN/CH</probe><probenwerte>11/11/10</probenwerte><nameausfuehrlichmitprobe>Trollisch (KL/IN/CH)</nameausfuehrlichmitprobe><sprachkomplexität>15</sprachkomplexität><behinderung></behinderung><mirakelplus>false</mirakelplus><mirakelminus>false</mirakelminus><metatalent>false</metatalent><bereich>Sprachen</bereich><komplexität>A</komplexität><lernkomplexität>B</lernkomplexität><spezialisierungen></spezialisierungen></talent><talent><name>L/S Kusliker Zeichen</name><meisterhandwerk>false</meisterhandwerk><leittalent>false</leittalent><basis>false</basis><nameausfuehrlich>L/S Kusliker Zeichen</nameausfuehrlich><wert>2</wert><probe>KL/KL/FF</probe><probenwerte>11/11/8</probenwerte><nameausfuehrlichmitprobe>L/S Kusliker Zeichen (KL/KL/FF)</nameausfuehrlichmitprobe><sprachkomplexität>10</sprachkomplexität><schriftmuttersprache>true</schriftmuttersprache><behinderung></behinderung><mirakelplus>false</mirakelplus><mirakelminus>false</mirakelminus><metatalent>false</metatalent><bereich>Schriften</bereich><komplexität>A</komplexität><lernkomplexität>A</lernkomplexität><spezialisierungen></spezialisierungen></talent><talent><name>Ackerbau</name><meisterhandwerk>false</meisterhandwerk><leittalent>false</leittalent><basis>false</basis><nameausfuehrlich>Ackerbau</nameausfuehrlich><wert>1</wert><probe>IN/FF/KO</probe><probenwerte>11/8/12</probenwerte><nameausfuehrlichmitprobe>Ackerbau (IN/FF/KO)</nameausfuehrlichmitprobe><behinderung></behinderung><mirakelplus>false</mirakelplus><mirakelminus>false</mirakelminus><metatalent>false</metatalent><bereich>Handwerk</bereich><komplexität>B</komplexität><lernkomplexität>B</lernkomplexität><spezialisierungen></spezialisierungen></talent><talent><name>Boote fahren</name><meisterhandwerk>false</meisterhandwerk><leittalent>false</leittalent><basis>false</basis><nameausfuehrlich>Boote fahren</nameausfuehrlich><wert>1</wert><probe>GE/KO/KK</probe><probenwerte>11/12/11</probenwerte><nameausfuehrlichmitprobe>Boote fahren (GE/KO/KK)</nameausfuehrlichmitprobe><behinderung></behinderung><mirakelplus>false</mirakelplus><mirakelminus>false</mirakelminus><metatalent>false</metatalent><bereich>Handwerk</bereich><komplexität>B</komplexität><lernkomplexität>B</lernkomplexität><spezialisierungen></spezialisierungen></talent><talent><name>Gerber/Kürschner</name><meisterhandwerk>false</meisterhandwerk><leittalent>false</leittalent><basis>false</basis><nameausfuehrlich>Gerber/Kürschner</nameausfuehrlich><wert>2</wert><probe>KL/FF/KO</probe><probenwerte>11/8/12</probenwerte><nameausfuehrlichmitprobe>Gerber/Kürschner (KL/FF/KO)</nameausfuehrlichmitprobe><behinderung></behinderung><mirakelplus>false</mirakelplus><mirakelminus>false</mirakelminus><metatalent>false</metatalent><bereich>Handwerk</bereich><komplexität>B</komplexität><lernkomplexität>B</lernkomplexität><spezialisierungen></spezialisierungen></talent><talent><name>Heilkunde: Gift</name><meisterhandwerk>false</meisterhandwerk><leittalent>false</leittalent><basis>false</basis><nameausfuehrlich>Heilkunde: Gift</nameausfuehrlich><wert>4</wert><probe>MU/KL/IN</probe><probenwerte>12/11/11</probenwerte><nameausfuehrlichmitprobe>Heilkunde: Gift (MU/KL/IN)</nameausfuehrlichmitprobe><behinderung></behinderung><mirakelplus>false</mirakelplus><mirakelminus>false</mirakelminus><metatalent>false</metatalent><bereich>Handwerk</bereich><komplexität>B</komplexität><lernkomplexität>B</lernkomplexität><spezialisierungen></spezialisierungen></talent><talent><name>Heilkunde: Wunden</name><meisterhandwerk>false</meisterhandwerk><leittalent>false</leittalent><basis>true</basis><nameausfuehrlich>Heilkunde: Wunden  (B)</nameausfuehrlich><wert>4</wert><probe>KL/CH/FF</probe><probenwerte>11/10/8</probenwerte><nameausfuehrlichmitprobe>Heilkunde: Wunden  (B)(KL/CH/FF)</nameausfuehrlichmitprobe><behinderung></behinderung><mirakelplus>false</mirakelplus><mirakelminus>false</mirakelminus><metatalent>false</metatalent><bereich>Handwerk</bereich><komplexität>B</komplexität><lernkomplexität>B</lernkomplexität><spezialisierungen></spezialisierungen></talent><talent><name>Holzbearbeitung</name><meisterhandwerk>false</meisterhandwerk><leittalent>false</leittalent><basis>true</basis><nameausfuehrlich>Holzbearbeitung  (B)</nameausfuehrlich><wert>2</wert><probe>KL/FF/KK</probe><probenwerte>11/8/11</probenwerte><nameausfuehrlichmitprobe>Holzbearbeitung  (B)(KL/FF/KK)</nameausfuehrlichmitprobe><behinderung></behinderung><mirakelplus>false</mirakelplus><mirakelminus>false</mirakelminus><metatalent>false</metatalent><bereich>Handwerk</bereich><komplexität>B</komplexität><lernkomplexität>B</lernkomplexität><spezialisierungen></spezialisierungen></talent><talent><name>Kochen</name><meisterhandwerk>false</meisterhandwerk><leittalent>false</leittalent><basis>true</basis><nameausfuehrlich>Kochen  (B)</nameausfuehrlich><wert>2</wert><probe>KL/IN/FF</probe><probenwerte>11/11/8</probenwerte><nameausfuehrlichmitprobe>Kochen  (B)(KL/IN/FF)</nameausfuehrlichmitprobe><behinderung></behinderung><mirakelplus>false</mirakelplus><mirakelminus>false</mirakelminus><metatalent>false</metatalent><bereich>Handwerk</bereich><komplexität>B</komplexität><lernkomplexität>B</lernkomplexität><spezialisierungen></spezialisierungen></talent><talent><name>Lederarbeiten</name><meisterhandwerk>false</meisterhandwerk><leittalent>false</leittalent><basis>true</basis><nameausfuehrlich>Lederarbeiten  (B)</nameausfuehrlich><wert>2</wert><probe>KL/FF/FF</probe><probenwerte>11/8/8</probenwerte><nameausfuehrlichmitprobe>Lederarbeiten  (B)(KL/FF/FF)</nameausfuehrlichmitprobe><behinderung></behinderung><mirakelplus>false</mirakelplus><mirakelminus>false</mirakelminus><metatalent>false</metatalent><bereich>Handwerk</bereich><komplexität>B</komplexität><lernkomplexität>B</lernkomplexität><spezialisierungen></spezialisierungen></talent><talent><name>Malen/Zeichnen</name><meisterhandwerk>false</meisterhandwerk><leittalent>false</leittalent><basis>true</basis><nameausfuehrlich>Malen/Zeichnen  (B)</nameausfuehrlich><wert>0</wert><probe>KL/IN/FF</probe><probenwerte>11/11/8</probenwerte><nameausfuehrlichmitprobe>Malen/Zeichnen  (B)(KL/IN/FF)</nameausfuehrlichmitprobe><behinderung></behinderung><mirakelplus>false</mirakelplus><mirakelminus>false</mirakelminus><metatalent>false</metatalent><bereich>Handwerk</bereich><komplexität>B</komplexität><lernkomplexität>B</lernkomplexität><spezialisierungen></spezialisierungen></talent><talent><name>Schneidern</name><meisterhandwerk>false</meisterhandwerk><leittalent>false</leittalent><basis>true</basis><nameausfuehrlich>Schneidern  (B)</nameausfuehrlich><wert>2</wert><probe>KL/FF/FF</probe><probenwerte>11/8/8</probenwerte><nameausfuehrlichmitprobe>Schneidern  (B)(KL/FF/FF)</nameausfuehrlichmitprobe><behinderung></behinderung><mirakelplus>false</mirakelplus><mirakelminus>false</mirakelminus><metatalent>false</metatalent><bereich>Handwerk</bereich><komplexität>B</komplexität><lernkomplexität>B</lernkomplexität><spezialisierungen></spezialisierungen></talent><talent><name>Geräuschhexerei</name><meisterhandwerk>false</meisterhandwerk><leittalent>false</leittalent><basis>false</basis><nameausfuehrlich>Geräuschhexerei</nameausfuehrlich><wert>3</wert><probe>IN/CH/KO</probe><probenwerte>11/10/12</probenwerte><nameausfuehrlichmitprobe>Geräuschhexerei (IN/CH/KO)</nameausfuehrlichmitprobe><behinderung></behinderung><mirakelplus>false</mirakelplus><mirakelminus>false</mirakelminus><metatalent>false</metatalent><bereich>Gaben</bereich><komplexität>F</komplexität><lernkomplexität>F</lernkomplexität><spezialisierungen></spezialisierungen></talent></talentliste><zauberliste/><gegenstaende/><verbindungen/><kampfsets><kampfset inbenutzung="false" nr="1" tzm="true" defaultrsmodel="true"><raufen><at>12</at><pa>7</pa><tp>1W+0</tp></raufen><ringen><at>8</at><pa>10</pa><tp>1W+0</tp></ringen><ausweichen>7</ausweichen><ausweichenausweichenmod>0</ausweichenausweichenmod><ausweichenakrobatikmod>0</ausweichenakrobatikmod><ausweichenmod>0</ausweichenmod><geschwindigkeitinklbe>8</geschwindigkeitinklbe><ini>9</ini><ruestungzonen><kopf>0</kopf><brust>0</brust><ruecken>0</ruecken><gesamt>0</gesamt><bauch>0</bauch><linkerarm>0</linkerarm><rechterarm>0</rechterarm><linkesbein>0</linkesbein><rechtesbein>0</rechtesbein><gesamtschutz>0</gesamtschutz><gesamtzonenschutz>0</gesamtzonenschutz><behinderung>0</behinderung></ruestungzonen><nahkampfwaffen inbenutzung="false"/><fernkampfwaffen inbenutzung="false"/><schilder inbenutzung="false"/><ruestungen inbenutzung="false"/></kampfset><kampfset inbenutzung="false" nr="1" tzm="false" defaultrsmodel="false"><raufen><at>12</at><pa>7</pa><tp>1W+0</tp></raufen><ringen><at>8</at><pa>10</pa><tp>1W+0</tp></ringen><ausweichen>7</ausweichen><ausweichenausweichenmod>0</ausweichenausweichenmod><ausweichenakrobatikmod>0</ausweichenakrobatikmod><ausweichenmod>0</ausweichenmod><geschwindigkeitinklbe>8</geschwindigkeitinklbe><ini>9</ini><ruestungeinfach><gesamt>0</gesamt><behinderung>0</behinderung></ruestungeinfach><nahkampfwaffen inbenutzung="false"/><fernkampfwaffen inbenutzung="false"/><schilder inbenutzung="false"/><ruestungen inbenutzung="false"/></kampfset><kampfset inbenutzung="false" nr="2" tzm="true" defaultrsmodel="true"><raufen><at>12</at><pa>7</pa><tp>1W+0</tp></raufen><ringen><at>8</at><pa>10</pa><tp>1W+0</tp></ringen><ausweichen>7</ausweichen><ausweichenausweichenmod>0</ausweichenausweichenmod><ausweichenakrobatikmod>0</ausweichenakrobatikmod><ausweichenmod>0</ausweichenmod><geschwindigkeitinklbe>8</geschwindigkeitinklbe><ini>9</ini><ruestungzonen><kopf>0</kopf><brust>0</brust><ruecken>0</ruecken><gesamt>0</gesamt><bauch>0</bauch><linkerarm>0</linkerarm><rechterarm>0</rechterarm><linkesbein>0</linkesbein><rechtesbein>0</rechtesbein><gesamtschutz>0</gesamtschutz><gesamtzonenschutz>0</gesamtzonenschutz><behinderung>0</behinderung></ruestungzonen><nahkampfwaffen inbenutzung="false"/><fernkampfwaffen inbenutzung="false"/><schilder inbenutzung="false"/><ruestungen inbenutzung="false"/></kampfset><kampfset inbenutzung="false" nr="2" tzm="false" defaultrsmodel="false"><raufen><at>12</at><pa>7</pa><tp>1W+0</tp></raufen><ringen><at>8</at><pa>10</pa><tp>1W+0</tp></ringen><ausweichen>7</ausweichen><ausweichenausweichenmod>0</ausweichenausweichenmod><ausweichenakrobatikmod>0</ausweichenakrobatikmod><ausweichenmod>0</ausweichenmod><geschwindigkeitinklbe>8</geschwindigkeitinklbe><ini>9</ini><ruestungeinfach><gesamt>0</gesamt><behinderung>0</behinderung></ruestungeinfach><nahkampfwaffen inbenutzung="false"/><fernkampfwaffen inbenutzung="false"/><schilder inbenutzung="false"/><ruestungen inbenutzung="false"/></kampfset><kampfset inbenutzung="false" nr="3" tzm="true" defaultrsmodel="true"><raufen><at>12</at><pa>7</pa><tp>1W+0</tp></raufen><ringen><at>8</at><pa>10</pa><tp>1W+0</tp></ringen><ausweichen>7</ausweichen><ausweichenausweichenmod>0</ausweichenausweichenmod><ausweichenakrobatikmod>0</ausweichenakrobatikmod><ausweichenmod>0</ausweichenmod><geschwindigkeitinklbe>8</geschwindigkeitinklbe><ini>9</ini><ruestungzonen><kopf>0</kopf><brust>0</brust><ruecken>0</ruecken><gesamt>0</gesamt><bauch>0</bauch><linkerarm>0</linkerarm><rechterarm>0</rechterarm><linkesbein>0</linkesbein><rechtesbein>0</rechtesbein><gesamtschutz>0</gesamtschutz><gesamtzonenschutz>0</gesamtzonenschutz><behinderung>0</behinderung></ruestungzonen><nahkampfwaffen inbenutzung="false"/><fernkampfwaffen inbenutzung="false"/><schilder inbenutzung="false"/><ruestungen inbenutzung="false"/></kampfset><kampfset inbenutzung="false" nr="3" tzm="false" defaultrsmodel="false"><raufen><at>12</at><pa>7</pa><tp>1W+0</tp></raufen><ringen><at>8</at><pa>10</pa><tp>1W+0</tp></ringen><ausweichen>7</ausweichen><ausweichenausweichenmod>0</ausweichenausweichenmod><ausweichenakrobatikmod>0</ausweichenakrobatikmod><ausweichenmod>0</ausweichenmod><geschwindigkeitinklbe>8</geschwindigkeitinklbe><ini>9</ini><ruestungeinfach><gesamt>0</gesamt><behinderung>0</behinderung></ruestungeinfach><nahkampfwaffen inbenutzung="false"/><fernkampfwaffen inbenutzung="false"/><schilder inbenutzung="false"/><ruestungen inbenutzung="false"/></kampfset></kampfsets><ereignisse><ereignis><aktion>EINSTELLUNG</aktion><alterzustand></alterzustand><ap>0</ap><asp>0</asp><bemerkung></bemerkung><date>22.05.2016 19:11</date><kp>0</kp><kommentar></kommentar><lep>0</lep><neuerzustand></neuerzustand><object>max GP für Helden: 110</object><version>HS 5.5.1</version></ereignis><ereignis><aktion>EINSTELLUNG</aktion><alterzustand></alterzustand><ap>0</ap><asp>0</asp><bemerkung></bemerkung><date>22.05.2016 19:11</date><kp>0</kp><kommentar></kommentar><lep>0</lep><neuerzustand></neuerzustand><object>max Eigenschafts-GP für Helden: 100</object><version>HS 5.5.1</version></ereignis><ereignis><aktion>EINSTELLUNG</aktion><alterzustand></alterzustand><ap>0</ap><asp>0</asp><bemerkung></bemerkung><date>22.05.2016 19:11</date><kp>0</kp><kommentar></kommentar><lep>0</lep><neuerzustand></neuerzustand><object>max Eigenschafts-Wert für Helden: 14</object><version>HS 5.5.1</version></ereignis><ereignis><aktion>Meistergenehmigung notwendig</aktion><alterzustand></alterzustand><ap>0</ap><asp>0</asp><bemerkung></bemerkung><date>22.05.2016 19:11</date><kp>0</kp><kommentar></kommentar><lep>0</lep><neuerzustand></neuerzustand><object>Es wurden verbilligte SF gewählt. Die Auswahl unterliegt der Meistergenehimgung.</object><version>HS 5.5.1</version></ereignis><ereignis><aktion>RKP</aktion><alterzustand>0</alterzustand><ap>0</ap><asp>0</asp><bemerkung></bemerkung><date>22.05.2016 19:11</date><kp>0</kp><kommentar>4 GP</kommentar><lep>0</lep><neuerzustand>0</neuerzustand><object>Rasse: Halbelf: Halbelf thorwalscher Abstammung, in menschlicher Kultur aufgewachsen</object><version>HS 5.5.1</version></ereignis><ereignis><aktion>RKP</aktion><alterzustand>0</alterzustand><ap>0</ap><asp>0</asp><bemerkung></bemerkung><date>22.05.2016 19:11</date><kp>0</kp><kommentar>4 GP</kommentar><lep>0</lep><neuerzustand>0</neuerzustand><object>Kultur: Mittelländische Landbevölkerung - Fern der Zivilisation</object><version>HS 5.5.1</version></ereignis><ereignis><aktion>RKP</aktion><alterzustand>0</alterzustand><ap>0</ap><asp>0</asp><bemerkung></bemerkung><date>22.05.2016 19:11</date><kp>0</kp><kommentar>13 GP</kommentar><lep>0</lep><neuerzustand>0</neuerzustand><object>Profession: Großwildjäger: Kopfgeldjäger</object><version>HS 5.5.1</version></ereignis><ereignis><aktion>EIGENSCHAFTEN</aktion><alterzustand>0</alterzustand><ap>0</ap><asp>0</asp><bemerkung></bemerkung><date>22.05.2016 19:11</date><kp>0</kp><kommentar>12 GP</kommentar><lep>0</lep><neuerzustand>12</neuerzustand><object>Mut: 12</object><version>HS 5.5.1</version></ereignis><ereignis><aktion>EIGENSCHAFTEN</aktion><alterzustand>0</alterzustand><ap>0</ap><asp>0</asp><bemerkung></bemerkung><date>22.05.2016 19:11</date><kp>0</kp><kommentar>11 GP</kommentar><lep>0</lep><neuerzustand>11</neuerzustand><object>Klugheit: 11</object><version>HS 5.5.1</version></ereignis><ereignis><aktion>EIGENSCHAFTEN</aktion><alterzustand>0</alterzustand><ap>0</ap><asp>0</asp><bemerkung></bemerkung><date>22.05.2016 19:11</date><kp>0</kp><kommentar>11 GP</kommentar><lep>0</lep><neuerzustand>11</neuerzustand><object>Intuition: 11</object><version>HS 5.5.1</version></ereignis><ereignis><aktion>EIGENSCHAFTEN</aktion><alterzustand>0</alterzustand><ap>0</ap><asp>0</asp><bemerkung></bemerkung><date>22.05.2016 19:11</date><kp>0</kp><kommentar>10 GP</kommentar><lep>0</lep><neuerzustand>10</neuerzustand><object>Charisma: 10</object><version>HS 5.5.1</version></ereignis><ereignis><aktion>EIGENSCHAFTEN</aktion><alterzustand>0</alterzustand><ap>0</ap><asp>0</asp><bemerkung></bemerkung><date>22.05.2016 19:11</date><kp>0</kp><kommentar>8 GP</kommentar><lep>0</lep><neuerzustand>8</neuerzustand><object>Fingerfertigkeit: 8</object><version>HS 5.5.1</version></ereignis><ereignis><aktion>EIGENSCHAFTEN</aktion><alterzustand>0</alterzustand><ap>0</ap><asp>0</asp><bemerkung></bemerkung><date>22.05.2016 19:11</date><kp>0</kp><kommentar>11 GP</kommentar><lep>0</lep><neuerzustand>11</neuerzustand><object>Gewandtheit: 11</object><version>HS 5.5.1</version></ereignis><ereignis><aktion>EIGENSCHAFTEN</aktion><alterzustand>0</alterzustand><ap>0</ap><asp>0</asp><bemerkung></bemerkung><date>22.05.2016 19:11</date><kp>0</kp><kommentar>12 GP</kommentar><lep>0</lep><neuerzustand>12</neuerzustand><object>Konstitution: 12</object><version>HS 5.5.1</version></ereignis><ereignis><aktion>EIGENSCHAFTEN</aktion><alterzustand>0</alterzustand><ap>0</ap><asp>0</asp><bemerkung></bemerkung><date>22.05.2016 19:11</date><kp>0</kp><kommentar>11 GP</kommentar><lep>0</lep><neuerzustand>11</neuerzustand><object>Körperkraft: 11</object><version>HS 5.5.1</version></ereignis><ereignis><aktion>EIGENSCHAFTEN</aktion><alterzustand>0</alterzustand><ap>0</ap><asp>0</asp><bemerkung></bemerkung><date>22.05.2016 19:11</date><kp>0</kp><kommentar>0 GP</kommentar><lep>0</lep><neuerzustand>5</neuerzustand><object>Sozialstatus: 5</object><version>HS 5.5.1</version></ereignis><ereignis><aktion>TALENT</aktion><alterzustand>0</alterzustand><ap>0</ap><asp>0</asp><bemerkung></bemerkung><date>22.05.2016 19:11</date><kp>0</kp><kommentar>17 AP</kommentar><lep>0</lep><neuerzustand>4</neuerzustand><object>Dolche: 4</object><version>HS 5.5.1</version></ereignis><ereignis><aktion>TALENT</aktion><alterzustand>0</alterzustand><ap>0</ap><asp>0</asp><bemerkung></bemerkung><date>22.05.2016 19:11</date><kp>0</kp><kommentar>17 AP</kommentar><lep>0</lep><neuerzustand>5</neuerzustand><object>Raufen: 5</object><version>HS 5.5.1</version></ereignis><ereignis><aktion>TALENT</aktion><alterzustand>0</alterzustand><ap>0</ap><asp>0</asp><bemerkung></bemerkung><date>22.05.2016 19:11</date><kp>0</kp><kommentar>7 AP</kommentar><lep>0</lep><neuerzustand>2</neuerzustand><object>Klettern: 2</object><version>HS 5.5.1</version></ereignis><ereignis><aktion>TALENT</aktion><alterzustand>0</alterzustand><ap>0</ap><asp>0</asp><bemerkung></bemerkung><date>22.05.2016 19:11</date><kp>0</kp><kommentar>3 AP</kommentar><lep>0</lep><neuerzustand>1</neuerzustand><object>Schwimmen: 1</object><version>HS 5.5.1</version></ereignis><ereignis><aktion>TALENT</aktion><alterzustand>0</alterzustand><ap>0</ap><asp>0</asp><bemerkung></bemerkung><date>22.05.2016 19:11</date><kp>0</kp><kommentar>7 AP</kommentar><lep>0</lep><neuerzustand>2</neuerzustand><object>Schwimmen: 2</object><version>HS 5.5.1</version></ereignis><ereignis><aktion>TALENT</aktion><alterzustand>0</alterzustand><ap>0</ap><asp>0</asp><bemerkung></bemerkung><date>22.05.2016 19:11</date><kp>0</kp><kommentar>3 AP</kommentar><lep>0</lep><neuerzustand>1</neuerzustand><object>Zechen: 1</object><version>HS 5.5.1</version></ereignis><ereignis><aktion>TALENT</aktion><alterzustand>0</alterzustand><ap>0</ap><asp>0</asp><bemerkung></bemerkung><date>22.05.2016 19:11</date><kp>0</kp><kommentar>2 AP</kommentar><lep>0</lep><neuerzustand>0</neuerzustand><object>Schauspielerei: 0</object><version>HS 5.5.1</version></ereignis><ereignis><aktion>TALENT</aktion><alterzustand>0</alterzustand><ap>0</ap><asp>0</asp><bemerkung></bemerkung><date>22.05.2016 19:11</date><kp>0</kp><kommentar>2 AP</kommentar><lep>0</lep><neuerzustand>1</neuerzustand><object>Schauspielerei: 1</object><version>HS 5.5.1</version></ereignis><ereignis><aktion>TALENT</aktion><alterzustand>0</alterzustand><ap>0</ap><asp>0</asp><bemerkung></bemerkung><date>22.05.2016 19:11</date><kp>0</kp><kommentar>4 AP</kommentar><lep>0</lep><neuerzustand>2</neuerzustand><object>Schauspielerei: 2</object><version>HS 5.5.1</version></ereignis><ereignis><aktion>TALENT</aktion><alterzustand>0</alterzustand><ap>0</ap><asp>0</asp><bemerkung></bemerkung><date>22.05.2016 19:11</date><kp>0</kp><kommentar>6 AP</kommentar><lep>0</lep><neuerzustand>3</neuerzustand><object>Schauspielerei: 3</object><version>HS 5.5.1</version></ereignis><ereignis><aktion>TALENT</aktion><alterzustand>0</alterzustand><ap>0</ap><asp>0</asp><bemerkung></bemerkung><date>22.05.2016 19:11</date><kp>0</kp><kommentar>8 AP</kommentar><lep>0</lep><neuerzustand>4</neuerzustand><object>Schauspielerei: 4</object><version>HS 5.5.1</version></ereignis><ereignis><aktion>TALENT</aktion><alterzustand>0</alterzustand><ap>0</ap><asp>0</asp><bemerkung></bemerkung><date>22.05.2016 19:11</date><kp>0</kp><kommentar>11 AP</kommentar><lep>0</lep><neuerzustand>5</neuerzustand><object>Fesseln/Entfesseln: 5</object><version>HS 5.5.1</version></ereignis><ereignis><aktion>TALENT</aktion><alterzustand>0</alterzustand><ap>0</ap><asp>0</asp><bemerkung></bemerkung><date>22.05.2016 19:11</date><kp>0</kp><kommentar>4 AP</kommentar><lep>0</lep><neuerzustand>2</neuerzustand><object>Götter und Kulte: 2</object><version>HS 5.5.1</version></ereignis><ereignis><aktion>TALENT</aktion><alterzustand>0</alterzustand><ap>0</ap><asp>0</asp><bemerkung></bemerkung><date>22.05.2016 19:11</date><kp>0</kp><kommentar>2 AP</kommentar><lep>0</lep><neuerzustand>0</neuerzustand><object>Magiekunde: 0</object><version>HS 5.5.1</version></ereignis><ereignis><aktion>TALENT</aktion><alterzustand>0</alterzustand><ap>0</ap><asp>0</asp><bemerkung></bemerkung><date>22.05.2016 19:11</date><kp>0</kp><kommentar>2 AP</kommentar><lep>0</lep><neuerzustand>1</neuerzustand><object>Magiekunde: 1</object><version>HS 5.5.1</version></ereignis><ereignis><aktion>TALENT</aktion><alterzustand>0</alterzustand><ap>0</ap><asp>0</asp><bemerkung></bemerkung><date>22.05.2016 19:11</date><kp>0</kp><kommentar>4 AP</kommentar><lep>0</lep><neuerzustand>2</neuerzustand><object>Magiekunde: 2</object><version>HS 5.5.1</version></ereignis><ereignis><aktion>TALENT</aktion><alterzustand>0</alterzustand><ap>0</ap><asp>0</asp><bemerkung></bemerkung><date>22.05.2016 19:11</date><kp>0</kp><kommentar>2 AP</kommentar><lep>0</lep><neuerzustand>1</neuerzustand><object>Rechnen: 1</object><version>HS 5.5.1</version></ereignis><ereignis><aktion>TALENT</aktion><alterzustand>0</alterzustand><ap>0</ap><asp>0</asp><bemerkung></bemerkung><date>22.05.2016 19:11</date><kp>0</kp><kommentar>4 AP</kommentar><lep>0</lep><neuerzustand>2</neuerzustand><object>Rechnen: 2</object><version>HS 5.5.1</version></ereignis><ereignis><aktion>TALENT</aktion><alterzustand>0</alterzustand><ap>0</ap><asp>0</asp><bemerkung></bemerkung><date>22.05.2016 19:11</date><kp>0</kp><kommentar>6 AP</kommentar><lep>0</lep><neuerzustand>3</neuerzustand><object>Schätzen: 3</object><version>HS 5.5.1</version></ereignis><ereignis><aktion>TALENT</aktion><alterzustand>0</alterzustand><ap>0</ap><asp>0</asp><bemerkung></bemerkung><date>22.05.2016 19:11</date><kp>0</kp><kommentar>1 AP</kommentar><lep>0</lep><neuerzustand>0</neuerzustand><object>Sprachen kennen Alt-Imperial/Aureliani: 0</object><version>HS 5.5.1</version></ereignis><ereignis><aktion>TALENT</aktion><alterzustand>0</alterzustand><ap>0</ap><asp>0</asp><bemerkung></bemerkung><date>22.05.2016 19:11</date><kp>0</kp><kommentar>1 AP</kommentar><lep>0</lep><neuerzustand>1</neuerzustand><object>Sprachen kennen Alt-Imperial/Aureliani: 1</object><version>HS 5.5.1</version></ereignis><ereignis><aktion>TALENT</aktion><alterzustand>0</alterzustand><ap>0</ap><asp>0</asp><bemerkung></bemerkung><date>22.05.2016 19:11</date><kp>0</kp><kommentar>2 AP</kommentar><lep>0</lep><neuerzustand>2</neuerzustand><object>Sprachen kennen Alt-Imperial/Aureliani: 2</object><version>HS 5.5.1</version></ereignis><ereignis><aktion>TALENT</aktion><alterzustand>0</alterzustand><ap>0</ap><asp>0</asp><bemerkung></bemerkung><date>22.05.2016 19:11</date><kp>0</kp><kommentar>1 AP</kommentar><lep>0</lep><neuerzustand>0</neuerzustand><object>Sprachen kennen Goblinisch: 0</object><version>HS 5.5.1</version></ereignis><ereignis><aktion>TALENT</aktion><alterzustand>0</alterzustand><ap>0</ap><asp>0</asp><bemerkung></bemerkung><date>22.05.2016 19:11</date><kp>0</kp><kommentar>1 AP</kommentar><lep>0</lep><neuerzustand>1</neuerzustand><object>Sprachen kennen Goblinisch: 1</object><version>HS 5.5.1</version></ereignis><ereignis><aktion>TALENT</aktion><alterzustand>0</alterzustand><ap>0</ap><asp>0</asp><bemerkung></bemerkung><date>22.05.2016 19:11</date><kp>0</kp><kommentar>2 AP</kommentar><lep>0</lep><neuerzustand>2</neuerzustand><object>Sprachen kennen Goblinisch: 2</object><version>HS 5.5.1</version></ereignis><ereignis><aktion>TALENT</aktion><alterzustand>0</alterzustand><ap>0</ap><asp>0</asp><bemerkung></bemerkung><date>22.05.2016 19:11</date><kp>0</kp><kommentar>1 AP</kommentar><lep>0</lep><neuerzustand>0</neuerzustand><object>Sprachen kennen Koboldisch: 0</object><version>HS 5.5.1</version></ereignis><ereignis><aktion>TALENT</aktion><alterzustand>0</alterzustand><ap>0</ap><asp>0</asp><bemerkung></bemerkung><date>22.05.2016 19:11</date><kp>0</kp><kommentar>1 AP</kommentar><lep>0</lep><neuerzustand>1</neuerzustand><object>Sprachen kennen Koboldisch: 1</object><version>HS 5.5.1</version></ereignis><ereignis><aktion>TALENT</aktion><alterzustand>0</alterzustand><ap>0</ap><asp>0</asp><bemerkung></bemerkung><date>22.05.2016 19:11</date><kp>0</kp><kommentar>2 AP</kommentar><lep>0</lep><neuerzustand>2</neuerzustand><object>Sprachen kennen Koboldisch: 2</object><version>HS 5.5.1</version></ereignis><ereignis><aktion>TALENT</aktion><alterzustand>0</alterzustand><ap>0</ap><asp>0</asp><bemerkung></bemerkung><date>22.05.2016 19:11</date><kp>0</kp><kommentar>3 AP</kommentar><lep>0</lep><neuerzustand>3</neuerzustand><object>Sprachen kennen Koboldisch: 3</object><version>HS 5.5.1</version></ereignis><ereignis><aktion>TALENT</aktion><alterzustand>0</alterzustand><ap>0</ap><asp>0</asp><bemerkung></bemerkung><date>22.05.2016 19:11</date><kp>0</kp><kommentar>6 AP</kommentar><lep>0</lep><neuerzustand>3</neuerzustand><object>Heilkunde: Gift: 3</object><version>HS 5.5.1</version></ereignis><ereignis><aktion>TALENT</aktion><alterzustand>0</alterzustand><ap>0</ap><asp>0</asp><bemerkung></bemerkung><date>22.05.2016 19:11</date><kp>0</kp><kommentar>8 AP</kommentar><lep>0</lep><neuerzustand>4</neuerzustand><object>Heilkunde: Gift: 4</object><version>HS 5.5.1</version></ereignis><ereignis><aktion>SF</aktion><alterzustand>0</alterzustand><ap>0</ap><asp>0</asp><bemerkung></bemerkung><date>22.05.2016 19:11</date><kp>0</kp><kommentar>200 AP</kommentar><lep>0</lep><neuerzustand>0</neuerzustand><object>Ausweichen II</object><version>HS 5.5.1</version></ereignis><ereignis><aktion>SF</aktion><alterzustand>0</alterzustand><ap>0</ap><asp>0</asp><bemerkung></bemerkung><date>22.05.2016 19:11</date><kp>0</kp><kommentar>100 AP</kommentar><lep>0</lep><neuerzustand>0</neuerzustand><object>Betäubungsschlag</object><version>HS 5.5.1</version></ereignis><ereignis><aktion>vSF</aktion><alterzustand>0</alterzustand><ap>0</ap><asp>0</asp><bemerkung></bemerkung><date>22.05.2016 19:11</date><kp>0</kp><kommentar>40 vSF (Eiskundig)</kommentar><lep>0</lep><neuerzustand>0</neuerzustand><object>Kopfstoß</object><version>HS 5.5.1</version></ereignis><ereignis><aktion>vSF</aktion><alterzustand>0</alterzustand><ap>0</ap><asp>0</asp><bemerkung></bemerkung><date>22.05.2016 19:11</date><kp>0</kp><kommentar>60 vSF (Eiskundig)</kommentar><lep>0</lep><neuerzustand>0</neuerzustand><object>Schmutzige Tricks</object><version>HS 5.5.1</version></ereignis><ereignis><aktion>vSF</aktion><alterzustand>0</alterzustand><ap>0</ap><asp>0</asp><bemerkung></bemerkung><date>22.05.2016 19:11</date><kp>0</kp><kommentar>50 vSF (Eiskundig)</kommentar><lep>0</lep><neuerzustand>0</neuerzustand><object>Versteckte Klinge</object><version>HS 5.5.1</version></ereignis><ereignis><aktion>VORTEILE</aktion><alterzustand>0</alterzustand><ap>0</ap><asp>0</asp><bemerkung></bemerkung><date>22.05.2016 19:11</date><kp>0</kp><kommentar>3 GP</kommentar><lep>0</lep><neuerzustand>0</neuerzustand><object>Geräuschhexerei</object><version>HS 5.5.1</version></ereignis><ereignis><aktion>VORTEILE</aktion><alterzustand>0</alterzustand><ap>0</ap><asp>0</asp><bemerkung></bemerkung><date>22.05.2016 19:11</date><kp>0</kp><kommentar>0 GP</kommentar><lep>0</lep><neuerzustand>0</neuerzustand><object>Gutaussehend</object><version>HS 5.5.1</version></ereignis><ereignis><aktion>VORTEILE</aktion><alterzustand>0</alterzustand><ap>0</ap><asp>0</asp><bemerkung></bemerkung><date>22.05.2016 19:11</date><kp>0</kp><kommentar>-5 GP</kommentar><lep>0</lep><neuerzustand>0</neuerzustand><object>Impulsiv</object><version>HS 5.5.1</version></ereignis><ereignis><aktion>VORTEILE</aktion><alterzustand>0</alterzustand><ap>0</ap><asp>0</asp><bemerkung></bemerkung><date>22.05.2016 19:11</date><kp>0</kp><kommentar>10 GP</kommentar><lep>0</lep><neuerzustand>0</neuerzustand><object>Koboldfreund</object><version>HS 5.5.1</version></ereignis><ereignis><aktion>VORTEILE</aktion><alterzustand>0</alterzustand><ap>0</ap><asp>0</asp><bemerkung></bemerkung><date>22.05.2016 19:11</date><kp>0</kp><kommentar>0 GP</kommentar><lep>0</lep><neuerzustand>0</neuerzustand><object>Viertelzauberer</object><version>HS 5.5.1</version></ereignis><ereignis><aktion>VORTEILE</aktion><alterzustand>0</alterzustand><ap>0</ap><asp>0</asp><bemerkung></bemerkung><date>22.05.2016 19:11</date><kp>0</kp><kommentar>-5 GP</kommentar><lep>0</lep><neuerzustand>0</neuerzustand><object>Vorurteile gegen: Dicke Menschen 10</object><version>HS 5.5.1</version></ereignis><ereignis><aktion>Eiskundig</aktion><alterzustand></alterzustand><ap>0</ap><asp>0</asp><bemerkung></bemerkung><date>22.05.2016 19:11</date><kp>0</kp><kommentar></kommentar><lep>0</lep><neuerzustand></neuerzustand><object>Auswahl</object><version>HS 5.5.1</version></ereignis><ereignis><aktion>Talentspezialisierung Schleuder (Wurfnetz)</aktion><alterzustand></alterzustand><ap>0</ap><asp>0</asp><bemerkung></bemerkung><date>22.05.2016 19:11</date><kp>0</kp><kommentar></kommentar><lep>0</lep><neuerzustand></neuerzustand><object>Auswahl</object><version>HS 5.5.1</version></ereignis><ereignis><aktion>Eiskundig</aktion><alterzustand></alterzustand><ap>0</ap><asp>0</asp><bemerkung></bemerkung><date>22.05.2016 19:11</date><kp>0</kp><kommentar></kommentar><lep>0</lep><neuerzustand></neuerzustand><object>Auswahl</object><version>HS 5.5.1</version></ereignis><ereignis><aktion>Scharfschütze [Blasrohr]</aktion><alterzustand></alterzustand><ap>0</ap><asp>0</asp><bemerkung></bemerkung><date>22.05.2016 19:11</date><kp>0</kp><kommentar></kommentar><lep>0</lep><neuerzustand></neuerzustand><object>Auswahl</object><version>HS 5.5.1</version></ereignis><ereignis><aktion>Infanteriewaffen</aktion><alterzustand></alterzustand><ap>0</ap><asp>0</asp><bemerkung></bemerkung><date>22.05.2016 19:11</date><kp>0</kp><kommentar></kommentar><lep>0</lep><neuerzustand>1</neuerzustand><object>Auswahl</object><version>HS 5.5.1</version></ereignis><ereignis><aktion>Gerber/Kürschner</aktion><alterzustand></alterzustand><ap>0</ap><asp>0</asp><bemerkung></bemerkung><date>22.05.2016 19:11</date><kp>0</kp><kommentar></kommentar><lep>0</lep><neuerzustand>2</neuerzustand><object>Auswahl</object><version>HS 5.5.1</version></ereignis><ereignis><aktion>Kochen</aktion><alterzustand></alterzustand><ap>0</ap><asp>0</asp><bemerkung></bemerkung><date>22.05.2016 19:11</date><kp>0</kp><kommentar></kommentar><lep>0</lep><neuerzustand>1</neuerzustand><object>Auswahl</object><version>HS 5.5.1</version></ereignis><ereignis><aktion>Sprachen kennen Thorwalsch</aktion><alterzustand></alterzustand><ap>0</ap><asp>0</asp><bemerkung></bemerkung><date>22.05.2016 19:11</date><kp>0</kp><kommentar></kommentar><lep>0</lep><neuerzustand>3</neuerzustand><object>Auswahl</object><version>HS 5.5.1</version></ereignis><ereignis><aktion>Armbrust</aktion><alterzustand></alterzustand><ap>0</ap><asp>0</asp><bemerkung></bemerkung><date>22.05.2016 19:11</date><kp>0</kp><kommentar></kommentar><lep>0</lep><neuerzustand>4</neuerzustand><object>Auswahl</object><version>HS 5.5.1</version></ereignis><ereignis><aktion>Hiebwaffen</aktion><alterzustand></alterzustand><ap>0</ap><asp>0</asp><bemerkung></bemerkung><date>22.05.2016 19:11</date><kp>0</kp><kommentar></kommentar><lep>0</lep><neuerzustand>2</neuerzustand><object>Auswahl</object><version>HS 5.5.1</version></ereignis><ereignis><aktion>Boote fahren</aktion><alterzustand></alterzustand><ap>0</ap><asp>0</asp><bemerkung></bemerkung><date>22.05.2016 19:11</date><kp>0</kp><kommentar></kommentar><lep>0</lep><neuerzustand>1</neuerzustand><object>Auswahl</object><version>HS 5.5.1</version></ereignis><ereignis><aktion>Sprachen kennen Thorwalsch</aktion><alterzustand></alterzustand><ap>0</ap><asp>0</asp><bemerkung></bemerkung><date>22.05.2016 19:11</date><kp>0</kp><kommentar></kommentar><lep>0</lep><neuerzustand>4</neuerzustand><object>Auswahl</object><version>HS 5.5.1</version></ereignis><ereignis><aktion>Sprachen kennen Trollisch</aktion><alterzustand></alterzustand><ap>0</ap><asp>0</asp><bemerkung></bemerkung><date>22.05.2016 19:11</date><kp>0</kp><kommentar></kommentar><lep>0</lep><neuerzustand>4</neuerzustand><object>Auswahl</object><version>HS 5.5.1</version></ereignis></ereignisse></daten>