<?xml version="1.0" encoding="UTF-8" standalone="no"?>
<?xml-stylesheet type="text/xsl" href="helden.xsl"?><helden Version="5.5.3">
<held key="1474565844977" name="Torf McMuff" stand="1527074869751">
<mods/>
<basis>
<geschlecht name="männlich"/>
<settings name="DSA4.1"/>
<rasse name="helden.model.rasse.Goblin" string="Goblin">
<groesse gewicht="49" value="149"/>
<aussehen alter="13" augenfarbe="grün" aussehentext0="" aussehentext1="" aussehentext2="" aussehentext3="" familietext0="" familietext1="" familietext2="" familietext3="" familietext4="" familietext5="" gbjahr="1003" gbmonat="5" gbtag="8" gprest="0" gpstart="110" haarfarbe="dunkelrot" kalender="Bosparans Fall" stand="" titel=""/>
</rasse>
<kultur name="helden.model.kultur.Garetien" string="Mittelländische Städte/Hafenstädte und Städte an großen Flüssen">
<variante name="Hafenstädte und Städte an großen Flüssen"/>
</kultur>
<ausbildungen>
<ausbildung art="Hauptprofession" name="helden.model.profession.Handwerker" string="Handwerker, Edelsteinschleifer/Steinschneider/Juwelier" tarnidentitaet="">
<variante name="Handwerker"/>
<variante name="Edelsteinschleifer/Steinschneider/Juwelier"/>
</ausbildung>
</ausbildungen>
<verify value="17"/>
<notiz notiz0="Notizen" notiz1="" notiz10="" notiz11="" notiz2="" notiz3="" notiz4="" notiz5="" notiz6="" notiz7="" notiz8="" notiz9=""/>
<portraet value=""/>
<abenteuerpunkte value="4410"/>
<freieabenteuerpunkte value="950"/>
</basis>
<eigenschaften>
<eigenschaft mod="-1" name="Mut" startwert="9" value="11"/>
<eigenschaft mod="-2" name="Klugheit" startwert="14" value="15"/>
<eigenschaft mod="0" name="Intuition" startwert="14" value="14"/>
<eigenschaft mod="0" name="Charisma" startwert="13" value="13"/>
<eigenschaft mod="2" name="Fingerfertigkeit" startwert="14" value="14"/>
<eigenschaft mod="2" name="Gewandtheit" startwert="14" value="14"/>
<eigenschaft mod="0" name="Konstitution" startwert="12" value="12"/>
<eigenschaft mod="-1" name="Körperkraft" startwert="10" value="10"/>
<eigenschaft mod="0" name="Sozialstatus" startwert="5" value="5"/>
<eigenschaft mod="4" name="Lebensenergie" value="3"/>
<eigenschaft mod="12" name="Ausdauer" value="0"/>
<eigenschaft grossemeditation="0" mod="0" mrmod="-5" name="Astralenergie" value="0"/>
<eigenschaft karmalqueste="0" mod="0" name="Karmaenergie" value="0"/>
<eigenschaft mod="-5" name="Magieresistenz" value="1"/>
<eigenschaft mod="2" name="ini" value="12"/>
<eigenschaft mod="0" name="at" value="7"/>
<eigenschaft mod="0" name="pa" value="8"/>
<eigenschaft mod="0" name="fk" value="8"/>
</eigenschaften>
<vt>
<vorteil name="Dämmerungssicht"/>
<vorteil name="Flink" value="1"/>
<vorteil name="Gefahreninstinkt"/>
<vorteil name="Glück"/>
<vorteil name="Herausragender Sinn" value="Gehör"/>
<vorteil name="Kälteresistenz"/>
<vorteil name="Natürlicher Rüstungsschutz" value="1"/>
<vorteil name="Natürliche Waffen" value="Biss (1W6)"/>
<vorteil name="Gesucht" value="1"/>
<vorteil name="Impulsiv"/>
<vorteil name="Kleinwüchsig"/>
<vorteil name="Randgruppe"/>
<vorteil name="Schlafwandler"/>
<vorteil name="Unstet"/>
</vt>
<sf>
<sonderfertigkeit name="Biss"/>
<sonderfertigkeit name="Gebirgskundig"/>
<sonderfertigkeit name="Kulturkunde">
<kultur name="Mittelreich"/>
</sonderfertigkeit>
<sonderfertigkeit name="Meister der Improvisation"/>
<sonderfertigkeit name="Ortskenntnis">
<auswahl name="Stadtteil/Kleinstadt"/>
<auswahl name="Stadtviertel oder Ort"/>
</sonderfertigkeit>
<sonderfertigkeit name="Scharfschütze">
<talent name="Schleuder"/>
</sonderfertigkeit>
<sonderfertigkeit name="Talentspezialisierung Schleuder (Schleuder)">
<talent name="Schleuder"/>
<spezialisierung name="Schleuder"/>
</sonderfertigkeit>
<sonderfertigkeit name="Talentspezialisierung Steinschneider/Juwelier (dummy)">
<talent name="Steinschneider/Juwelier"/>
<spezialisierung name="dummy"/>
</sonderfertigkeit>
</sf>
<ereignisse>
<ereignis obj="max GP für Helden: 110" text="EINSTELLUNG" time="1474565861435" version="HS 5.5.2"/>
<ereignis obj="max Eigenschafts-GP für Helden: 100" text="EINSTELLUNG" time="1474565861435" version="HS 5.5.2"/>
<ereignis obj="max Eigenschafts-Wert für Helden: 14" text="EINSTELLUNG" time="1474565861435" version="HS 5.5.2"/>
<ereignis obj="Vorteil/Nachteil Unstet ist ungeeignet." text="Meistergenehmigung notwendig" time="1474565861436" version="HS 5.5.2"/>
<ereignis obj="Eine größere Menge (18) AP wurde nicht genutzt und dem Helden gut geschrieben" text="Meistergenehmigung notwendig" time="1474565861436" version="HS 5.5.2"/>
<ereignis Alt="0" Neu="0" kommentar="3 GP" obj="Rasse: Goblin" text="RKP" time="1474565861436" version="HS 5.5.2"/>
<ereignis Alt="0" Neu="0" kommentar="3 GP" obj="Kultur: Mittelländische Städte/Hafenstädte und Städte an großen Flüssen" text="RKP" time="1474565861436" version="HS 5.5.2"/>
<ereignis Alt="0" Neu="0" kommentar="1 GP" obj="Profession: Handwerker, Edelsteinschleifer/Steinschneider/Juwelier" text="RKP" time="1474565861436" version="HS 5.5.2"/>
<ereignis Alt="0" Neu="8" kommentar="9 GP" obj="Mut: 8" text="EIGENSCHAFTEN" time="1474565861436" version="HS 5.5.2"/>
<ereignis Alt="0" Neu="12" kommentar="14 GP" obj="Klugheit: 12" text="EIGENSCHAFTEN" time="1474565861436" version="HS 5.5.2"/>
<ereignis Alt="0" Neu="14" kommentar="14 GP" obj="Intuition: 14" text="EIGENSCHAFTEN" time="1474565861436" version="HS 5.5.2"/>
<ereignis Alt="0" Neu="13" kommentar="13 GP" obj="Charisma: 13" text="EIGENSCHAFTEN" time="1474565861436" version="HS 5.5.2"/>
<ereignis Alt="0" Neu="16" kommentar="14 GP" obj="Fingerfertigkeit: 16" text="EIGENSCHAFTEN" time="1474565861436" version="HS 5.5.2"/>
<ereignis Alt="0" Neu="16" kommentar="14 GP" obj="Gewandtheit: 16" text="EIGENSCHAFTEN" time="1474565861436" version="HS 5.5.2"/>
<ereignis Alt="0" Neu="12" kommentar="12 GP" obj="Konstitution: 12" text="EIGENSCHAFTEN" time="1474565861436" version="HS 5.5.2"/>
<ereignis Alt="0" Neu="9" kommentar="10 GP" obj="Körperkraft: 9" text="EIGENSCHAFTEN" time="1474565861436" version="HS 5.5.2"/>
<ereignis Alt="0" Neu="5" kommentar="0 GP" obj="Sozialstatus: 5" text="EIGENSCHAFTEN" time="1474565861436" version="HS 5.5.2"/>
<ereignis Alt="0" Neu="4" kommentar="13 AP" obj="Wurfmesser: 4" text="TALENT" time="1474565861436" version="HS 5.5.2"/>
<ereignis Alt="0" Neu="5" kommentar="17 AP" obj="Wurfmesser: 5" text="TALENT" time="1474565861436" version="HS 5.5.2"/>
<ereignis Alt="0" Neu="6" kommentar="21 AP" obj="Wurfmesser: 6" text="TALENT" time="1474565861436" version="HS 5.5.2"/>
<ereignis Alt="0" Neu="7" kommentar="25 AP" obj="Wurfmesser: 7" text="TALENT" time="1474565861436" version="HS 5.5.2"/>
<ereignis Alt="0" Neu="8" kommentar="29 AP" obj="Wurfmesser: 8" text="TALENT" time="1474565861436" version="HS 5.5.2"/>
<ereignis Alt="0" Neu="9" kommentar="34 AP" obj="Wurfmesser: 9" text="TALENT" time="1474565861436" version="HS 5.5.2"/>
<ereignis Alt="0" Neu="3" kommentar="12 AP" obj="Zweihandflegel: 3" text="TALENT" time="1474565861436" version="HS 5.5.2"/>
<ereignis Alt="0" Neu="4" kommentar="17 AP" obj="Zweihandflegel: 4" text="TALENT" time="1474565861436" version="HS 5.5.2"/>
<ereignis Alt="0" Neu="5" kommentar="22 AP" obj="Zweihandflegel: 5" text="TALENT" time="1474565861436" version="HS 5.5.2"/>
<ereignis Alt="0" Neu="3" kommentar="12 AP" obj="Klettern: 3" text="TALENT" time="1474565861436" version="HS 5.5.2"/>
<ereignis Alt="0" Neu="4" kommentar="17 AP" obj="Klettern: 4" text="TALENT" time="1474565861436" version="HS 5.5.2"/>
<ereignis Alt="0" Neu="2" kommentar="7 AP" obj="Schwimmen: 2" text="TALENT" time="1474565861436" version="HS 5.5.2"/>
<ereignis Alt="0" Neu="2" kommentar="7 AP" obj="Sich verstecken: 2" text="TALENT" time="1474565861436" version="HS 5.5.2"/>
<ereignis Alt="0" Neu="3" kommentar="12 AP" obj="Sich verstecken: 3" text="TALENT" time="1474565861436" version="HS 5.5.2"/>
<ereignis Alt="0" Neu="4" kommentar="17 AP" obj="Sich verstecken: 4" text="TALENT" time="1474565861436" version="HS 5.5.2"/>
<ereignis Alt="0" Neu="5" kommentar="22 AP" obj="Sich verstecken: 5" text="TALENT" time="1474565861436" version="HS 5.5.2"/>
<ereignis Alt="0" Neu="2" kommentar="4 AP" obj="Fesseln/Entfesseln: 2" text="TALENT" time="1474565861436" version="HS 5.5.2"/>
<ereignis Alt="0" Neu="3" kommentar="6 AP" obj="Fesseln/Entfesseln: 3" text="TALENT" time="1474565861436" version="HS 5.5.2"/>
<ereignis Alt="0" Neu="4" kommentar="8 AP" obj="Fesseln/Entfesseln: 4" text="TALENT" time="1474565861436" version="HS 5.5.2"/>
<ereignis Alt="0" Neu="5" kommentar="11 AP" obj="Fesseln/Entfesseln: 5" text="TALENT" time="1474565861436" version="HS 5.5.2"/>
<ereignis Alt="0" Neu="5" kommentar="11 AP" obj="Gesteinskunde: 5" text="TALENT" time="1474565861436" version="HS 5.5.2"/>
<ereignis Alt="0" Neu="6" kommentar="14 AP" obj="Gesteinskunde: 6" text="TALENT" time="1474565861436" version="HS 5.5.2"/>
<ereignis Alt="0" Neu="3" kommentar="6 AP" obj="Mechanik: 3" text="TALENT" time="1474565861436" version="HS 5.5.2"/>
<ereignis Alt="0" Neu="4" kommentar="8 AP" obj="Mechanik: 4" text="TALENT" time="1474565861436" version="HS 5.5.2"/>
<ereignis Alt="0" Neu="5" kommentar="11 AP" obj="Mechanik: 5" text="TALENT" time="1474565861436" version="HS 5.5.2"/>
<ereignis Alt="0" Neu="4" kommentar="8 AP" obj="Rechnen: 4" text="TALENT" time="1474565861436" version="HS 5.5.2"/>
<ereignis Alt="0" Neu="5" kommentar="11 AP" obj="Rechnen: 5" text="TALENT" time="1474565861436" version="HS 5.5.2"/>
<ereignis Alt="0" Neu="8" kommentar="19 AP" obj="Sagen und Legenden: 8" text="TALENT" time="1474565861436" version="HS 5.5.2"/>
<ereignis Alt="0" Neu="9" kommentar="22 AP" obj="Sagen und Legenden: 9" text="TALENT" time="1474565861436" version="HS 5.5.2"/>
<ereignis Alt="0" Neu="3" kommentar="6 AP" obj="Schätzen: 3" text="TALENT" time="1474565861436" version="HS 5.5.2"/>
<ereignis Alt="0" Neu="4" kommentar="8 AP" obj="Schätzen: 4" text="TALENT" time="1474565861436" version="HS 5.5.2"/>
<ereignis Alt="0" Neu="4" kommentar="8 AP" obj="Fahrzeug lenken: 4" text="TALENT" time="1474565861436" version="HS 5.5.2"/>
<ereignis Alt="0" Neu="10" kommentar="25 AP" obj="Steinschneider/Juwelier: 10" text="TALENT" time="1474565861436" version="HS 5.5.2"/>
<ereignis Alt="0" Neu="4" kommentar="32 AP" obj="Gefahreninstinkt: 4" text="TALENT" time="1474565861436" version="HS 5.5.2"/>
<ereignis Alt="0" Neu="0" kommentar="3 GP" obj="Gebirgskundig" text="SF" time="1474565861436" version="HS 5.5.2"/>
<ereignis Alt="0" Neu="0" kommentar="1 GP" obj="Talentspezialisierung Wurfmesser (Wurfmesser)" text="SF" time="1474565861436" version="HS 5.5.2"/>
<ereignis Alt="0" Neu="0" kommentar="0 GP" obj="Dämmerungssicht" text="VORTEILE" time="1474565861436" version="HS 5.5.2"/>
<ereignis Alt="0" Neu="0" kommentar="0 GP" obj="Flink: 1" text="VORTEILE" time="1474565861436" version="HS 5.5.2"/>
<ereignis Alt="0" Neu="0" kommentar="0 GP" obj="Gefahreninstinkt" text="VORTEILE" time="1474565861436" version="HS 5.5.2"/>
<ereignis Alt="0" Neu="0" kommentar="-5 GP" obj="Gesucht: 1" text="VORTEILE" time="1474565861436" version="HS 5.5.2"/>
<ereignis Alt="0" Neu="0" kommentar="12 GP" obj="Glück" text="VORTEILE" time="1474565861436" version="HS 5.5.2"/>
<ereignis Alt="0" Neu="0" kommentar="0 GP" obj="Herausragender Sinn: Gehör" text="VORTEILE" time="1474565861436" version="HS 5.5.2"/>
<ereignis Alt="0" Neu="0" kommentar="-5 GP" obj="Impulsiv" text="VORTEILE" time="1474565861436" version="HS 5.5.2"/>
<ereignis Alt="0" Neu="0" kommentar="0 GP" obj="Kälteresistenz" text="VORTEILE" time="1474565861437" version="HS 5.5.2"/>
<ereignis Alt="0" Neu="0" kommentar="0 GP" obj="Kleinwüchsig" text="VORTEILE" time="1474565861437" version="HS 5.5.2"/>
<ereignis Alt="0" Neu="0" kommentar="0 GP" obj="Natürlicher Rüstungsschutz: 1" text="VORTEILE" time="1474565861437" version="HS 5.5.2"/>
<ereignis Alt="0" Neu="0" kommentar="0 GP" obj="Natürliche Waffen: Biss (1W6)" text="VORTEILE" time="1474565861437" version="HS 5.5.2"/>
<ereignis Alt="0" Neu="0" kommentar="0 GP" obj="Randgruppe" text="VORTEILE" time="1474565861437" version="HS 5.5.2"/>
<ereignis Alt="0" Neu="0" kommentar="-3 GP" obj="Schlafwandler" text="VORTEILE" time="1474565861437" version="HS 5.5.2"/>
<ereignis Alt="0" Neu="0" kommentar="0 GP" obj="Unstet" text="VORTEILE" time="1474565861437" version="HS 5.5.2"/>
<ereignis obj="Auswahl" text="Herausragender Sinn 1" time="1474565861437" version="HS 5.5.2"/>
<ereignis obj="Auswahl" text="Talentspezialisierung Steinschneider/Juwelier (dummy)" time="1474565861437" version="HS 5.5.2"/>
<ereignis Neu="1" obj="Auswahl" text="Wurfmesser" time="1474565861437" version="HS 5.5.2"/>
<ereignis Neu="3" obj="Auswahl" text="Sprachen kennen Thorwalsch" time="1474565861437" version="HS 5.5.2"/>
<ereignis Neu="1" obj="Auswahl" text="Hauswirtschaft" time="1474565861437" version="HS 5.5.2"/>
<ereignis Neu="2" obj="Auswahl" text="Wurfmesser" time="1474565861437" version="HS 5.5.2"/>
<ereignis Neu="2" obj="Auswahl" text="Zweihandflegel" time="1474565861437" version="HS 5.5.2"/>
<ereignis Neu="2" obj="Auswahl" text="Fahrzeug lenken" time="1474565861437" version="HS 5.5.2"/>
<ereignis Neu="2" obj="Auswahl" text="Steinschneider/Juwelier" time="1474565861437" version="HS 5.5.2"/>
<ereignis Neu="2" obj="Auswahl" text="Baukunst" time="1474565861437" version="HS 5.5.2"/>
<ereignis Neu="4" obj="Auswahl" text="Gesteinskunde" time="1474565861437" version="HS 5.5.2"/>
<ereignis Neu="2" obj="Auswahl" text="Mechanik" time="1474565861437" version="HS 5.5.2"/>
<ereignis Neu="4" obj="Auswahl" text="Sagen und Legenden" time="1474565861437" version="HS 5.5.2"/>
<ereignis Neu="1" obj="Auswahl" text="Fahrzeug lenken" time="1474565861437" version="HS 5.5.2"/>
<ereignis Neu="2" obj="Auswahl" text="Handel" time="1474565861437" version="HS 5.5.2"/>
<ereignis Alt="9" Neu="0" kommentar="Editor" obj="Wurfmesser" text="Talent steigern" time="1476213283720" version="HS 5.5.2"/>
<ereignis kommentar="Editor" obj="Schleuder" text="Talent aktivieren" time="1476213283720" version="HS 5.5.2"/>
<ereignis Alt="0" Neu="9" kommentar="Editor" obj="Schleuder" text="Talent steigern" time="1476213283720" version="HS 5.5.2"/>
<ereignis kommentar="Editor" obj="Talentspezialisierung Wurfmesser (Wurfmesser)" text="Sonderfertigkeit entfernt" time="1476213283720" version="HS 5.5.2"/>
<ereignis kommentar="Editor" obj="Talentspezialisierung Schleuder (Schleuder)" text="Sonderfertigkeit hinzugefügt" time="1476213283720" version="HS 5.5.2"/>
<ereignis Abenteuerpunkte="560" kommentar="Sturmgeboren 1 (Anfang Dorfbau) Gesamt AP: 560 Verfügbare AP: 560" obj="Abenteuerpunkte (Hinzugewinn)" text="Ereignis eingeben" time="1480775726176" version="HS 5.5.2"/>
<ereignis Abenteuerpunkte="-2" Alt="3" Info="Lehrmeister" Neu="4" obj="Lesen/Schreiben Kusliker Zeichen" text="Talent steigern" time="1480775892125" version="HS 5.5.2"/>
<ereignis Abenteuerpunkte="-5" Info="SE" Neu="0" obj="Sprachen kennen Goblinisch" text="Talent aktivieren" time="1480776043585" version="HS 5.5.2"/>
<ereignis Abenteuerpunkte="-1" Alt="0" Info="Lehrmeister" Neu="1" obj="Sprachen kennen Goblinisch" text="Talent steigern" time="1480776345720" version="HS 5.5.2"/>
<ereignis Abenteuerpunkte="-2" Alt="1" Info="Lehrmeister" Neu="2" obj="Sprachen kennen Goblinisch" text="Talent steigern" time="1480776350072" version="HS 5.5.2"/>
<ereignis Abenteuerpunkte="-3" Alt="2" Info="Lehrmeister" Neu="3" obj="Sprachen kennen Goblinisch" text="Talent steigern" time="1480776350625" version="HS 5.5.2"/>
<ereignis Abenteuerpunkte="-4" Alt="3" Info="Lehrmeister" Neu="4" obj="Sprachen kennen Goblinisch" text="Talent steigern" time="1480776351089" version="HS 5.5.2"/>
<ereignis Abenteuerpunkte="-6" Alt="4" Info="Lehrmeister" Neu="5" obj="Sprachen kennen Goblinisch" text="Talent steigern" time="1480776351514" version="HS 5.5.2"/>
<ereignis Abenteuerpunkte="-7" Alt="5" Info="Lehrmeister" Neu="6" obj="Sprachen kennen Goblinisch" text="Talent steigern" time="1480776352022" version="HS 5.5.2"/>
<ereignis Abenteuerpunkte="-8" Alt="6" Info="Lehrmeister" Neu="7" obj="Sprachen kennen Goblinisch" text="Talent steigern" time="1480776353480" version="HS 5.5.2"/>
<ereignis Abenteuerpunkte="-10" Alt="7" Info="Lehrmeister" Neu="8" obj="Sprachen kennen Goblinisch" text="Talent steigern" time="1480776356980" version="HS 5.5.2"/>
<ereignis Abenteuerpunkte="-11" Alt="8" Info="Lehrmeister" Neu="9" obj="Sprachen kennen Goblinisch" text="Talent steigern" time="1480776357623" version="HS 5.5.2"/>
<ereignis Abenteuerpunkte="-13" Alt="9" Info="Lehrmeister" Neu="10" obj="Sprachen kennen Goblinisch" text="Talent steigern" time="1480776358197" version="HS 5.5.2"/>
<ereignis Abenteuerpunkte="-11" Alt="4" Info="Gegenseitiges Lehren" Neu="5" obj="Menschenkenntnis" text="Talent steigern" time="1480776474809" version="HS 5.5.2"/>
<ereignis Abenteuerpunkte="-14" Alt="5" Info="Gegenseitiges Lehren" Neu="6" obj="Menschenkenntnis" text="Talent steigern" time="1480776481834" version="HS 5.5.2"/>
<ereignis Abenteuerpunkte="-21" Alt="5" Info="Selbststudium" Neu="6" obj="Fesseln/Entfesseln" text="Talent steigern" time="1480776537850" version="HS 5.5.2"/>
<ereignis Abenteuerpunkte="-7" Alt="1" Info="Selbststudium" Neu="2" obj="Malen/Zeichnen" text="Talent steigern" time="1480776665750" version="HS 5.5.2"/>
<ereignis Abenteuerpunkte="-12" Alt="2" Info="Selbststudium" Neu="3" obj="Malen/Zeichnen" text="Talent steigern" time="1480776667294" version="HS 5.5.2"/>
<ereignis Abenteuerpunkte="-20" Neu="0" obj="Reiten" text="Talent aktivieren" time="1482264191725" version="HS 5.5.2"/>
<ereignis Abenteuerpunkte="-4" Alt="0" Info="Selbststudium" Neu="1" obj="Reiten" text="Talent steigern" time="1482264335115" version="HS 5.5.2"/>
<ereignis Abenteuerpunkte="-9" Alt="1" Info="Selbststudium" Neu="2" obj="Reiten" text="Talent steigern" time="1482264336556" version="HS 5.5.2"/>
<ereignis Abenteuerpunkte="110" Alt="1080" Neu="1190" text="Abenteuerpunkte" time="1489692602451" version="HS 5.5.2"/>
<ereignis Abenteuerpunkte="-110" Alt="1190" Neu="1080" text="Abenteuerpunkte" time="1489692666932" version="HS 5.5.2"/>
<ereignis Abenteuerpunkte="110" kommentar="Nach Mikes Kampagne Gesamt AP: 110 Verfügbare AP: 110" obj="Abenteuerpunkte (Hinzugewinn)" text="Ereignis eingeben" time="1489692707101" version="HS 5.5.2"/>
<ereignis Abenteuerpunkte="-220" Alt="9" Neu="10" obj="Mut" text="Eigenschaft steigern" time="1489692782115" version="HS 5.5.2"/>
<ereignis Abenteuerpunkte="-9" Alt="2" Info="SE, Gegenseitiges Lehren" Neu="3" obj="Körperbeherrschung" text="Talent steigern" time="1489692864798" version="HS 5.5.2"/>
<ereignis Abenteuerpunkte="-8" Alt="3" Info="SE, Gegenseitiges Lehren" Neu="4" obj="Götter und Kulte" text="Talent steigern" time="1489692885338" version="HS 5.5.2"/>
<ereignis Abenteuerpunkte="-9" Alt="2" Info="Gegenseitiges Lehren" Neu="3" obj="Baukunst" text="Talent steigern" time="1489693098457" version="HS 5.5.2"/>
<ereignis Abenteuerpunkte="-25" Alt="6" Info="Gegenseitiges Lehren" Neu="7" obj="Gesteinskunde" text="Talent steigern" time="1489693105345" version="HS 5.5.2"/>
<ereignis Abenteuerpunkte="-41" Alt="4" Info="Gegenseitiges Lehren" Neu="5" obj="Gefahreninstinkt" text="Talent steigern" time="1489693184474" version="HS 5.5.2"/>
<ereignis Abenteuerpunkte="-50" Alt="5" Info="Gegenseitiges Lehren" Neu="6" obj="Gefahreninstinkt" text="Talent steigern" time="1489693196952" version="HS 5.5.2"/>
<ereignis Abenteuerpunkte="-12" Alt="2" Info="Gegenseitiges Lehren" Neu="3" obj="Schleichen" text="Talent steigern" time="1489693253029" version="HS 5.5.2"/>
<ereignis Abenteuerpunkte="-11" Alt="4" Info="Gegenseitiges Lehren" Neu="5" obj="Überreden" text="Talent steigern" time="1489693274546" version="HS 5.5.2"/>
<ereignis Abenteuerpunkte="-16" Alt="0" Neu="1" obj="Lebensenergie" text="Eigenschaft steigern" time="1489693406116" version="HS 5.5.2"/>
<ereignis Abenteuerpunkte="-95" Alt="9" Info="Selbststudium" Neu="10" obj="Schleuder" text="Talent steigern" time="1489693611180" version="HS 5.5.2"/>
<ereignis Abenteuerpunkte="20" kommentar="Aus der langen Ebenen-Kampagne (Hatte ich verplant) Gesamt AP: 20 Verfügbare AP: 20" obj="Abenteuerpunkte (Hinzugewinn)" text="Ereignis eingeben" time="1489695178435" version="HS 5.5.2"/>
<ereignis Abenteuerpunkte="250" kommentar="PaDdi Nachträglich 150 und Chris 100 Gesamt AP: 250 Verfügbare AP: 250" obj="Abenteuerpunkte (Hinzugewinn)" text="Ereignis eingeben" time="1498228552675" version="HS 5.5.2"/>
<ereignis Abenteuerpunkte="-175" Alt="14" Info="SE" Neu="15" obj="Klugheit" text="Eigenschaft steigern" time="1498228703851" version="HS 5.5.2"/>
<ereignis Abenteuerpunkte="-18" Alt="1" Info="SE" Neu="2" obj="Lebensenergie" text="Eigenschaft steigern" time="1498228794674" version="HS 5.5.2"/>
<ereignis Abenteuerpunkte="-43" Alt="10" Info="Gegenseitiges Lehren" Neu="11" obj="Steinschneider/Juwelier" text="Talent steigern" time="1498228860639" version="HS 5.5.2"/>
<ereignis Abenteuerpunkte="-13" Alt="3" Info="Gegenseitiges Lehren" Neu="4" obj="Baukunst" text="Talent steigern" time="1498228894939" version="HS 5.5.2"/>
<ereignis Abenteuerpunkte="-17" Alt="6" Info="Gegenseitiges Lehren" Neu="7" obj="Fesseln/Entfesseln" text="Talent steigern" time="1498228903301" version="HS 5.5.2"/>
<ereignis Abenteuerpunkte="400" kommentar="Magisches Horn Gesamt AP: 400 Verfügbare AP: 400" obj="Abenteuerpunkte (Hinzugewinn)" text="Ereignis eingeben" time="1505416494778" version="HS 5.5.3"/>
<ereignis Abenteuerpunkte="-105" Alt="10" Info="SE, Selbststudium" Neu="11" obj="Schleuder" text="Talent steigern" time="1505416501873" version="HS 5.5.3"/>
<ereignis Abenteuerpunkte="-13" Alt="3" Info="SE, Gegenseitiges Lehren" Neu="4" obj="Schleichen" text="Talent steigern" time="1505416513094" version="HS 5.5.3"/>
<ereignis Abenteuerpunkte="-2" Alt="1" Info="SE, Gegenseitiges Lehren" Neu="2" obj="Orientierung" text="Talent steigern" time="1505416526579" version="HS 5.5.3"/>
<ereignis Abenteuerpunkte="-11" Alt="4" Info="SE, Gegenseitiges Lehren" Neu="5" obj="Götter und Kulte" text="Talent steigern" time="1505416533193" version="HS 5.5.3"/>
<ereignis Abenteuerpunkte="-15" Neu="0" obj="Magiekunde" text="Talent aktivieren" time="1505416572342" version="HS 5.5.3"/>
<ereignis Abenteuerpunkte="-10" Info="SE" Neu="0" obj="Staatskunst" text="Talent aktivieren" time="1505416576628" version="HS 5.5.3"/>
<ereignis Abenteuerpunkte="-22" Alt="4" Info="Gegenseitiges Lehren" Neu="5" obj="Klettern" text="Talent steigern" time="1505416590149" version="HS 5.5.3"/>
<ereignis Abenteuerpunkte="-12" Alt="2" Info="Gegenseitiges Lehren" Neu="3" obj="Reiten" text="Talent steigern" time="1505416702943" version="HS 5.5.3"/>
<ereignis Abenteuerpunkte="-22" Alt="4" Info="Gegenseitiges Lehren" Neu="5" obj="Schleichen" text="Talent steigern" time="1505416704746" version="HS 5.5.3"/>
<ereignis Abenteuerpunkte="-2" Alt="0" Info="Gegenseitiges Lehren" Neu="1" obj="Magiekunde" text="Talent steigern" time="1505416736948" version="HS 5.5.3"/>
<ereignis Abenteuerpunkte="-6" Alt="1" Info="Gegenseitiges Lehren" Neu="2" obj="Magiekunde" text="Talent steigern" time="1505416737429" version="HS 5.5.3"/>
<ereignis Abenteuerpunkte="-9" Alt="2" Info="Gegenseitiges Lehren" Neu="3" obj="Magiekunde" text="Talent steigern" time="1505416737853" version="HS 5.5.3"/>
<ereignis Abenteuerpunkte="-2" Alt="0" Info="Gegenseitiges Lehren" Neu="1" obj="Staatskunst" text="Talent steigern" time="1505416747811" version="HS 5.5.3"/>
<ereignis Abenteuerpunkte="-13" Alt="3" Info="Gegenseitiges Lehren" Neu="4" obj="Malen/Zeichnen" text="Talent steigern" time="1505416766262" version="HS 5.5.3"/>
<ereignis Abenteuerpunkte="-80" Alt="11" Info="Selbststudium" Neu="12" obj="Steinschneider/Juwelier" text="Talent steigern" time="1505416774522" version="HS 5.5.3"/>
<ereignis Abenteuerpunkte="-60" Alt="6" Info="Gegenseitiges Lehren" Neu="7" obj="Gefahreninstinkt" text="Talent steigern" time="1505416777338" version="HS 5.5.3"/>
<ereignis Abenteuerpunkte="-3" Alt="0" Info="Gegenseitiges Lehren" Neu="1" obj="Athletik" text="Talent steigern" time="1505416792417" version="HS 5.5.3"/>
<ereignis Abenteuerpunkte="-7" Alt="1" Info="Gegenseitiges Lehren" Neu="2" obj="Athletik" text="Talent steigern" time="1505416798779" version="HS 5.5.3"/>
<ereignis Abenteuerpunkte="-2" Alt="0" Info="Gegenseitiges Lehren" Neu="1" obj="Wildnisleben" text="Talent steigern" time="1505416851205" version="HS 5.5.3"/>
<ereignis Abenteuerpunkte="-6" Alt="1" Info="Gegenseitiges Lehren" Neu="2" obj="Heilkunde: Wunden" text="Talent steigern" time="1505416883875" version="HS 5.5.3"/>
<ereignis Abenteuerpunkte="90" kommentar=" Abenteuer: Das werdet ihr schon noch erleben! Gesamt AP: 90 Verfügbare AP: 90" obj="Abenteuerpunkte (Hinzugewinn)" text="Ereignis eingeben" time="1518798446777" version="HS 5.5.3"/>
<ereignis Abenteuerpunkte="50" kommentar="Einsamkeit des Nordens Teil 1 Gesamt AP: 50 Verfügbare AP: 50" obj="Abenteuerpunkte (Hinzugewinn)" text="Ereignis eingeben" time="1518798489815" version="HS 5.5.3"/>
<ereignis Abenteuerpunkte="250" kommentar="Frostfeuer Gesamt AP: 250 Verfügbare AP: 250" obj="Abenteuerpunkte (Hinzugewinn)" text="Ereignis eingeben" time="1518798517366" version="HS 5.5.3"/>
<ereignis Abenteuerpunkte="-8" Alt="0" Info="SE" Neu="1" obj="Magieresistenz" text="Eigenschaft steigern" time="1518798557383" version="HS 5.5.3"/>
<ereignis Abenteuerpunkte="-3" Alt="2" Info="SE, Gegenseitiges Lehren" Neu="3" obj="Orientierung" text="Talent steigern" time="1518798584833" version="HS 5.5.3"/>
<ereignis Abenteuerpunkte="-21" Alt="5" Info="SE, Gegenseitiges Lehren" Neu="6" obj="Sinnenschärfe" text="Talent steigern" time="1518798591483" version="HS 5.5.3"/>
<ereignis Abenteuerpunkte="-70" Alt="12" Info="SE, Selbststudium" Neu="13" obj="Steinschneider/Juwelier" text="Talent steigern" time="1518798606359" version="HS 5.5.3"/>
<ereignis Abenteuerpunkte="-250" Alt="10" Neu="11" obj="Mut" text="Eigenschaft steigern" time="1518798611747" version="HS 5.5.3"/>
<ereignis Abenteuerpunkte="250" kommentar="Paddi 250 Punkte, SE Wildnisleben, Schwimmen, Belagerungswaffen Gesamt AP: 250 Verfügbare AP: 250" obj="Abenteuerpunkte (Hinzugewinn)" text="Ereignis eingeben" time="1521823333777" version="HS 5.5.3"/>
<ereignis Abenteuerpunkte="-300" obj="Scharfschütze (Schleuder)" text="Sonderfertigkeit hinzugefügt" time="1521823636804" version="HS 5.5.3"/>
<ereignis Abenteuerpunkte="-9" Alt="2" Info="SE, Gegenseitiges Lehren" Neu="3" obj="Schwimmen" text="Talent steigern" time="1521823725617" version="HS 5.5.3"/>
<ereignis Abenteuerpunkte="-2" Alt="1" Info="SE, Gegenseitiges Lehren" Neu="2" obj="Wildnisleben" text="Talent steigern" time="1521823744994" version="HS 5.5.3"/>
<ereignis Abenteuerpunkte="1500" kommentar=" Gesamt AP: 1500 Verfügbare AP: 1500" obj="Abenteuerpunkte (Hinzugewinn)" text="Ereignis eingeben" time="1524678360590" version="HS 5.5.3"/>
<ereignis Abenteuerpunkte="-13" Alt="3" Info="SE, Gegenseitiges Lehren" Neu="4" obj="Schwimmen" text="Talent steigern" time="1524678631386" version="HS 5.5.3"/>
<ereignis Abenteuerpunkte="-3" Alt="2" Info="SE, Gegenseitiges Lehren" Neu="3" obj="Wildnisleben" text="Talent steigern" time="1524678647318" version="HS 5.5.3"/>
<ereignis Abenteuerpunkte="-120" Alt="11" Info="SE, Selbststudium" Neu="12" obj="Schleuder" text="Talent steigern" time="1524678665245" version="HS 5.5.3"/>
<ereignis Abenteuerpunkte="-60" Alt="2" Neu="3" obj="Lebensenergie" text="Eigenschaft steigern" time="1524678683323" version="HS 5.5.3"/>
<ereignis Abenteuerpunkte="-20" Neu="0" obj="Belagerungswaffen" text="Talent aktivieren" time="1524678697042" version="HS 5.5.3"/>
<ereignis Abenteuerpunkte="-3" Alt="0" Info="Gegenseitiges Lehren" Neu="1" obj="Belagerungswaffen" text="Talent steigern" time="1524678702762" version="HS 5.5.3"/>
<ereignis Abenteuerpunkte="-7" Alt="1" Info="Gegenseitiges Lehren" Neu="2" obj="Belagerungswaffen" text="Talent steigern" time="1524678704267" version="HS 5.5.3"/>
<ereignis Abenteuerpunkte="-12" Alt="2" Info="Gegenseitiges Lehren" Neu="3" obj="Belagerungswaffen" text="Talent steigern" time="1524678706065" version="HS 5.5.3"/>
<ereignis Abenteuerpunkte="-17" Alt="3" Info="Gegenseitiges Lehren" Neu="4" obj="Belagerungswaffen" text="Talent steigern" time="1524678707808" version="HS 5.5.3"/>
<ereignis Abenteuerpunkte="-10" Alt="7" Info="SE, Gegenseitiges Lehren" Neu="8" obj="Fesseln/Entfesseln" text="Talent steigern" time="1524678754481" version="HS 5.5.3"/>
<ereignis Abenteuerpunkte="-15" Neu="0" obj="Abrichten" text="Talent aktivieren" time="1524680183581" version="HS 5.5.3"/>
<ereignis Abenteuerpunkte="260" kommentar="Totos Abenteuer Gesamt AP: 260 Verfügbare AP: 260" obj="Abenteuerpunkte (Hinzugewinn)" text="Ereignis eingeben" time="1524689509433" version="HS 5.5.3"/>
<ereignis Abenteuerpunkte="150" kommentar="Kapitel I, Kapitel 2, 150 Ap, SE: Wildnisleben, Armbrust, Zechen, Götter und Kulte Gesamt AP: 150 Verfügbare AP: 150" obj="Abenteuerpunkte (Hinzugewinn)" text="Ereignis eingeben" time="1527073173641" version="HS 5.5.3"/>
<ereignis Abenteuerpunkte="-12" Alt="2" Info="Gegenseitiges Lehren" Neu="3" obj="Athletik" text="Talent steigern" time="1527073244084" version="HS 5.5.3"/>
<ereignis Abenteuerpunkte="-17" Alt="3" Info="Gegenseitiges Lehren" Neu="4" obj="Athletik" text="Talent steigern" time="1527073244772" version="HS 5.5.3"/>
<ereignis Abenteuerpunkte="-22" Alt="4" Info="Gegenseitiges Lehren" Neu="5" obj="Athletik" text="Talent steigern" time="1527073245366" version="HS 5.5.3"/>
<ereignis Abenteuerpunkte="-27" Alt="5" Info="Gegenseitiges Lehren" Neu="6" obj="Athletik" text="Talent steigern" time="1527073245788" version="HS 5.5.3"/>
<ereignis Abenteuerpunkte="-27" Alt="5" Info="Gegenseitiges Lehren" Neu="6" obj="Klettern" text="Talent steigern" time="1527073252313" version="HS 5.5.3"/>
<ereignis Abenteuerpunkte="-17" Alt="3" Info="Gegenseitiges Lehren" Neu="4" obj="Körperbeherrschung" text="Talent steigern" time="1527073263220" version="HS 5.5.3"/>
<ereignis Abenteuerpunkte="-27" Alt="5" Info="Gegenseitiges Lehren" Neu="6" obj="Schleichen" text="Talent steigern" time="1527073270099" version="HS 5.5.3"/>
<ereignis Abenteuerpunkte="-3" Alt="0" Info="Gegenseitiges Lehren" Neu="1" obj="Selbstbeherrschung" text="Talent steigern" time="1527073279528" version="HS 5.5.3"/>
<ereignis Abenteuerpunkte="-7" Alt="1" Info="Gegenseitiges Lehren" Neu="2" obj="Selbstbeherrschung" text="Talent steigern" time="1527073279997" version="HS 5.5.3"/>
<ereignis Abenteuerpunkte="-27" Alt="5" Info="Gegenseitiges Lehren" Neu="6" obj="Sich verstecken" text="Talent steigern" time="1527073290706" version="HS 5.5.3"/>
<ereignis Abenteuerpunkte="-6" Alt="1" Info="SE, Gegenseitiges Lehren" Neu="2" obj="Zechen" text="Talent steigern" time="1527073314967" version="HS 5.5.3"/>
<ereignis Abenteuerpunkte="-12" Alt="2" Info="Gegenseitiges Lehren" Neu="3" obj="Zechen" text="Talent steigern" time="1527073317408" version="HS 5.5.3"/>
<ereignis Abenteuerpunkte="-17" Alt="3" Info="Gegenseitiges Lehren" Neu="4" obj="Zechen" text="Talent steigern" time="1527073317848" version="HS 5.5.3"/>
<ereignis Abenteuerpunkte="-6" Alt="2" Info="Gegenseitiges Lehren" Neu="3" obj="Gassenwissen" text="Talent steigern" time="1527073324875" version="HS 5.5.3"/>
<ereignis Abenteuerpunkte="-14" Alt="5" Info="Gegenseitiges Lehren" Neu="6" obj="Überreden" text="Talent steigern" time="1527073334460" version="HS 5.5.3"/>
<ereignis Abenteuerpunkte="-4" Alt="1" Info="Gegenseitiges Lehren" Neu="2" obj="Fährtensuchen" text="Talent steigern" time="1527073341293" version="HS 5.5.3"/>
<ereignis Abenteuerpunkte="-8" Alt="3" Info="Gegenseitiges Lehren" Neu="4" obj="Orientierung" text="Talent steigern" time="1527073353100" version="HS 5.5.3"/>
<ereignis Abenteuerpunkte="-11" Alt="4" Info="Gegenseitiges Lehren" Neu="5" obj="Orientierung" text="Talent steigern" time="1527073353569" version="HS 5.5.3"/>
<ereignis Abenteuerpunkte="-4" Alt="3" Info="SE, Gegenseitiges Lehren" Neu="4" obj="Wildnisleben" text="Talent steigern" time="1527073359537" version="HS 5.5.3"/>
<ereignis Abenteuerpunkte="-11" Alt="4" Info="Gegenseitiges Lehren" Neu="5" obj="Wildnisleben" text="Talent steigern" time="1527073364385" version="HS 5.5.3"/>
<ereignis Abenteuerpunkte="-17" Alt="4" Info="Gegenseitiges Lehren" Neu="5" obj="Baukunst" text="Talent steigern" time="1527073376041" version="HS 5.5.3"/>
<ereignis Abenteuerpunkte="-14" Alt="5" Info="SE, Gegenseitiges Lehren" Neu="6" obj="Götter und Kulte" text="Talent steigern" time="1527073388803" version="HS 5.5.3"/>
<ereignis Abenteuerpunkte="-6" Alt="1" Info="Gegenseitiges Lehren" Neu="2" obj="Heraldik" text="Talent steigern" time="1527073404574" version="HS 5.5.3"/>
<ereignis Abenteuerpunkte="-21" Alt="5" Info="Gegenseitiges Lehren" Neu="6" obj="Mechanik" text="Talent steigern" time="1527073418274" version="HS 5.5.3"/>
<ereignis Abenteuerpunkte="-17" Alt="4" Info="Gegenseitiges Lehren" Neu="5" obj="Schätzen" text="Talent steigern" time="1527073432548" version="HS 5.5.3"/>
<ereignis Abenteuerpunkte="-21" Alt="5" Info="Gegenseitiges Lehren" Neu="6" obj="Schätzen" text="Talent steigern" time="1527073432955" version="HS 5.5.3"/>
<ereignis Abenteuerpunkte="-2" Alt="0" Info="Gegenseitiges Lehren" Neu="1" obj="Abrichten" text="Talent steigern" time="1527073453843" version="HS 5.5.3"/>
<ereignis Abenteuerpunkte="-6" Alt="1" Info="Gegenseitiges Lehren" Neu="2" obj="Abrichten" text="Talent steigern" time="1527073454432" version="HS 5.5.3"/>
<ereignis Abenteuerpunkte="-9" Alt="2" Info="Gegenseitiges Lehren" Neu="3" obj="Abrichten" text="Talent steigern" time="1527073455182" version="HS 5.5.3"/>
<ereignis Abenteuerpunkte="-6" Alt="1" Info="Gegenseitiges Lehren" Neu="2" obj="Holzbearbeitung" text="Talent steigern" time="1527073476351" version="HS 5.5.3"/>
<ereignis Abenteuerpunkte="-10" Info="SE" Neu="0" obj="Armbrust" text="Talent aktivieren" time="1527073524541" version="HS 5.5.3"/>
<ereignis Abenteuerpunkte="-10" Neu="0" obj="Sich verkleiden" text="Talent aktivieren" time="1527073549128" version="HS 5.5.3"/>
<ereignis Abenteuerpunkte="-15" Neu="0" obj="Pflanzenkunde" text="Talent aktivieren" time="1527073565084" version="HS 5.5.3"/>
<ereignis Abenteuerpunkte="-15" Neu="0" obj="Tierkunde" text="Talent aktivieren" time="1527073571060" version="HS 5.5.3"/>
<ereignis Abenteuerpunkte="-2" Alt="0" Info="Gegenseitiges Lehren" Neu="1" obj="Pflanzenkunde" text="Talent steigern" time="1527073625459" version="HS 5.5.3"/>
<ereignis Abenteuerpunkte="-6" Alt="1" Info="Gegenseitiges Lehren" Neu="2" obj="Pflanzenkunde" text="Talent steigern" time="1527073625772" version="HS 5.5.3"/>
<ereignis Abenteuerpunkte="-2" Alt="0" Info="Gegenseitiges Lehren" Neu="1" obj="Tierkunde" text="Talent steigern" time="1527073631047" version="HS 5.5.3"/>
<ereignis Abenteuerpunkte="-6" Alt="1" Info="Gegenseitiges Lehren" Neu="2" obj="Tierkunde" text="Talent steigern" time="1527073631543" version="HS 5.5.3"/>
<ereignis Abenteuerpunkte="-9" Alt="2" Info="Gegenseitiges Lehren" Neu="3" obj="Tierkunde" text="Talent steigern" time="1527073632043" version="HS 5.5.3"/>
<ereignis Abenteuerpunkte="-13" Alt="3" Info="Gegenseitiges Lehren" Neu="4" obj="Tierkunde" text="Talent steigern" time="1527073632512" version="HS 5.5.3"/>
<ereignis Abenteuerpunkte="-2" Alt="0" Info="Gegenseitiges Lehren" Neu="1" obj="Sich verkleiden" text="Talent steigern" time="1527073655707" version="HS 5.5.3"/>
<ereignis Abenteuerpunkte="-4" Alt="1" Info="Gegenseitiges Lehren" Neu="2" obj="Sich verkleiden" text="Talent steigern" time="1527073656020" version="HS 5.5.3"/>
<ereignis Abenteuerpunkte="-6" Alt="2" Info="Gegenseitiges Lehren" Neu="3" obj="Sich verkleiden" text="Talent steigern" time="1527073657973" version="HS 5.5.3"/>
<ereignis Abenteuerpunkte="-8" Alt="3" Info="Gegenseitiges Lehren" Neu="4" obj="Sich verkleiden" text="Talent steigern" time="1527073660210" version="HS 5.5.3"/>
<ereignis Abenteuerpunkte="-175" Alt="12" Info="Selbststudium" Neu="13" obj="Schleuder" text="Talent steigern" time="1527074869751" version="HS 5.5.3"/>
</ereignisse>
<talentliste>
<talent lernmethode="Gegenseitiges Lehren" name="Armbrust" probe=" (GE/FF/KK)" value="0"/>
<talent lernmethode="Gegenseitiges Lehren" name="Belagerungswaffen" probe=" (GE/FF/KK)" value="4"/>
<talent lernmethode="Gegenseitiges Lehren" name="Dolche" probe=" (GE/GE/KK)" value="2"/>
<talent lernmethode="Gegenseitiges Lehren" name="Hiebwaffen" probe=" (GE/GE/KK)" value="2"/>
<talent lernmethode="Gegenseitiges Lehren" name="Infanteriewaffen" probe=" (GE/GE/KK)" value="1"/>
<talent lernmethode="Gegenseitiges Lehren" name="Raufen" probe=" (GE/GE/KK)" value="3"/>
<talent lernmethode="Gegenseitiges Lehren" name="Ringen" probe=" (GE/GE/KK)" value="2"/>
<talent lernmethode="Gegenseitiges Lehren" name="Säbel" probe=" (GE/GE/KK)" value="0"/>
<talent lernmethode="Selbststudium" name="Schleuder" probe=" (GE/FF/KK)" value="13"/>
<talent lernmethode="Gegenseitiges Lehren" name="Wurfmesser" probe=" (GE/FF/KK)" value="0"/>
<talent lernmethode="Gegenseitiges Lehren" name="Zweihandflegel" probe=" (GE/GE/KK)" value="5"/>
<talent be="BEx2" lernmethode="Gegenseitiges Lehren" name="Athletik" probe=" (GE/KO/KK)" value="6"/>
<talent be="BEx2" lernmethode="Gegenseitiges Lehren" name="Klettern" probe=" (MU/GE/KK)" value="6"/>
<talent be="BEx2" lernmethode="Gegenseitiges Lehren" name="Körperbeherrschung" probe=" (MU/IN/GE)" value="4"/>
<talent be="BE-2" lernmethode="Gegenseitiges Lehren" name="Reiten" probe=" (CH/GE/KK)" value="3"/>
<talent be="BE" lernmethode="Gegenseitiges Lehren" name="Schleichen" probe=" (MU/IN/GE)" value="6"/>
<talent be="BEx2" lernmethode="Gegenseitiges Lehren" name="Schwimmen" probe=" (GE/KO/KK)" value="4"/>
<talent be="" lernmethode="Gegenseitiges Lehren" name="Selbstbeherrschung" probe=" (MU/KO/KK)" value="2"/>
<talent be="BE-2" lernmethode="Gegenseitiges Lehren" name="Sich verstecken" probe=" (MU/IN/GE)" value="6"/>
<talent be="BE-3" lernmethode="Gegenseitiges Lehren" name="Singen" probe=" (IN/CH/CH)" value="-1"/>
<talent be="0-&gt;BE" lernmethode="Gegenseitiges Lehren" name="Sinnenschärfe" probe=" (KL/IN/IN)" value="6"/>
<talent be="BEx2" lernmethode="Gegenseitiges Lehren" name="Tanzen" probe=" (CH/GE/GE)" value="1"/>
<talent be="" lernmethode="Gegenseitiges Lehren" name="Zechen" probe=" (IN/KO/KK)" value="4"/>
<talent lernmethode="Gegenseitiges Lehren" name="Etikette" probe=" (KL/IN/CH)" value="2"/>
<talent lernmethode="Gegenseitiges Lehren" name="Gassenwissen" probe=" (KL/IN/CH)" value="3"/>
<talent lernmethode="Gegenseitiges Lehren" name="Lehren" probe=" (KL/IN/CH)" value="2"/>
<talent lernmethode="Gegenseitiges Lehren" name="Menschenkenntnis" probe=" (KL/IN/CH)" value="6"/>
<talent lernmethode="Gegenseitiges Lehren" name="Sich verkleiden" probe=" (MU/CH/GE)" value="4"/>
<talent lernmethode="Gegenseitiges Lehren" name="Überreden" probe=" (MU/IN/CH)" value="6"/>
<talent lernmethode="Gegenseitiges Lehren" name="Fährtensuchen" probe=" (KL/IN/KO)" value="2"/>
<talent lernmethode="Gegenseitiges Lehren" name="Fesseln/Entfesseln" probe=" (FF/GE/KK)" value="8"/>
<talent lernmethode="Gegenseitiges Lehren" name="Fischen/Angeln" probe=" (IN/FF/KK)" value="1"/>
<talent lernmethode="Gegenseitiges Lehren" name="Orientierung" probe=" (KL/IN/IN)" value="5"/>
<talent lernmethode="Gegenseitiges Lehren" name="Wildnisleben" probe=" (IN/GE/KO)" value="5"/>
<talent lernmethode="Gegenseitiges Lehren" name="Baukunst" probe=" (KL/KL/FF)" value="5"/>
<talent lernmethode="Gegenseitiges Lehren" name="Geografie" probe=" (KL/KL/IN)" value="1"/>
<talent lernmethode="Gegenseitiges Lehren" name="Gesteinskunde" probe=" (KL/IN/FF)" value="7"/>
<talent lernmethode="Gegenseitiges Lehren" name="Götter und Kulte" probe=" (KL/KL/IN)" value="6"/>
<talent lernmethode="Gegenseitiges Lehren" name="Heraldik" probe=" (KL/KL/FF)" value="2"/>
<talent lernmethode="Gegenseitiges Lehren" name="Magiekunde" probe=" (KL/KL/IN)" value="3"/>
<talent lernmethode="Gegenseitiges Lehren" name="Mechanik" probe=" (KL/KL/FF)" value="6"/>
<talent lernmethode="Gegenseitiges Lehren" name="Pflanzenkunde" probe=" (KL/IN/FF)" value="2"/>
<talent lernmethode="Gegenseitiges Lehren" name="Rechnen" probe=" (KL/KL/IN)" value="5"/>
<talent lernmethode="Gegenseitiges Lehren" name="Rechtskunde" probe=" (KL/KL/IN)" value="2"/>
<talent lernmethode="Gegenseitiges Lehren" name="Sagen und Legenden" probe=" (KL/IN/CH)" value="9"/>
<talent lernmethode="Gegenseitiges Lehren" name="Schätzen" probe=" (KL/IN/IN)" value="6"/>
<talent lernmethode="Gegenseitiges Lehren" name="Staatskunst" probe=" (KL/IN/CH)" value="1"/>
<talent lernmethode="Gegenseitiges Lehren" name="Tierkunde" probe=" (MU/KL/IN)" value="4"/>
<talent k="18" lernmethode="Gegenseitiges Lehren" name="Sprachen kennen Garethi" probe=" (KL/IN/CH)" value="10"/>
<talent k="12" lernmethode="Lehrmeister" name="Sprachen kennen Goblinisch" probe=" (KL/IN/CH)" value="10"/>
<talent k="18" lernmethode="Gegenseitiges Lehren" name="Sprachen kennen Thorwalsch" probe=" (KL/IN/CH)" value="3"/>
<talent k="10" lernmethode="Lehrmeister" name="Lesen/Schreiben Kusliker Zeichen" probe=" (KL/KL/FF)" value="4"/>
<talent lernmethode="Gegenseitiges Lehren" name="Abrichten" probe=" (MU/IN/CH)" value="3"/>
<talent lernmethode="Gegenseitiges Lehren" name="Boote fahren" probe=" (GE/KO/KK)" value="1"/>
<talent lernmethode="Gegenseitiges Lehren" name="Fahrzeug lenken" probe=" (IN/CH/FF)" value="4"/>
<talent lernmethode="Gegenseitiges Lehren" name="Handel" probe=" (KL/IN/CH)" value="2"/>
<talent lernmethode="Gegenseitiges Lehren" name="Hauswirtschaft" probe=" (IN/CH/FF)" value="1"/>
<talent lernmethode="Gegenseitiges Lehren" name="Heilkunde: Wunden" probe=" (KL/CH/FF)" value="2"/>
<talent lernmethode="Gegenseitiges Lehren" name="Holzbearbeitung" probe=" (KL/FF/KK)" value="2"/>
<talent lernmethode="Gegenseitiges Lehren" name="Kochen" probe=" (KL/IN/FF)" value="0"/>
<talent lernmethode="Gegenseitiges Lehren" name="Lederarbeiten" probe=" (KL/FF/FF)" value="1"/>
<talent lernmethode="Gegenseitiges Lehren" name="Malen/Zeichnen" probe=" (KL/IN/FF)" value="4"/>
<talent lernmethode="Gegenseitiges Lehren" name="Schneidern" probe=" (KL/FF/FF)" value="0"/>
<talent lernmethode="Gegenseitiges Lehren" name="Seefahrt" probe=" (FF/GE/KK)" value="1"/>
<talent lernmethode="Selbststudium" name="Steinschneider/Juwelier" probe=" (IN/FF/FF)" value="13"/>
<talent lernmethode="Gegenseitiges Lehren" name="Gefahreninstinkt" probe=" (KL/IN/IN)" value="7"/>
</talentliste>
<zauberliste/>
<kampf>
<kampfwerte name="Dolche">
<attacke value="9"/>
<parade value="8"/>
</kampfwerte>
<kampfwerte name="Hiebwaffen">
<attacke value="7"/>
<parade value="10"/>
</kampfwerte>
<kampfwerte name="Infanteriewaffen">
<attacke value="7"/>
<parade value="9"/>
</kampfwerte>
<kampfwerte name="Raufen">
<attacke value="10"/>
<parade value="8"/>
</kampfwerte>
<kampfwerte name="Ringen">
<attacke value="9"/>
<parade value="8"/>
</kampfwerte>
<kampfwerte name="Säbel">
<attacke value="7"/>
<parade value="8"/>
</kampfwerte>
<kampfwerte name="Zweihandflegel">
<attacke value="8"/>
<parade value="12"/>
</kampfwerte>
</kampf>
<gegenstände>
<gegenstand anzahl="1" name="Armschienen (Paar), Leder" slot="0"/>
<gegenstand anzahl="1" name="Beinschienen (Paar), Leder" slot="0"/>
<gegenstand anzahl="1" name="Geldbeutel, Leder" slot="0">
<modallgemein>
<gewicht value="1.0"/>
<preis value="10"/>
<name value="Geldbeutel, Leder (Orkhoden)"/>
</modallgemein>
</gegenstand>
<gegenstand anzahl="1" name="Gravurwerkzeug" slot="0">
<modallgemein>
<gewicht value="20.0"/>
<preis value="12000"/>
<name value="Werkzeug (Edelsteine Steinschleifen +1)"/>
</modallgemein>
</gegenstand>
<gegenstand anzahl="10" name="Halskette" slot="0">
<modallgemein>
<gewicht value="1.0"/>
<preis value="500"/>
<name value="Halskette (Billokram Chris)"/>
</modallgemein>
</gegenstand>
<gegenstand anzahl="1" name="Hose" slot="0">
<modallgemein>
<gewicht value="30.0"/>
<preis value="100"/>
<name value="Hose (Schick, verstaut)"/>
</modallgemein>
</gegenstand>
<gegenstand anzahl="1" name="Kapuzenumhang, lang" slot="0"/>
<gegenstand anzahl="3" name="Kohlestift" slot="0"/>
<gegenstand anzahl="12" name="Kugel" slot="0"/>
<gegenstand anzahl="1" name="Lederhandschuhe" slot="0"/>
<gegenstand anzahl="1" name="Lederharnisch" slot="0"/>
<gegenstand anzahl="1" name="Lederranzen (8 Stein)" slot="0"/>
<gegenstand anzahl="1" name="Lendentuch" slot="0"/>
<gegenstand anzahl="1" name="Mantel" slot="0">
<modallgemein>
<gewicht value="60.0"/>
<preis value="300"/>
<name value="Schneemantel"/>
</modallgemein>
</gegenstand>
<gegenstand anzahl="10" name="Papier" slot="0"/>
<gegenstand anzahl="1" name="Schleuder" slot="0">
<Fernkampfwaffe>
<talente kampftalent="Schleuder"/>
</Fernkampfwaffe>
</gegenstand>
<gegenstand anzahl="1" name="Tier" slot="0">
<modallgemein>
<gewicht value="2400.0"/>
<preis value="14000"/>
<name value="Shantir (Wühlschwein)"/>
</modallgemein>
<Wesen>
<eigenschaften>
<eigenschaft name="Ausdauer" value="15"/>
<eigenschaft name="Geschwindigkeit" value="1.0"/>
<eigenschaft name="Geschwindigkeit 2" value="3.0"/>
<eigenschaft name="Geschwindigkeit 3" value="6.0"/>
<eigenschaft name="Körperkraft" value="3"/>
<eigenschaft name="Lebensenergie" value="15"/>
<eigenschaft name="Loyalität" value="7"/>
<eigenschaft name="Magieresistenz" value="1"/>
<eigenschaft name="Magieresistenz 2" value="5"/>
</eigenschaften>
<vorteile/>
<sonderfertigkeiten/>
<talente>
<talent name="Fährtensuchen" value="7"/>
</talente>
<zauber/>
<ini mul="0" sum="0" w="6"/>
<groesse value="0"/>
<angriffe/>
<gattung value="Wildschwein"/>
<familie value="Schwein"/>
<wesensart value="Tier"/>
</Wesen>
</gegenstand>
<gegenstand anzahl="6" name="Tonkrug, einfach" slot="0">
<modallgemein>
<gewicht value="10.0"/>
<preis value="500"/>
<name value="Feuertopf"/>
</modallgemein>
</gegenstand>
<gegenstand anzahl="3" name="Tonkrug, einfach" slot="1">
<modallgemein>
<gewicht value="10.0"/>
<preis value="500"/>
<name value="Stinkbomben"/>
</modallgemein>
</gegenstand>
<gegenstand anzahl="1" name="Wurfmesser" slot="0">
<Fernkampfwaffe>
<talente kampftalent="Wurfmesser"/>
</Fernkampfwaffe>
</gegenstand>
</gegenstände>
<BoniWaffenlos/>
<kommentare/>
<ausrüstungen>
<heldenausruestung bezeichner="" bfakt="2" bfmin="2" hand="rechts" name="nkwaffe2" schild="0" set="0" slot="0" talent="Dolche" waffenname="Wurfmesser"/>
<heldenausruestung name="fkwaffe1" set="0" slot="0" talent="Schleuder" waffenname="Schleuder"/>
<heldenausruestung name="fkwaffe2" set="0" slot="0" talent="Wurfmesser" waffenname="Wurfmesser"/>
<heldenausruestung name="ruestung1" ruestungsname="Beinschienen (Paar), Leder" set="0" slot="0"/>
<heldenausruestung name="ruestung2" ruestungsname="Lederharnisch" set="0" slot="0"/>
<heldenausruestung name="ruestung3" ruestungsname="Armschienen (Paar), Leder" set="0" slot="0"/>
<heldenausruestung name="jagtwaffe" nummer="0" set="0"/>
<heldenausruestung bezeichner="" bfakt="2" bfmin="2" hand="rechts" name="nkwaffe1" schild="0" set="1" slot="0" talent="Dolche" waffenname="Wurfmesser"/>
<heldenausruestung name="jagtwaffe" nummer="0" set="1"/>
</ausrüstungen>
<verbindungen/>
<extention/>
<geldboerse/>
<plugindata/>
</held>
<Signature xmlns="http://www.w3.org/2000/09/xmldsig#">
<SignedInfo>
<CanonicalizationMethod Algorithm="http://www.w3.org/TR/2001/REC-xml-c14n-20010315#WithComments"/>
<SignatureMethod Algorithm="http://www.w3.org/2000/09/xmldsig#dsa-sha1"/>
<Reference URI="">
<Transforms>
<Transform Algorithm="http://www.w3.org/2000/09/xmldsig#enveloped-signature"/>
</Transforms>
<DigestMethod Algorithm="http://www.w3.org/2000/09/xmldsig#sha1"/>
<DigestValue>/HPupjUw5auHAkERI40rDznXPtg=</DigestValue>
</Reference>
</SignedInfo>
<SignatureValue>en6cFasKO2wTBBNUF3D9zd5SeBAStx7oTJzU/Q3g57e+iEiwDVI1sA==</SignatureValue>
<KeyInfo>
<KeyValue>
<DSAKeyValue>
<P>/KaCzo4Syrom78z3EQ5SbbB4sF7ey80etKII864WF64B81uRpH5t9jQTxeEu0ImbzRMqzVDZkVG9
xD7nN1kuFw==</P>
<Q>li7dzDacuo67Jg7mtqEm2TRuOMU=</Q>
<G>Z4Rxsnqc9E7pGknFFH2xqaryRPBaQ01khpMdLRQnG541Awtx/XPaF5Bpsy4pNWMOHCBiNU0Nogps
QW5QvnlMpA==</G>
<Y>uVrvWkzIbUdL7E80AiD0PJDX3Ck0beY5StXp1wDAA1/ePpemd6rTBNd8YoCzOovNrX016YMcTSiO
iExM4RWtJA==</Y>
</DSAKeyValue>
</KeyValue>
</KeyInfo>
</Signature>
</helden>
