<?xml version="1.0" encoding="UTF-8" standalone="no"?>
<?xml-stylesheet type="text/xsl" href="helden.xsl"?><helden Version="5.5.3">
<held key="1463941851289" name="Alaric Korgan" stand="1463942011450">
<mods/>
<basis>
<geschlecht name="männlich"/>
<settings name="DSA4.1"/>
<rasse name="helden.model.rasse.Mittellaender" string="Mittelländer">
<groesse gewicht="82" value="182"/>
<aussehen alter="17" augenfarbe="braun" aussehentext0="" aussehentext1="" aussehentext2="" aussehentext3="" familietext0="" familietext1="" familietext2="" familietext3="" familietext4="" familietext5="" gbjahr="1003" gbmonat="10" gbtag="24" gprest="0" gpstart="110" haarfarbe="weißblond" kalender="Bosparans Fall" stand="" titel=""/>
</rasse>
<kultur name="helden.model.kultur.Garetien" string="Mittelländische Städte/Städtischer Adel">
<variante name="Städtischer Adel"/>
</kultur>
<ausbildungen>
<ausbildung art="Hauptprofession" name="helden.model.profession.Grosswildjaeger" string="Großwildjäger: Großwildjäger" tarnidentitaet="">
<variante name="Großwildjäger"/>
</ausbildung>
</ausbildungen>
<verify value="1"/>
<notiz notiz0="Notizen" notiz1="" notiz10="" notiz11="" notiz2="" notiz3="" notiz4="" notiz5="" notiz6="" notiz7="" notiz8="" notiz9=""/>
<portraet value=""/>
<abenteuerpunkte value="460"/>
<freieabenteuerpunkte value="0"/>
</basis>
<eigenschaften>
<eigenschaft mod="0" name="Mut" startwert="12" value="12"/>
<eigenschaft mod="0" name="Klugheit" startwert="12" value="12"/>
<eigenschaft mod="0" name="Intuition" startwert="11" value="11"/>
<eigenschaft mod="0" name="Charisma" startwert="10" value="10"/>
<eigenschaft mod="0" name="Fingerfertigkeit" startwert="8" value="8"/>
<eigenschaft mod="0" name="Gewandtheit" startwert="11" value="11"/>
<eigenschaft mod="0" name="Konstitution" startwert="12" value="12"/>
<eigenschaft mod="0" name="Körperkraft" startwert="11" value="11"/>
<eigenschaft mod="0" name="Sozialstatus" startwert="5" value="5"/>
<eigenschaft mod="10" name="Lebensenergie" value="0"/>
<eigenschaft mod="10" name="Ausdauer" value="0"/>
<eigenschaft grossemeditation="0" mod="0" mrmod="-4" name="Astralenergie" value="0"/>
<eigenschaft karmalqueste="0" mod="0" name="Karmaenergie" value="0"/>
<eigenschaft mod="-4" name="Magieresistenz" value="0"/>
<eigenschaft mod="0" name="ini" value="9"/>
<eigenschaft mod="0" name="at" value="7"/>
<eigenschaft mod="0" name="pa" value="7"/>
<eigenschaft mod="0" name="fk" value="6"/>
</eigenschaften>
<vt>
<vorteil name="Adlige Abstammung"/>
<vorteil name="Soziale Anpassungsfähigkeit"/>
<vorteil name="Autoritätsgläubig" value="8"/>
<vorteil name="Vorurteile gegen">
<auswahl position="0" value="6"/>
<auswahl position="1" value="Menschen die Bärte haben die länger sind als ihre Nippel"/>
</vorteil>
</vt>
<sf>
<sonderfertigkeit name="Aufmerksamkeit"/>
<sonderfertigkeit name="Kulturkunde">
<kultur name="Mittelreich"/>
</sonderfertigkeit>
<sonderfertigkeit name="Ortskenntnis">
<auswahl name="Stadtteil/Kleinstadt"/>
</sonderfertigkeit>
<sonderfertigkeit name="Scharfschütze">
<talent name="Armbrust"/>
<talent name="Belagerungswaffen"/>
</sonderfertigkeit>
<sonderfertigkeit name="Schmutzige Tricks"/>
<sonderfertigkeit name="Sumpfkundig"/>
<sonderfertigkeit name="Talentspezialisierung Armbrust (Schwere Armbrust)">
<talent name="Armbrust"/>
<spezialisierung name="Schwere Armbrust"/>
</sonderfertigkeit>
<sonderfertigkeit name="Talentspezialisierung Schleuder (Wurfnetz)">
<talent name="Schleuder"/>
<spezialisierung name="Wurfnetz"/>
</sonderfertigkeit>
</sf>
<ereignisse>
<ereignis obj="max GP für Helden: 110" text="EINSTELLUNG" time="1463941868043" version="HS 5.5.1"/>
<ereignis obj="max Eigenschafts-GP für Helden: 100" text="EINSTELLUNG" time="1463941868043" version="HS 5.5.1"/>
<ereignis obj="max Eigenschafts-Wert für Helden: 14" text="EINSTELLUNG" time="1463941868043" version="HS 5.5.1"/>
<ereignis Alt="0" Neu="0" kommentar="0 GP" obj="Rasse: Mittelländer" text="RKP" time="1463941868044" version="HS 5.5.1"/>
<ereignis Alt="0" Neu="0" kommentar="1 GP" obj="Kultur: Mittelländische Städte/Städtischer Adel" text="RKP" time="1463941868044" version="HS 5.5.1"/>
<ereignis Alt="0" Neu="0" kommentar="13 GP" obj="Profession: Großwildjäger: Großwildjäger" text="RKP" time="1463941868044" version="HS 5.5.1"/>
<ereignis Alt="0" Neu="12" kommentar="12 GP" obj="Mut: 12" text="EIGENSCHAFTEN" time="1463941868044" version="HS 5.5.1"/>
<ereignis Alt="0" Neu="12" kommentar="12 GP" obj="Klugheit: 12" text="EIGENSCHAFTEN" time="1463941868044" version="HS 5.5.1"/>
<ereignis Alt="0" Neu="11" kommentar="11 GP" obj="Intuition: 11" text="EIGENSCHAFTEN" time="1463941868044" version="HS 5.5.1"/>
<ereignis Alt="0" Neu="10" kommentar="10 GP" obj="Charisma: 10" text="EIGENSCHAFTEN" time="1463941868044" version="HS 5.5.1"/>
<ereignis Alt="0" Neu="8" kommentar="8 GP" obj="Fingerfertigkeit: 8" text="EIGENSCHAFTEN" time="1463941868044" version="HS 5.5.1"/>
<ereignis Alt="0" Neu="11" kommentar="11 GP" obj="Gewandtheit: 11" text="EIGENSCHAFTEN" time="1463941868044" version="HS 5.5.1"/>
<ereignis Alt="0" Neu="12" kommentar="12 GP" obj="Konstitution: 12" text="EIGENSCHAFTEN" time="1463941868044" version="HS 5.5.1"/>
<ereignis Alt="0" Neu="11" kommentar="11 GP" obj="Körperkraft: 11" text="EIGENSCHAFTEN" time="1463941868044" version="HS 5.5.1"/>
<ereignis Alt="0" Neu="5" kommentar="0 GP" obj="Sozialstatus: 5" text="EIGENSCHAFTEN" time="1463941868044" version="HS 5.5.1"/>
<ereignis Alt="0" Neu="5" kommentar="17 AP" obj="Armbrust: 5" text="TALENT" time="1463941868044" version="HS 5.5.1"/>
<ereignis Alt="0" Neu="6" kommentar="21 AP" obj="Armbrust: 6" text="TALENT" time="1463941868044" version="HS 5.5.1"/>
<ereignis Alt="0" Neu="7" kommentar="25 AP" obj="Armbrust: 7" text="TALENT" time="1463941868044" version="HS 5.5.1"/>
<ereignis Alt="0" Neu="0" kommentar="4 AP" obj="Belagerungswaffen: 0" text="TALENT" time="1463941868044" version="HS 5.5.1"/>
<ereignis Alt="0" Neu="1" kommentar="3 AP" obj="Belagerungswaffen: 1" text="TALENT" time="1463941868044" version="HS 5.5.1"/>
<ereignis Alt="0" Neu="2" kommentar="7 AP" obj="Belagerungswaffen: 2" text="TALENT" time="1463941868044" version="HS 5.5.1"/>
<ereignis Alt="0" Neu="3" kommentar="12 AP" obj="Belagerungswaffen: 3" text="TALENT" time="1463941868044" version="HS 5.5.1"/>
<ereignis Alt="0" Neu="2" kommentar="9 AP" obj="Fechtwaffen: 2" text="TALENT" time="1463941868044" version="HS 5.5.1"/>
<ereignis Alt="0" Neu="1" kommentar="3 AP" obj="Athletik: 1" text="TALENT" time="1463941868045" version="HS 5.5.1"/>
<ereignis Alt="0" Neu="2" kommentar="7 AP" obj="Körperbeherrschung: 2" text="TALENT" time="1463941868045" version="HS 5.5.1"/>
<ereignis Alt="0" Neu="3" kommentar="12 AP" obj="Schleichen: 3" text="TALENT" time="1463941868045" version="HS 5.5.1"/>
<ereignis Alt="0" Neu="2" kommentar="4 AP" obj="Kriegskunst: 2" text="TALENT" time="1463941868045" version="HS 5.5.1"/>
<ereignis Alt="0" Neu="3" kommentar="6 AP" obj="Kriegskunst: 3" text="TALENT" time="1463941868045" version="HS 5.5.1"/>
<ereignis Alt="0" Neu="2" kommentar="4 AP" obj="Mechanik: 2" text="TALENT" time="1463941868045" version="HS 5.5.1"/>
<ereignis Alt="0" Neu="3" kommentar="6 AP" obj="Mechanik: 3" text="TALENT" time="1463941868045" version="HS 5.5.1"/>
<ereignis Alt="0" Neu="3" kommentar="6 AP" obj="Heilkunde: Wunden: 3" text="TALENT" time="1463941868045" version="HS 5.5.1"/>
<ereignis Alt="0" Neu="0" kommentar="2 AP" obj="Schlösser knacken: 0" text="TALENT" time="1463941868045" version="HS 5.5.1"/>
<ereignis Alt="0" Neu="1" kommentar="2 AP" obj="Schlösser knacken: 1" text="TALENT" time="1463941868045" version="HS 5.5.1"/>
<ereignis Alt="0" Neu="2" kommentar="4 AP" obj="Schlösser knacken: 2" text="TALENT" time="1463941868045" version="HS 5.5.1"/>
<ereignis Alt="0" Neu="3" kommentar="6 AP" obj="Schlösser knacken: 3" text="TALENT" time="1463941868045" version="HS 5.5.1"/>
<ereignis Alt="0" Neu="0" kommentar="300 AP" obj="Scharfschütze (Armbrust)" text="SF" time="1463941868045" version="HS 5.5.1"/>
<ereignis Alt="0" Neu="0" kommentar="1 GP" obj="Schmutzige Tricks" text="SF" time="1463941868045" version="HS 5.5.1"/>
<ereignis Alt="0" Neu="0" kommentar="1 GP" obj="Talentspezialisierung Armbrust (Schwere Armbrust)" text="SF" time="1463941868045" version="HS 5.5.1"/>
<ereignis Alt="0" Neu="0" kommentar="7 GP" obj="Adlige Abstammung" text="VORTEILE" time="1463941868045" version="HS 5.5.1"/>
<ereignis Alt="0" Neu="0" kommentar="-4 GP" obj="Autoritätsgläubig: 8" text="VORTEILE" time="1463941868045" version="HS 5.5.1"/>
<ereignis Alt="0" Neu="0" kommentar="7 GP" obj="Soziale Anpassungsfähigkeit" text="VORTEILE" time="1463941868045" version="HS 5.5.1"/>
<ereignis Alt="0" Neu="0" kommentar="-3 GP" obj="Vorurteile gegen: Menschen die Bärte haben die länger sind als ihre Nippel 6" text="VORTEILE" time="1463941868045" version="HS 5.5.1"/>
<ereignis obj="Auswahl" text="Sumpfkundig" time="1463941868045" version="HS 5.5.1"/>
<ereignis obj="Auswahl" text="Scharfschütze (Belagerungswaffen)" time="1463941868045" version="HS 5.5.1"/>
<ereignis Neu="1" obj="Auswahl" text="Armbrust" time="1463941868045" version="HS 5.5.1"/>
<ereignis Neu="3" obj="Auswahl" text="Sprachen kennen Thorwalsch" time="1463941868045" version="HS 5.5.1"/>
<ereignis Neu="1" obj="Auswahl" text="Hauswirtschaft" time="1463941868045" version="HS 5.5.1"/>
<ereignis Neu="1" obj="Auswahl" text="Fechtwaffen" time="1463941868045" version="HS 5.5.1"/>
<ereignis Neu="3" obj="Auswahl" text="Armbrust" time="1463941868045" version="HS 5.5.1"/>
<ereignis Neu="6" obj="Auswahl" text="Sprachen kennen Koboldisch" time="1463941868045" version="HS 5.5.1"/>
<ereignis Neu="3" obj="Auswahl" text="Speere" time="1463941868045" version="HS 5.5.1"/>
<ereignis Neu="5" obj="Auswahl" text="Wurfspeere" time="1463941868045" version="HS 5.5.1"/>
<ereignis Neu="3" obj="Auswahl" text="Gerber/Kürschner" time="1463941868045" version="HS 5.5.1"/>
<ereignis Alt="M: 0 Z: 0 m: 0" Info="Geldbörse" Neu="M: 3 Z: 0 m: 0" obj="Kalifat" text="Geld" time="1463942011450" version="HS 5.5.1"/>
</ereignisse>
<talentliste>
<talent lernmethode="Gegenseitiges Lehren" name="Armbrust" probe=" (GE/FF/KK)" value="7"/>
<talent lernmethode="Gegenseitiges Lehren" name="Belagerungswaffen" probe=" (GE/FF/KK)" value="3"/>
<talent lernmethode="Gegenseitiges Lehren" name="Dolche" probe=" (GE/GE/KK)" value="2"/>
<talent lernmethode="Gegenseitiges Lehren" name="Fechtwaffen" probe=" (GE/GE/KK)" value="2"/>
<talent lernmethode="Gegenseitiges Lehren" name="Hiebwaffen" probe=" (GE/GE/KK)" value="0"/>
<talent lernmethode="Gegenseitiges Lehren" name="Raufen" probe=" (GE/GE/KK)" value="2"/>
<talent lernmethode="Gegenseitiges Lehren" name="Ringen" probe=" (GE/GE/KK)" value="3"/>
<talent lernmethode="Gegenseitiges Lehren" name="Säbel" probe=" (GE/GE/KK)" value="1"/>
<talent lernmethode="Gegenseitiges Lehren" name="Speere" probe=" (GE/GE/KK)" value="3"/>
<talent lernmethode="Gegenseitiges Lehren" name="Wurfmesser" probe=" (GE/FF/KK)" value="0"/>
<talent lernmethode="Gegenseitiges Lehren" name="Wurfspeere" probe=" (GE/FF/KK)" value="5"/>
<talent be="BEx2" lernmethode="Gegenseitiges Lehren" name="Athletik" probe=" (GE/KO/KK)" value="1"/>
<talent be="BEx2" lernmethode="Gegenseitiges Lehren" name="Klettern" probe=" (MU/GE/KK)" value="1"/>
<talent be="BEx2" lernmethode="Gegenseitiges Lehren" name="Körperbeherrschung" probe=" (MU/IN/GE)" value="2"/>
<talent be="BE-2" lernmethode="Gegenseitiges Lehren" name="Reiten" probe=" (CH/GE/KK)" value="2"/>
<talent be="BE" lernmethode="Gegenseitiges Lehren" name="Schleichen" probe=" (MU/IN/GE)" value="3"/>
<talent be="BEx2" lernmethode="Gegenseitiges Lehren" name="Schwimmen" probe=" (GE/KO/KK)" value="1"/>
<talent be="" lernmethode="Gegenseitiges Lehren" name="Selbstbeherrschung" probe=" (MU/KO/KK)" value="2"/>
<talent be="BE-2" lernmethode="Gegenseitiges Lehren" name="Sich verstecken" probe=" (MU/IN/GE)" value="3"/>
<talent be="BE-3" lernmethode="Gegenseitiges Lehren" name="Singen" probe=" (IN/CH/CH)" value="0"/>
<talent be="0-&gt;BE" lernmethode="Gegenseitiges Lehren" name="Sinnenschärfe" probe=" (KL/IN/IN)" value="4"/>
<talent be="BEx2" lernmethode="Gegenseitiges Lehren" name="Tanzen" probe=" (CH/GE/GE)" value="0"/>
<talent be="" lernmethode="Gegenseitiges Lehren" name="Zechen" probe=" (IN/KO/KK)" value="1"/>
<talent lernmethode="Gegenseitiges Lehren" name="Etikette" probe=" (KL/IN/CH)" value="4"/>
<talent lernmethode="Gegenseitiges Lehren" name="Menschenkenntnis" probe=" (KL/IN/CH)" value="1"/>
<talent lernmethode="Gegenseitiges Lehren" name="Überreden" probe=" (MU/IN/CH)" value="3"/>
<talent lernmethode="Gegenseitiges Lehren" name="Fährtensuchen" probe=" (KL/IN/KO)" value="4"/>
<talent lernmethode="Gegenseitiges Lehren" name="Fallen stellen" probe=" (KL/FF/KK)" value="5"/>
<talent lernmethode="Gegenseitiges Lehren" name="Fesseln/Entfesseln" probe=" (FF/GE/KK)" value="3"/>
<talent lernmethode="Gegenseitiges Lehren" name="Fischen/Angeln" probe=" (IN/FF/KK)" value="1"/>
<talent lernmethode="Gegenseitiges Lehren" name="Orientierung" probe=" (KL/IN/IN)" value="3"/>
<talent lernmethode="Gegenseitiges Lehren" name="Wettervorhersage" probe=" (KL/IN/IN)" value="2"/>
<talent lernmethode="Gegenseitiges Lehren" name="Wildnisleben" probe=" (IN/GE/KO)" value="4"/>
<talent lernmethode="Gegenseitiges Lehren" name="Geografie" probe=" (KL/KL/IN)" value="1"/>
<talent lernmethode="Gegenseitiges Lehren" name="Götter und Kulte" probe=" (KL/KL/IN)" value="2"/>
<talent lernmethode="Gegenseitiges Lehren" name="Heraldik" probe=" (KL/KL/FF)" value="3"/>
<talent lernmethode="Gegenseitiges Lehren" name="Kriegskunst" probe=" (MU/KL/CH)" value="3"/>
<talent lernmethode="Gegenseitiges Lehren" name="Mechanik" probe=" (KL/KL/FF)" value="3"/>
<talent lernmethode="Gegenseitiges Lehren" name="Pflanzenkunde" probe=" (KL/IN/FF)" value="1"/>
<talent lernmethode="Gegenseitiges Lehren" name="Rechnen" probe=" (KL/KL/IN)" value="1"/>
<talent lernmethode="Gegenseitiges Lehren" name="Rechtskunde" probe=" (KL/KL/IN)" value="1"/>
<talent lernmethode="Gegenseitiges Lehren" name="Sagen und Legenden" probe=" (KL/IN/CH)" value="3"/>
<talent lernmethode="Gegenseitiges Lehren" name="Schätzen" probe=" (KL/IN/IN)" value="2"/>
<talent lernmethode="Gegenseitiges Lehren" name="Tierkunde" probe=" (MU/KL/IN)" value="5"/>
<talent k="18" lernmethode="Gegenseitiges Lehren" name="Sprachen kennen Garethi" probe=" (KL/IN/CH)" value="10"/>
<talent k="15" lernmethode="Gegenseitiges Lehren" name="Sprachen kennen Koboldisch" probe=" (KL/IN/CH)" value="6"/>
<talent k="18" lernmethode="Gegenseitiges Lehren" name="Sprachen kennen Thorwalsch" probe=" (KL/IN/CH)" value="3"/>
<talent k="10" lernmethode="Gegenseitiges Lehren" name="Lesen/Schreiben Kusliker Zeichen" probe=" (KL/KL/FF)" value="2"/>
<talent lernmethode="Gegenseitiges Lehren" name="Boote fahren" probe=" (GE/KO/KK)" value="1"/>
<talent lernmethode="Gegenseitiges Lehren" name="Fahrzeug lenken" probe=" (IN/CH/FF)" value="1"/>
<talent lernmethode="Gegenseitiges Lehren" name="Gerber/Kürschner" probe=" (KL/FF/KO)" value="3"/>
<talent lernmethode="Gegenseitiges Lehren" name="Hauswirtschaft" probe=" (IN/CH/FF)" value="1"/>
<talent lernmethode="Gegenseitiges Lehren" name="Heilkunde: Gift" probe=" (MU/KL/IN)" value="1"/>
<talent lernmethode="Gegenseitiges Lehren" name="Heilkunde: Wunden" probe=" (KL/CH/FF)" value="3"/>
<talent lernmethode="Gegenseitiges Lehren" name="Holzbearbeitung" probe=" (KL/FF/KK)" value="1"/>
<talent lernmethode="Gegenseitiges Lehren" name="Kochen" probe=" (KL/IN/FF)" value="1"/>
<talent lernmethode="Gegenseitiges Lehren" name="Lederarbeiten" probe=" (KL/FF/FF)" value="1"/>
<talent lernmethode="Gegenseitiges Lehren" name="Malen/Zeichnen" probe=" (KL/IN/FF)" value="0"/>
<talent lernmethode="Gegenseitiges Lehren" name="Schlösser knacken" probe=" (IN/FF/FF)" value="3"/>
<talent lernmethode="Gegenseitiges Lehren" name="Schneidern" probe=" (KL/FF/FF)" value="0"/>
</talentliste>
<zauberliste/>
<kampf>
<kampfwerte name="Dolche">
<attacke value="9"/>
<parade value="7"/>
</kampfwerte>
<kampfwerte name="Fechtwaffen">
<attacke value="7"/>
<parade value="9"/>
</kampfwerte>
<kampfwerte name="Hiebwaffen">
<attacke value="7"/>
<parade value="7"/>
</kampfwerte>
<kampfwerte name="Raufen">
<attacke value="8"/>
<parade value="8"/>
</kampfwerte>
<kampfwerte name="Ringen">
<attacke value="10"/>
<parade value="7"/>
</kampfwerte>
<kampfwerte name="Säbel">
<attacke value="8"/>
<parade value="7"/>
</kampfwerte>
<kampfwerte name="Speere">
<attacke value="9"/>
<parade value="8"/>
</kampfwerte>
</kampf>
<gegenstände/>
<BoniWaffenlos/>
<kommentare/>
<ausrüstungen>
<heldenausruestung name="jagtwaffe" nummer="0" set="0"/>
</ausrüstungen>
<verbindungen/>
<extention/>
<geldboerse>
<muenze anzahl="3" name="Marawedi" waehrung="Kalifat"/>
</geldboerse>
<plugindata/>
</held>
<Signature xmlns="http://www.w3.org/2000/09/xmldsig#">
<SignedInfo>
<CanonicalizationMethod Algorithm="http://www.w3.org/TR/2001/REC-xml-c14n-20010315#WithComments"/>
<SignatureMethod Algorithm="http://www.w3.org/2000/09/xmldsig#dsa-sha1"/>
<Reference URI="">
<Transforms>
<Transform Algorithm="http://www.w3.org/2000/09/xmldsig#enveloped-signature"/>
</Transforms>
<DigestMethod Algorithm="http://www.w3.org/2000/09/xmldsig#sha1"/>
<DigestValue>fhQ91shqPUJbPi7chMa8MjrxUuw=</DigestValue>
</Reference>
</SignedInfo>
<SignatureValue>PtiXVdzXAe12YGoHBDFrmbjQl5+Fuv5nxGxKKlX16NpcXPQiIIsCoA==</SignatureValue>
<KeyInfo>
<KeyValue>
<DSAKeyValue>
<P>/KaCzo4Syrom78z3EQ5SbbB4sF7ey80etKII864WF64B81uRpH5t9jQTxeEu0ImbzRMqzVDZkVG9
xD7nN1kuFw==</P>
<Q>li7dzDacuo67Jg7mtqEm2TRuOMU=</Q>
<G>Z4Rxsnqc9E7pGknFFH2xqaryRPBaQ01khpMdLRQnG541Awtx/XPaF5Bpsy4pNWMOHCBiNU0Nogps
QW5QvnlMpA==</G>
<Y>uVrvWkzIbUdL7E80AiD0PJDX3Ck0beY5StXp1wDAA1/ePpemd6rTBNd8YoCzOovNrX016YMcTSiO
iExM4RWtJA==</Y>
</DSAKeyValue>
</KeyValue>
</KeyInfo>
</Signature>
</helden>
