<?xml version="1.0" encoding="UTF-8" standalone="no"?>
<?xml-stylesheet type="text/xsl" href="helden.xsl"?><helden Version="5.5.3">
<held key="1443281499809" name="Jalof Tarm" stand="1443282638288">
<mods/>
<basis>
<geschlecht name="männlich"/>
<settings name="DSA4.1">
<inc name="Wege der Alchimie"/>
</settings>
<rasse name="helden.model.rasse.Mittellaender" string="Mittelländer">
<groesse gewicht="73" value="173"/>
<aussehen alter="18" augenfarbe="grün" aussehentext0="" aussehentext1="" aussehentext2="" aussehentext3="" familietext0="" familietext1="" familietext2="" familietext3="" familietext4="" familietext5="" gbjahr="1003" gbmonat="1" gbtag="12" gprest="0" gpstart="110" haarfarbe="blond" kalender="Bosparans Fall" stand="" titel=""/>
</rasse>
<kultur name="helden.model.kultur.Mittelreich" string="Mittelländische Landbevölkerung - Weiden/Greifenfurt">
<variante name="Weiden/Greifenfurt"/>
</kultur>
<ausbildungen>
<ausbildung art="Hauptprofession" name="helden.model.profession.Jaeger" string="Jäger" tarnidentitaet="">
<variante name="Jäger"/>
</ausbildung>
</ausbildungen>
<verify value="1"/>
<notiz notiz0="Notizen" notiz1="" notiz10="" notiz11="" notiz2="" notiz3="" notiz4="" notiz5="" notiz6="" notiz7="" notiz8="" notiz9=""/>
<portraet value=""/>
<abenteuerpunkte value="1200"/>
<freieabenteuerpunkte value="6"/>
</basis>
<eigenschaften>
<eigenschaft mod="0" name="Mut" startwert="10" value="10"/>
<eigenschaft mod="0" name="Klugheit" startwert="11" value="11"/>
<eigenschaft mod="0" name="Intuition" startwert="14" value="14"/>
<eigenschaft mod="0" name="Charisma" startwert="10" value="10"/>
<eigenschaft mod="0" name="Fingerfertigkeit" startwert="14" value="14"/>
<eigenschaft mod="0" name="Gewandtheit" startwert="14" value="14"/>
<eigenschaft mod="0" name="Konstitution" startwert="14" value="14"/>
<eigenschaft mod="0" name="Körperkraft" startwert="13" value="13"/>
<eigenschaft mod="0" name="Sozialstatus" startwert="3" value="3"/>
<eigenschaft mod="10" name="Lebensenergie" value="0"/>
<eigenschaft mod="12" name="Ausdauer" value="0"/>
<eigenschaft grossemeditation="0" mod="0" mrmod="-4" name="Astralenergie" value="0"/>
<eigenschaft karmalqueste="0" mod="0" name="Karmaenergie" value="0"/>
<eigenschaft mod="-4" name="Magieresistenz" value="0"/>
<eigenschaft mod="0" name="ini" value="10"/>
<eigenschaft mod="0" name="at" value="7"/>
<eigenschaft mod="0" name="pa" value="8"/>
<eigenschaft mod="0" name="fk" value="8"/>
</eigenschaften>
<vt>
<vorteil name="Begabung für [Talent]" value="Bogen"/>
<vorteil name="Innerer Kompass"/>
<vorteil name="Angst vor Reptilien" value="6"/>
<vorteil name="Neugier" value="5"/>
<vorteil name="Schlafwandler"/>
<vorteil name="Selbstgespräche"/>
</vt>
<sf>
<sonderfertigkeit name="Fußfeger"/>
<sonderfertigkeit name="Kulturkunde">
<kultur name="Mittelreich"/>
</sonderfertigkeit>
<sonderfertigkeit name="Scharfschütze">
<talent name="Bogen"/>
</sonderfertigkeit>
<sonderfertigkeit name="Schnellladen">
<talent name="Bogen"/>
</sonderfertigkeit>
<sonderfertigkeit name="Waldkundig"/>
</sf>
<ereignisse>
<ereignis obj="max GP für Helden: 110" text="EINSTELLUNG" time="1443281512414" version="HS 5.5.1"/>
<ereignis obj="max Eigenschafts-GP für Helden: 100" text="EINSTELLUNG" time="1443281512414" version="HS 5.5.1"/>
<ereignis obj="max Eigenschafts-Wert für Helden: 14" text="EINSTELLUNG" time="1443281512414" version="HS 5.5.1"/>
<ereignis Alt="0" Neu="0" kommentar="0 GP" obj="Rasse: Mittelländer" text="RKP" time="1443281512414" version="HS 5.5.1"/>
<ereignis Alt="0" Neu="0" kommentar="2 GP" obj="Kultur: Mittelländische Landbevölkerung - Weiden/Greifenfurt" text="RKP" time="1443281512414" version="HS 5.5.1"/>
<ereignis Alt="0" Neu="0" kommentar="11 GP" obj="Profession: Jäger" text="RKP" time="1443281512414" version="HS 5.5.1"/>
<ereignis Alt="0" Neu="10" kommentar="10 GP" obj="Mut: 10" text="EIGENSCHAFTEN" time="1443281512414" version="HS 5.5.1"/>
<ereignis Alt="0" Neu="11" kommentar="11 GP" obj="Klugheit: 11" text="EIGENSCHAFTEN" time="1443281512414" version="HS 5.5.1"/>
<ereignis Alt="0" Neu="14" kommentar="14 GP" obj="Intuition: 14" text="EIGENSCHAFTEN" time="1443281512414" version="HS 5.5.1"/>
<ereignis Alt="0" Neu="10" kommentar="10 GP" obj="Charisma: 10" text="EIGENSCHAFTEN" time="1443281512414" version="HS 5.5.1"/>
<ereignis Alt="0" Neu="14" kommentar="14 GP" obj="Fingerfertigkeit: 14" text="EIGENSCHAFTEN" time="1443281512414" version="HS 5.5.1"/>
<ereignis Alt="0" Neu="14" kommentar="14 GP" obj="Gewandtheit: 14" text="EIGENSCHAFTEN" time="1443281512414" version="HS 5.5.1"/>
<ereignis Alt="0" Neu="14" kommentar="14 GP" obj="Konstitution: 14" text="EIGENSCHAFTEN" time="1443281512414" version="HS 5.5.1"/>
<ereignis Alt="0" Neu="13" kommentar="13 GP" obj="Körperkraft: 13" text="EIGENSCHAFTEN" time="1443281512414" version="HS 5.5.1"/>
<ereignis Alt="0" Neu="3" kommentar="0 GP" obj="Sozialstatus: 3" text="EIGENSCHAFTEN" time="1443281512414" version="HS 5.5.1"/>
<ereignis Alt="0" Neu="7" kommentar="33 AP" obj="Bogen: 7" text="TALENT" time="1443281512414" version="HS 5.5.1"/>
<ereignis Alt="0" Neu="8" kommentar="39 AP" obj="Bogen: 8" text="TALENT" time="1443281512414" version="HS 5.5.1"/>
<ereignis Alt="0" Neu="2" kommentar="7 AP" obj="Athletik: 2" text="TALENT" time="1443281512414" version="HS 5.5.1"/>
<ereignis Alt="0" Neu="3" kommentar="12 AP" obj="Athletik: 3" text="TALENT" time="1443281512414" version="HS 5.5.1"/>
<ereignis Alt="0" Neu="4" kommentar="17 AP" obj="Athletik: 4" text="TALENT" time="1443281512414" version="HS 5.5.1"/>
<ereignis Alt="0" Neu="5" kommentar="22 AP" obj="Athletik: 5" text="TALENT" time="1443281512414" version="HS 5.5.1"/>
<ereignis Alt="0" Neu="6" kommentar="27 AP" obj="Athletik: 6" text="TALENT" time="1443281512414" version="HS 5.5.1"/>
<ereignis Alt="0" Neu="3" kommentar="12 AP" obj="Klettern: 3" text="TALENT" time="1443281512414" version="HS 5.5.1"/>
<ereignis Alt="0" Neu="4" kommentar="17 AP" obj="Klettern: 4" text="TALENT" time="1443281512414" version="HS 5.5.1"/>
<ereignis Alt="0" Neu="5" kommentar="22 AP" obj="Klettern: 5" text="TALENT" time="1443281512414" version="HS 5.5.1"/>
<ereignis Alt="0" Neu="3" kommentar="12 AP" obj="Reiten: 3" text="TALENT" time="1443281512414" version="HS 5.5.1"/>
<ereignis Alt="0" Neu="4" kommentar="17 AP" obj="Reiten: 4" text="TALENT" time="1443281512414" version="HS 5.5.1"/>
<ereignis Alt="0" Neu="5" kommentar="22 AP" obj="Reiten: 5" text="TALENT" time="1443281512414" version="HS 5.5.1"/>
<ereignis Alt="0" Neu="6" kommentar="27 AP" obj="Reiten: 6" text="TALENT" time="1443281512414" version="HS 5.5.1"/>
<ereignis Alt="0" Neu="2" kommentar="4 AP" obj="Menschenkenntnis: 2" text="TALENT" time="1443281512414" version="HS 5.5.1"/>
<ereignis Alt="0" Neu="3" kommentar="6 AP" obj="Menschenkenntnis: 3" text="TALENT" time="1443281512414" version="HS 5.5.1"/>
<ereignis Alt="0" Neu="4" kommentar="8 AP" obj="Fallen stellen: 4" text="TALENT" time="1443281512414" version="HS 5.5.1"/>
<ereignis Alt="0" Neu="5" kommentar="11 AP" obj="Fallen stellen: 5" text="TALENT" time="1443281512414" version="HS 5.5.1"/>
<ereignis Alt="0" Neu="3" kommentar="6 AP" obj="Abrichten: 3" text="TALENT" time="1443281512414" version="HS 5.5.1"/>
<ereignis Alt="0" Neu="4" kommentar="8 AP" obj="Abrichten: 4" text="TALENT" time="1443281512414" version="HS 5.5.1"/>
<ereignis Alt="0" Neu="5" kommentar="11 AP" obj="Abrichten: 5" text="TALENT" time="1443281512414" version="HS 5.5.1"/>
<ereignis Alt="0" Neu="6" kommentar="14 AP" obj="Abrichten: 6" text="TALENT" time="1443281512414" version="HS 5.5.1"/>
<ereignis Alt="0" Neu="0" kommentar="2 AP" obj="Bogenbau: 0" text="TALENT" time="1443281512414" version="HS 5.5.1"/>
<ereignis Alt="0" Neu="1" kommentar="2 AP" obj="Bogenbau: 1" text="TALENT" time="1443281512414" version="HS 5.5.1"/>
<ereignis Alt="0" Neu="2" kommentar="4 AP" obj="Bogenbau: 2" text="TALENT" time="1443281512414" version="HS 5.5.1"/>
<ereignis Alt="0" Neu="3" kommentar="6 AP" obj="Bogenbau: 3" text="TALENT" time="1443281512414" version="HS 5.5.1"/>
<ereignis Alt="0" Neu="4" kommentar="8 AP" obj="Bogenbau: 4" text="TALENT" time="1443281512414" version="HS 5.5.1"/>
<ereignis Alt="0" Neu="5" kommentar="11 AP" obj="Bogenbau: 5" text="TALENT" time="1443281512414" version="HS 5.5.1"/>
<ereignis Alt="0" Neu="6" kommentar="14 AP" obj="Bogenbau: 6" text="TALENT" time="1443281512414" version="HS 5.5.1"/>
<ereignis Alt="0" Neu="7" kommentar="17 AP" obj="Bogenbau: 7" text="TALENT" time="1443281512414" version="HS 5.5.1"/>
<ereignis Alt="0" Neu="4" kommentar="8 AP" obj="Fleischer: 4" text="TALENT" time="1443281512414" version="HS 5.5.1"/>
<ereignis Alt="0" Neu="5" kommentar="11 AP" obj="Fleischer: 5" text="TALENT" time="1443281512414" version="HS 5.5.1"/>
<ereignis Alt="0" Neu="6" kommentar="14 AP" obj="Fleischer: 6" text="TALENT" time="1443281512414" version="HS 5.5.1"/>
<ereignis Alt="0" Neu="7" kommentar="17 AP" obj="Fleischer: 7" text="TALENT" time="1443281512414" version="HS 5.5.1"/>
<ereignis Alt="0" Neu="2" kommentar="4 AP" obj="Kochen: 2" text="TALENT" time="1443281512414" version="HS 5.5.1"/>
<ereignis Alt="0" Neu="3" kommentar="6 AP" obj="Kochen: 3" text="TALENT" time="1443281512414" version="HS 5.5.1"/>
<ereignis Alt="0" Neu="4" kommentar="8 AP" obj="Kochen: 4" text="TALENT" time="1443281512414" version="HS 5.5.1"/>
<ereignis Alt="0" Neu="4" kommentar="8 AP" obj="Lederarbeiten: 4" text="TALENT" time="1443281512414" version="HS 5.5.1"/>
<ereignis Alt="0" Neu="0" kommentar="1 GP" obj="Fußfeger" text="SF" time="1443281512414" version="HS 5.5.1"/>
<ereignis Alt="0" Neu="0" kommentar="-6 GP" obj="Angst vor Reptilien: 6" text="VORTEILE" time="1443281512414" version="HS 5.5.1"/>
<ereignis Alt="0" Neu="0" kommentar="6 GP" obj="Begabung für [Talent]: Bogen" text="VORTEILE" time="1443281512414" version="HS 5.5.1"/>
<ereignis Alt="0" Neu="0" kommentar="7 GP" obj="Innerer Kompass" text="VORTEILE" time="1443281512414" version="HS 5.5.1"/>
<ereignis Alt="0" Neu="0" kommentar="-5 GP" obj="Neugier: 5" text="VORTEILE" time="1443281512414" version="HS 5.5.1"/>
<ereignis Alt="0" Neu="0" kommentar="-3 GP" obj="Schlafwandler" text="VORTEILE" time="1443281512414" version="HS 5.5.1"/>
<ereignis Alt="0" Neu="0" kommentar="-3 GP" obj="Selbstgespräche" text="VORTEILE" time="1443281512414" version="HS 5.5.1"/>
<ereignis obj="Auswahl" text="Waldkundig" time="1443281512414" version="HS 5.5.1"/>
<ereignis obj="Auswahl" text="Scharfschütze (Bogen)" time="1443281512414" version="HS 5.5.1"/>
<ereignis Neu="1" obj="Auswahl" text="Infanteriewaffen" time="1443281512414" version="HS 5.5.1"/>
<ereignis Neu="2" obj="Auswahl" text="Gerber/Kürschner" time="1443281512414" version="HS 5.5.1"/>
<ereignis Neu="1" obj="Auswahl" text="Seiler" time="1443281512414" version="HS 5.5.1"/>
<ereignis Neu="3" obj="Auswahl" text="Sprachen kennen Rogolan" time="1443281512414" version="HS 5.5.1"/>
<ereignis Neu="5" obj="Auswahl" text="Bogen" time="1443281512414" version="HS 5.5.1"/>
<ereignis Neu="1" obj="Auswahl" text="Hiebwaffen" time="1443281512414" version="HS 5.5.1"/>
<ereignis Neu="2" obj="Auswahl" text="Reiten" time="1443281512414" version="HS 5.5.1"/>
<ereignis Neu="2" obj="Auswahl" text="Abrichten" time="1443281512414" version="HS 5.5.1"/>
<ereignis Neu="3" obj="Auswahl" text="Fleischer" time="1443281512414" version="HS 5.5.1"/>
<ereignis Abenteuerpunkte="170" kommentar="In den Fängen des Eises Gesamt AP: 170 Verfügbare AP: 170" obj="Abenteuerpunkte (Hinzugewinn)" text="Ereignis eingeben" time="1448197063161" version="HS 5.5.1"/>
<ereignis Abenteuerpunkte="-7" Alt="5" Info="SE, Gegenseitiges Lehren" Neu="6" obj="Holzbearbeitung" text="Talent steigern" time="1448197146084" version="HS 5.5.1"/>
<ereignis Abenteuerpunkte="-19" Alt="7" Info="SE, Selbststudium" Neu="8" obj="Wildnisleben" text="Talent steigern" time="1448197199708" version="HS 5.5.1"/>
<ereignis Abenteuerpunkte="-2" Alt="1" Info="SE, Gegenseitiges Lehren" Neu="2" obj="Götter und Kulte" text="Talent steigern" time="1448197210908" version="HS 5.5.1"/>
<ereignis Abenteuerpunkte="-29" Alt="7" Info="Selbststudium" Neu="8" obj="Fährtensuchen" text="Talent steigern" time="1448197252846" version="HS 5.5.1"/>
<ereignis Abenteuerpunkte="530" Alt="670" Neu="1200" text="Abenteuerpunkte" time="1497535179741" version="HS 5.5.2"/>
<ereignis Abenteuerpunkte="-200" obj="Schnellladen (Bogen)" text="Sonderfertigkeit hinzugefügt" time="1497535194226" version="HS 5.5.2"/>
<ereignis Abenteuerpunkte="-45" Alt="8" Info="Gegenseitiges Lehren" Neu="9" obj="Bogen" text="Talent steigern" time="1497535226791" version="HS 5.5.2"/>
<ereignis Abenteuerpunkte="-50" Alt="9" Info="Gegenseitiges Lehren" Neu="10" obj="Bogen" text="Talent steigern" time="1497535227233" version="HS 5.5.2"/>
<ereignis Abenteuerpunkte="-55" Alt="10" Info="Gegenseitiges Lehren" Neu="11" obj="Bogen" text="Talent steigern" time="1497535230731" version="HS 5.5.2"/>
<ereignis Abenteuerpunkte="-65" Alt="11" Info="Gegenseitiges Lehren" Neu="12" obj="Bogen" text="Talent steigern" time="1497535230889" version="HS 5.5.2"/>
<ereignis Abenteuerpunkte="-22" Alt="8" Info="Gegenseitiges Lehren" Neu="9" obj="Fährtensuchen" text="Talent steigern" time="1497535246075" version="HS 5.5.2"/>
<ereignis Abenteuerpunkte="-22" Alt="8" Info="Gegenseitiges Lehren" Neu="9" obj="Wildnisleben" text="Talent steigern" time="1497535254626" version="HS 5.5.2"/>
<ereignis Abenteuerpunkte="-27" Alt="5" Info="Gegenseitiges Lehren" Neu="6" obj="Sinnenschärfe" text="Talent steigern" time="1497535258981" version="HS 5.5.2"/>
<ereignis Abenteuerpunkte="-33" Alt="6" Info="Gegenseitiges Lehren" Neu="7" obj="Sinnenschärfe" text="Talent steigern" time="1497535259531" version="HS 5.5.2"/>
<ereignis Abenteuerpunkte="-39" Alt="7" Info="Gegenseitiges Lehren" Neu="8" obj="Sinnenschärfe" text="Talent steigern" time="1497535260184" version="HS 5.5.2"/>
<ereignis Abenteuerpunkte="-27" Alt="5" Info="Gegenseitiges Lehren" Neu="6" obj="Schleichen" text="Talent steigern" time="1497535267007" version="HS 5.5.2"/>
<ereignis Abenteuerpunkte="-33" Alt="6" Info="Gegenseitiges Lehren" Neu="7" obj="Schleichen" text="Talent steigern" time="1497535267546" version="HS 5.5.2"/>
<ereignis Abenteuerpunkte="-6" Alt="2" Info="Gegenseitiges Lehren" Neu="3" obj="Pflanzenkunde" text="Talent steigern" time="1497535284435" version="HS 5.5.2"/>
<ereignis Abenteuerpunkte="-8" Alt="3" Info="Gegenseitiges Lehren" Neu="4" obj="Pflanzenkunde" text="Talent steigern" time="1497535284555" version="HS 5.5.2"/>
<ereignis Abenteuerpunkte="-11" Alt="4" Info="Gegenseitiges Lehren" Neu="5" obj="Pflanzenkunde" text="Talent steigern" time="1497535285133" version="HS 5.5.2"/>
</ereignisse>
<talentliste>
<talent lernmethode="Gegenseitiges Lehren" name="Bogen" probe=" (GE/FF/KK)" value="12"/>
<talent lernmethode="Gegenseitiges Lehren" name="Dolche" probe=" (GE/GE/KK)" value="4"/>
<talent lernmethode="Gegenseitiges Lehren" name="Hiebwaffen" probe=" (GE/GE/KK)" value="2"/>
<talent lernmethode="Gegenseitiges Lehren" name="Infanteriewaffen" probe=" (GE/GE/KK)" value="1"/>
<talent lernmethode="Gegenseitiges Lehren" name="Raufen" probe=" (GE/GE/KK)" value="1"/>
<talent lernmethode="Gegenseitiges Lehren" name="Ringen" probe=" (GE/GE/KK)" value="3"/>
<talent lernmethode="Gegenseitiges Lehren" name="Säbel" probe=" (GE/GE/KK)" value="0"/>
<talent lernmethode="Gegenseitiges Lehren" name="Speere" probe=" (GE/GE/KK)" value="3"/>
<talent lernmethode="Gegenseitiges Lehren" name="Wurfmesser" probe=" (GE/FF/KK)" value="0"/>
<talent be="BEx2" lernmethode="Gegenseitiges Lehren" name="Athletik" probe=" (GE/KO/KK)" value="6"/>
<talent be="BEx2" lernmethode="Gegenseitiges Lehren" name="Klettern" probe=" (MU/GE/KK)" value="5"/>
<talent be="BEx2" lernmethode="Gegenseitiges Lehren" name="Körperbeherrschung" probe=" (MU/IN/GE)" value="2"/>
<talent be="BE-2" lernmethode="Gegenseitiges Lehren" name="Reiten" probe=" (CH/GE/KK)" value="6"/>
<talent be="BE" lernmethode="Gegenseitiges Lehren" name="Schleichen" probe=" (MU/IN/GE)" value="7"/>
<talent be="BEx2" lernmethode="Gegenseitiges Lehren" name="Schwimmen" probe=" (GE/KO/KK)" value="2"/>
<talent be="" lernmethode="Gegenseitiges Lehren" name="Selbstbeherrschung" probe=" (MU/KO/KK)" value="4"/>
<talent be="BE-2" lernmethode="Gegenseitiges Lehren" name="Sich verstecken" probe=" (MU/IN/GE)" value="5"/>
<talent be="BE-3" lernmethode="Gegenseitiges Lehren" name="Singen" probe=" (IN/CH/CH)" value="0"/>
<talent be="0-&gt;BE" lernmethode="Gegenseitiges Lehren" name="Sinnenschärfe" probe=" (KL/IN/IN)" value="8"/>
<talent be="BE-4" lernmethode="Gegenseitiges Lehren" name="Stimmen imitieren" probe=" (KL/IN/CH)" value="1"/>
<talent be="BEx2" lernmethode="Gegenseitiges Lehren" name="Tanzen" probe=" (CH/GE/GE)" value="0"/>
<talent be="" lernmethode="Gegenseitiges Lehren" name="Zechen" probe=" (IN/KO/KK)" value="1"/>
<talent lernmethode="Gegenseitiges Lehren" name="Menschenkenntnis" probe=" (KL/IN/CH)" value="3"/>
<talent lernmethode="Gegenseitiges Lehren" name="Überreden" probe=" (MU/IN/CH)" value="1"/>
<talent lernmethode="Gegenseitiges Lehren" name="Fährtensuchen" probe=" (KL/IN/KO)" value="9"/>
<talent lernmethode="Gegenseitiges Lehren" name="Fallen stellen" probe=" (KL/FF/KK)" value="5"/>
<talent lernmethode="Gegenseitiges Lehren" name="Fesseln/Entfesseln" probe=" (FF/GE/KK)" value="3"/>
<talent lernmethode="Gegenseitiges Lehren" name="Fischen/Angeln" probe=" (IN/FF/KK)" value="2"/>
<talent lernmethode="Gegenseitiges Lehren" name="Orientierung" probe=" (KL/IN/IN)" value="3"/>
<talent lernmethode="Gegenseitiges Lehren" name="Wettervorhersage" probe=" (KL/IN/IN)" value="4"/>
<talent lernmethode="Gegenseitiges Lehren" name="Wildnisleben" probe=" (IN/GE/KO)" value="9"/>
<talent lernmethode="Gegenseitiges Lehren" name="Götter und Kulte" probe=" (KL/KL/IN)" value="2"/>
<talent lernmethode="Gegenseitiges Lehren" name="Pflanzenkunde" probe=" (KL/IN/FF)" value="5"/>
<talent lernmethode="Gegenseitiges Lehren" name="Rechnen" probe=" (KL/KL/IN)" value="0"/>
<talent lernmethode="Gegenseitiges Lehren" name="Sagen und Legenden" probe=" (KL/IN/CH)" value="2"/>
<talent lernmethode="Gegenseitiges Lehren" name="Tierkunde" probe=" (MU/KL/IN)" value="4"/>
<talent k="18" lernmethode="Gegenseitiges Lehren" name="Sprachen kennen Garethi" probe=" (KL/IN/CH)" value="9"/>
<talent k="21" lernmethode="Gegenseitiges Lehren" name="Sprachen kennen Rogolan" probe=" (KL/IN/CH)" value="3"/>
<talent k="10" lernmethode="Gegenseitiges Lehren" name="Lesen/Schreiben Kusliker Zeichen" probe=" (KL/KL/FF)" value="0"/>
<talent lernmethode="Gegenseitiges Lehren" name="Abrichten" probe=" (MU/IN/CH)" value="6"/>
<talent lernmethode="Gegenseitiges Lehren" name="Ackerbau" probe=" (IN/FF/KO)" value="1"/>
<talent lernmethode="Gegenseitiges Lehren" name="Bogenbau" probe=" (KL/IN/FF)" value="7"/>
<talent lernmethode="Gegenseitiges Lehren" name="Fleischer" probe=" (KL/FF/KK)" value="7"/>
<talent lernmethode="Gegenseitiges Lehren" name="Gerber/Kürschner" probe=" (KL/FF/KO)" value="2"/>
<talent lernmethode="Gegenseitiges Lehren" name="Heilkunde: Gift" probe=" (MU/KL/IN)" value="3"/>
<talent lernmethode="Gegenseitiges Lehren" name="Heilkunde: Krankheiten" probe=" (MU/KL/CH)" value="2"/>
<talent lernmethode="Gegenseitiges Lehren" name="Heilkunde: Wunden" probe=" (KL/CH/FF)" value="3"/>
<talent lernmethode="Gegenseitiges Lehren" name="Holzbearbeitung" probe=" (KL/FF/KK)" value="6"/>
<talent lernmethode="Gegenseitiges Lehren" name="Kochen" probe=" (KL/IN/FF)" value="4"/>
<talent lernmethode="Gegenseitiges Lehren" name="Lederarbeiten" probe=" (KL/FF/FF)" value="4"/>
<talent lernmethode="Gegenseitiges Lehren" name="Malen/Zeichnen" probe=" (KL/IN/FF)" value="0"/>
<talent lernmethode="Gegenseitiges Lehren" name="Schneidern" probe=" (KL/FF/FF)" value="3"/>
<talent lernmethode="Gegenseitiges Lehren" name="Seiler" probe=" (FF/FF/KK)" value="1"/>
<talent lernmethode="Gegenseitiges Lehren" name="Viehzucht" probe=" (KL/IN/KK)" value="1"/>
</talentliste>
<zauberliste/>
<kampf>
<kampfwerte name="Dolche">
<attacke value="8"/>
<parade value="11"/>
</kampfwerte>
<kampfwerte name="Hiebwaffen">
<attacke value="8"/>
<parade value="9"/>
</kampfwerte>
<kampfwerte name="Infanteriewaffen">
<attacke value="8"/>
<parade value="8"/>
</kampfwerte>
<kampfwerte name="Raufen">
<attacke value="8"/>
<parade value="8"/>
</kampfwerte>
<kampfwerte name="Ringen">
<attacke value="7"/>
<parade value="11"/>
</kampfwerte>
<kampfwerte name="Säbel">
<attacke value="7"/>
<parade value="8"/>
</kampfwerte>
<kampfwerte name="Speere">
<attacke value="9"/>
<parade value="9"/>
</kampfwerte>
</kampf>
<gegenstände>
<gegenstand anzahl="1" name="Kurzbogen" slot="0">
<Fernkampfwaffe>
<talente kampftalent="Bogen"/>
</Fernkampfwaffe>
</gegenstand>
</gegenstände>
<BoniWaffenlos/>
<kommentare/>
<ausrüstungen>
<heldenausruestung name="fkwaffe1" set="0" slot="0" talent="Bogen" waffenname="Kurzbogen"/>
<heldenausruestung name="jagtwaffe" nummer="0" set="0"/>
</ausrüstungen>
<verbindungen/>
<extention/>
<geldboerse/>
<plugindata/>
</held>
<Signature xmlns="http://www.w3.org/2000/09/xmldsig#">
<SignedInfo>
<CanonicalizationMethod Algorithm="http://www.w3.org/TR/2001/REC-xml-c14n-20010315#WithComments"/>
<SignatureMethod Algorithm="http://www.w3.org/2000/09/xmldsig#dsa-sha1"/>
<Reference URI="">
<Transforms>
<Transform Algorithm="http://www.w3.org/2000/09/xmldsig#enveloped-signature"/>
</Transforms>
<DigestMethod Algorithm="http://www.w3.org/2000/09/xmldsig#sha1"/>
<DigestValue>aty/K3MrxMvExEAvsDtpGoMsJB4=</DigestValue>
</Reference>
</SignedInfo>
<SignatureValue>CS5Ui0nnLw1VtxcyYip2LoYJttUixsMHL1g8kJQKozh09ty2ygr7xA==</SignatureValue>
<KeyInfo>
<KeyValue>
<DSAKeyValue>
<P>/KaCzo4Syrom78z3EQ5SbbB4sF7ey80etKII864WF64B81uRpH5t9jQTxeEu0ImbzRMqzVDZkVG9
xD7nN1kuFw==</P>
<Q>li7dzDacuo67Jg7mtqEm2TRuOMU=</Q>
<G>Z4Rxsnqc9E7pGknFFH2xqaryRPBaQ01khpMdLRQnG541Awtx/XPaF5Bpsy4pNWMOHCBiNU0Nogps
QW5QvnlMpA==</G>
<Y>uVrvWkzIbUdL7E80AiD0PJDX3Ck0beY5StXp1wDAA1/ePpemd6rTBNd8YoCzOovNrX016YMcTSiO
iExM4RWtJA==</Y>
</DSAKeyValue>
</KeyValue>
</KeyInfo>
</Signature>
</helden>
